x,y,z,adc_raw,status
-9810,-618,12151,2955,1
-9696,-491,12357,2952,1
-9863,-438,12193,2949,1
-9785,-640,12183,2960,1
-9736,-497,12295,2961,1
-9872,-392,12153,2959,1
-9821,-637,12155,2962,1
-9716,-444,12271,2956,1
-9834,-456,12112,2950,1
-9812,-620,12194,2954,1
-9690,-438,12369,2952,1
-9907,-484,12114,2951,1
-9803,-618,12176,2962,1
-9751,-396,12297,2965,1
-9896,-502,12105,2953,1
-9825,-596,12214,2963,1
-9679,-365,12305,2964,1
-9912,-513,12102,2949,1
-9748,-588,12255,2952,1
-9686,-391,12351,2950,1
-9909,-574,12045,2946,1
-9795,-613,12218,2956,1
-9762,-372,12304,2948,1
-9912,-582,12044,2955,1
-9727,-569,12230,2963,1
-9689,-382,12249,2953,1
-9891,-593,12076,2959,1
-9709,-555,12285,2959,1
-9768,-374,12248,2957,1
-9856,-591,12102,2954,1
-9765,-517,12269,2955,1
-9741,-402,12216,2952,1
-9897,-633,12079,2953,1
-9717,-510,12250,2955,1
-9807,-388,12170,2966,1
-9785,-624,12111,2962,1
-9723,-490,12331,2966,1
-9813,-405,12171,2952,1
-9807,-633,12136,2954,1
-9738,-470,12310,2955,1
-9848,-453,12154,2951,1
-9831,-653,12115,2954,1
-9725,-449,12291,2956,1
-9883,-440,12140,2959,1
-9797,-641,12148,2962,1
-9711,-418,12303,2959,1
-9855,-477,12138,2948,1
-9823,-656,12155,2955,1
-9708,-414,12318,2955,1
-9919,-521,12066,2949,1
-9792,-633,12169,2955,1
-9740,-402,12326,2954,1
-9885,-530,12054,2945,1
-9817,-622,12180,2966,1
-9729,-370,12311,2955,1
-9927,-554,12033,2955,1
-9761,-622,12238,2958,1
-9738,-375,12291,2954,1
-9916,-568,12036,2947,1
-9758,-584,12223,2946,1
-9747,-376,12259,2950,1
-9926,-586,12013,2955,1
-9725,-570,12251,2959,1
-9703,-371,12306,2954,1
-9863,-623,12113,2960,1
-9743,-518,12234,2965,1
-9766,-418,12267,2952,1
-9877,-615,12091,2966,1
-9693,-546,12296,2948,1
-9776,-414,12244,2951,1
-9884,-650,12058,2953,1
-9729,-531,12279,2951,1
-9813,-406,12218,2955,1
-9820,-601,12166,2948,1
-9738,-454,12316,2966,1
-9837,-461,12186,2952,1
-9824,-667,12106,2960,1
-9743,-462,12321,2953,1
-9893,-422,12130,2946,1
-9836,-634,12168,2960,1
-9715,-443,12283,2954,1
-9817,-454,12142,2951,1
-9829,-614,12144,2957,1
-9684,-430,12348,2969,1
-9891,-515,12117,2959,1
-9792,-631,12195,2960,1
-9719,-425,12335,2953,1
-9901,-507,12070,2949,1
-9783,-622,12211,2956,1
-9702,-355,12333,2958,1
-9868,-563,12125,2951,1
-9764,-589,12218,2968,1
-9718,-395,12348,2960,1
-9949,-537,12042,2957,1
-9756,-603,12266,2965,1
-9745,-387,12320,2956,1
-9897,-575,12034,2946,1
-9763,-588,12248,2961,1
-9726,-390,12318,2955,1
-9884,-577,12062,2954,1
-9682,-569,12273,2956,1
-9751,-399,12237,2956,1
-9879,-604,12080,2954,1
-9732,-528,12272,2963,1
-9772,-399,12246,2960,1
-9861,-649,12094,2947,1
-9687,-491,12308,2957,1
-9786,-406,12242,2951,1
-9780,-640,12160,2955,1
-9685,-493,12313,2964,1
-9854,-434,12199,2958,1
-9801,-651,12179,2964,1
-9738,-474,12282,2963,1
-9827,-449,12118,2967,1
-9848,-649,12142,2966,1
-9708,-442,12292,2956,1
-9889,-477,12151,2951,1
-9784,-641,12218,2958,1
-9713,-426,12340,2955,1
-9889,-480,12117,2954,1
-9818,-654,12148,2962,1
-9717,-391,12321,2966,1
-9930,-482,12092,2964,1
-9799,-619,12204,2961,1
-9722,-399,12299,2954,1
-9892,-533,12055,2950,1
-9776,-589,12228,2955,1
-9697,-354,12323,2957,1
-9901,-545,12061,2948,1
-9778,-587,12212,2961,1
-9745,-384,12302,2964,1
-9930,-579,12042,2951,1
-9756,-584,12233,2967,1
-9752,-380,12263,2959,1
-9871,-591,12053,2953,1
-9719,-537,12264,2955,1
-9757,-373,12269,2950,1
-9891,-600,12076,2956,1
-9712,-534,12278,2959,1
-9800,-412,12207,2960,1
-9865,-612,12120,2960,1
-9749,-510,12271,2959,1
-9775,-427,12255,2953,1
-9831,-661,12134,2950,1
-9725,-462,12347,2951,1
-9886,-415,12189,2948,1
-9816,-651,12160,2952,1
-9736,-472,12305,2960,1
-9857,-459,12157,2961,1
-9845,-646,12122,2963,1
-9697,-446,12332,2966,1
-9849,-435,12134,2958,1
-9797,-609,12153,2953,1
-9727,-423,12332,2957,1
-9914,-495,12101,2947,1
-9819,-645,12143,2958,1
-9745,-411,12331,2961,1
-9916,-513,12061,2956,1
-9827,-601,12193,2960,1
-9697,-394,12307,2962,1
-9921,-513,12054,2955,1
-9793,-598,12230,2956,1
-9742,-399,12303,2951,1
-9938,-600,12087,2948,1
-9799,-581,12170,2952,1
-9739,-412,12305,2958,1
-9963,-554,12052,2955,1
-9744,-588,12224,2959,1
-9735,-365,12276,2965,1
-9877,-574,12080,2951,1
-9736,-551,12292,2957,1
-9756,-402,12244,2955,1
-9895,-627,12067,2952,1
-9698,-520,12273,2953,1
-9759,-405,12257,2955,1
-9858,-627,12104,2948,1
-9719,-521,12344,2954,1
-9833,-406,12218,2952,1
-9816,-645,12146,2959,1
-9730,-486,12275,2961,1
-9811,-433,12194,2935,1
-9849,-636,12131,2953,1
-9718,-451,12260,2956,1
-9888,-437,12109,2948,1
-9802,-636,12182,2958,1
-9693,-410,12317,2962,1
-9874,-425,12194,2961,1
-9807,-623,12199,2965,1
-9717,-389,12352,2963,1
-9905,-504,12079,2960,1
-9785,-633,12183,2952,1
-9727,-397,12312,2951,1
-9927,-484,12054,2949,1
-9813,-609,12188,2952,1
-9727,-374,12338,2957,1
-9866,-546,12111,2952,1
-9781,-606,12204,2958,1
-9694,-385,12318,2964,1
-9926,-565,12051,2961,1
-9761,-578,12205,2962,1
-9756,-378,12281,2968,1
-9927,-556,12084,2950,1
-9777,-588,12243,2962,1
-9692,-370,12316,2963,1
-9897,-611,12081,2956,1
-9693,-541,12253,2966,1
-9785,-396,12268,2969,1
-9869,-606,12098,2956,1
-9739,-554,12265,2964,1
-9773,-390,12217,2956,1
-9873,-626,12100,2957,1
-9729,-490,12294,2951,1
-9774,-407,12237,2950,1
-9790,-614,12170,2953,1
-9719,-440,12307,2959,1
-9816,-417,12208,2958,1
-9798,-636,12148,2957,1
-9727,-465,12266,2955,1
-9859,-416,12137,2951,1
-9799,-636,12156,2954,1
-9728,-422,12319,2955,1
-9872,-462,12119,2953,1
-9822,-625,12207,2955,1
-9721,-428,12316,2957,1
-9880,-484,12123,2957,1
-9826,-626,12167,2964,1
-9725,-432,12304,2957,1
-9922,-493,12087,2951,1
-9816,-609,12164,2955,1
-9727,-357,12290,2956,1
-9875,-501,12107,2947,1
-9794,-602,12202,2956,1
-9706,-360,12321,2940,1
-9938,-533,12032,2964,1
-9776,-579,12207,2959,1
-9718,-405,12287,2974,1
-9903,-554,12030,2952,1
-9777,-577,12230,2954,1
-9742,-364,12252,2957,1
-9885,-587,12080,2960,1
-9713,-530,12282,2960,1
-9742,-395,12273,2962,1
-9882,-600,12046,2952,1
-9730,-553,12278,2957,1
-9795,-404,12237,2966,1
-9889,-620,12073,2957,1
-9772,-481,12244,2965,1
-9762,-377,12209,2975,1
-9848,-629,12120,2950,1
-9713,-481,12306,2955,1
-9864,-413,12222,2948,1
-9802,-634,12121,2947,1
-9756,-470,12292,2963,1
-9838,-432,12137,2955,1
-9839,-658,12167,2960,1
-9703,-419,12289,2965,1
-9847,-484,12105,2956,1
-9788,-606,12137,2951,1
-9695,-443,12324,2957,1
-9890,-469,12141,2951,1
-9821,-627,12186,2958,1
-9716,-408,12310,2955,1
-9905,-510,12093,2956,1
-9836,-603,12206,2960,1
-9715,-406,12293,2965,1
-9925,-530,12047,2954,1
-9778,-600,12230,2951,1
-9730,-403,12311,2948,1
-9905,-546,12077,2949,1
-9795,-620,12211,2956,1
-9733,-392,12349,2956,1
-9947,-593,12043,2952,1
-9794,-583,12211,2960,1
-9742,-379,12288,2958,1
-9892,-578,12082,2958,1
-9733,-555,12242,2958,1
-9728,-357,12294,2953,1
-9866,-576,12061,2945,1
-9718,-522,12270,2952,1
-9767,-413,12258,2957,1
-9847,-610,12088,2951,1
-9739,-536,12286,2959,1
-9800,-423,12207,2967,1
-9824,-628,12115,2961,1
-9692,-520,12330,2962,1
-9791,-404,12232,2961,1
-9807,-671,12168,2943,1
-9721,-479,12290,2952,1
-9852,-452,12168,2949,1
-9811,-625,12160,2948,1
-9708,-461,12325,2955,1
-9859,-411,12166,2950,1
-9818,-646,12161,2959,1
-9706,-444,12350,2967,1
-9856,-488,12165,2962,1
-9750,-657,12222,2950,1
-9714,-436,12330,2956,1
-9910,-491,12095,2947,1
-9803,-632,12184,2951,1
-9708,-408,12360,2949,1
-9908,-511,12067,2951,1
-9776,-624,12209,2957,1
-9700,-385,12329,2954,1
-9877,-542,12077,2956,1
-9802,-616,12253,2960,1
-9713,-393,12333,2959,1
-9927,-572,12030,2948,1
-9735,-540,12202,2950,1
-9742,-378,12299,2957,1
-9916,-552,12061,2953,1
-9761,-564,12262,2958,1
-9715,-377,12261,2962,1
-9848,-588,12095,2956,1
-9752,-555,12267,2965,1
-9762,-406,12285,2961,1
-9888,-602,12075,2947,1
-9727,-544,12257,2957,1
-9813,-400,12220,2953,1
-9846,-632,12144,2953,1
-9743,-506,12292,2964,1
-9771,-399,12215,2963,1
-9819,-612,12104,2953,1
-9705,-460,12333,2956,1
-9830,-433,12151,2957,1
-9830,-624,12128,2948,1
-9731,-456,12279,2950,1
-9872,-423,12123,2949,1
-9828,-649,12141,2950,1
-9824,-455,12111,2955,1
-9803,-624,12166,2965,1
-9674,-427,12333,2960,1
-9873,-519,12104,2964,1
-9805,-641,12219,2953,1
-9708,-415,12326,2956,1
-9908,-507,12084,2953,1
-9830,-648,12212,2952,1
-9742,-399,12313,2953,1
-9860,-537,12081,2954,1
-9801,-608,12244,2955,1
-9689,-363,12349,2966,1
-9921,-527,12070,2964,1
-9770,-585,12245,2965,1
-9753,-413,12332,2960,1
-9909,-555,12052,2970,1
-9767,-586,12170,2952,1
-9728,-386,12305,2952,1
-9891,-612,12090,2956,1
-9716,-523,12282,2947,1
-9745,-406,12279,2964,1
-9858,-599,12093,2981,1
-9735,-558,12246,2956,1
-9751,-415,12227,2954,1
-9888,-647,12077,2949,1
-9718,-490,12327,2943,1
-9802,-425,12208,2956,1
-9806,-589,12150,2959,1
-9685,-445,12331,2947,1
-9817,-432,12206,2961,1
-9796,-649,12163,2960,1
-9734,-486,12311,2959,1
-9846,-434,12111,2957,1
-9846,-652,12166,2957,1
-9696,-437,12301,2945,1
-9838,-468,12139,2957,1
-9805,-621,12186,2952,1
-9702,-424,12337,2954,1
-9873,-498,12133,2960,1
-9797,-630,12160,2958,1
-9715,-415,12346,2957,1
-9940,-526,12035,2956,1
-9810,-596,12191,2949,1
-9715,-364,12302,2950,1
-9881,-504,12112,2956,1
-9778,-625,12226,2952,1
-9717,-397,12322,2954,1
-9921,-562,12051,2955,1
-9789,-592,12217,2952,1
-9740,-397,12255,2959,1
-9916,-574,12045,2954,1
-9788,-570,12252,2949,1
-9728,-377,12276,2957,1
-9897,-575,12071,2953,1
-9698,-535,12302,2952,1
-9750,-406,12274,2957,1
-9877,-607,12063,2958,1
-9726,-541,12291,2955,1
-9814,-396,12176,2967,1
-9869,-615,12107,2964,1
-9721,-518,12242,2958,1
-9791,-407,12208,2955,1
-9807,-625,12125,2953,1
-9698,-488,12332,2949,1
-9873,-435,12161,2962,1
-9808,-657,12147,2959,1
-9756,-474,12346,2956,1
-9889,-431,12120,2964,1
-9854,-660,12119,2960,1
-9684,-445,12340,2958,1
-9835,-486,12160,2955,1
-9818,-616,12130,2943,1
-9694,-401,12325,2950,1
-9904,-459,12067,2956,1
-9840,-656,12163,2953,1
-9747,-402,12270,2962,1
-9925,-504,12096,2967,1
-9824,-609,12172,2961,1
-9684,-390,12347,2962,1
-9928,-536,12047,2950,1
-9772,-605,12189,2949,1
-9757,-400,12297,2954,1
-9906,-578,12080,2949,1
-9804,-563,12203,2955,1
-9762,-393,12268,2952,1
-9923,-594,12045,2961,1
-9727,-567,12251,2955,1
-9729,-371,12303,2959,1
-9859,-573,12100,2954,1
-9723,-531,12278,2952,1
-9761,-408,12255,2950,1
-9883,-619,12068,2953,1
-9738,-514,12291,2948,1
-9754,-389,12220,2956,1
-9840,-621,12059,2962,1
-9709,-509,12307,2962,1
-9795,-415,12228,2964,1
-9775,-633,12111,2960,1
-9739,-487,12321,2953,1
-9845,-445,12170,2957,1
-9814,-638,12145,2961,1
-9715,-482,12310,2947,1
-9870,-473,12099,2961,1
-9808,-626,12167,2962,1
-9687,-433,12314,2958,1
-9846,-435,12166,2965,1
-9796,-648,12185,2957,1
-9677,-413,12313,2949,1
-9902,-497,12101,2951,1
-9803,-647,12171,2950,1
-9710,-414,12327,2953,1
-9916,-546,12048,2955,1
-9807,-634,12172,2958,1
-9702,-375,12359,2967,1
-9898,-501,12121,2970,1
-9792,-580,12175,2966,1
-9681,-396,12334,2970,1
-9884,-590,12109,2964,1
-9749,-601,12230,2955,1
-9752,-388,12286,2960,1
-9916,-561,12083,2962,1
-9778,-579,12239,2961,1
-9699,-380,12311,2962,1
-9910,-572,12084,2966,1
-9722,-521,12254,2970,1
-9765,-390,12264,2973,1
-9853,-622,12123,2971,1
-9750,-533,12233,2961,1
-9779,-416,12219,2956,1
-9886,-616,12059,2960,1
-9758,-529,12262,2958,1
-9789,-390,12179,2966,1
-9803,-614,12189,2968,1
-9717,-490,12314,2969,1
-9800,-429,12173,2975,1
-9817,-622,12152,2970,1
-9715,-443,12294,2960,1
-9866,-426,12126,2963,1
-9822,-622,12140,2960,1
-9732,-439,12276,2958,1
-9867,-445,12112,2967,1
-9813,-633,12188,2964,1
-9699,-418,12349,2956,1
-9861,-483,12169,2967,1
-9832,-611,12174,2975,1
-9693,-400,12327,2967,1
-9920,-500,12084,2965,1
-9813,-643,12185,2959,1
-9718,-429,12336,2955,1
-9883,-514,12076,2961,1
-9815,-625,12171,2965,1
-9683,-372,12325,2967,1
-9924,-544,12028,2971,1
-9795,-580,12213,2965,1
-9731,-398,12283,2966,1
-9928,-568,12068,2972,1
-9812,-618,12224,2958,1
-9769,-381,12255,2961,1
-9876,-596,12035,2960,1
-9721,-559,12258,2966,1
-9738,-401,12274,2959,1
-9854,-584,12077,2969,1
-9708,-554,12259,2967,1
-9809,-396,12199,2966,1
-9866,-586,12068,2962,1
-9772,-527,12294,2964,1
-9770,-387,12228,2958,1
-9857,-632,12094,2958,1
-9712,-461,12293,2952,1
-9839,-426,12192,2965,1
-9809,-613,12146,2970,1
-9744,-489,12295,2966,1
-9862,-442,12139,2965,1
-9854,-647,12096,2966,1
-9691,-439,12284,2963,1
-9846,-460,12121,2961,1
-9792,-612,12194,2958,1
-9705,-457,12325,2953,1
-9874,-475,12114,2959,1
-9812,-637,12171,2964,1
-9715,-395,12329,2958,1
-9903,-529,12080,2972,1
-9830,-614,12175,2970,1
-9723,-369,12301,2956,1
-9907,-527,12064,2964,1
-9780,-595,12220,2951,1
-9713,-390,12324,2963,1
-9897,-547,12079,2961,1
-9783,-609,12197,2962,1
-9766,-387,12283,2964,1
-9937,-566,12035,2963,1
-9751,-602,12253,2959,1
-9755,-381,12299,2954,1
-9889,-602,12085,2948,1
-9726,-572,12271,2950,1
-9742,-434,12285,2956,1
-9888,-618,12070,2953,1
-9739,-545,12272,2950,1
-9784,-395,12264,2964,1
-9856,-626,12103,2963,1
-9727,-492,12304,2954,1
-9781,-384,12218,2961,1
-9794,-596,12129,2952,1
-9725,-475,12331,2952,1
-9809,-423,12182,2954,1
-9799,-615,12170,2957,1
-9738,-489,12325,2950,1
-9872,-460,12106,2961,1
-9832,-628,12202,2960,1
-9686,-436,12294,2951,1
-9826,-483,12139,2957,1
-9808,-619,12192,2954,1
-9681,-428,12339,2945,1
-9886,-507,12116,2951,1
-9799,-618,12163,2951,1
-9721,-400,12286,2950,1
-9909,-514,12081,2962,1
-9813,-599,12236,2962,1
-9679,-378,12327,2949,1
-9922,-530,12070,2955,1
-9762,-622,12239,2954,1
-9716,-387,12330,2950,1
-9916,-564,12036,2960,1
-9800,-584,12234,2951,1
-9762,-382,12249,2951,1
-9897,-585,12067,2963,1
-9722,-558,12266,2957,1
-9699,-389,12291,2957,1
-9895,-608,12090,2956,1
-9676,-528,12301,2947,1
-9788,-396,12227,2954,1
-9883,-625,12100,2956,1
-9775,-531,12275,2957,1
-9779,-378,12219,2956,1
-9829,-604,12100,2963,1
-9691,-485,12310,2956,1
-9839,-404,12165,2959,1
-9777,-644,12176,2952,1
-9745,-495,12291,2949,1
-9844,-412,12171,2949,1
-9867,-649,12133,2954,1
-9718,-446,12296,2953,1
-9853,-481,12135,2965,1
-9796,-625,12158,2960,1
-9687,-440,12327,2954,1
-9897,-514,12081,2958,1
-9817,-644,12166,2957,1
-9736,-396,12302,2945,1
-9932,-487,12091,2949,1
-9851,-620,12158,2953,1
-9714,-381,12299,2948,1
-9909,-528,12083,2964,1
-9780,-617,12194,2963,1
-9737,-406,12298,2954,1
-9903,-550,12053,2953,1
-9792,-602,12180,2956,1
-9761,-373,12277,2943,1
-9925,-578,12026,2970,1
-9768,-555,12224,2948,1
-9734,-374,12240,2955,1
-9868,-598,12076,2961,1
-9715,-548,12262,2953,1
-9746,-399,12276,2960,1
-9882,-602,12047,2953,1
-9735,-513,12288,2955,1
-9791,-405,12282,2947,1
-9879,-612,12092,2958,1
-9718,-485,12281,2946,1
-9799,-405,12194,2958,1
-9776,-639,12107,2958,1
-9709,-507,12324,2961,1
-9858,-430,12190,2964,1
-9823,-650,12105,2959,1
-9738,-454,12286,2958,1
-9866,-464,12104,2956,1
-9822,-648,12117,2956,1
-9709,-431,12288,2955,1
-9845,-470,12112,2955,1
-9820,-618,12164,2955,1
-9723,-413,12334,2952,1
-9913,-496,12087,2960,1
-9789,-618,12155,2958,1
-9692,-382,12327,2950,1
-9885,-500,12014,2955,1
-9832,-605,12156,2956,1
-9715,-420,12315,2950,1
-9903,-517,12119,2954,1
-9785,-601,12239,2949,1
-9718,-368,12320,2941,1
-9914,-567,12064,2959,1
-9754,-606,12181,2956,1
-9734,-420,12308,2951,1
-9923,-568,12036,2959,1
-9799,-560,12203,2955,1
-9725,-364,12333,2949,1
-9887,-608,12090,2952,1
-9702,-572,12273,2953,1
-9759,-370,12257,2952,1
-9871,-601,12116,2952,1
-9720,-530,12275,2953,1
-9763,-426,12259,2959,1
-9854,-601,12097,2958,1
-9728,-509,12314,2953,1
-9792,-396,12226,2951,1
-9794,-652,12134,2951,1
-9703,-483,12326,2950,1
-9795,-440,12220,2952,1
-9798,-627,12142,2953,1
-9722,-461,12320,2951,1
-9839,-415,12143,2957,1
-9804,-637,12154,2958,1
-9689,-447,12324,2957,1
-9849,-413,12148,2953,1
-9788,-662,12176,2953,1
-9700,-442,12378,2950,1
-9857,-468,12142,2953,1
-9833,-636,12135,2961,1
-9691,-429,12372,2954,1
-9924,-480,12057,2954,1
-9816,-626,12231,2963,1
-9740,-421,12304,2962,1
-9892,-517,12086,2961,1
-9773,-614,12201,2952,1
-9706,-371,12359,2944,1
-9912,-528,12069,2952,1
-9781,-596,12235,2954,1
-9744,-388,12302,2948,1
-9935,-539,12033,2961,1
-9773,-587,12243,2956,1
-9742,-383,12316,2956,1
-9904,-565,12104,2963,1
-9738,-577,12296,2957,1
-9683,-410,12301,2950,1
-9863,-625,12053,2951,1
-9712,-563,12282,2957,1
-9787,-409,12220,2950,1
-9873,-624,12075,2956,1
-9751,-561,12285,2951,1
-9781,-390,12218,2959,1
-9879,-627,12094,2964,1
-9736,-479,12300,2956,1
-9828,-412,12201,2957,1
-9810,-616,12135,2949,1
-9734,-471,12282,2950,1
-9853,-421,12172,2946,1
-9804,-651,12131,2955,1
-9739,-464,12264,2953,1
-9889,-466,12145,2954,1
-9819,-657,12151,2955,1
-9708,-437,12361,2960,1
-9859,-473,12136,2953,1
-9842,-657,12144,2950,1
-9707,-438,12325,2950,1
-9893,-513,12129,2946,1
-9816,-637,12170,2950,1
-9712,-389,12296,2947,1
-9930,-535,12038,2960,1
-9822,-615,12152,2956,1
-9722,-412,12308,2955,1
-9885,-526,12096,2958,1
-9805,-621,12199,2958,1
-9698,-430,12342,2948,1
-9951,-561,12054,2953,1
-9771,-587,12182,2949,1
-9748,-392,12286,2943,1
-9906,-563,12106,2949,1
-9784,-580,12234,2955,1
-9707,-379,12286,2940,1
-9930,-598,12068,2944,1
-9701,-555,12270,2955,1
-9792,-414,12294,2937,1
-9888,-590,12087,2950,1
-9734,-565,12257,2945,1
-9784,-405,12238,2941,1
-9896,-620,12051,2950,1
-9739,-523,12236,2948,1
-9762,-400,12220,2943,1
-9831,-626,12106,2955,1
-9694,-500,12284,2950,1
-9834,-415,12201,2952,1
-9808,-607,12172,2954,1
-9758,-479,12302,2959,1
-9827,-438,12172,2941,1
-9866,-647,12133,2953,1
-9721,-434,12286,2940,1
-9890,-450,12132,2948,1
-9817,-633,12171,2947,1
-9723,-433,12341,2952,1
-9839,-467,12135,2958,1
-9833,-631,12164,2957,1
-9723,-441,12333,2954,1
-9899,-479,12120,2961,1
-9825,-620,12205,2952,1
-9730,-435,12347,2947,1
-9908,-507,12061,2946,1
-9799,-602,12187,2954,1
-9718,-390,12362,2956,1
-9864,-545,12095,2951,1
-9776,-605,12244,2954,1
-9694,-386,12350,2947,1
-9942,-528,12068,2957,1
-9754,-586,12228,2951,1
-9767,-368,12298,2950,1
-9920,-576,12052,2955,1
-9770,-590,12201,2956,1
-9706,-391,12290,2946,1
-9905,-600,12116,2954,1
-9725,-574,12283,2954,1
-9746,-419,12283,2953,1
-9851,-587,12116,2963,1
-9721,-549,12259,2962,1
-9765,-428,12226,2956,1
-9873,-622,12053,2959,1
-9744,-516,12314,2956,1
-9796,-385,12190,2951,1
-9828,-615,12135,2951,1
-9701,-472,12268,2949,1
-9811,-415,12215,2947,1
-9796,-625,12162,2957,1
-9708,-497,12287,2957,1
-9846,-431,12132,2960,1
-9809,-653,12151,2965,1
-9713,-465,12280,2955,1
-9880,-448,12121,2956,1
-9828,-617,12144,2953,1
-9693,-437,12303,2951,1
-9846,-487,12170,2948,1
-9810,-628,12145,2947,1
-9686,-392,12332,2953,1
-9905,-508,12113,2962,1
-9818,-624,12196,2950,1
-9746,-390,12314,2960,1
-9908,-507,12099,2961,1
-9847,-619,12195,2952,1
-9698,-405,12311,2947,1
-9934,-531,12084,2950,1
-9763,-599,12243,2948,1
-9718,-405,12316,2951,1
-9936,-583,12037,2949,1
-9793,-586,12208,2952,1
-9764,-388,12276,2952,1
-9931,-582,12074,2960,1
-9772,-588,12234,2955,1
-9723,-363,12277,2947,1
-9869,-584,12079,2960,1
-9700,-539,12227,2948,1
-9766,-358,12258,2952,1
-9870,-600,12122,2948,1
-9748,-509,12218,2956,1
-9765,-428,12261,2947,1
-9891,-645,12064,2955,1
-9699,-505,12269,2956,1
-9835,-376,12186,2951,1
-9829,-628,12114,2949,1
-9719,-480,12308,2949,1
-9833,-413,12196,2937,1
-9830,-666,12151,2948,1
-9732,-500,12306,2949,1
-9855,-459,12111,2951,1
-9862,-655,12105,2950,1
-9734,-435,12307,2950,1
-9895,-444,12120,2963,1
-9817,-626,12146,2950,1
-9697,-416,12323,2949,1
-9886,-489,12120,2941,1
-9817,-657,12142,2943,1
-9709,-443,12319,2945,1
-9915,-516,12079,2950,1
-9810,-593,12133,2957,1
-9731,-397,12329,2952,1
-9881,-508,12024,2958,1
-9808,-621,12199,2953,1
-9681,-399,12349,2949,1
-9899,-579,12088,2943,1
-9769,-575,12225,2944,1
-9740,-388,12315,2940,1
-9900,-549,12050,2957,1
-9796,-578,12222,2949,1
-9748,-351,12268,2953,1
-9887,-591,12083,2961,1
-9711,-542,12279,2959,1
-9724,-387,12309,2953,1
-9862,-613,12084,2952,1
-9726,-549,12273,2950,1
-9777,-431,12241,2947,1
-9858,-611,12080,2951,1
-9702,-521,12231,2946,1
-9745,-384,12229,2945,1
-9841,-651,12103,2958,1
-9701,-475,12319,2951,1
-9802,-412,12205,2951,1
-9801,-600,12135,2957,1
-9727,-476,12321,2949,1
-9838,-411,12161,2942,1
-9802,-652,12148,2945,1
-9746,-460,12346,2945,1
-9868,-464,12153,2952,1
-9814,-657,12179,2952,1
-9707,-429,12357,2953,1
-9820,-474,12110,2954,1
-9843,-627,12192,2956,1
-9708,-446,12370,2951,1
-9885,-509,12060,2953,1
-9812,-637,12167,2949,1
-9736,-436,12315,2944,1
-9893,-500,12081,2950,1
-9793,-611,12192,2951,1
-9681,-351,12349,2953,1
-9888,-513,12086,2953,1
-9797,-579,12199,2952,1
-9721,-395,12335,2953,1
-9934,-548,12048,2959,1
-9759,-583,12225,2949,1
-9750,-392,12282,2944,1
-9891,-551,12055,2946,1
-9761,-562,12238,2949,1
-9704,-375,12308,2948,1
-9890,-604,12105,2956,1
-9697,-564,12273,2955,1
-9780,-401,12240,2957,1
-9876,-579,12071,2958,1
-9721,-531,12300,2950,1
-9768,-367,12244,2947,1
-9897,-617,12087,2948,1
-9733,-484,12284,2951,1
-9791,-424,12236,2947,1
-9790,-620,12107,2963,1
-9707,-491,12310,2958,1
-9864,-414,12171,2951,1
-9810,-646,12114,2957,1
-9727,-457,12287,2951,1
-9858,-416,12161,2948,1
-9834,-640,12147,2945,1
-9698,-442,12268,2945,1
-9856,-473,12139,2951,1
-9801,-630,12154,2946,1
-9733,-431,12346,2954,1
-9875,-484,12096,2952,1
-9857,-638,12151,2962,1
-9730,-403,12259,2950,1
-9925,-523,12058,2955,1
-9810,-598,12191,2951,1
-9700,-418,12295,2949,1
-9901,-504,12082,2947,1
-9803,-615,12214,2955,1
-9721,-387,12352,2948,1
-9889,-547,12035,2961,1
-9774,-567,12226,2953,1
-9739,-399,12286,2955,1
-9931,-587,12058,2951,1
-9790,-581,12217,2955,1
-9725,-397,12278,2948,1
-9883,-589,12063,2942,1
-9700,-549,12316,2946,1
-9752,-387,12258,2944,1
-9908,-594,12085,2958,1
-9743,-523,12257,2960,1
-9798,-409,12164,2973,1
-9881,-600,12085,2947,1
-9735,-520,12274,2972,1
-9795,-403,12232,2944,1
-9823,-624,12137,2951,1
-9707,-462,12277,2948,1
-9858,-410,12159,2949,1
-9801,-652,12157,2955,1
-9746,-483,12300,2958,1
-9859,-428,12143,2954,1
-9864,-637,12128,2957,1
-9726,-417,12337,2950,1
-9839,-429,12209,2949,1
-9788,-599,12173,2950,1
-9685,-431,12337,2948,1
-9872,-516,12147,2948,1
-9818,-635,12179,2947,1
-9695,-424,12306,2950,1
-9907,-506,12070,2950,1
-9819,-631,12164,2962,1
-9713,-409,12291,2951,1
-9889,-552,12075,2954,1
-9778,-630,12221,2950,1
-9726,-406,12341,2946,1
-9890,-569,12106,2948,1
-9811,-595,12189,2949,1
-9709,-384,12327,2953,1
-9946,-560,12064,2957,1
-9736,-581,12221,2957,1
-9746,-365,12282,2965,1
-9892,-582,12108,2954,1
-9746,-578,12324,2955,1
-9704,-388,12285,2948,1
-9869,-574,12088,2953,1
-9693,-544,12260,2957,1
-9750,-403,12212,2950,1
-9875,-610,12086,2953,1
-9736,-540,12289,2959,1
-9821,-386,12219,2955,1
-9859,-663,12104,2963,1
-9732,-486,12277,2960,1
-9757,-427,12264,2954,1
-9804,-639,12142,2957,1
-9707,-470,12295,2952,1
-9851,-431,12159,2947,1
-9805,-644,12170,2947,1
-9732,-472,12328,2956,1
-9822,-417,12150,2948,1
-9836,-664,12137,2962,1
-9706,-441,12356,2958,1
-9867,-442,12136,2949,1
-9822,-657,12174,2958,1
-9703,-459,12355,2950,1
-9880,-503,12088,2946,1
-9827,-641,12198,2957,1
-9740,-401,12294,2943,1
-9908,-503,12048,2948,1
-9827,-595,12176,2952,1
-9678,-364,12301,2951,1
-9905,-521,12093,2960,1
-9806,-607,12253,2958,1
-9723,-385,12293,2947,1
-9919,-543,12066,2946,1
-9787,-617,12204,2943,1
-9720,-379,12282,2946,1
-9920,-583,12027,2949,1
-9780,-564,12242,2951,1
-9734,-370,12266,2954,1
-9873,-576,12068,2952,1
-9729,-598,12261,2953,1
-9735,-382,12285,2954,1
-9897,-608,12049,2951,1
-9732,-528,12289,2946,1
-9782,-389,12202,2952,1
-9841,-618,12100,2943,1
-9731,-502,12274,2952,1
-9778,-409,12198,2948,1
-9826,-639,12137,2953,1
-9701,-512,12328,2960,1
-9823,-416,12195,2960,1
-9802,-653,12123,2957,1
-9712,-468,12292,2951,1
-9856,-424,12154,2950,1
-9856,-670,12099,2952,1
-9746,-479,12253,2952,1
-9840,-457,12143,2949,1
-9845,-635,12124,2951,1
-9699,-422,12333,2953,1
-9872,-480,12110,2952,1
-9812,-652,12149,2967,1
-9737,-397,12301,2962,1
-9908,-515,12099,2944,1
-9824,-647,12144,2951,1
-9710,-402,12286,2946,1
-9920,-510,12055,2958,1
-9798,-615,12199,2949,1
-9711,-383,12303,2949,1
-9919,-542,12017,2952,1
-9802,-601,12188,2958,1
-9723,-402,12305,2951,1
-9915,-581,12046,2952,1
-9757,-593,12199,2949,1
-9730,-384,12256,2944,1
-9929,-554,12039,2947,1
-9726,-560,12268,2950,1
-9741,-378,12302,2961,1
-9847,-594,12118,2956,1
-9747,-527,12288,2953,1
-9756,-416,12281,2957,1
-9888,-606,12095,2957,1
-9729,-528,12264,2952,1
-9800,-404,12197,2953,1
-9828,-620,12099,2946,1
-9704,-511,12254,2948,1
-9778,-400,12229,2953,1
-9822,-646,12123,2952,1
-9746,-454,12327,2950,1
-9847,-441,12149,2953,1
-9809,-641,12112,2966,1
-9720,-477,12310,2962,1
-9862,-436,12090,2955,1
-9805,-648,12153,2949,1
-9707,-448,12303,2945,1
-9834,-490,12193,2946,1
-9797,-619,12175,2955,1
-9694,-405,12343,2952,1
-9906,-514,12107,2945,1
-9808,-648,12152,2958,1
-9741,-430,12312,2960,1
-9872,-509,12093,2951,1
-9834,-613,12174,2951,1
-9689,-378,12351,2955,1
-9898,-521,12123,2947,1
-9781,-578,12237,2950,1
-9714,-392,12346,2957,1
-9938,-548,12066,2951,1
-9764,-599,12194,2955,1
-9739,-390,12299,2954,1
-9912,-579,12090,2955,1
-9759,-576,12248,2958,1
-9715,-369,12284,2950,1
-9875,-602,12100,2949,1
-9720,-538,12277,2949,1
-9754,-398,12257,2950,1
-9841,-621,12097,2957,1
-9734,-553,12311,2956,1
-9757,-390,12231,2953,1
-9874,-609,12102,2962,1
-9733,-473,12289,2959,1
-9787,-396,12203,2957,1
-9841,-631,12128,2952,1
-9706,-441,12267,2951,1
-9826,-433,12169,2945,1
-9797,-629,12092,2950,1
-9727,-459,12305,2955,1
-9862,-413,12141,2957,1
-9831,-658,12123,2956,1
-9749,-432,12280,2958,1
-9857,-459,12162,2952,1
-9827,-626,12164,2960,1
-9703,-429,12337,2951,1
-9873,-465,12123,2946,1
-9812,-640,12153,2951,1
-9736,-406,12301,2950,1
-9924,-482,12074,2944,1
-9822,-636,12145,2956,1
-9731,-404,12271,2956,1
-9894,-534,12040,2950,1
-9832,-617,12159,2956,1
-9698,-401,12336,2964,1
-9935,-537,12078,2947,1
-9786,-594,12202,2949,1
-9736,-385,12327,2946,1
-9899,-561,12069,2941,1
-9804,-618,12186,2949,1
-9740,-394,12253,2947,1
-9938,-584,12016,2952,1
-9755,-563,12247,2951,1
-9722,-378,12269,2956,1
-9886,-553,12089,2953,1
-9729,-559,12264,2961,1
-9746,-378,12284,2946,1
-9890,-614,12083,2951,1
-9739,-527,12250,2951,1
-9796,-399,12233,2952,1
-9884,-598,12097,2948,1
-9734,-534,12280,2950,1
-9831,-367,12200,2949,1
-9851,-658,12099,2964,1
-9712,-497,12271,2951,1
-9784,-435,12187,2960,1
-9809,-649,12143,2955,1
-9718,-466,12278,2952,1
-9835,-427,12194,2951,1
-9797,-653,12149,2949,1
-9743,-486,12323,2955,1
-9860,-445,12135,2945,1
-9833,-676,12112,2955,1
-9710,-436,12305,2960,1
-9850,-492,12122,2960,1
-9811,-636,12199,2962,1
-9727,-416,12355,2964,1
-9891,-511,12100,2949,1
-9836,-639,12165,2950,1
-9710,-442,12305,2945,1
-9906,-522,12063,2941,1
-9815,-618,12212,2955,1
-9723,-397,12330,2955,1
-9896,-506,12103,2956,1
-9792,-600,12245,2961,1
-9694,-384,12332,2959,1
-9919,-549,12082,2948,1
-9769,-631,12225,2960,1
-9715,-402,12318,2951,1
-9907,-566,12044,2952,1
-9768,-593,12242,2946,1
-9748,-400,12303,2949,1
-9871,-584,12107,2949,1
-9732,-559,12307,2949,1
-9715,-397,12346,2959,1
-9884,-612,12074,2957,1
-9690,-527,12277,2960,1
-9782,-407,12233,2943,1
-9856,-607,12081,2953,1
-9755,-539,12291,2953,1
-9759,-394,12234,2950,1
-9827,-635,12133,2953,1
-9703,-496,12302,2951,1
-9820,-420,12236,2950,1
-9780,-641,12137,2955,1
-9752,-493,12299,2957,1
-9847,-440,12163,2953,1
-9825,-653,12145,2946,1
-9705,-463,12270,2952,1
-9826,-477,12165,2952,1
-9806,-621,12152,2949,1
-9692,-447,12335,2953,1
-9863,-469,12134,2948,1
-9808,-604,12195,2954,1
-9738,-436,12335,2955,1
-9882,-505,12093,2956,1
-9852,-619,12182,2960,1
-9710,-391,12310,2962,1
-9927,-530,12024,2947,1
-9804,-598,12236,2958,1
-9716,-408,12326,2952,1
-9889,-533,12108,2940,1
-9779,-598,12197,2954,1
-9717,-383,12305,2953,1
-9932,-575,12066,2953,1
-9774,-562,12252,2956,1
-9735,-404,12343,2954,1
-9921,-549,12080,2942,1
-9756,-553,12232,2944,1
-9757,-351,12274,2942,1
-9889,-597,12124,2949,1
-9723,-546,12282,2952,1
-9764,-421,12274,2948,1
-9858,-608,12074,2950,1
-9730,-528,12266,2956,1
-9800,-409,12182,2956,1
-9847,-634,12062,2952,1
-9731,-492,12241,2943,1
-9777,-398,12219,2943,1
-9835,-638,12124,2951,1
-9719,-472,12299,2955,1
-9837,-447,12175,2946,1
-9818,-642,12159,2946,1
-9733,-462,12258,2949,1
-9874,-442,12122,2953,1
-9852,-646,12153,2955,1
-9721,-445,12320,2946,1
-9878,-470,12136,2943,1
-9823,-649,12171,2947,1
-9699,-426,12314,2941,1
-9881,-482,12114,2944,1
-9831,-653,12161,2949,1
-9737,-409,12307,2947,1
-9921,-503,12090,2951,1
-9834,-645,12172,2956,1
-9698,-392,12305,2958,1
-9885,-526,12062,2953,1
-9800,-619,12226,2948,1
-9718,-361,12325,2944,1
-9908,-540,12070,2943,1
-9784,-596,12198,2952,1
-9747,-382,12326,2948,1
-9945,-588,12022,2944,1
-9779,-581,12244,2955,1
-9757,-385,12260,2954,1
-9880,-597,12101,2949,1
-9752,-551,12288,2951,1
-9747,-396,12317,2947,1
-9880,-606,12063,2951,1
-9713,-540,12295,2946,1
-9770,-428,12229,2946,1
-9849,-640,12101,2943,1
-9768,-534,12250,2947,1
-9784,-385,12202,2938,1
-9838,-654,12105,2946,1
-9730,-465,12328,2954,1
-9808,-426,12231,2939,1
-9832,-644,12135,2946,1
-9709,-486,12345,2952,1
-9861,-434,12118,2939,1
-9811,-653,12201,2943,1
-9726,-421,12298,2949,1
-9829,-463,12132,2945,1
-9837,-637,12180,2954,1
-9696,-444,12382,2958,1
-9891,-507,12127,2953,1
-9802,-646,12155,2951,1
-9745,-420,12353,2947,1
-9877,-477,12084,2943,1
-9828,-628,12171,2957,1
-9709,-381,12305,2944,1
-9890,-530,12102,2957,1
-9788,-611,12241,2958,1
-9661,-411,12342,2950,1
-9914,-541,12067,2948,1
-9761,-612,12202,2949,1
-9761,-402,12300,2948,1
-9890,-572,12060,2941,1
-9796,-597,12253,2953,1
-9734,-374,12248,2950,1
-9906,-584,12067,2954,1
-9701,-585,12234,2952,1
-9732,-382,12294,2951,1
-9849,-590,12106,2945,1
-9741,-545,12257,2957,1
-9749,-397,12232,2949,1
-9877,-604,12060,2947,1
-9766,-486,12268,2948,1
-9803,-416,12233,2948,1
-9825,-637,12089,2945,1
-9701,-507,12310,2961,1
-9825,-453,12207,2954,1
-9802,-646,12116,2955,1
-9764,-478,12299,2959,1
-9854,-428,12165,2954,1
-9829,-652,12170,2948,1
-9708,-479,12325,2952,1
-9854,-463,12138,2951,1
-9815,-610,12133,2958,1
-9715,-397,12320,2960,1
-9851,-448,12148,2966,1
-9818,-624,12158,2965,1
-9721,-399,12358,2968,1
-9936,-503,12106,2963,1
-9820,-621,12148,2962,1
-9742,-415,12285,2966,1
-9897,-520,12036,2954,1
-9829,-640,12184,2967,1
-9681,-409,12315,2965,1
-9884,-565,12083,2979,1
-9797,-598,12204,2982,1
-9728,-403,12291,2980,1
-9903,-565,12105,2971,1
-9804,-601,12186,2976,1
-9765,-384,12262,2966,1
-9947,-564,12092,2975,1
-9745,-555,12262,2977,1
-9721,-356,12268,2974,1
-9889,-615,12093,2972,1
-9737,-515,12288,2986,1
-9809,-421,12208,2985,1
-9876,-665,12106,2980,1
-9722,-496,12279,2984,1
-9781,-401,12172,2979,1
-9867,-660,12049,2973,1
-9721,-480,12286,2975,1
-9808,-422,12151,2967,1
-9798,-668,12160,2964,1
-9732,-448,12287,2974,1
-9833,-408,12180,2979,1
-9832,-651,12132,2975,1
-9732,-425,12274,2973,1
-9891,-432,12119,2976,1
-9809,-659,12170,2973,1
-9720,-427,12276,2973,1
-9878,-458,12106,2961,1
-9814,-645,12190,2971,1
-9691,-405,12311,2967,1
-9901,-496,12115,2968,1
-9831,-604,12151,2970,1
-9713,-416,12328,2981,1
-9927,-509,12044,2976,1
-9835,-635,12182,2976,1
-9744,-379,12317,2976,1
-9894,-528,12107,2974,1
-9805,-614,12212,2970,1
-9690,-362,12330,2963,1
-9925,-525,12051,2965,1
-9792,-574,12219,2966,1
-9734,-404,12298,2969,1
-9883,-573,12022,2965,1
-9783,-602,12195,2969,1
-9726,-377,12280,2968,1
-9900,-576,12063,2971,1
-9757,-550,12228,2976,1
-9727,-417,12307,2969,1
-9888,-620,12122,2956,1
-9714,-558,12290,2966,1
-9765,-369,12294,2962,1
-9883,-599,12109,2957,1
-9725,-515,12265,2971,1
-9767,-390,12234,2968,1
-9850,-610,12119,2958,1
-9726,-516,12292,2965,1
-9789,-408,12186,2961,1
-9808,-630,12131,2963,1
-9712,-469,12335,2969,1
-9820,-428,12201,2957,1
-9793,-642,12141,2951,1
-9696,-462,12313,2959,1
-9850,-439,12133,2954,1
-9812,-627,12155,2956,1
-9727,-475,12310,2962,1
-9832,-449,12143,2958,1
-9838,-646,12161,2960,1
-9701,-403,12354,2962,1
-9862,-488,12147,2953,1
-9789,-620,12211,2959,1
-9716,-414,12307,2954,1
-9877,-514,12088,2952,1
-9853,-638,12177,2953,1
-9718,-434,12301,2956,1
-9899,-512,12089,2960,1
-9809,-628,12227,2958,1
-9684,-396,12366,2959,1
-9902,-543,12041,2965,1
-9762,-593,12198,2955,1
-9731,-380,12296,2954,1
-9939,-543,12052,2946,1
-9792,-582,12206,2957,1
-9719,-334,12279,2958,1
-9947,-567,12040,2957,1
-9777,-594,12200,2959,1
-9750,-390,12272,2966,1
-9862,-623,12100,2960,1
-9759,-532,12226,2974,1
-9736,-383,12277,2963,1
-9881,-610,12075,2960,1
-9733,-537,12295,2959,1
-9790,-427,12203,2966,1
-9847,-646,12097,2955,1
-9751,-536,12280,2958,1
-9798,-370,12184,2963,1
-9852,-639,12104,2959,1
-9722,-462,12268,2976,1
-9791,-412,12240,2971,1
-9810,-622,12114,2970,1
-9699,-468,12292,2969,1
-9885,-439,12157,2955,1
-9805,-659,12123,2952,1
-9749,-465,12293,2959,1
-9858,-451,12141,2952,1
-9866,-652,12152,2956,1
-9709,-452,12287,2975,1
-9886,-485,12121,2958,1
-9783,-620,12147,2959,1
-9721,-405,12297,2964,1
-9886,-466,12086,2953,1
-9860,-617,12154,2957,1
-9718,-390,12302,2959,1
-9913,-513,12082,2948,1
-9830,-652,12184,2942,1
-9925,-525,12047,2953,1
-9821,-618,12185,2946,1
-9716,-390,12331,2951,1
-9890,-514,12096,2954,1
-9813,-586,12185,2953,1
-9698,-392,12323,2961,1
-9926,-559,12029,2958,1
-9776,-613,12169,2956,1
-9746,-394,12317,2963,1
-9913,-541,12028,2957,1
-9777,-586,12197,2950,1
-9746,-374,12251,2953,1
-9924,-557,12034,2946,1
-9766,-592,12246,2956,1
-9707,-368,12321,2957,1
-9871,-619,12085,2957,1
-9738,-553,12277,2953,1
-9776,-418,12265,2965,1
-9880,-615,12062,2958,1
-9740,-532,12288,2953,1
-9751,-400,12222,2952,1
-9881,-620,12053,2953,1
-9750,-520,12271,2948,1
-9805,-388,12181,2956,1
-9845,-616,12115,2946,1
-9741,-488,12311,2948,1
-9807,-404,12223,2955,1
-9821,-641,12065,2955,1
-9734,-484,12305,2956,1
-9874,-443,12183,2963,1
-9804,-619,12123,2960,1
-9743,-464,12250,2952,1
-9865,-421,12131,2957,1
-9877,-629,12114,2954,1
-9698,-429,12269,2951,1
-9867,-490,12107,2954,1
-9792,-623,12138,2952,1
-9722,-426,12363,2952,1
-9893,-474,12094,2961,1
-9822,-637,12161,2956,1
-9730,-405,12338,2965,1
-9881,-533,12052,2973,1
-9863,-620,12174,2958,1
-9721,-407,12318,2963,1
-9928,-544,11977,2960,1
-9812,-641,12144,2949,1
-9715,-409,12283,2956,1
-9879,-565,12133,2960,1
-9771,-620,12220,2961,1
-9711,-393,12334,2956,1
-9930,-566,12040,2960,1
-9769,-580,12167,2966,1
-9739,-399,12311,2968,1
-9931,-552,11983,2979,1
-9749,-580,12229,2969,1
-9747,-363,12268,2971,1
-9874,-586,12066,2968,1
-9740,-540,12233,2966,1
-9714,-399,12321,2980,1
-9889,-601,12092,2973,1
-9711,-563,12273,2968,1
-9778,-429,12269,2975,1
-9852,-632,12100,2979,1
-9722,-560,12289,2981,1
-9767,-383,12189,2979,1
-9866,-643,12103,2983,1
-9729,-477,12257,2974,1
-9792,-416,12188,2983,1
-9816,-620,12144,2977,1
-9714,-475,12341,2975,1
-9849,-442,12182,2980,1
-9795,-637,12121,2978,1
-9714,-477,12306,2971,1
-9846,-442,12122,2988,1
-9818,-661,12138,3002,1
-9729,-421,12352,2975,1
-9838,-463,12156,2988,1
-9799,-642,12214,2985,1
-9689,-420,12343,2975,1
-9873,-468,12123,2973,1
-9794,-649,12190,2970,1
-9703,-421,12344,2977,1
-9896,-506,12061,2978,1
-9819,-649,12190,2980,1
-9736,-424,12304,2981,1
-9886,-508,12062,2985,1
-9818,-627,12198,2989,1
-9692,-400,12344,2981,1
-9915,-542,12049,2987,1
-9762,-597,12218,2979,1
-9722,-366,12323,2984,1
-9912,-564,12063,2980,1
-9790,-590,12214,2979,1
-9722,-372,12283,2988,1
-9935,-581,12015,2985,1
-9748,-556,12195,2981,1
-9711,-373,12285,2988,1
-9853,-579,12090,2982,1
-9724,-540,12256,2978,1
-9715,-389,12302,2975,1
-9874,-603,12063,2980,1
-9720,-587,12301,2973,1
-9785,-389,12185,2979,1
-9865,-613,12039,2988,1
-9731,-549,12318,2978,1
-9803,-364,12167,2986,1
-9827,-650,12124,2978,1
-9728,-507,12306,2987,1
-9822,-402,12214,2980,1
-9816,-632,12101,2978,1
-9724,-455,12296,2973,1
-9880,-424,12122,2980,1
-9828,-631,12124,2973,1
-9732,-466,12300,2967,1
-9836,-404,12120,2983,1
-9831,-681,12140,2982,1
-9712,-446,12316,2970,1
-9892,-453,12130,2985,1
-9799,-638,12187,2991,1
-9721,-433,12345,2982,1
-9901,-508,12091,2975,1
-9839,-649,12141,2972,1
-9727,-428,12313,2968,1
-9894,-495,12066,2967,1
-9830,-626,12145,2966,1
-9726,-380,12309,2966,1
-9911,-492,12088,2972,1
-9803,-609,12160,2973,1
-9697,-386,12337,2970,1
-9910,-554,12064,2968,1
-9810,-608,12185,2974,1
-9737,-399,12318,2965,1
-9909,-550,12066,2968,1
-9814,-595,12231,2955,1
-9773,-419,12275,2964,1
-9942,-582,12041,2965,1
-9767,-600,12232,2963,1
-9709,-374,12316,2970,1
-9895,-580,12104,2968,1
-9695,-558,12285,2974,1
-9772,-385,12272,2977,1
-9836,-599,12110,2970,1
-9753,-536,12299,2974,1
-9780,-408,12248,2968,1
-9882,-615,12093,2963,1
-9738,-523,12288,2955,1
-9802,-385,12251,2964,1
-9809,-615,12100,2965,1
-9716,-483,12306,2964,1
-9776,-414,12252,2972,1
-9803,-636,12140,2972,1
-9711,-460,12285,2969,1
-9840,-432,12176,2995,1
-9835,-656,12139,2963,1
-9708,-472,12332,2965,1
-9883,-445,12133,2965,1
-9813,-631,12180,2963,1
-9712,-424,12291,2959,1
-9864,-457,12175,2966,1
-9830,-619,12190,2966,1
-9698,-421,12348,2958,1
-9905,-510,12111,2977,1
-9801,-650,12176,2975,1
-9712,-413,12316,2971,1
-9897,-517,12076,2970,1
-9830,-613,12202,2955,1
-9693,-371,12320,2959,1
-9879,-514,12111,2963,1
-9796,-582,12211,2965,1
-9652,-386,12378,2956,1
-9912,-527,12100,2959,1
-9784,-592,12219,2961,1
-9716,-395,12321,2970,1
-9904,-571,12042,2973,1
-9774,-601,12192,2969,1
-9709,-390,12284,2962,1
-9913,-579,12094,2959,1
-9711,-591,12244,2958,1
-9731,-398,12276,2963,1
-9855,-580,12096,2958,1
-9719,-551,12271,2964,1
-9752,-370,12269,2959,1
-9881,-598,12090,2964,1
-9724,-503,12248,2961,1
-9784,-423,12229,2969,1
-9844,-625,12135,2965,1
-9726,-532,12309,2963,1
-9792,-415,12187,2964,1
-9853,-663,12083,2964,1
-9698,-507,12302,2957,1
-9819,-407,12230,2957,1
-9786,-626,12123,2958,1
-9721,-500,12316,2967,1
-9851,-455,12177,2969,1
-9836,-640,12168,2961,1
-9755,-450,12290,2965,1
-9855,-436,12122,2965,1
-9815,-622,12111,2965,1
-9738,-407,12341,2958,1
-9866,-455,12154,2958,1
-9815,-614,12189,2954,1
-9713,-414,12290,2955,1
-9883,-504,12126,2962,1
-9823,-642,12190,2967,1
-9717,-415,12308,2953,1
-9935,-524,12069,2971,1
-9801,-622,12201,2959,1
-9707,-405,12295,2963,1
-9925,-508,12095,2967,1
-9802,-607,12157,2955,1
-9702,-375,12357,2957,1
-9943,-544,12016,2964,1
-9774,-584,12172,2959,1
-9728,-407,12299,2962,1
-9933,-578,12061,2962,1
-9789,-576,12233,2963,1
-9763,-414,12209,2972,1
-9902,-603,12062,2968,1
-9764,-544,12286,2968,1
-9705,-364,12326,2968,1
-9877,-614,12056,2965,1
-9694,-549,12241,2957,1
-9790,-409,12228,2965,1
-9868,-611,12047,2967,1
-9753,-548,12294,2956,1
-9769,-399,12224,2966,1
-9894,-630,12089,2965,1
-9711,-496,12289,2963,1
-9798,-419,12218,2971,1
-9786,-612,12149,2976,1
-9721,-497,12297,2961,1
-9816,-439,12147,2963,1
-9817,-662,12148,2957,1
-9714,-432,12286,2960,1
-9846,-428,12147,2967,1
-9835,-650,12162,2960,1
-9716,-444,12301,2958,1
-9859,-456,12124,2966,1
-9815,-645,12172,2970,1
-9708,-439,12367,2970,1
-9853,-476,12104,2978,1
-9816,-657,12181,2962,1
-9675,-406,12308,2963,1
-9894,-522,12074,2967,1
-9805,-641,12179,2962,1
-9732,-432,12303,2961,1
-9882,-497,12092,2961,1
-9804,-645,12188,2964,1
-9674,-384,12322,2964,1
-9895,-537,12082,2969,1
-9759,-628,12209,2969,1
-9727,-413,12298,2961,1
-9919,-564,12079,2965,1
-9770,-593,12207,2962,1
-9735,-371,12287,2959,1
-9931,-561,12085,2963,1
-9766,-594,12249,2958,1
-9729,-349,12290,2956,1
-9890,-618,12122,2971,1
-9744,-575,12313,2963,1
-9774,-398,12270,2961,1
-9852,-588,12125,2965,1
-9724,-529,12287,2962,1
-9741,-400,12220,2970,1
-9866,-605,12069,2956,1
-9720,-518,12321,2954,1
-9782,-381,12200,2963,1
-9830,-636,12139,2958,1
-9725,-493,12307,2971,1
-9801,-418,12196,2960,1
-9796,-624,12128,2966,1
-9731,-508,12304,2965,1
-9873,-420,12166,2973,1
-9805,-636,12145,2966,1
-9732,-463,12297,2962,1
-9855,-433,12146,2960,1
-9847,-645,12147,2955,1
-9686,-421,12305,2957,1
-9856,-465,12150,2962,1
-9790,-639,12210,2959,1
-9703,-429,12348,2957,1
-9875,-473,12116,2971,1
-9836,-615,12143,2968,1
-9735,-401,12296,2965,1
-9918,-513,12071,2970,1
-9853,-627,12152,2968,1
-9732,-373,12282,2956,1
-9930,-542,12045,2957,1
-9802,-604,12199,2966,1
-9717,-398,12332,2953,1
-9891,-566,12081,2961,1
-9825,-601,12180,2953,1
-9696,-401,12345,2959,1
-9923,-614,12042,2975,1
-9773,-582,12217,2969,1
-9749,-381,12290,2963,1
-9917,-566,12061,2960,1
-9773,-581,12202,2960,1
-9755,-358,12290,2962,1
-9902,-580,12092,2956,1
-9722,-544,12268,2958,1
-9747,-395,12284,2959,1
-9859,-615,12104,2962,1
-9715,-521,12239,2964,1
-9798,-402,12213,2964,1
-9872,-584,12088,2966,1
-9726,-547,12268,2969,1
-9772,-405,12185,2958,1
-9840,-651,12097,2964,1
-9705,-466,12286,2958,1
-9815,-411,12227,2957,1
-9798,-618,12172,2958,1
-9734,-473,12288,2962,1
-9857,-411,12164,2964,1
-9810,-643,12158,2965,1
-9717,-474,12333,2963,1
-9879,-432,12137,2970,1
-9799,-659,12160,2969,1
-9702,-428,12337,2965,1
-9856,-461,12140,2965,1
-9818,-616,12150,2964,1
-9699,-441,12346,2954,1
-9905,-532,12106,2961,1
-9826,-634,12189,2970,1
-9730,-405,12313,2961,1
-9890,-515,12093,2974,1
-9815,-601,12146,2966,1
-9708,-386,12313,2962,1
-9881,-545,12114,2967,1
-9798,-590,12189,2962,1
-9678,-400,12394,2954,1
-9896,-559,12098,2948,1
-9772,-596,12240,2960,1
-9747,-395,12311,2956,1
-9877,-586,12059,2963,1
-9787,-613,12211,2967,1
-9726,-402,12271,2956,1
-9918,-561,12075,2968,1
-9731,-550,12316,2965,1
-9740,-384,12295,2960,1
-9865,-590,12106,2962,1
-9731,-527,12273,2960,1
-9770,-380,12282,2957,1
-9853,-571,12087,2960,1
-9725,-517,12312,2955,1
-9771,-427,12241,2957,1
-9855,-604,12121,2966,1
-9706,-530,12310,2963,1
-9789,-392,12181,2970,1
-9763,-651,12145,2966,1
-9727,-482,12265,2958,1
-9821,-435,12181,2956,1
-9816,-615,12159,2957,1
-9713,-461,12283,2958,1
-9845,-462,12165,2964,1
-9816,-636,12126,2952,1
-9734,-432,12277,2963,1
-9840,-437,12161,2979,1
-9810,-622,12214,2967,1
-9708,-423,12352,2958,1
-9881,-476,12133,2964,1
-9811,-609,12186,2968,1
-9699,-432,12357,2953,1
-9876,-488,12116,2963,1
-9818,-638,12158,2963,1
-9713,-417,12273,2960,1
-9904,-529,12074,2968,1
-9803,-610,12191,2969,1
-9712,-374,12308,2968,1
-9885,-536,12086,2971,1
-9785,-572,12196,2964,1
-9715,-407,12301,2963,1
-9943,-560,12079,2965,1
-9753,-598,12236,2963,1
-9741,-372,12293,2946,1
-9934,-588,12070,2961,1
-9771,-572,12298,2963,1
-9770,-360,12281,2957,1
-9878,-603,12120,2971,1
-9742,-565,12251,2968,1
-9743,-397,12264,2960,1
-9852,-609,12074,2966,1
-9719,-553,12261,2962,1
-9797,-412,12236,2957,1
-9884,-623,12099,2955,1
-9768,-520,12246,2959,1
-9797,-404,12213,2958,1
-9811,-670,12136,2967,1
-9703,-487,12281,2963,1
-9829,-428,12207,2963,1
-9804,-637,12122,2966,1
-9723,-504,12340,2966,1
-9866,-415,12121,2959,1
-9822,-645,12136,2962,1
-9730,-429,12286,2957,1
-9853,-472,12117,2954,1
-9824,-641,12115,2964,1
-9714,-419,12359,2965,1
-9874,-463,12133,2966,1
-9805,-646,12169,2962,1
-9726,-417,12303,2961,1
-9881,-490,12075,2966,1
-9840,-671,12204,2963,1
-9723,-377,12337,2956,1
-9924,-514,12078,2956,1
-9784,-619,12210,2963,1
-9686,-379,12334,2962,1
-9901,-547,12090,2969,1
-9790,-616,12217,2963,1
-9739,-410,12296,2959,1
-9914,-550,12075,2965,1
-9781,-585,12190,2963,1
-9726,-371,12286,2954,1
-9918,-579,12058,2963,1
-9715,-583,12268,2956,1
-9711,-353,12303,2952,1
-9859,-573,12074,2958,1
-9709,-565,12260,2965,1
-9747,-395,12282,2961,1
-9870,-592,12043,2967,1
-9680,-529,12313,2956,1
-9802,-404,12243,2959,1
-9823,-645,12089,2959,1
-9726,-514,12293,2955,1
-9779,-390,12215,2956,1
-9790,-648,12138,2963,1
-9729,-477,12273,2958,1
-9848,-466,12174,2966,1
-9791,-629,12179,2972,1
-9730,-491,12301,2961,1
-9873,-430,12140,2959,1
-9793,-608,12165,2963,1
-9687,-431,12312,2959,1
-9806,-472,12198,2955,1
-9775,-629,12176,2961,1
-9713,-435,12345,2957,1
-9889,-490,12122,2967,1
-9784,-618,12156,2968,1
-9732,-418,12312,2969,1
-9909,-495,12061,2967,1
-9824,-657,12165,2964,1
-9684,-401,12328,2954,1
-9895,-528,12074,2960,1
-9760,-609,12204,2965,1
-9716,-397,12330,2954,1
-9911,-554,12108,2965,1
-9791,-593,12207,2961,1
-9734,-381,12259,2962,1
-9924,-559,12061,2972,1
-9757,-562,12249,2965,1
-9718,-378,12298,2952,1
-9866,-599,12104,2961,1
-9724,-555,12262,2964,1
-9782,-406,12291,2959,1
-9872,-588,12091,2961,1
-9698,-524,12230,2967,1
-9784,-389,12215,2955,1
-9849,-646,12094,2972,1
-9716,-496,12261,2968,1
-9805,-385,12257,2962,1
-9798,-608,12149,2956,1
-9709,-447,12291,2957,1
-9814,-430,12181,2955,1
-9778,-622,12140,2960,1
-9716,-489,12295,2961,1
-9867,-461,12167,2957,1
-9824,-661,12151,2969,1
-9708,-451,12290,2969,1
-9843,-483,12177,2960,1
-9829,-600,12185,2965,1
-9714,-399,12342,2956,1
-9893,-525,12113,2960,1
-9793,-640,12188,2963,1
-9725,-417,12317,2958,1
-9905,-493,12097,2960,1
-9814,-595,12191,2961,1
-9740,-348,12277,2966,1
-9909,-498,12090,2968,1
-9806,-594,12244,2964,1
-9703,-390,12329,2959,1
-9980,-556,12039,2952,1
-9769,-591,12229,2954,1
-9739,-388,12258,2958,1
-9925,-571,12050,2969,1
-9801,-582,12191,2962,1
-9712,-358,12281,2963,1
-9917,-585,12052,2972,1
-9712,-574,12240,2967,1
-9762,-389,12273,2962,1
-9876,-606,12089,2963,1
-9742,-493,12274,2958,1
-9764,-382,12246,2948,1
-9889,-616,12075,2965,1
-9724,-517,12280,2958,1
-9796,-389,12211,2957,1
-9816,-641,12094,2962,1
-9695,-497,12332,2968,1
-9818,-418,12210,2965,1
-9783,-638,12168,2965,1
-9748,-480,12333,2955,1
-9856,-420,12149,2950,1
-9825,-665,12117,2947,1
-9723,-442,12315,2963,1
-9859,-459,12146,2962,1
-9812,-637,12187,2960,1
-9693,-422,12343,2958,1
-9863,-479,12143,2963,1
-9822,-619,12192,2975,1
-9717,-391,12286,2957,1
-9921,-509,12069,2959,1
-9803,-649,12209,2960,1
-9739,-405,12335,2956,1
-9898,-512,12060,2958,1
-9806,-609,12210,2959,1
-9673,-382,12339,2958,1
-9914,-520,12062,2966,1
-9769,-627,12257,2965,1
-9684,-380,12346,2965,1
-9924,-583,12060,2967,1
-9769,-576,12199,2965,1
-9764,-381,12280,2951,1
-9934,-531,12064,2959,1
-9749,-559,12258,2958,1
-9690,-368,12305,2955,1
-9874,-586,12051,2966,1
-9712,-566,12289,2962,1
-9765,-402,12256,2965,1
-9830,-600,12088,2967,1
-9723,-536,12286,2964,1
-9749,-408,12246,2953,1
-9886,-633,12054,2956,1
-9714,-516,12308,2955,1
-9794,-394,12236,2955,1
-9779,-649,12121,2959,1
-9720,-461,12303,2964,1
-9822,-432,12215,2958,1
-9824,-611,12169,2970,1
-9701,-486,12309,2966,1
-9850,-429,12169,2960,1
-9808,-646,12194,2962,1
-9691,-436,12341,2956,1
-9834,-430,12152,2958,1
-9821,-626,12191,2962,1
-9700,-418,12331,2963,1
-9860,-485,12092,2962,1
-9833,-604,12151,2963,1
-9689,-428,12347,2958,1
-9923,-514,12059,2962,1
-9812,-613,12187,2957,1
-9720,-398,12298,2954,1
-9899,-499,12043,2951,1
-9810,-601,12214,2960,1
-9670,-380,12299,2957,1
-9932,-533,12041,2965,1
-9760,-594,12215,2964,1
-9751,-377,12263,2963,1
-9928,-561,12040,2961,1
-9786,-580,12227,2965,1
-9751,-372,12269,2968,1
-9922,-596,12063,2960,1
-9743,-554,12283,2960,1
-9727,-373,12296,2958,1
-9876,-590,12060,2962,1
-9707,-592,12266,2958,1
-9798,-400,12274,2957,1
-9860,-564,12071,2962,1
-9739,-506,12293,2969,1
-9763,-393,12229,2967,1
-9850,-616,12079,2970,1
-9720,-513,12265,2959,1
-9812,-408,12250,2950,1
-9810,-614,12087,2957,1
-9728,-479,12319,2959,1
-9825,-423,12207,2951,1
-9818,-640,12139,2963,1
-9720,-461,12302,2963,1
-9848,-439,12148,2961,1
-9814,-639,12141,2972,1
-9739,-468,12268,2965,1
-9848,-462,12106,2956,1
-9829,-617,12142,2965,1
-9712,-412,12308,2961,1
-9880,-481,12106,2958,1
-9826,-621,12179,2961,1
-9700,-407,12299,2959,1
-9915,-523,12089,2961,1
-9844,-624,12203,2971,1
-9721,-412,12311,2959,1
-9887,-505,12064,2975,1
-9787,-598,12202,2960,1
-9682,-368,12323,2963,1
-9936,-556,12068,2954,1
-9790,-604,12213,2954,1
-9759,-380,12293,2967,1
-9930,-552,12086,2961,1
-9780,-566,12230,2964,1
-9721,-361,12336,2967,1
-9925,-566,12074,2969,1
-9720,-553,12241,2963,1
-9722,-392,12283,2962,1
-9865,-592,12084,2957,1
-9730,-521,12244,2960,1
-9730,-418,12223,2955,1
-9868,-646,12078,2958,1
-9704,-545,12291,2960,1
-9781,-405,12206,2963,1
-9847,-625,12100,2968,1
-9701,-497,12276,2964,1
-9793,-411,12229,2957,1
-9832,-633,12107,2963,1
-9711,-471,12330,2959,1
-9824,-441,12202,2957,1
-9798,-623,12136,2956,1
-9732,-471,12292,2959,1
-9873,-427,12152,2958,1
-9794,-666,12192,2964,1
-9721,-407,12311,2965,1
-9832,-463,12146,2960,1
-9806,-642,12210,2970,1
-9708,-406,12357,2963,1
-9909,-518,12075,2962,1
-9819,-631,12197,2961,1
-9718,-391,12340,2956,1
-9877,-531,12067,2956,1
-9801,-631,12183,2960,1
-9696,-362,12318,2954,1
-9902,-543,12089,2965,1
-9781,-601,12195,2970,1
-9698,-349,12347,2965,1
-9920,-527,12072,2965,1
-9788,-599,12265,2964,1
-9729,-368,12282,2964,1
-9906,-587,12064,2960,1
-9769,-589,12231,2960,1
-9717,-362,12314,2965,1
-9909,-583,12100,2959,1
-9723,-583,12312,2962,1
-9716,-405,12307,2963,1
-9857,-597,12123,2963,1
-9707,-560,12259,2965,1
-9751,-363,12257,2958,1
-9874,-597,12076,2958,1
-9728,-510,12272,2958,1
-9800,-370,12193,2955,1
-9845,-605,12120,2962,1
-9723,-508,12287,2965,1
-9809,-392,12235,2959,1
-9808,-634,12113,2967,1
-9718,-469,12285,2969,1
-9847,-430,12160,2964,1
-9800,-647,12109,2965,1
-9724,-503,12284,2965,1
-9867,-468,12094,2957,1
-9845,-690,12162,2956,1
-9706,-442,12311,2962,1
-9828,-441,12135,2951,1
-9810,-626,12159,2962,1
-9715,-429,12343,2969,1
-9912,-489,12105,2962,1
-9819,-641,12173,2970,1
-9710,-403,12325,2967,1
-9887,-505,12057,2960,1
-9819,-661,12132,2963,1
-9729,-410,12252,2955,1
-9922,-497,12025,2954,1
-9807,-631,12196,2956,1
-9718,-383,12360,2956,1
-9920,-555,12076,2959,1
-9800,-618,12185,2970,1
-9705,-387,12322,2960,1
-9949,-520,12015,2962,1
-9770,-590,12207,2964,1
-9750,-382,12270,2965,1
-9923,-563,12051,2951,1
-9752,-593,12248,2960,1
-9742,-359,12290,2953,1
-9871,-603,12079,2960,1
-9759,-551,12252,2968,1
-9755,-416,12244,2963,1
-9886,-626,12072,2973,1
-9717,-540,12251,2970,1
-9801,-403,12197,2965,1
-9880,-629,12121,2969,1
-9767,-518,12295,2962,1
-9779,-395,12237,2951,1
-9850,-629,12116,2959,1
-9730,-456,12310,2958,1
-9834,-401,12178,2958,1
-9816,-630,12134,2962,1
-9721,-516,12291,2969,1
-9860,-442,12137,2971,1
-9834,-682,12112,2970,1
-9725,-441,12269,2969,1
-9831,-451,12168,2955,1
-9800,-632,12157,2959,1
-9696,-412,12332,2955,1
-9887,-477,12131,2958,1
-9806,-622,12141,2967,1
-9718,-394,12321,2968,1
-9890,-495,12101,2962,1
-9823,-610,12159,2970,1
-9700,-394,12295,2966,1
-9916,-531,12086,2970,1
-9777,-578,12202,2960,1
-9680,-382,12357,2963,1
-9899,-559,12081,2955,1
-9798,-628,12187,2962,1
-9719,-396,12329,2964,1
-9925,-568,12075,2964,1
-9749,-572,12228,2968,1
-9740,-403,12304,2962,1
-9921,-570,12078,2960,1
-9720,-581,12251,2970,1
-9728,-357,12293,2962,1
-9884,-581,12101,2958,1
-9685,-519,12282,2964,1
-9740,-390,12285,2956,1
-9862,-583,12065,2967,1
-9729,-533,12282,2963,1
-9772,-406,12195,2963,1
-9828,-621,12125,2968,1
-9716,-507,12310,2971,1
-9776,-396,12248,2962,1
-9792,-628,12133,2961,1
-9697,-470,12307,2959,1
-9853,-418,12190,2962,1
-9826,-635,12171,2958,1
-9717,-483,12265,2960,1
-9835,-426,12170,2959,1
-9845,-642,12108,2971,1
-9690,-431,12285,2972,1
-9858,-440,12130,2971,1
-9778,-589,12162,2969,1
-9705,-418,12360,2963,1
-9839,-506,12151,2956,1
-9834,-644,12185,2962,1
-9669,-431,12281,2964,1
-9905,-507,12087,2957,1
-9783,-604,12156,2963,1
-9733,-392,12340,2969,1
-9905,-544,12069,2956,1
-9788,-614,12227,2971,1
-9712,-401,12344,2975,1
-9908,-547,12102,2961,1
-9783,-583,12213,2969,1
-9720,-370,12317,2958,1
-9963,-533,12021,2953,1
-9758,-563,12266,2958,1
-9766,-389,12291,2959,1
-9921,-574,12058,2954,1
-9769,-578,12215,2964,1
-9723,-355,12301,2961,1
-9909,-580,12110,2967,1
-9718,-538,12279,2967,1
-9762,-409,12301,2961,1
-9860,-602,12072,2959,1
-9725,-529,12248,2961,1
-9788,-387,12223,2959,1
-9908,-596,12059,2955,1
-9738,-481,12256,2959,1
-9760,-415,12225,2967,1
-9841,-637,12076,2966,1
-9704,-485,12302,2968,1
-9851,-419,12179,2966,1
-9799,-625,12121,2967,1
-9735,-472,12318,2968,1
-9853,-396,12122,2965,1
-9831,-663,12137,2960,1
-9706,-451,12271,2957,1
-9879,-448,12130,2954,1
-9822,-629,12170,2961,1
-9723,-445,12338,2964,1
-9855,-460,12143,2965,1
-9804,-637,12168,2972,1
-9711,-386,12298,2963,1
-9897,-482,12135,2961,1
-9805,-645,12198,2964,1
-9720,-410,12278,2959,1
-9902,-509,12083,2955,1
-9830,-630,12186,2964,1
-9699,-381,12314,2958,1
-9888,-525,12063,2955,1
-9787,-622,12211,2972,1
-9698,-399,12323,2965,1
-9891,-575,12082,2960,1
-9785,-593,12201,2967,1
-9733,-388,12304,2966,1
-9948,-543,12086,2957,1
-9784,-558,12209,2967,1
-9733,-367,12266,2964,1
-9943,-557,12050,2959,1
-9748,-598,12235,2964,1
-9707,-361,12295,2955,1
-9859,-601,12120,2960,1
-9715,-551,12268,2970,1
-9769,-401,12314,2969,1
-9882,-593,12068,2966,1
-9704,-524,12277,2963,1
-9732,-397,12201,2969,1
-9844,-629,12094,2966,1
-9729,-545,12312,2964,1
-9731,-378,12200,2949,1
-9820,-627,12132,2958,1
-9718,-479,12328,2962,1
-9791,-397,12257,2961,1
-9759,-638,12162,2964,1
-9713,-505,12302,2962,1
-9850,-429,12132,2967,1
-9774,-664,12148,2964,1
-9737,-441,12313,2967,1
-9826,-436,12174,2965,1
-9848,-650,12108,2963,1
-9684,-438,12311,2961,1
-9857,-450,12111,2967,1
-9799,-635,12209,2960,1
-9726,-418,12347,2967,1
-9887,-467,12121,2963,1
-9828,-650,12186,2969,1
-9701,-392,12344,2964,1
-9901,-517,12100,2970,1
-9791,-631,12176,2974,1
-9729,-415,12325,2964,1
-9895,-504,12029,2963,1
-9801,-622,12202,2962,1
-9698,-359,12344,2959,1
-9885,-566,12092,2955,1
-9765,-600,12242,2962,1
-9695,-394,12318,2965,1
-9930,-544,12051,2959,1
-9763,-580,12210,2962,1
-9756,-372,12262,2968,1
-9885,-539,12040,2967,1
-9771,-587,12238,2988,1
-9737,-350,12277,2969,1
-9912,-605,12088,2957,1
-9701,-541,12304,2961,1
-9752,-395,12267,2964,1
-9888,-588,12071,2954,1
-9751,-554,12282,2962,1
-9749,-433,12213,2957,1
-9882,-651,12085,2960,1
-9716,-525,12268,2966,1
-9773,-391,12179,2964,1
-9827,-624,12125,2963,1
-9729,-487,12293,2959,1
-9822,-386,12267,2953,1
-9811,-622,12122,2962,1
-9744,-474,12287,2953,1
-9837,-422,12156,2958,1
-9785,-622,12119,2962,1
-9721,-475,12287,2961,1
-9878,-450,12089,2967,1
-9846,-641,12107,2967,1
-9704,-428,12321,2967,1
-9849,-479,12131,2958,1
-9821,-633,12141,2956,1
-9700,-448,12343,2957,1
-9923,-497,12100,2957,1
-9795,-627,12158,2952,1
-9734,-403,12307,2958,1
-9927,-513,12064,2962,1
-9827,-598,12157,2972,1
-9678,-369,12346,2968,1
-9911,-536,12096,2961,1
-9763,-596,12194,2962,1
-9724,-412,12295,2962,1
-9918,-555,12054,2955,1
-9792,-575,12207,2964,1
-9767,-424,12275,2958,1
-9895,-557,12063,2956,1
-9757,-563,12234,2966,1
-9719,-395,12286,2970,1
-9932,-597,12082,2962,1
-9717,-543,12316,2973,1
-9700,-355,12307,2967,1
-9856,-569,12096,2964,1
-9726,-522,12277,2960,1
-9746,-448,12264,2955,1
-9865,-613,12085,2955,1
-9714,-509,12301,2955,1
-9785,-406,12210,2956,1
-9836,-642,12114,2960,1
-9716,-503,12308,2966,1
-9778,-406,12236,2964,1
-9783,-641,12129,2967,1
-9700,-487,12355,2965,1
-9830,-430,12172,2965,1
-9815,-614,12127,2961,1
-9703,-485,12320,2964,1
-9870,-428,12154,2960,1
-9813,-656,12163,2963,1
-9723,-439,12285,2965,1
-9854,-475,12129,2961,1
-9800,-630,12206,2963,1
-9685,-400,12341,2969,1
-9878,-517,12148,2977,1
-9802,-641,12214,2968,1
-9691,-441,12289,2968,1
-9879,-527,12096,2956,1
-9797,-643,12175,2963,1
-9720,-404,12301,2960,1
-9911,-506,12073,2954,1
-9784,-613,12157,2960,1
-9682,-387,12297,2961,1
-9885,-527,12120,2962,1
-9808,-598,12199,2971,1
-9736,-393,12314,2970,1
-9907,-575,12043,2961,1
-9782,-597,12209,2960,1
-9748,-387,12265,2961,1
-9904,-561,12089,2954,1
-9785,-554,12237,2958,1
-9712,-370,12304,2959,1
-9882,-601,12173,2960,1
-9719,-556,12280,2973,1
-9737,-389,12259,2971,1
-9856,-590,12052,2958,1
-9745,-528,12273,2968,1
-9779,-388,12182,2961,1
-9873,-612,12085,2954,1
-9740,-491,12263,2964,1
-9794,-389,12185,2955,1
-9817,-654,12112,2960,1
-9681,-508,12285,2960,1
-9821,-411,12182,2969,1
-9777,-653,12202,2961,1
-9749,-484,12305,2968,1
-9870,-428,12152,2957,1
-9859,-641,12124,2964,1
-9701,-436,12338,2962,1
-9856,-462,12116,2962,1
-9805,-619,12152,2961,1
-9708,-424,12314,2959,1
-9878,-489,12113,2962,1
-9822,-653,12192,2968,1
-9719,-428,12297,2961,1
-9880,-515,12107,2971,1
-9833,-661,12130,2967,1
-9744,-429,12286,2968,1
-9943,-516,12050,2953,1
-9825,-603,12197,2961,1
-9721,-397,12349,2961,1
-9896,-552,12070,2951,1
-9814,-641,12219,2960,1
-9721,-397,12327,2966,1
-9945,-558,12055,2965,1
-9759,-607,12219,2977,1
-9753,-388,12284,2967,1
-9904,-558,12031,2964,1
-9767,-607,12236,2968,1
-9706,-376,12265,2956,1
-9881,-617,12087,2965,1
-9698,-555,12251,2960,1
-9759,-413,12291,2968,1
-9869,-595,12038,2952,1
-9704,-529,12292,2972,1
-9777,-384,12208,2974,1
-9877,-645,12086,2966,1
-9700,-531,12290,2965,1
-9789,-431,12201,2958,1
-9811,-639,12114,2958,1
-9718,-491,12312,2962,1
-9856,-445,12217,2961,1
-9823,-639,12083,2961,1
-9725,-479,12285,2972,1
-9871,-434,12106,2963,1
-9827,-635,12118,2972,1
-9727,-446,12327,2965,1
-9861,-491,12135,2957,1
-9818,-632,12153,2957,1
-9719,-436,12312,2963,1
-9921,-491,12078,2957,1
-9834,-614,12154,2968,1
-9731,-423,12287,2962,1
-9909,-499,12083,2970,1
-9780,-640,12201,2970,1
-9716,-390,12316,2972,1
-9863,-523,12067,2963,1
-9768,-595,12228,2958,1
-9697,-396,12336,2965,1
-9943,-514,12037,2956,1
-9761,-594,12198,2960,1
-9715,-425,12325,2966,1
-9908,-575,12067,2966,1
-9740,-570,12247,2968,1
-9699,-372,12274,2973,1
-9838,-578,12109,2967,1
-9683,-546,12261,2968,1
-9733,-408,12272,2960,1
-9865,-627,12065,2956,1
-9690,-555,12240,2968,1
-9770,-415,12239,2965,1
-9828,-623,12113,2956,1
-9742,-519,12321,2970,1
-9769,-383,12229,2971,1
-9801,-622,12134,2966,1
-9671,-456,12332,2968,1
-9847,-432,12228,2966,1
-9794,-637,12127,2959,1
-9728,-492,12292,2962,1
-9847,-431,12145,2962,1
-9841,-662,12148,2957,1
-9720,-455,12292,2967,1
-9841,-459,12137,2969,1
-9818,-612,12165,2963,1
-9678,-431,12335,2975,1
-9898,-497,12126,2966,1
-9810,-622,12196,2968,1
-9710,-391,12280,2963,1
-9888,-489,12092,2957,1
-9851,-620,12136,2961,1
-9720,-394,12323,2969,1
-9941,-518,12083,2964,1
-9769,-616,12181,2975,1
-9708,-406,12338,2965,1
-9883,-541,12068,2965,1
-9794,-593,12177,2974,1
-9719,-378,12293,2963,1
-9899,-587,12064,2965,1
-9756,-582,12221,2961,1
-9739,-385,12281,2968,1
-9919,-585,12093,2963,1
-9718,-583,12255,2967,1
-9725,-379,12268,2968,1
-9869,-602,12076,2967,1
-9700,-536,12274,2966,1
-9767,-405,12237,2973,1
-9868,-596,12085,2961,1
-9746,-515,12277,2969,1
-9790,-409,12215,2964,1
-9845,-646,12103,2953,1
-9792,-380,12198,2965,1
-9814,-656,12100,2967,1
-9690,-483,12298,2958,1
-9790,-400,12235,2970,1
-9803,-647,12123,2976,1
-9718,-471,12289,2969,1
-9854,-424,12173,2969,1
-9783,-651,12132,2962,1
-9716,-468,12287,2957,1
-9829,-439,12146,2962,1
-9818,-657,12127,2962,1
-9683,-442,12331,2955,1
-9863,-475,12132,2968,1
-9777,-636,12197,2966,1
-9724,-414,12326,2971,1
-9881,-466,12105,2972,1
-9844,-642,12170,2969,1
-9717,-432,12335,2965,1
-9922,-506,12057,2960,1
-9807,-628,12205,2954,1
-9694,-375,12321,2963,1
-9878,-526,12116,2963,1
-9779,-597,12235,2964,1
-9693,-360,12359,2967,1
-9942,-503,12052,2968,1
-9785,-598,12202,2971,1
-9726,-376,12285,2967,1
-9917,-572,12030,2967,1
-9769,-580,12250,2959,1
-9757,-372,12306,2963,1
-9913,-585,12110,2966,1
-9700,-547,12286,2967,1
-9709,-362,12298,2964,1
-9916,-606,12112,2972,1
-9711,-531,12298,2968,1
-9791,-380,12243,2983,1
-9869,-614,12112,2970,1
-9755,-526,12273,2965,1
-9776,-370,12181,2970,1
-9876,-602,12083,2965,1
-9723,-496,12301,2962,1
-9832,-415,12187,2965,1
-9779,-632,12119,2966,1
-9743,-485,12310,2961,1
-9854,-401,12163,2970,1
-9820,-647,12131,2973,1
-9721,-467,12310,2970,1
-9846,-435,12113,2966,1
-9831,-634,12135,2973,1
-9686,-437,12305,2956,1
-9871,-466,12086,2964,1
-9793,-620,12134,2976,1
-9732,-406,12363,2957,1
-9860,-465,12124,2966,1
-9825,-655,12167,2966,1
-9702,-423,12318,2965,1
-9928,-506,12019,2977,1
-9827,-631,12167,2968,1
-9721,-404,12315,2967,1
-9898,-517,12069,2963,1
-9799,-639,12197,2965,1
-9701,-367,12340,2960,1
-9907,-585,12095,2962,1
-9766,-584,12184,2961,1
-9744,-402,12315,2971,1
-9917,-547,12040,2970,1
-9765,-563,12208,2969,1
-9762,-343,12249,2969,1
-9905,-585,12056,2968,1
-9747,-568,12287,2969,1
-9710,-359,12301,2958,1
-9855,-610,12080,2973,1
-9713,-537,12259,2958,1
-9790,-412,12248,2958,1
-9868,-595,12082,2969,1
-9741,-535,12269,2974,1
-9759,-374,12232,2971,1
-9849,-646,12081,2974,1
-9731,-519,12314,2958,1
-9813,-410,12189,2969,1
-9794,-628,12155,2961,1
-9711,-465,12307,2952,1
-9853,-414,12163,2964,1
-9828,-611,12113,2966,1
-9718,-451,12317,2962,1
-9863,-450,12165,2981,1
-9808,-663,12129,2974,1
-9706,-438,12332,2962,1
-9839,-476,12190,2973,1
-9815,-607,12153,2967,1
-9694,-400,12330,2963,1
-9886,-508,12091,2962,1
-9802,-659,12167,2960,1
-9709,-419,12334,2963,1
-9922,-538,12063,2978,1
-9826,-612,12172,2969,1
-9721,-371,12346,2965,1
-9878,-525,12080,2971,1
-9763,-602,12200,2974,1
-9686,-404,12337,2963,1
-9941,-564,12051,2967,1
-9737,-604,12243,2962,1
-9754,-406,12278,2963,1
-9911,-574,12058,2965,1
-9807,-572,12203,2971,1
-9734,-364,12259,2975,1
-9898,-590,12076,2973,1
-9719,-539,12272,2968,1
-9740,-396,12300,2970,1
-9835,-607,12076,2961,1
-9708,-515,12265,2958,1
-9793,-383,12247,2960,1
-9873,-609,12096,2964,1
-9722,-513,12264,2962,1
-9766,-389,12211,2972,1
-9839,-611,12103,2974,1
-9699,-469,12281,2964,1
-9842,-438,12205,2973,1
-9789,-643,12118,2966,1
-9728,-472,12280,2960,1
-9833,-437,12168,2971,1
-9845,-655,12130,2964,1
-9720,-458,12306,2954,1
-9866,-476,12116,2968,1
-9809,-629,12172,2973,1
-9710,-429,12326,2977,1
-9863,-496,12116,2974,1
-9850,-645,12144,2970,1
-9719,-385,12303,2955,1
-9913,-500,12060,2967,1
-9797,-611,12160,2966,1
-9729,-438,12334,2956,1
-9920,-523,12079,2965,1
-9799,-610,12157,2964,1
-9714,-384,12322,2963,1
-9898,-555,12098,2973,1
-9795,-589,12185,2972,1
-9752,-384,12351,2971,1
-9946,-596,12041,2972,1
-9757,-594,12216,2961,1
-9781,-404,12288,2967,1
-9911,-568,12041,2969,1
-9779,-573,12216,2957,1
-9703,-362,12245,2960,1
-9906,-588,12028,2971,1
-9719,-539,12285,2967,1
-9771,-407,12254,2972,1
-9841,-602,12075,2970,1
-9710,-555,12261,2972,1
-9784,-430,12249,2979,1
-9893,-626,12074,2968,1
-9702,-534,12294,2960,1
-9795,-397,12192,2961,1
-9829,-631,12127,2968,1
-9705,-478,12302,2967,1
-9826,-410,12215,2968,1
-9822,-613,12118,2973,1
-9727,-465,12306,2968,1
-9841,-443,12146,2976,1
-9807,-658,12129,2979,1
-9725,-495,12282,2968,1
-9889,-457,12126,2968,1
-9821,-671,12134,2964,1
-9683,-434,12289,2959,1
-9825,-472,12125,2971,1
-9813,-606,12144,2968,1
-9705,-408,12330,2955,1
-9901,-503,12062,2972,1
-9773,-643,12168,2974,1
-9726,-403,12293,2966,1
-9888,-499,12092,2982,1
-9825,-611,12193,2971,1
-9729,-384,12325,2963,1
-9915,-537,12053,2965,1
-9776,-601,12207,2970,1
-9689,-413,12323,2977,1
-9903,-537,12055,2965,1
-9782,-622,12208,2968,1
-9718,-384,12310,2969,1
-9898,-556,12083,2979,1
-9752,-594,12236,2969,1
-9716,-417,12284,2973,1
-9928,-578,12100,2967,1
-9726,-608,12289,2966,1
-9725,-368,12282,2970,1
-9861,-576,12095,2963,1
-9711,-538,12306,2962,1
-9732,-385,12328,2965,1
-9862,-600,12086,2969,1
-9719,-540,12317,2971,1
-9776,-390,12234,2977,1
-9862,-632,12096,2976,1
-9731,-530,12284,2972,1
-9783,-377,12227,2976,1
-9833,-641,12096,2970,1
-9682,-507,12320,2965,1
-9819,-433,12199,2970,1
-9787,-637,12174,2966,1
-9726,-469,12309,2967,1
-9848,-420,12161,2976,1
-9831,-666,12135,2968,1
-9731,-437,12339,2974,1
-9839,-424,12131,2969,1
-9777,-624,12163,2973,1
-9683,-404,12341,2969,1
-9861,-481,12151,2972,1
-9815,-614,12179,2968,1
-9727,-412,12356,2965,1
-9877,-507,12084,2972,1
-9840,-616,12118,2967,1
-9738,-411,12313,2967,1
-9940,-517,12056,2981,1
-9804,-617,12222,2979,1
-9699,-372,12339,2964,1
-9905,-547,12087,2973,1
-9801,-606,12174,2963,1
-9722,-377,12319,2955,1
-9930,-540,12070,2963,1
-9780,-589,12231,2967,1
-9751,-390,12268,2966,1
-9911,-578,12067,2975,1
-9763,-584,12281,2973,1
-9732,-392,12285,2969,1
-9856,-564,12087,2964,1
-9704,-556,12252,2964,1
-9745,-416,12265,2964,1
-9868,-593,12087,2965,1
-9740,-547,12303,2962,1
-9817,-389,12224,2970,1
-9863,-599,12098,2968,1
-9745,-514,12307,2972,1
-9784,-396,12236,2970,1
-9818,-630,12104,2975,1
-9698,-500,12318,2971,1
-9849,-448,12184,2974,1
-9795,-635,12131,2967,1
-9725,-483,12320,2961,1
-9858,-413,12163,2965,1
-9850,-636,12127,2963,1
-9738,-449,12316,2965,1
-9854,-498,12180,2973,1
-9823,-637,12136,2973,1
-9723,-404,12308,2964,1
-9890,-482,12129,2976,1
-9808,-631,12148,2977,1
-9717,-368,12296,2959,1
-9887,-494,12097,2967,1
-9823,-627,12147,2980,1
-9724,-419,12299,2955,1
-9944,-540,12053,2979,1
-9786,-608,12186,2964,1
-9704,-384,12359,2965,1
-9902,-542,12092,2973,1
-9809,-615,12202,2972,1
-9728,-395,12308,2967,1
-9920,-577,12057,2966,1
-9760,-571,12211,2965,1
-9765,-394,12265,2962,1
-9953,-552,12051,2963,1
-9766,-566,12280,2970,1
-9728,-342,12285,2961,1
-9893,-592,12059,2966,1
-9718,-555,12277,2970,1
-9784,-419,12282,2975,1
-9861,-605,12056,2983,1
-9697,-532,12278,2961,1
-9801,-418,12217,2970,1
-9874,-620,12114,2967,1
-9735,-506,12254,2969,1
-9769,-389,12223,2970,1
-9845,-651,12138,2960,1
-9708,-460,12334,2963,1
-9812,-426,12213,2971,1
-9794,-620,12139,2970,1
-9723,-451,12316,2978,1
-9846,-416,12159,2972,1
-9806,-657,12175,2969,1
-9714,-444,12293,2961,1
-9855,-454,12118,2968,1
-9799,-644,12127,2969,1
-9712,-437,12331,2966,1
-9856,-484,12161,2974,1
-9819,-607,12181,2979,1
-9673,-429,12345,2972,1
-9877,-519,12121,2975,1
-9779,-630,12208,2974,1
-9732,-388,12349,2965,1
-9903,-512,12086,2972,1
-9785,-615,12190,2975,1
-9716,-345,12330,2962,1
-9874,-513,12106,2969,1
-9791,-618,12230,2968,1
-9684,-396,12346,2962,1
-9947,-582,12059,2974,1
-9768,-598,12208,2978,1
-9762,-377,12273,2972,1
-9914,-596,12023,2978,1
-9773,-581,12254,2964,1
-9741,-373,12274,2964,1
-9922,-595,12075,2968,1
-9714,-552,12298,2959,1
-9760,-386,12246,2962,1
-9871,-592,12065,2969,1
-9750,-542,12260,2965,1
-9780,-379,12210,2974,1
-9877,-618,12047,2974,1
-9728,-535,12277,2975,1
-9782,-418,12203,2972,1
-9837,-634,12109,2965,1
-9708,-505,12304,2970,1
-9810,-378,12190,2969,1
-9811,-629,12105,2966,1
-9721,-483,12320,2969,1
-9836,-413,12182,2976,1
-9843,-654,12146,2976,1
-9720,-493,12305,2980,1
-9889,-420,12108,2973,1
-9836,-628,12142,2969,1
-9729,-407,12336,2970,1
-9859,-436,12207,2969,1
-9824,-639,12166,2970,1
-9734,-411,12337,2964,1
-9908,-484,12135,2971,1
-9828,-662,12197,2966,1
-9752,-424,12282,2970,1
-9943,-499,12049,2974,1
-9824,-623,12136,2975,1
-9731,-397,12310,2974,1
-9920,-538,12068,2976,1
-9784,-610,12202,2970,1
-9699,-387,12306,2962,1
-9913,-557,12079,2971,1
-9811,-604,12194,2969,1
-9721,-389,12319,2960,1
-9923,-562,12044,2976,1
-9777,-596,12232,2972,1
-9761,-373,12315,2969,1
-9924,-581,12055,2968,1
-9762,-570,12277,2975,1
-9731,-377,12274,2964,1
-9878,-612,12106,2974,1
-9739,-557,12270,2958,1
-9769,-427,12237,2955,1
-9912,-614,12031,2967,1
-9724,-565,12287,2968,1
-9782,-386,12143,2966,1
-9865,-642,12080,2977,1
-9747,-504,12270,2968,1
-9798,-396,12209,2956,1
-9814,-620,12076,2975,1
-9691,-504,12348,2967,1
-9818,-422,12227,2965,1
-9771,-643,12137,2965,1
-9716,-498,12290,2960,1
-9850,-433,12138,2964,1
-9812,-613,12149,2968,1
-9723,-481,12294,2971,1
-9833,-490,12152,2976,1
-9819,-625,12128,2969,1
-9695,-431,12353,2973,1
-9892,-483,12101,2971,1
-9785,-630,12178,2971,1
-9745,-399,12330,2963,1
-9893,-535,12152,2964,1
-9829,-644,12147,2964,1
-9714,-396,12327,2959,1
-9938,-520,12071,2970,1
-9796,-608,12207,2966,1
-9694,-430,12325,2974,1
-9866,-550,12108,2979,1
-9822,-606,12224,2978,1
-9727,-393,12324,2964,1
-9924,-553,12068,2968,1
-9733,-597,12220,2961,1
-9725,-400,12321,2960,1
-9944,-576,12024,2975,1
-9762,-568,12295,2965,1
-9737,-344,12246,2972,1
-9891,-596,12103,2975,1
-9712,-554,12281,2980,1
-9743,-390,12316,2967,1
-9868,-596,12103,2972,1
-9702,-532,12280,2964,1
-9825,-383,12194,2959,1
-9853,-594,12111,2964,1
-9726,-519,12286,2965,1
-9751,-412,12218,2962,1
-9833,-638,12091,2970,1
-9714,-447,12334,2967,1
-9832,-434,12230,2973,1
-9798,-616,12137,2971,1
-9731,-458,12297,2969,1
-9866,-432,12166,2966,1
-9826,-634,12134,2966,1
-9732,-457,12283,2964,1
-9867,-464,12159,2967,1
-9856,-644,12180,2958,1
-9692,-413,12362,2966,1
-9878,-481,12101,2973,1
-9797,-599,12158,2973,1
-9718,-425,12365,2965,1
-9879,-533,12115,2970,1
-9821,-636,12169,2976,1
-9742,-380,12324,2966,1
-9943,-529,12025,2970,1
-9788,-581,12190,2970,1
-9701,-372,12310,2964,1
-9885,-509,12127,2971,1
-9811,-625,12223,2978,1
-9686,-390,12312,2973,1
-9951,-569,12028,2977,1
-9784,-577,12244,2974,1
-9797,-396,12292,2973,1
-9927,-591,12043,2968,1
-9788,-584,12221,2969,1
-9736,-392,12279,2965,1
-9897,-587,12093,2974,1
-9699,-537,12315,2969,1
-9725,-392,12265,2973,1
-9879,-585,12095,2984,1
-9719,-524,12283,2978,1
-9786,-389,12248,2975,1
-9865,-640,12097,2981,1
-9753,-526,12275,2972,1
-9789,-387,12255,2967,1
-9852,-664,12103,2964,1
-9688,-486,12335,2962,1
-9822,-402,12220,2965,1
-9782,-636,12162,2971,1
-9741,-482,12292,2970,1
-9847,-447,12181,2972,1
-9842,-642,12132,2973,1
-9729,-445,12307,2968,1
-9882,-428,12141,2973,1
-9831,-623,12165,2973,1
-9738,-424,12316,2957,1
-9860,-453,12139,2962,1
-9822,-654,12158,2969,1
-9724,-401,12336,2965,1
-9903,-504,12068,2976,1
-9796,-634,12159,2975,1
-9704,-425,12367,2971,1
-9925,-521,12023,2978,1
-9801,-618,12195,2972,1
-9729,-403,12343,2974,1
-9862,-531,12111,2966,1
-9790,-613,12253,2968,1
-9692,-382,12324,2970,1
-9948,-569,12103,2977,1
-9744,-580,12256,2975,1
-9750,-397,12327,2973,1
-9912,-543,12046,2977,1
-9796,-594,12253,2979,1
-9754,-377,12295,2973,1
-9869,-609,12069,2976,1
-9692,-551,12258,2971,1
-9753,-409,12262,2966,1
-9859,-605,12072,2976,1
-9714,-563,12285,2972,1
-9773,-400,12218,2966,1
-9855,-652,12146,2997,1
-9718,-538,12304,2983,1
-9771,-392,12250,2968,1
-9811,-629,12143,2977,1
-9706,-475,12323,2971,1
-9847,-428,12203,2966,1
-9792,-636,12187,2970,1
-9737,-473,12335,2970,1
-9852,-436,12154,2970,1
-9808,-630,12142,2982,1
-9710,-445,12358,2970,1
-9838,-489,12133,2974,1
-9790,-656,12208,2975,1
-9696,-433,12316,2972,1
-9869,-505,12118,2969,1
-9814,-637,12153,2967,1
-9695,-406,12301,2969,1
-9924,-539,12069,2975,1
-9807,-615,12197,2974,1
-9701,-411,12281,2978,1
-9890,-519,12098,2981,1
-9768,-602,12210,2971,1
-9702,-379,12356,2968,1
-9912,-520,12061,2968,1
-9772,-584,12275,2972,1
-9758,-385,12304,2970,1
-9932,-579,12040,2970,1
-9780,-590,12260,2979,1
-9779,-376,12291,2975,1
-9870,-563,12098,2981,1
-9719,-555,12283,2975,1
-9759,-392,12320,2971,1
-9884,-608,12065,2979,1
-9705,-548,12294,2973,1
-9818,-388,12197,2969,1
-9870,-602,12097,2976,1
-9731,-497,12280,2974,1
-9799,-367,12238,2973,1
-9835,-623,12105,2985,1
-9700,-465,12336,2978,1
-9818,-409,12183,2972,1
-9752,-637,12154,2977,1
-9703,-507,12329,2974,1
-9846,-444,12129,2967,1
-9845,-656,12134,2975,1
-9712,-443,12304,2972,1
-9835,-483,12150,2966,1
-9792,-623,12143,2984,1
-9676,-423,12329,2981,1
-9897,-492,12116,2977,1
-9828,-628,12138,2975,1
-9740,-403,12315,2971,1
-9909,-507,12063,2965,1
-9843,-618,12147,2970,1
-9731,-390,12323,2972,1
-9925,-516,12018,2980,1
-9794,-605,12166,2972,1
-9741,-395,12334,2982,1
-9941,-539,12093,2981,1
-9799,-613,12192,2991,1
-9745,-385,12279,2979,1
-9951,-577,12054,2975,1
-9777,-580,12199,2974,1
-9723,-391,12266,2972,1
-9911,-575,12059,2971,1
-9731,-585,12253,2981,1
-9738,-380,12266,2970,1
-9894,-583,12103,2981,1
-9713,-553,12254,2986,1
-9747,-400,12243,2981,1
-9871,-600,12101,2979,1
-9717,-563,12289,2971,1
-9809,-401,12174,2966,1
-9843,-657,12085,2976,1
-9709,-507,12284,2976,1
-9796,-390,12242,2972,1
-9823,-650,12124,2988,1
-9703,-473,12295,2981,1
-9852,-413,12195,2981,1
-9795,-622,12164,2979,1
-9733,-492,12281,2979,1
-9867,-422,12136,2973,1
-9860,-680,12131,2973,1
-9693,-451,12322,2979,1
-9870,-447,12173,2977,1
-9774,-631,12184,2974,1
-9716,-409,12387,2977,1
-9899,-496,12106,2977,1
-9811,-625,12173,2989,1
-9706,-417,12306,2982,1
-9878,-505,12093,2983,1
-9812,-637,12155,2976,1
-9711,-403,12322,2977,1
-9913,-533,12077,2976,1
-9792,-603,12191,2979,1
-9682,-381,12357,2970,1
-9840,-529,12149,2976,1
-9785,-619,12250,2981,1
-9690,-387,12363,2981,1
-9940,-556,12051,2984,1
-9722,-615,12229,2984,1
-9766,-406,12292,2979,1
-9903,-587,12070,2983,1
-9757,-556,12249,2980,1
-9719,-371,12314,2972,1
-9897,-615,12135,2976,1
-9662,-553,12323,2975,1
-9754,-404,12304,2989,1
-9874,-619,12088,2978,1
-9713,-524,12281,2983,1
-9803,-398,12213,2979,1
-9875,-613,12070,2980,1
-9724,-503,12298,2987,1
-9789,-404,12220,2974,1
-9826,-634,12125,2983,1
-9695,-496,12283,2978,1
-9833,-423,12209,2969,1
-9787,-644,12115,2981,1
-9741,-497,12297,2984,1
-9829,-417,12169,2975,1
-9858,-636,12133,2990,1
-9714,-449,12330,2986,1
-9876,-480,12155,2984,1
-9788,-641,12172,2985,1
-9705,-400,12351,2979,1
-9850,-454,12154,2974,1
-9828,-651,12170,2976,1
-9734,-404,12343,2974,1
-9884,-487,12095,2978,1
-9819,-610,12172,2981,1
-9719,-380,12301,2980,1
-9942,-511,12038,2982,1
-9808,-616,12139,2984,1
-9710,-387,12323,2982,1
-9920,-530,12104,2973,1
-9779,-632,12215,2983,1
-9700,-390,12329,2974,1
-9927,-561,12035,2975,1
-9793,-588,12245,2983,1
-9756,-388,12278,2981,1
-9942,-532,12040,2981,1
-9770,-575,12226,2983,1
-9723,-335,12278,2984,1
-9916,-562,12037,2989,1
-9714,-554,12275,2976,1
-9771,-399,12285,2975,1
-9872,-596,12037,2979,1
-9745,-541,12259,2977,1
-9769,-394,12244,2978,1
-9856,-611,12086,2974,1
-9725,-518,12271,2987,1
-9795,-384,12187,2977,1
-9816,-626,12139,2985,1
-9712,-484,12314,2992,1
-9812,-409,12207,2979,1
-9813,-620,12092,2982,1
-9725,-502,12292,2972,1
-9871,-452,12169,2977,1
-9844,-660,12122,2977,1
-9723,-464,12305,2986,1
-9856,-454,12096,2977,1
-9809,-642,12184,2985,1
-9689,-438,12356,2991,1
-9867,-489,12184,2975,1
-9835,-620,12178,2983,1
-9703,-422,12326,2977,1
-9913,-514,12061,2968,1
-9811,-626,12169,2981,1
-9736,-397,12302,2982,1
-9877,-483,12091,2970,1
-9810,-599,12187,2986,1
-9662,-373,12337,2980,1
-9923,-533,12059,2986,1
-9764,-613,12222,2988,1
-9725,-401,12346,2981,1
-9930,-573,12037,2982,1
-9781,-610,12213,2978,1
-9779,-386,12300,2981,1
-9890,-582,12068,2978,1
-9708,-562,12261,2981,1
-9698,-407,12308,2979,1
-9870,-595,12121,2984,1
-9685,-569,12300,2980,1
-9774,-421,12291,2991,1
-9876,-594,12085,2982,1
-9700,-527,12297,2984,1
-9757,-421,12243,2967,1
-9856,-635,12078,2982,1
-9701,-521,12322,2981,1
-9815,-406,12247,2982,1
-9779,-656,12141,2980,1
-9720,-503,12329,2989,1
-9844,-405,12267,2971,1
-9796,-633,12143,2991,1
-9671,-479,12315,2988,1
-9834,-464,12156,2973,1
-9797,-633,12135,2974,1
-9696,-439,12322,2978,1
-9863,-448,12166,2978,1
-9779,-627,12151,2986,1
-9687,-402,12347,2981,1
-9854,-479,12172,2979,1
-9790,-632,12181,2988,1
-9698,-400,12326,2994,1
-9903,-527,12072,2977,1
-9806,-630,12182,2985,1
-9742,-426,12332,2983,1
-9919,-489,12072,2966,1
-9845,-581,12166,2985,1
-9705,-403,12328,2975,1
-9896,-560,12104,2979,1
-9778,-617,12207,2983,1
-9711,-391,12364,2985,1
-9911,-536,12090,2983,1
-9768,-578,12176,2991,1
-9746,-359,12278,2982,1
-9926,-567,12031,2985,1
-9730,-579,12256,2980,1
-9742,-384,12270,2975,1
-9891,-589,12068,2976,1
-9709,-531,12294,2979,1
-9746,-388,12286,2979,1
-9894,-598,12112,2983,1
-9716,-539,12289,2994,1
-9772,-398,12241,2986,1
-9897,-598,12077,2981,1
-9749,-514,12268,2982,1
-9805,-361,12194,2976,1
-9838,-613,12081,2981,1
-9715,-487,12279,2980,1
-9788,-422,12249,2977,1
-9807,-616,12110,2977,1
-9691,-480,12294,2979,1
-9855,-452,12145,2986,1
-9792,-650,12118,2985,1
-9726,-472,12297,2991,1
-9858,-409,12134,2985,1
-9864,-625,12164,2987,1
-9701,-442,12299,2987,1
-9887,-499,12143,2975,1
-9814,-630,12153,2977,1
-9696,-439,12335,2993,1
-9914,-459,12082,2963,1
-9823,-629,12158,2990,1
-9757,-381,12286,2988,1
-9906,-517,12071,2983,1
-9837,-609,12168,2986,1
-9690,-426,12304,2990,1
-9930,-527,12075,2976,1
-9809,-610,12212,2985,1
-9689,-414,12341,2981,1
-9905,-538,12084,2974,1
-9778,-615,12152,2979,1
-9744,-374,12311,2982,1
-9946,-566,12051,2978,1
-9762,-594,12183,2981,1
-9762,-378,12256,2980,1
-9918,-587,12110,3001,1
-9746,-575,12279,2988,1
-9709,-343,12284,2978,1
-9856,-569,12064,2985,1
-9722,-540,12300,2982,1
-9740,-430,12257,2978,1
-9834,-626,12070,2979,1
-9737,-536,12267,2986,1
-9796,-378,12253,2978,1
-9862,-629,12110,2987,1
-9725,-523,12283,2988,1
-9760,-386,12252,2987,1
-9809,-640,12177,2992,1
-9679,-444,12330,2982,1
-9851,-415,12190,2980,1
-9795,-636,12147,2983,1
-9712,-462,12269,2984,1
-9880,-427,12131,2976,1
-9842,-654,12136,2982,1
-9723,-432,12316,2990,1
-9870,-451,12142,2988,1
-9792,-622,12163,2995,1
-9690,-425,12348,2985,1
-9847,-486,12107,2977,1
-9817,-615,12175,2981,1
-9721,-395,12314,2978,1
-9898,-500,12052,2980,1
-9801,-635,12204,2985,1
-9738,-406,12305,2987,1
-9911,-489,12098,2985,1
-9780,-578,12235,2998,1
-9676,-360,12364,2995,1
-9885,-551,12083,2984,1
-9749,-622,12189,2984,1
-9713,-389,12336,2981,1
-9933,-550,12014,2981,1
-9781,-613,12200,2981,1
-9777,-397,12277,2985,1
-9888,-550,12098,2982,1
-9754,-572,12248,2998,1
-9708,-372,12325,2988,1
-9875,-620,12068,2985,1
-9686,-542,12271,2989,1
-9787,-437,12249,2981,1
-9855,-584,12102,2979,1
-9730,-558,12309,2989,1
-9776,-373,12236,2982,1
-9873,-616,12066,2986,1
-9690,-478,12317,2982,1
-9807,-419,12221,2987,1
-9790,-633,12116,2989,1
-9720,-513,12324,2992,1
-9842,-439,12109,2983,1
-9811,-636,12151,2981,1
-9745,-454,12281,2982,1
-9856,-456,12147,2974,1
-9828,-639,12127,2985,1
-9682,-453,12319,2985,1
-9864,-465,12139,2983,1
-9781,-589,12184,2993,1
-9733,-422,12329,3005,1
-9886,-489,12103,2983,1
-9844,-642,12148,2988,1
-9744,-389,12326,2978,1
-9943,-536,12028,2981,1
-9802,-614,12173,2973,1
-9705,-407,12297,2989,1
-9903,-510,12088,2978,1
-9770,-603,12226,2996,1
-9709,-368,12325,2987,1
-9911,-565,12058,2980,1
-9791,-558,12214,2986,1
-9738,-403,12295,2984,1
-9933,-582,12036,2974,1
-9735,-572,12225,2980,1
-9748,-359,12287,2974,1
-9903,-590,12090,2982,1
-9720,-537,12227,2989,1
-9759,-390,12280,2988,1
-9893,-590,12085,2988,1
-9715,-547,12274,2988,1
-9799,-417,12228,2980,1
-9881,-629,12101,2966,1
-9726,-504,12275,2980,1
-9792,-391,12228,2983,1
-9840,-629,12152,2986,1
-9699,-494,12330,2988,1
-9862,-462,12177,2988,1
-9842,-644,12136,2985,1
-9747,-457,12303,2998,1
-9872,-448,12140,2985,1
-9838,-611,12163,2984,1
-9717,-435,12313,2980,1
-9889,-457,12135,2979,1
-9814,-622,12183,2983,1
-9708,-419,12332,2984,1
-9898,-525,12101,2981,1
-9828,-625,12184,2989,1
-9710,-427,12331,2992,1
-9901,-543,12068,2981,1
-9817,-610,12195,2988,1
-9683,-385,12344,2984,1
-9913,-545,12089,2971,1
-9756,-593,12206,2986,1
-9738,-395,12306,2985,1
-9919,-569,12065,2977,1
-9786,-583,12167,2991,1
-9715,-364,12308,2992,1
-9910,-546,12044,2983,1
-9735,-575,12244,2980,1
-9695,-369,12313,2984,1
-9850,-594,12101,2975,1
-9719,-539,12248,2985,1
-9786,-426,12259,2983,1
-9845,-599,12104,2984,1
-9721,-541,12336,2985,1
-9787,-391,12225,2987,1
-9826,-646,12068,2979,1
-9691,-489,12338,2983,1
-9783,-407,12223,2978,1
-9786,-636,12154,2982,1
-9733,-472,12305,2990,1
-9814,-453,12149,2982,1
-9832,-642,12121,2987,1
-9697,-427,12359,2989,1
-9898,-433,12164,2991,1
-9798,-649,12193,2984,1
-9700,-416,12368,2984,1
-9843,-494,12109,2982,1
-9834,-633,12125,2979,1
-9694,-418,12310,2984,1
-9915,-494,12090,2983,1
-9817,-625,12219,2989,1
-9729,-428,12363,2991,1
-9903,-518,12067,2987,1
-9813,-631,12219,2990,1
-9704,-407,12329,2984,1
-9881,-543,12113,2974,1
-9791,-605,12192,2985,1
-9727,-374,12245,2982,1
-9927,-567,12032,2974,1
-9760,-585,12235,2991,1
-9757,-386,12239,2989,1
-9874,-589,12091,2978,1
-9730,-572,12280,2990,1
-9713,-380,12318,2985,1
-9888,-585,12067,2973,1
-9692,-540,12289,2978,1
-9781,-397,12238,2977,1
-9866,-611,12118,2980,1
-9728,-542,12293,2983,1
-9785,-362,12230,2984,1
-9837,-659,12112,2988,1
-9687,-484,12295,2989,1
-9811,-396,12205,2978,1
-9802,-609,12106,2978,1
-9704,-465,12324,2983,1
-9849,-432,12120,2976,1
-9816,-669,12119,2986,1
-9726,-466,12305,2982,1
-9861,-446,12138,2985,1
-9800,-645,12173,2994,1
-9696,-444,12365,2984,1
-9894,-478,12116,2993,1
-9815,-618,12164,2993,1
-9735,-398,12323,2991,1
-9900,-505,12109,2984,1
-9839,-634,12186,2987,1
-9724,-416,12314,2996,1
-9913,-522,12033,2991,1
-9782,-591,12202,2992,1
-9715,-384,12337,2995,1
-9911,-531,12074,2990,1
-9807,-576,12215,2992,1
-9708,-405,12326,2981,1
-9932,-544,11990,2977,1
-9762,-583,12219,2985,1
-9742,-379,12298,2992,1
-9903,-597,12109,2975,1
-9715,-555,12280,2992,1
-9736,-395,12312,2990,1
-9870,-593,12079,2984,1
-9704,-564,12300,2984,1
-9773,-434,12251,2981,1
-9884,-652,12070,2978,1
-9712,-502,12276,2984,1
-9772,-407,12215,2983,1
-9840,-607,12115,2985,1
-9714,-502,12297,2997,1
-9831,-433,12256,2987,1
-9797,-628,12114,2984,1
-9724,-493,12311,2986,1
-9886,-439,12138,2982,1
-9847,-640,12172,2979,1
-9732,-455,12350,2981,1
-9864,-456,12136,2978,1
-9825,-620,12160,2990,1
-9691,-448,12293,2988,1
-9888,-511,12088,2989,1
-9805,-641,12138,2988,1
-9744,-413,12317,2992,1
-9939,-485,12070,2986,1
-9805,-618,12174,2990,1
-9727,-399,12325,2982,1
-9912,-527,12068,2982,1
-9792,-606,12198,2994,1
-9679,-425,12365,2993,1
-9952,-545,12099,2986,1
-9763,-591,12190,2998,1
-9771,-404,12274,2995,1
-9904,-574,12071,2986,1
-9777,-566,12211,2995,1
-9699,-396,12298,2983,1
-9922,-603,12039,2973,1
-9702,-559,12285,2984,1
-9723,-402,12283,2987,1
-9842,-579,12054,2979,1
-9724,-522,12262,2990,1
-9758,-375,12224,2993,1
-9845,-584,12094,2983,1
-9726,-523,12294,2987,1
-9773,-383,12211,2984,1
-9815,-622,12105,2977,1
-9683,-502,12332,2985,1
-9787,-414,12232,2976,1
-9794,-651,12162,2979,1
-9723,-469,12294,2987,1
-9842,-453,12204,2987,1
-9825,-634,12119,2986,1
-9680,-443,12329,2995,1
-9866,-456,12136,2977,1
-9802,-623,12177,2984,1
-9708,-412,12355,2986,1
-9827,-450,12148,2978,1
-9830,-610,12142,2986,1
-9700,-391,12335,2986,1
-9891,-502,12082,2987,1
-9810,-632,12175,2987,1
-9740,-415,12324,2989,1
-9908,-502,12077,2984,1
-9784,-620,12189,2982,1
-9700,-370,12370,2987,1
-9890,-546,12090,2973,1
-9759,-613,12242,2986,1
-9724,-389,12332,2981,1
-9922,-570,12063,2979,1
-9770,-585,12250,2991,1
-9744,-374,12278,2994,1
-9910,-558,12078,2983,1
-9738,-552,12243,2988,1
-9701,-336,12291,2980,1
-9881,-610,12067,2980,1
-9739,-562,12274,2986,1
-9785,-414,12233,2984,1
-9844,-615,12106,2979,1
-9723,-539,12267,2999,1
-9810,-405,12234,2989,1
-9869,-640,12095,2981,1
-9708,-486,12300,2987,1
-9806,-420,12190,2984,1
-9787,-631,12134,2977,1
-9720,-503,12299,2983,1
-9841,-449,12207,2978,1
-9844,-629,12110,2979,1
-9706,-429,12310,2985,1
-9880,-438,12104,2990,1
-9818,-634,12163,2984,1
-9694,-442,12353,2995,1
-9870,-463,12112,2973,1
-9807,-631,12224,2983,1
-9705,-415,12341,2983,1
-9914,-517,12097,2981,1
-9826,-643,12139,2984,1
-9723,-397,12340,2985,1
-9955,-504,12043,2988,1
-9788,-637,12191,2991,1
-9741,-381,12303,2992,1
-9901,-542,12110,2987,1
-9823,-603,12197,2992,1
-9708,-390,12358,2979,1
-9933,-553,12021,2980,1
-9737,-578,12226,2983,1
-9766,-392,12314,2985,1
-9929,-568,12054,2979,1
-9765,-601,12220,2994,1
-9734,-379,12282,2991,1
-9906,-601,12098,2989,1
-9723,-545,12307,2994,1
-9742,-396,12316,2984,1
-9881,-603,12070,2975,1
-9712,-569,12310,2980,1
-9794,-385,12241,2996,1
-9871,-633,12100,2988,1
-9714,-515,12316,2999,1
-9763,-368,12215,2999,1
-9833,-622,12113,2997,1
-9690,-459,12312,3012,1
-9848,-410,12188,3001,1
-9774,-617,12128,2991,1
-9728,-508,12330,2997,1
-9878,-438,12171,2995,1
-9855,-653,12116,2990,1
-9715,-407,12308,2995,1
-9859,-441,12141,2989,1
-9805,-631,12162,2996,1
-9699,-446,12368,3004,1
-9876,-453,12125,3000,1
-9809,-641,12200,2998,1
-9697,-411,12350,3001,1
-9855,-513,12139,2991,1
-9802,-628,12193,2992,1
-9711,-400,12302,2992,1
-9902,-526,12040,2986,1
-9824,-635,12209,2983,1
-9704,-400,12335,3006,1
-9885,-548,12101,2997,1
-9772,-621,12205,2997,1
-9902,-547,12090,3000,1
-9783,-609,12230,3001,1
-9735,-397,12295,2996,1
-9912,-564,12055,2997,1
-9788,-593,12168,2987,1
-9769,-384,12306,2996,1
-9904,-552,12051,2995,1
-9736,-578,12275,2990,1
-9737,-335,12316,2988,1
-9887,-604,12123,3000,1
-9730,-551,12288,2990,1
-9795,-409,12253,3000,1
-9854,-598,12054,2995,1
-9728,-518,12271,2996,1
-9809,-415,12251,2991,1
-9912,-637,12099,2988,1
-9730,-509,12337,2982,1
-9798,-397,12208,2991,1
-9797,-638,12177,2999,1
-9724,-477,12336,2997,1
-9832,-411,12212,3007,1
-9828,-621,12093,2999,1
-9709,-468,12366,2994,1
-9852,-427,12107,2994,1
-9822,-647,12170,2992,1
-9727,-442,12342,2986,1
-9870,-475,12126,2990,1
-9819,-633,12168,2989,1
-9676,-432,12358,2983,1
-9844,-495,12157,3000,1
-9824,-596,12187,2998,1
-9699,-441,12347,2993,1
-9884,-529,12071,2999,1
-9798,-633,12178,2997,1
-9737,-395,12314,2989,1
-9859,-501,12094,2994,1
-9813,-608,12194,2994,1
-9690,-403,12354,2996,1
-9916,-524,12076,2991,1
-9763,-594,12256,2991,1
-9708,-408,12363,2995,1
-9891,-558,12080,2999,1
-9787,-595,12227,2991,1
-9756,-397,12311,3010,1
-9931,-581,12051,3000,1
-9733,-586,12261,2986,1
-9708,-389,12268,2989,1
-9864,-560,12105,2993,1
-9678,-556,12272,2989,1
-9737,-368,12307,2993,1
-9849,-599,12097,2991,1
-9690,-530,12279,2995,1
-9757,-405,12242,2996,1
-9897,-603,12091,3007,1
-9720,-515,12321,2994,1
-9814,-421,12235,2997,1
-9847,-628,12152,2991,1
-9731,-493,12331,2991,1
-9802,-409,12251,2996,1
-9826,-624,12149,2997,1
-9692,-453,12305,2986,1
-9825,-446,12188,2995,1
-9828,-644,12110,2994,1
-9704,-450,12325,2999,1
-9883,-424,12132,3007,1
-9840,-623,12144,3000,1
-9712,-423,12349,2993,1
-9881,-460,12152,2989,1
-9827,-627,12192,2988,1
-9711,-412,12336,2987,1
-9894,-503,12118,2994,1
-9815,-622,12121,2988,1
-9735,-411,12303,2994,1
-9930,-504,12080,2997,1
-9811,-616,12184,2996,1
-9705,-407,12302,2993,1
-9903,-510,12070,2999,1
-9797,-610,12228,2994,1
-9709,-354,12348,2995,1
-9913,-528,12102,2990,1
-9804,-585,12198,2988,1
-9735,-365,12305,2989,1
-9934,-556,12027,2997,1
-9785,-590,12239,2993,1
-9764,-386,12305,3001,1
-9908,-596,12098,2995,1
-9770,-586,12253,3000,1
-9723,-390,12285,2998,1
-9874,-592,12095,2995,1
-9710,-590,12242,2989,1
-9740,-393,12270,2988,1
-9867,-607,12061,3000,1
-9715,-539,12248,2991,1
-9797,-393,12210,2999,1
-9889,-622,12072,3001,1
-9741,-504,12299,2991,1
-9778,-387,12229,2997,1
-9822,-616,12100,2998,1
-9683,-481,12327,2991,1
-9836,-438,12192,2997,1
-9784,-650,12135,2986,1
-9719,-472,12306,2987,1
-9836,-412,12165,2989,1
-9845,-654,12118,2993,1
-9707,-445,12322,2986,1
-9893,-457,12106,2997,1
-9821,-637,12135,2989,1
-9712,-423,12328,2990,1
-9872,-486,12129,2997,1
-9830,-639,12178,2998,1
-9716,-390,12301,2982,1
-9893,-509,12098,2986,1
-9798,-641,12165,2983,1
-9723,-417,12322,2982,1
-9927,-518,12076,2992,1
-9780,-614,12172,2990,1
-9707,-365,12353,2990,1
-9878,-524,12114,2998,1
-9795,-594,12211,2999,1
-9692,-408,12368,2999,1
-9946,-578,12092,2992,1
-9779,-594,12212,2979,1
-9759,-384,12297,2987,1
-9927,-563,12071,2984,1
-9748,-592,12297,2991,1
-9720,-324,12277,2987,1
-9866,-593,12078,2992,1
-9663,-544,12290,2995,1
-9720,-426,12296,3004,1
-9868,-585,12087,2991,1
-9721,-558,12301,2990,1
-9792,-383,12271,2985,1
-9887,-612,12099,2990,1
-9712,-534,12294,2989,1
-9784,-389,12253,2995,1
-9786,-649,12092,2991,1
-9675,-506,12324,2993,1
-9815,-437,12263,2994,1
-9789,-602,12137,3007,1
-9691,-476,12294,2991,1
-9836,-414,12188,2992,1
-9811,-641,12125,2985,1
-9689,-455,12314,2976,1
-9867,-470,12136,2991,1
-9818,-638,12117,2989,1
-9708,-429,12353,2989,1
-9855,-469,12151,2991,1
-9820,-623,12153,2991,1
-9719,-433,12358,2990,1
-9906,-518,12075,2996,1
-9801,-625,12192,2993,1
-9756,-395,12304,2981,1
-9900,-503,12058,2990,1
-9829,-600,12198,2993,1
-9696,-407,12317,2987,1
-9907,-517,12084,2990,1
-9765,-597,12201,2990,1
-9724,-408,12338,2996,1
-9947,-561,12046,3004,1
-9774,-584,12240,2989,1
-9750,-380,12291,2994,1
-9897,-549,12067,2990,1
-9742,-581,12258,2985,1
-9725,-368,12323,2991,1
-9888,-587,12086,2991,1
-9689,-518,12272,2989,1
-9768,-400,12286,2992,1
-9855,-586,12090,2991,1
-9722,-499,12244,3001,1
-9781,-372,12219,2991,1
-9894,-648,12092,2993,1
-9720,-540,12309,2986,1
-9806,-442,12223,2988,1
-9788,-638,12107,2986,1
-9702,-485,12288,2993,1
-9830,-426,12187,2989,1
-9831,-661,12145,2991,1
-9729,-451,12289,3009,1
-9842,-439,12164,2997,1
-9846,-640,12090,2999,1
-9723,-456,12324,2983,1
-9878,-459,12148,2988,1
-9817,-626,12157,2984,1
-9691,-428,12331,2982,1
-9882,-458,12143,2983,1
-9818,-644,12132,2991,1
-9728,-415,12301,2979,1
-9924,-529,12049,2992,1
-9828,-615,12149,2995,1
-9734,-402,12285,2992,1
-9894,-501,12069,2995,1
-9811,-587,12218,2988,1
-9678,-371,12326,2981,1
-9921,-567,12068,2989,1
-9786,-599,12195,2980,1
-9761,-396,12333,2984,1
-9936,-558,12047,2994,1
-9788,-569,12238,2992,1
-9728,-399,12298,2997,1
-9929,-594,12070,2994,1
-9714,-577,12249,2987,1
-9697,-364,12317,2989,1
-9885,-599,12077,2988,1
-9708,-540,12320,2981,1
-9785,-411,12305,2985,1
-9878,-610,12099,2988,1
-9715,-537,12237,2984,1
-9765,-390,12213,2985,1
-9874,-637,12070,2994,1
-9700,-508,12295,2994,1
-9779,-398,12236,2989,1
-9772,-635,12129,2993,1
-9698,-460,12298,2983,1
-9822,-419,12219,2985,1
-9823,-635,12164,2987,1
-9672,-462,12327,2981,1
-9858,-440,12122,2985,1
-9790,-667,12174,2990,1
-9727,-431,12310,2991,1
-9836,-455,12141,2993,1
-9797,-640,12168,2995,1
-9672,-416,12350,2984,1
-9865,-481,12139,2991,1
-9820,-611,12228,2994,1
-9708,-432,12331,2976,1
-9901,-504,12060,2987,1
-9789,-634,12184,2993,1
-9747,-388,12308,2988,1
-9877,-512,12087,3011,1
-9791,-600,12239,2996,1
-9682,-368,12338,2984,1
-9929,-548,12058,2990,1
-9747,-598,12227,2990,1
-9739,-404,12274,2990,1
-9899,-549,12061,2985,1
-9797,-578,12233,2986,1
-9737,-393,12276,2983,1
-9916,-565,12037,2994,1
-9683,-573,12261,2989,1
-9728,-410,12311,2984,1
-9860,-618,12091,2991,1
-9696,-567,12294,2982,1
-9752,-366,12255,2981,1
-9871,-572,12053,2987,1
-9721,-514,12300,2980,1
-9746,-381,12214,2980,1
-9845,-647,12087,2990,1
-9708,-503,12288,2987,1
-9817,-394,12207,2994,1
-9797,-602,12125,2994,1
-9705,-498,12312,2988,1
-9815,-396,12201,2992,1
-9806,-623,12119,2986,1
-9708,-499,12327,2984,1
-9885,-448,12127,2984,1
-9836,-646,12115,2983,1
-9729,-447,12331,2983,1
-9869,-441,12141,2980,1
-9826,-611,12185,2997,1
-9697,-405,12341,2994,1
-9893,-497,12126,2989,1
-9788,-625,12190,2982,1
-9712,-426,12305,2982,1
-9887,-508,12066,2989,1
-9839,-629,12134,2980,1
-9721,-404,12340,2978,1
-9898,-513,12118,2988,1
-9779,-638,12221,2989,1
-9700,-369,12343,2987,1
-9923,-560,12089,2996,1
-9790,-588,12197,2993,1
-9756,-389,12350,2982,1
-9923,-560,12049,2986,1
-9775,-578,12236,2986,1
-9746,-361,12294,2977,1
-9916,-583,12027,2987,1
-9710,-571,12234,2982,1
-9727,-381,12236,2991,1
-9881,-599,12076,2994,1
-9740,-540,12271,2987,1
-9798,-407,12256,2985,1
-9882,-623,12062,2985,1
-9719,-529,12270,2977,1
-9797,-405,12214,2982,1
-9842,-641,12118,2987,1
-9699,-503,12272,2979,1
-9807,-403,12232,2982,1
-9813,-621,12114,2986,1
-9718,-472,12296,2991,1
-9862,-428,12164,2986,1
-9824,-638,12104,2987,1
-9724,-469,12299,2981,1
-9920,-458,12100,2983,1
-9834,-650,12172,2981,1
-9693,-433,12338,2976,1
-9854,-492,12147,2981,1
-9845,-599,12141,2989,1
-9723,-434,12331,2980,1
-9917,-512,12057,2999,1
-9794,-629,12148,2983,1
-9751,-398,12285,2984,1
-9886,-529,12081,2984,1
-9831,-619,12153,2977,1
-9685,-375,12368,2980,1
-9879,-533,12105,2976,1
-9771,-589,12210,2985,1
-9727,-398,12314,2988,1
-9899,-557,12048,2990,1
-9774,-609,12223,2990,1
-9747,-391,12290,2978,1
-9911,-579,12078,2988,1
-9750,-565,12253,2983,1
-9687,-386,12335,2978,1
-9886,-579,12075,2985,1
-9694,-539,12320,2975,1
-9800,-424,12274,2981,1
-9839,-601,12105,2980,1
-9722,-514,12252,2986,1
-9761,-385,12253,2985,1
-9875,-646,12114,2986,1
-9689,-483,12305,2981,1
-9808,-414,12211,2985,1
-9797,-623,12173,2981,1
-9691,-499,12310,2982,1
-9855,-443,12207,2976,1
-9812,-671,12148,2984,1
-9691,-437,12337,2972,1
-9859,-429,12127,2985,1
-9832,-648,12170,2996,1
-9699,-430,12333,2986,1
-9862,-443,12168,2990,1
-9824,-619,12182,2985,1
-9712,-387,12343,2977,1
-9848,-500,12119,2984,1
-9813,-625,12147,2981,1
-9717,-376,12323,2978,1
-9918,-539,12064,2985,1
-9815,-606,12173,2992,1
-9728,-424,12299,2984,1
-9901,-543,12065,2983,1
-9825,-607,12215,2983,1
-9690,-403,12335,2980,1
-9924,-565,12049,2986,1
-9766,-573,12227,2980,1
-9738,-390,12273,2973,1
-9923,-574,12093,2979,1
-9775,-622,12173,2983,1
-9759,-396,12258,2976,1
-9905,-586,12056,2993,1
-9723,-561,12203,2989,1
-9740,-374,12299,2976,1
-9880,-611,12115,2978,1
-9716,-529,12280,2976,1
-9784,-393,12215,2976,1
-9872,-653,12081,2978,1
-9748,-549,12269,2980,1
-9798,-396,12236,2968,1
-9862,-630,12128,2983,1
-9693,-500,12305,2984,1
-9815,-382,12223,2984,1
-9806,-642,12149,2979,1
-9732,-495,12297,2970,1
-9835,-436,12197,2967,1
-9820,-623,12113,2962,1
-9711,-446,12271,2969,1
-9879,-430,12142,2973,1
-9819,-652,12149,2977,1
-9701,-437,12309,2976,1
-9860,-469,12111,2979,1
-9858,-630,12134,2976,1
-9672,-420,12324,2975,1
-9906,-470,12077,2975,1
-9802,-636,12168,2972,1
-9707,-442,12312,2966,1
-9915,-525,12062,2972,1
-9800,-658,12175,2970,1
-9698,-402,12330,2973,1
-9875,-518,12118,2975,1
-9782,-611,12198,2982,1
-9703,-386,12361,2976,1
-9954,-540,12089,2977,1
-9793,-604,12202,2987,1
-9766,-394,12289,2967,1
-9915,-584,12022,2972,1
-9795,-604,12185,2971,1
-9733,-375,12249,2958,1
-9910,-609,12075,2976,1
-9713,-552,12235,2974,1
-9725,-383,12281,2976,1
-9900,-605,12067,2986,1
-9713,-560,12289,2980,1
-9787,-390,12278,2971,1
-9882,-602,12033,2977,1
-9709,-535,12288,2977,1
-9785,-379,12184,2966,1
-9842,-621,12099,2969,1
-9662,-466,12331,2971,1
-9784,-420,12209,2977,1
-9786,-648,12147,2978,1
-9707,-495,12286,2979,1
-9836,-444,12215,2972,1
-9846,-682,12132,2980,1
-9702,-466,12295,2970,1
-9872,-443,12126,2970,1
-9828,-661,12123,2973,1
-9712,-457,12315,2967,1
-9874,-473,12155,2971,1
-9813,-656,12172,2976,1
-9711,-430,12342,2980,1
-9895,-485,12088,2975,1
-9765,-644,12146,2977,1
-9724,-398,12295,2975,1
-9910,-519,12096,2965,1
-9834,-617,12197,2970,1
-9698,-422,12350,2959,1
-9903,-533,12072,2961,1
-9777,-593,12214,2972,1
-9702,-380,12359,2969,1
-9900,-560,12072,2975,1
-9762,-589,12204,2975,1
-9722,-376,12303,2969,1
-9921,-540,12073,2982,1
-9760,-571,12238,2973,1
-9745,-403,12260,2967,1
-9906,-565,12062,2967,1
-9714,-567,12290,2967,1
-9724,-377,12326,2977,1
-9849,-581,12092,2972,1
-9702,-548,12273,2978,1
-9761,-393,12237,2965,1
-9893,-611,12056,2977,1
-9708,-525,12300,2972,1
-9801,-361,12210,2971,1
-9833,-636,12114,2973,1
-9736,-510,12305,2970,1
-9789,-409,12210,2964,1
-9824,-608,12103,2975,1
-9728,-460,12270,2970,1
-9857,-418,12149,2967,1
-9785,-630,12157,2978,1
-9737,-440,12318,2976,1
-9897,-419,12104,2972,1
-9821,-645,12131,2977,1
-9700,-433,12320,2970,1
-9853,-500,12134,2958,1
-9813,-617,12156,2974,1
-9684,-443,12355,2968,1
-9911,-504,12071,2981,1
-9818,-627,12144,2980,1
-9741,-410,12308,2972,1
-9910,-519,12066,2982,1
-9824,-622,12143,2958,1
-9723,-391,12336,2968,1
-9909,-532,12078,2978,1
-9779,-606,12190,2972,1
-9714,-399,12312,2965,1
-9912,-562,12037,2967,1
-9800,-608,12189,2972,1
-9769,-410,12287,2972,1
-9917,-589,12041,2979,1
-9755,-577,12252,2980,1
-9723,-382,12309,2966,1
-9902,-592,12079,2965,1
-9726,-564,12262,2970,1
-9765,-432,12291,2961,1
-9859,-612,12050,2970,1
-9721,-540,12269,2969,1
-9770,-397,12209,2967,1
-9872,-613,12103,2972,1
-9735,-508,12270,2974,1
-9832,-429,12221,2960,1
-9809,-598,12093,2971,1
-9720,-486,12295,2969,1
-9818,-428,12205,2959,1
-9809,-662,12126,2965,1
-9712,-468,12299,2960,1
-9856,-416,12135,2968,1
-9839,-629,12131,2976,1
-9732,-446,12292,2968,1
-9866,-460,12117,2975,1
-9802,-644,12171,2977,1
-9669,-423,12316,2965,1
-9873,-486,12109,2967,1
-9799,-599,12187,2970,1
-9698,-408,12312,2963,1
-9901,-492,12072,2967,1
-9811,-652,12153,2969,1
-9715,-413,12291,2968,1
-9880,-525,12079,2970,1
-9812,-636,12178,2975,1
-9661,-377,12292,2970,1
-9920,-558,12080,2963,1
-9775,-596,12177,2975,1
-9732,-398,12275,2969,1
-9889,-567,12080,2963,1
-9770,-573,12165,2966,1
-9729,-385,12276,2961,1
-9933,-581,12049,2973,1
-9719,-564,12253,2997,1
-9737,-345,12292,2964,1
-9852,-574,12139,2976,1
-9749,-550,12263,2973,1
-9767,-398,12264,2963,1
-9885,-612,12091,2974,1
-9716,-538,12267,2970,1
-9762,-400,12200,2966,1
-9862,-632,12145,2969,1
-9708,-498,12332,2972,1
-9810,-384,12197,2972,1
-9796,-645,12146,2976,1
-9693,-460,12278,2977,1
-9832,-404,12202,2970,1
-9830,-624,12154,2971,1
-9670,-468,12290,2965,1
-9883,-414,12128,2969,1
-9782,-631,12151,2970,1
-9729,-427,12327,2970,1
-9852,-467,12194,2968,1
-9818,-614,12190,2979,1
-9685,-418,12353,2972,1
-9877,-497,12107,2969,1
-9801,-629,12194,2976,1
-9710,-394,12324,2967,1
-9915,-510,12043,2969,1
-9845,-633,12171,2973,1
-9712,-389,12324,2967,1
-9885,-518,12138,2968,1
-9786,-580,12242,2971,1
-9687,-367,12354,2973,1
-9932,-528,12073,2983,1
-9757,-589,12203,2971,1
-9740,-414,12315,2962,1
-9897,-570,12023,2967,1
-9773,-591,12220,2972,1
-9724,-390,12267,2965,1
-9885,-569,12075,2979,1
-9719,-557,12256,2967,1
-9779,-388,12260,2973,1
-9877,-610,12070,2974,1
-9724,-544,12271,2982,1
-9758,-399,12237,2971,1
-9895,-638,12094,2975,1
-9704,-512,12272,2964,1
-9812,-357,12217,2969,1
-9830,-648,12108,2969,1
-9700,-490,12300,2972,1
-9810,-414,12208,2963,1
-9817,-633,12105,2976,1
-9728,-491,12287,2978,1
-9859,-433,12129,2964,1
-9813,-639,12128,2977,1
-9728,-437,12346,2972,1
-9859,-472,12134,2966,1
-9809,-625,12115,2965,1
-9704,-430,12342,2970,1
-9839,-487,12131,2965,1
-9848,-633,12149,2977,1
-9677,-420,12346,2970,1
-9910,-476,12051,2971,1
-9800,-627,12203,2980,1
-9728,-398,12284,2979,1
-9907,-503,12082,2968,1
-9845,-612,12136,2970,1
-9705,-404,12312,2965,1
-9916,-529,12083,2967,1
-9773,-604,12204,2969,1
-9712,-381,12344,2973,1
-9886,-570,12041,2975,1
-9804,-582,12196,2975,1
-9773,-400,12276,2966,1
-9940,-568,12034,2970,1
-9717,-592,12254,2971,1
-9706,-367,12315,2971,1
-9889,-577,12098,2967,1
-9708,-547,12267,2968,1
-9776,-383,12276,2960,1
-9853,-619,12086,2973,1
-9720,-527,12281,2974,1
-9784,-404,12219,2968,1
-9889,-623,12031,2976,1
-9683,-507,12299,2968,1
-9819,-422,12251,2962,1
-9810,-629,12173,2971,1
-9709,-501,12296,2964,1
-9829,-449,12185,2956,1
-9816,-642,12105,2967,1
-9707,-463,12301,2975,1
-9863,-443,12137,2969,1
-9832,-612,12152,2970,1
-9716,-451,12305,2974,1
-9871,-427,12128,2967,1
-9810,-601,12192,2960,1
-9703,-425,12346,2969,1
-9866,-486,12113,2955,1
-9844,-649,12163,2960,1
-9713,-420,12343,2966,1
-9945,-515,12061,2967,1
-9810,-624,12153,2972,1
-9712,-367,12298,2968,1
-9866,-539,12100,2978,1
-9809,-604,12240,2969,1
-9678,-351,12322,2965,1
-9906,-555,12083,2964,1
-9769,-576,12219,2970,1
-9733,-409,12296,2967,1
-9898,-555,12043,2964,1
-9779,-582,12231,2976,1
-9731,-368,12275,2970,1
-9887,-617,12085,2976,1
-9696,-555,12245,2972,1
-9746,-398,12311,2970,1
-9867,-602,12101,2970,1
-9706,-540,12268,2967,1
-9756,-415,12276,2974,1
-9882,-631,12100,2967,1
-9726,-525,12297,2971,1
-9783,-397,12204,2969,1
-9846,-624,12082,2985,1
-9816,-407,12234,2972,1
-9707,-452,12301,2980,1
-9798,-624,12135,2969,1
-9706,-456,12274,2973,1
-9840,-424,12195,2968,1
-9812,-649,12133,2979,1
-9726,-450,12300,2967,1
-9878,-467,12083,2970,1
-9820,-617,12213,2974,1
-9692,-405,12352,2980,1
-9873,-475,12121,2968,1
-9821,-636,12145,2975,1
-9707,-404,12336,2970,1
-9890,-511,12077,2971,1
-9783,-632,12168,2973,1
-9724,-401,12304,2964,1
-9933,-511,12066,2958,1
-9850,-612,12178,2972,1
-9705,-376,12345,2977,1
-9899,-540,12078,2969,1
-9813,-624,12231,2985,1
-9692,-411,12306,2971,1
-9916,-552,12045,2968,1
-9784,-600,12242,2973,1
-9761,-372,12231,2966,1
-9893,-573,12067,2968,1
-9766,-577,12210,2973,1
-9706,-350,12300,2973,1
-9907,-595,12057,2980,1
-9697,-560,12259,2978,1
-9765,-407,12268,2981,1
-9886,-629,12084,2974,1
-9748,-538,12283,2972,1
-9773,-403,12262,2975,1
-9888,-639,12094,2977,1
-9739,-504,12256,2974,1
-9779,-420,12206,2968,1
-9806,-647,12144,2971,1
-9710,-476,12339,2980,1
-9835,-392,12190,2975,1
-9812,-639,12110,2982,1
-9731,-486,12272,2972,1
-9845,-451,12105,2966,1
-9845,-640,12110,2972,1
-9686,-447,12320,2969,1
-9863,-437,12121,2965,1
-9803,-619,12173,2972,1
-9715,-387,12318,2976,1
-9866,-470,12092,2967,1
-9843,-626,12155,2985,1
-9680,-422,12317,2973,1
-9954,-515,12065,2971,1
-9820,-642,12138,2971,1
-9722,-414,12317,2968,1
-9893,-497,12069,2964,1
-9818,-614,12192,2966,1
-9702,-376,12303,2967,1
-9909,-564,12101,2967,1
-9737,-620,12181,2974,1
-9705,-389,12309,2975,1
-9935,-537,12049,2968,1
-9777,-585,12211,2969,1
-9752,-356,12315,2972,1
-9922,-582,12059,2971,1
-9739,-585,12250,2966,1
-9722,-384,12313,2962,1
-9877,-618,12085,2965,1
-9716,-546,12267,2967,1
-9797,-415,12221,2968,1
-9878,-585,12099,2980,1
-9744,-532,12294,2979,1
-9790,-367,12234,2965,1
-9874,-632,12096,2977,1
-9678,-499,12328,2967,1
-9805,-387,12237,2969,1
-9793,-644,12112,2969,1
-9713,-492,12317,2972,1
-9845,-406,12161,2966,1
-9802,-622,12122,2977,1
-9697,-455,12300,2982,1
-9879,-439,12099,2979,1
-9829,-652,12145,2973,1
-9686,-445,12366,2967,1
-9853,-490,12141,2967,1
-9797,-636,12180,2976,1
-9698,-418,12331,2975,1
-9883,-506,12124,2968,1
-9808,-647,12195,2977,1
-9699,-402,12367,2982,1
-9931,-471,12051,2975,1
-9822,-609,12198,2978,1
-9708,-405,12358,2981,1
-9887,-535,12081,2964,1
-9791,-585,12201,2969,1
-9700,-368,12382,2966,1
-9941,-549,12066,2974,1
-9751,-590,12225,2980,1
-9738,-399,12294,2973,1
-9892,-589,12025,2974,1
-9787,-599,12218,2980,1
-9715,-395,12256,2979,1
-9918,-590,12086,2976,1
-9708,-568,12288,2972,1
-9746,-399,12316,2973,1
-9860,-605,12046,2966,1
-9725,-553,12274,2977,1
-9782,-389,12271,2969,1
-9878,-626,12099,2975,1
-9722,-512,12288,2987,1
-9773,-387,12199,2977,1
-9854,-618,12050,2982,1
-9706,-493,12325,2979,1
-9848,-438,12240,2975,1
-9781,-634,12121,2971,1
-9747,-484,12297,2973,1
-9869,-423,12137,2970,1
-9863,-660,12117,2978,1
-9718,-443,12301,2985,1
-9895,-464,12138,2981,1
-9799,-627,12142,2979,1
-9713,-426,12344,2984,1
-9855,-451,12135,2968,1
-9825,-630,12118,2973,1
-9713,-398,12299,2995,1
-9882,-504,12091,2973,1
-9836,-654,12194,2981,1
-9703,-401,12328,2971,1
-9916,-524,12073,2972,1
-9804,-627,12137,2979,1
-9679,-407,12372,2986,1
-9879,-524,12115,2973,1
-9792,-626,12227,2985,1
-9688,-413,12340,2972,1
-9945,-554,12065,2960,1
-9798,-561,12223,2971,1
-9785,-400,12307,2973,1
-9902,-544,12048,2966,1
-9742,-562,12218,2975,1
-9734,-346,12283,2975,1
-9864,-578,12069,2982,1
-9724,-536,12286,2979,1
-9778,-412,12257,2981,1
-9865,-609,12088,2968,1
-9715,-548,12269,2971,1
-9776,-398,12219,2968,1
-9887,-630,12067,2972,1
-9687,-526,12296,2971,1
-9789,-391,12243,2971,1
-9830,-639,12147,2979,1
-9724,-474,12308,2980,1
-9866,-427,12188,2975,1
-9825,-621,12087,2973,1
-9714,-459,12316,2977,1
-9854,-429,12162,2971,1
-9829,-636,12169,2972,1
-9694,-432,12347,2971,1
-9862,-454,12118,2964,1
-9810,-630,12162,2972,1
-9706,-437,12334,2976,1
-9867,-494,12112,2974,1
-9839,-626,12150,2978,1
-9678,-385,12341,2974,1
-9932,-512,12082,2965,1
-9770,-633,12209,2975,1
-9741,-407,12316,2977,1
-9893,-523,12080,2966,1
-9796,-616,12234,2975,1
-9680,-365,12304,2978,1
-9907,-532,12103,2975,1
-9767,-591,12216,2987,1
-9726,-393,12329,2981,1
-9905,-547,12073,2970,1
-9774,-590,12209,2980,1
-9739,-383,12299,2969,1
-9898,-586,12093,2969,1
-9731,-556,12264,2977,1
-9725,-376,12321,2975,1
-9885,-611,12098,2971,1
-9688,-568,12313,2981,1
-9792,-376,12248,2975,1
-9859,-589,12097,2974,1
-9738,-500,12238,2981,1
-9753,-383,12212,2965,1
-9862,-606,12124,2967,1
-9688,-470,12355,2973,1
-9784,-401,12224,2980,1
-9708,-487,12300,2972,1
-9776,-619,12161,2979,1
-9823,-423,12123,2976,1
-9808,-667,12121,2976,1
-9720,-433,12291,2975,1
-9838,-464,12147,2966,1
-9820,-624,12162,2970,1
-9705,-421,12311,2973,1
-9880,-469,12117,2971,1
-9781,-628,12173,2977,1
-9700,-406,12344,2979,1
-9891,-508,12057,2971,1
-9838,-617,12176,2985,1
-9707,-375,12305,2979,1
-9939,-505,12015,2975,1
-9776,-607,12205,2966,1
-9711,-401,12348,2976,1
-9915,-556,12106,2968,1
-9802,-615,12160,2985,1
-9747,-396,12279,2980,1
-9939,-546,12051,2975,1
-9760,-589,12244,2980,1
-9742,-360,12291,2977,1
-9905,-572,12053,2968,1
-9739,-561,12261,2976,1
-9719,-340,12288,2971,1
-9873,-582,12072,2964,1
-9731,-552,12297,2975,1
-9782,-395,12271,2982,1
-9874,-613,12043,2976,1
-9722,-546,12281,2980,1
-9822,-378,12222,2975,1
-9814,-645,12088,2972,1
-9690,-497,12270,2976,1
-9824,-443,12236,2968,1
-9812,-647,12111,2972,1
-9710,-471,12299,2969,1
-9853,-423,12162,2972,1
-9847,-637,12126,2979,1
-9732,-461,12325,2979,1
-9877,-475,12148,2973,1
-9837,-636,12101,2966,1
-9673,-408,12334,2969,1
-9902,-477,12113,2968,1
-9814,-579,12166,2974,1
-9725,-401,12333,2979,1
-9903,-492,12104,2960,1
-9830,-605,12153,2979,1
-9719,-426,12328,2972,1
-9897,-533,12027,2977,1
-9777,-615,12193,2977,1
-9687,-396,12374,2971,1
-9933,-533,12044,2967,1
-9772,-585,12210,2973,1
-9730,-406,12278,2972,1
-9909,-553,12081,2963,1
-9787,-595,12170,2976,1
-9727,-366,12293,2997,1
-9939,-566,12047,2982,1
-9714,-552,12245,2978,1
-9742,-374,12270,2979,1
-9860,-572,12082,2969,1
-9724,-524,12234,2970,1
-9765,-429,12250,2974,1
-9876,-607,12071,2964,1
-9709,-529,12306,2972,1
-9798,-401,12214,2971,1
-9813,-615,12126,2979,1
-9715,-484,12335,2978,1
-9817,-387,12253,2976,1
-9806,-634,12140,2975,1
-9718,-473,12310,2972,1
-9855,-444,12157,2962,1
-9817,-627,12098,2977,1
-9711,-464,12369,2973,1
-9878,-447,12158,2981,1
-9810,-613,12197,2974,1
-9691,-399,12343,2979,1
-9873,-494,12156,2979,1
-9829,-638,12163,2978,1
-9671,-430,12296,2984,1
-9922,-536,12103,2966,1
-9824,-618,12181,2969,1
-9736,-419,12324,2980,1
-9881,-526,12100,2964,1
-9803,-640,12237,2980,1
-9688,-395,12367,2978,1
-9910,-547,12087,2974,1
-9784,-589,12248,2969,1
-9710,-387,12320,2972,1
-9913,-550,12048,2965,1
-9771,-583,12207,2975,1
-9759,-383,12303,2973,1
-9881,-586,12061,2973,1
-9748,-572,12264,2979,1
-9704,-403,12270,2976,1
-9871,-606,12092,2972,1
-9707,-549,12259,2981,1
-9779,-392,12242,2992,1
-9842,-610,12091,2962,1
-9738,-535,12262,2968,1
-9794,-388,12187,2964,1
-9861,-677,12109,2966,1
-9675,-472,12309,2978,1
-9827,-421,12221,2976,1
-9816,-607,12143,2972,1
-9729,-480,12300,2975,1
-9845,-424,12127,2968,1
-9803,-668,12121,2968,1
-9730,-437,12302,2972,1
-9869,-447,12105,2964,1
-9794,-635,12131,2968,1
-9695,-403,12325,2966,1
-9889,-474,12095,2967,1
-9819,-644,12127,2974,1
-9710,-417,12339,2980,1
-9904,-495,12075,2972,1
-9789,-631,12144,2975,1
-9728,-395,12296,2975,1
-9909,-496,12036,2956,1
-9806,-618,12185,2969,1
-9695,-375,12303,2977,1
-9902,-529,12074,2972,1
-9791,-587,12171,2977,1
-9721,-405,12291,2978,1
-9938,-581,12030,2971,1
-9792,-607,12200,2977,1
-9784,-386,12244,2969,1
-9893,-578,12089,2958,1
-9750,-571,12242,2974,1
-9732,-375,12244,2966,1
-9885,-597,12086,2965,1
-9723,-549,12265,2977,1
-9778,-413,12251,2983,1
-9871,-622,12049,2967,1
-9743,-521,12288,2980,1
-9813,-356,12173,2974,1
-9844,-631,12091,2970,1
-9725,-485,12261,2972,1
-9797,-400,12200,2965,1
-9804,-630,12075,2975,1
-9717,-500,12299,2973,1
-9868,-427,12117,2974,1
-9830,-655,12130,2976,1
-9760,-458,12315,2974,1
-9860,-433,12142,2969,1
-9848,-621,12124,2971,1
-9712,-427,12376,2973,1
-9876,-479,12096,2976,1
-9805,-636,12187,2969,1
-9731,-449,12346,2977,1
-9887,-505,12054,2970,1
-9831,-624,12133,2977,1
-9745,-385,12316,2977,1
-9883,-507,12076,2973,1
-9781,-577,12237,2972,1
-9701,-412,12368,2966,1
-9939,-552,12061,2964,1
-9793,-605,12177,2979,1
-9759,-386,12317,2974,1
-9905,-555,12042,2976,1
-9769,-587,12226,2975,1
-9735,-377,12336,2974,1
-9920,-568,12077,2974,1
-9679,-568,12262,2975,1
-9770,-390,12261,2971,1
-9867,-584,12081,2970,1
-9714,-527,12304,2979,1
-9780,-369,12292,2984,1
-9885,-628,12045,2974,1
-9717,-490,12296,2980,1
-9796,-403,12194,2979,1
-9797,-619,12150,2964,1
-9694,-480,12324,2971,1
-9828,-419,12204,2973,1
-9818,-661,12123,2969,1
-9708,-482,12310,2976,1
-9844,-448,12152,2975,1
-9833,-641,12099,2969,1
-9687,-439,12312,2979,1
-9856,-477,12162,2974,1
-9783,-627,12153,2988,1
-9708,-426,12366,2975,1
-9864,-505,12132,2967,1
-9849,-623,12178,2974,1
-9699,-384,12350,2969,1
-9911,-526,12080,2971,1
-9785,-602,12227,3005,1
-9700,-411,12366,3011,1
-9878,-524,12114,3005,1
-9790,-604,12207,3017,1
-9695,-391,12318,3018,1
-9931,-572,12093,3019,1
-9760,-598,12249,2999,1
-9733,-407,12291,3019,1
-9918,-571,12044,3002,1
-9743,-557,12205,3005,1
-9725,-397,12296,3040,1
-9893,-591,12118,3024,1
-9716,-526,12266,3020,1
-9755,-394,12265,3012,1
-9852,-612,12084,3008,1
-9728,-522,12270,3023,1
-9813,-389,12181,3026,1
-9817,-636,12078,3012,1
-9700,-518,12292,3013,1
-9790,-404,12187,3028,1
-9786,-623,12100,3005,1
-9710,-478,12292,3024,1
-9862,-432,12135,2968,1
-9812,-649,12154,2978,1
-9719,-449,12274,2993,1
-9846,-457,12141,2983,1
-9820,-635,12102,2995,1
-9679,-420,12316,2992,1
-9868,-464,12116,2993,1
-9824,-612,12179,2983,1
-9722,-406,12335,2987,1
-9917,-485,12053,2977,1
-9829,-647,12177,2974,1
-9726,-396,12284,2984,1
-9904,-515,12063,2981,1
-9791,-609,12196,2983,1
-9684,-385,12349,2990,1
-9903,-557,12075,2984,1
-9794,-600,12199,2981,1
-9743,-376,12289,2985,1
-9778,-591,12213,2970,1
-9741,-376,12295,2977,1
-9911,-565,12082,2975,1
-9714,-566,12257,2984,1
-9712,-357,12327,2991,1
-9860,-593,12101,2983,1
-9698,-536,12267,2979,1
-9755,-378,12253,2983,1
-9831,-609,12090,2978,1
-9695,-503,12312,2967,1
-9784,-394,12243,2978,1
-9860,-630,12099,2983,1
-9708,-497,12321,2970,1
-9799,-430,12216,2984,1
-9781,-631,12168,2984,1
-9728,-487,12334,2984,1
-9845,-445,12191,2991,1
-9822,-661,12144,2979,1
-9703,-460,12312,2973,1
-9882,-440,12129,2982,1
-9766,-612,12174,2980,1
-9698,-407,12352,2989,1
-9858,-469,12102,2989,1
-9803,-636,12183,2992,1
-9713,-396,12348,2990,1
-9891,-491,12060,2987,1
-9824,-610,12180,2983,1
-9720,-401,12302,2981,1
-9926,-508,12044,2984,1
-9770,-614,12244,2984,1
-9721,-389,12319,2994,1
-9914,-575,12024,2997,1
-9802,-603,12175,2994,1
-9737,-416,12298,2992,1
-9932,-592,12010,2991,1
-9761,-564,12230,2983,1
-9730,-356,12291,2992,1
-9887,-590,12112,2986,1
-9716,-541,12269,2988,1
-9782,-383,12249,2993,1
-9891,-595,12067,2992,1
-9738,-545,12283,2990,1
-9808,-411,12194,2984,1
-9835,-613,12050,2983,1
-9724,-493,12272,2982,1
-9817,-411,12233,2988,1
-9788,-637,12129,2988,1
-9711,-482,12314,2985,1
-9869,-416,12108,2992,1
-9844,-653,12120,2991,1
-9731,-465,12297,2980,1
-9886,-471,12082,2988,1
-9815,-653,12148,2978,1
-9695,-456,12365,2977,1
-9864,-476,12145,2984,1
-9812,-627,12166,2985,1
-9725,-404,12321,2983,1
-9939,-518,12047,2991,1
-9824,-599,12202,2989,1
-9745,-396,12290,2980,1
-9909,-533,12109,2983,1
-9808,-618,12182,2981,1
-9697,-396,12339,2979,1
-9931,-562,12064,2987,1
-9789,-591,12219,2979,1
-9780,-405,12307,2989,1
-9936,-580,12054,2993,1
-9762,-579,12239,2980,1
-9730,-389,12299,2984,1
-9905,-575,12105,2968,1
-9678,-545,12309,2978,1
-9782,-392,12275,2985,1
-9878,-600,12104,2982,1
-9726,-505,12258,2974,1
-9803,-402,12197,2992,1
-9837,-629,12085,2988,1
-9721,-492,12281,2987,1
-9793,-410,12239,2980,1
-9819,-631,12083,2981,1
-9707,-478,12307,2966,1
-9864,-431,12188,2985,1
-9789,-642,12150,2985,1
-9714,-457,12272,2982,1
-9872,-476,12117,2984,1
-9842,-632,12165,2988,1
-9684,-423,12341,2976,1
-9859,-497,12113,2988,1
-9774,-611,12152,2977,1
-9703,-420,12343,2971,1
-9890,-513,12086,2979,1
-9796,-600,12170,2981,1
-9720,-396,12347,2983,1
-9898,-515,12098,2989,1
-9786,-610,12164,2984,1
-9677,-396,12369,2977,1
-9930,-547,12084,2980,1
-9785,-589,12203,2974,1
-9737,-387,12272,2976,1
-9895,-574,12029,2985,1
-9763,-566,12217,2974,1
-9708,-391,12305,2979,1
-9895,-577,12044,2997,1
-9700,-543,12316,2990,1
-9739,-374,12298,2984,1
-9849,-597,12119,2980,1
-9741,-535,12287,2967,1
-9787,-393,12224,2982,1
-9885,-635,12149,2981,1
-9718,-512,12297,2979,1
-9797,-393,12229,2979,1
-9811,-628,12142,2987,1
-9695,-479,12276,2980,1
-9826,-423,12188,2977,1
-9785,-654,12142,2977,1
-9701,-443,12342,2972,1
-9838,-449,12116,2986,1
-9815,-649,12146,2984,1
-9680,-445,12295,2973,1
-9856,-468,12128,2984,1
-9788,-616,12230,2981,1
-9702,-374,12345,2980,1
-9887,-475,12114,2982,1
-9839,-639,12179,2982,1
-9715,-387,12294,2973,1
-9919,-530,12058,2982,1
-9777,-620,12233,2978,1
-9681,-385,12341,2984,1
-9876,-532,12106,2988,1
-9796,-625,12193,2987,1
-9698,-384,12276,2981,1
-9893,-570,12055,2978,1
-9768,-610,12214,2976,1
-9742,-381,12316,2970,1
-9925,-576,12062,2978,1
-9735,-567,12286,2978,1
-9756,-361,12320,2990,1
-9857,-590,12086,2980,1
-9746,-526,12240,2983,1
-9765,-371,12253,2981,1
-9889,-626,12052,2978,1
-9733,-511,12289,2970,1
-9806,-386,12197,2981,1
-9807,-616,12125,2977,1
-9720,-495,12298,2978,1
-9844,-419,12223,2981,1
-9819,-648,12112,2986,1
-9728,-455,12292,2979,1
-9874,-443,12154,2979,1
-9822,-634,12145,2976,1
-9718,-444,12329,2973,1
-9860,-477,12143,2978,1
-9815,-608,12142,2978,1
-9717,-416,12384,2977,1
-9897,-476,12092,2981,1
-9827,-616,12179,2984,1
-9755,-367,12289,2988,1
-9925,-527,12073,2989,1
-9814,-600,12173,2971,1
-9711,-402,12366,2968,1
-9900,-532,12117,2972,1
-9803,-603,12195,2982,1
-9731,-390,12347,2978,1
-9954,-574,12035,2989,1
-9803,-589,12216,2977,1
-9755,-405,12265,2982,1
-9915,-592,12070,2980,1
-9747,-604,12219,2978,1
-9727,-381,12303,2969,1
-9886,-621,12118,2975,1
-9733,-542,12268,2971,1
-9794,-399,12259,2975,1
-9857,-595,12073,2982,1
-9761,-530,12271,2981,1
-9817,-387,12228,2974,1
-9834,-623,12114,2978,1
-9710,-494,12326,2971,1
-9846,-416,12226,2977,1
-9798,-624,12169,2976,1
-9709,-487,12287,2976,1
-9865,-417,12170,2983,1
-9833,-643,12176,2984,1
-9722,-453,12282,2977,1
-9864,-506,12156,2976,1
-9804,-632,12179,2970,1
-9688,-414,12403,2965,1
-9916,-484,12090,2976,1
-9818,-645,12137,2981,1
-9740,-403,12291,2978,1
-9891,-500,12069,2988,1
-9810,-585,12140,2985,1
-9701,-394,12338,2974,1
-9895,-548,12080,2978,1
-9751,-610,12230,2971,1
-9702,-432,12329,2970,1
-9925,-559,12066,2974,1
-9801,-580,12225,2983,1
-9767,-379,12295,2985,1
-9918,-575,12082,2987,1
-9750,-554,12213,2982,1
-9716,-394,12339,2978,1
-9872,-581,12092,2973,1
-9689,-567,12278,2972,1
-9781,-404,12277,2972,1
-9842,-597,12101,2979,1
-9728,-494,12275,2977,1
-9773,-410,12269,2985,1
-9859,-637,12102,2982,1
-9694,-493,12299,2976,1
-9821,-430,12228,2981,1
-9747,-645,12128,2996,1
-9697,-485,12324,2987,1
-9875,-417,12165,2997,1
-9821,-635,12169,2995,1
-9708,-470,12325,2989,1
-9858,-474,12116,2996,1
-9806,-626,12166,2989,1
-9692,-425,12390,2989,1
-9856,-466,12197,2997,1
-9823,-629,12181,2988,1
-9715,-390,12327,2996,1
-9895,-484,12096,2986,1
-9803,-609,12199,2984,1
-9709,-396,12335,2980,1
-9909,-511,12076,2991,1
-9761,-601,12236,2988,1
-9695,-398,12333,2980,1
-9883,-536,12092,2982,1
-9794,-616,12228,2977,1
-9724,-385,12269,2978,1
-9926,-549,12046,2991,1
-9744,-592,12282,2984,1
-9737,-386,12300,2991,1
-9874,-556,12096,2993,1
-9712,-556,12294,2983,1
-9741,-367,12298,2981,1
-9850,-609,12093,2980,1
-9696,-509,12310,2981,1
-9795,-389,12219,2979,1
-9879,-622,12097,2980,1
-9703,-514,12299,2982,1
-9806,-387,12232,2983,1
-9790,-649,12153,2991,1
-9709,-461,12316,2988,1
-9843,-428,12183,2979,1
-9815,-657,12134,2981,1
-9727,-460,12325,2975,1
-9869,-427,12121,2985,1
-9838,-634,12144,2980,1
-9711,-454,12302,2984,1
-9858,-451,12120,2988,1
-9833,-609,12141,2986,1
-9696,-423,12346,2986,1
-9912,-480,12077,2987,1
-9809,-643,12171,2980,1
-9737,-375,12285,2971,1
-9926,-510,12057,2985,1
-9788,-626,12172,2985,1
-9696,-427,12365,2982,1
-9919,-544,12107,2992,1
-9780,-597,12238,2988,1
-9764,-386,12319,2984,1
-9909,-556,12021,2983,1
-9801,-599,12212,2976,1
-9763,-397,12285,2972,1
-9898,-583,12087,2983,1
-9716,-577,12256,2978,1
-9720,-356,12326,2982,1
-9902,-594,12052,2990,1
-9742,-519,12310,2983,1
-9789,-383,12205,2984,1
-9846,-602,12086,2984,1
-9754,-534,12291,2970,1
-9796,-412,12215,2973,1
-9875,-627,12085,2975,1
-9708,-504,12308,2978,1
-9832,-420,12181,2986,1
-9796,-640,12137,2985,1
-9742,-461,12300,2986,1
-9851,-459,12152,2981,1
-9846,-661,12136,2977,1
-9725,-457,12351,2976,1
-9876,-451,12166,2986,1
-9806,-614,12165,2980,1
-9708,-431,12337,2976,1
-9907,-471,12127,2990,1
-9825,-642,12130,2992,1
-9724,-437,12335,2986,1
-9867,-530,12083,2988,1
-9840,-615,12186,2980,1
-9709,-426,12316,2970,1
-9924,-537,12059,2977,1
-9774,-609,12171,2999,1
-9715,-397,12350,2981,1
-9886,-558,12105,2987,1
-9793,-605,12231,2986,1
-9716,-411,12286,2984,1
-9926,-565,12072,2989,1
-9745,-592,12241,2982,1
-9736,-392,12289,2979,1
-9880,-558,12094,2983,1
-9713,-535,12253,2980,1
-9742,-370,12261,2984,1
-9838,-599,12078,2988,1
-9729,-538,12283,2992,1
-9760,-404,12188,2986,1
-9863,-619,12065,2990,1
-9737,-533,12348,2983,1
-9788,-412,12224,2980,1
-9765,-628,12142,2980,1
-9691,-475,12326,2977,1
-9833,-416,12232,2978,1
-9814,-670,12135,2989,1
-9703,-482,12303,2985,1
-9875,-426,12125,2984,1
-9815,-631,12153,2983,1
-9715,-439,12311,2983,1
-9869,-454,12167,2981,1
-9817,-637,12204,2981,1
-9699,-424,12349,2984,1
-9888,-497,12127,2983,1
-9823,-641,12201,2990,1
-9703,-418,12341,2984,1
-9939,-510,12103,2990,1
-9828,-601,12179,2987,1
-9689,-372,12344,2982,1
-9895,-515,12091,2981,1
-9770,-600,12229,2981,1
-9700,-412,12319,2975,1
-9927,-556,12062,2981,1
-9761,-576,12158,2992,1
-9774,-391,12298,2991,1
-9893,-581,12073,2985,1
-9739,-568,12265,2979,1
-9704,-341,12302,2971,1
-9890,-581,12066,2979,1
-9734,-512,12315,2972,1
-9770,-426,12299,2969,1
-9844,-621,12071,2982,1
-9730,-512,12269,2981,1
-9804,-396,12204,2983,1
-9874,-612,12075,2991,1
-9705,-467,12304,2981,1
-9808,-402,12239,2977,1
-9767,-634,12146,2980,1
-9715,-488,12302,2982,1
-9843,-404,12156,2982,1
-9810,-649,12149,2990,1
-9719,-433,12317,2979,1
-9864,-462,12136,2987,1
-9801,-653,12143,2993,1
-9706,-439,12331,2989,1
-9842,-472,12135,2984,1
-9807,-644,12217,2985,1
-9716,-445,12314,2976,1
-9899,-516,12072,2983,1
-9845,-651,12176,2985,1
-9718,-405,12346,2977,1
-9913,-501,12059,2982,1
-9796,-607,12208,2982,1
-9704,-381,12296,2981,1
-9879,-550,12054,2989,1
-9793,-578,12199,2979,1
-9718,-385,12309,2968,1
-9934,-532,12038,2976,1
-9754,-582,12212,2985,1
-9733,-400,12309,2981,1
-9893,-564,12048,2990,1
-9748,-571,12268,2982,1
-9756,-389,12267,2980,1
-9861,-605,12085,2977,1
-9719,-567,12266,2978,1
-9775,-426,12192,2971,1
-9895,-596,12077,2979,1
-9728,-527,12276,2972,1
-9785,-398,12199,2975,1
-9831,-628,12082,2990,1
-9717,-481,12302,2983,1
-9824,-423,12184,2983,1
-9834,-599,12103,2983,1
-9682,-492,12298,2974,1
-9879,-433,12116,2977,1
-9834,-649,12111,2978,1
-9727,-451,12306,2971,1
-9862,-462,12141,2986,1
-9825,-636,12146,2983,1
-9697,-423,12335,2986,1
-9863,-504,12104,2981,1
-9803,-644,12134,2980,1
-9732,-394,12335,2977,1
-9915,-480,12072,2975,1
-9809,-598,12183,2975,1
-9706,-376,12316,2972,1
-9855,-519,12127,2984,1
-9761,-624,12197,2987,1
-9702,-407,12376,2972,1
-9924,-553,12083,2984,1
-9761,-595,12215,2980,1
-9760,-401,12295,2971,1
-9920,-526,12080,2972,1
-9766,-587,12212,2972,1
-9711,-380,12355,2971,1
-9873,-600,12082,2989,1
-9693,-546,12276,2983,1
-9780,-429,12284,2976,1
-9874,-572,12060,2986,1
-9718,-546,12266,2982,1
-9783,-385,12207,2976,1
-9871,-630,12077,2978,1
-9704,-482,12335,2972,1
-9777,-401,12247,2982,1
-9788,-613,12153,2990,1
-9697,-479,12312,2985,1
-9848,-421,12168,2983,1
-9821,-620,12119,2982,1
-9706,-455,12312,2977,1
-9852,-476,12129,2975,1
-9804,-633,12156,2978,1
-9680,-423,12364,2975,1
-9839,-484,12156,2987,1
-9800,-630,12203,2987,1
-9733,-425,12325,2985,1
-9888,-516,12097,2990,1
-9827,-633,12179,2982,1
-9697,-400,12346,2970,1
-9893,-573,12087,2980,1
-9761,-598,12221,2971,1
-9698,-400,12314,2974,1
-9897,-551,12088,2979,1
-9762,-591,12217,2988,1
-9722,-410,12310,2985,1
-9924,-580,12026,2992,1
-9789,-559,12226,2975,1
-9723,-367,12308,2975,1
-9873,-607,12105,2980,1
-9724,-551,12266,2978,1
-9793,-410,12259,2977,1
-9877,-604,12092,2990,1
-9722,-513,12307,2986,1
-9804,-379,12224,2982,1
-9886,-642,12111,2982,1
-9712,-526,12337,2978,1
-9818,-437,12223,2973,1
-9794,-645,12173,2976,1
-9723,-479,12254,2973,1
-9849,-427,12160,2982,1
-9834,-604,12116,2987,1
-9721,-448,12317,2973,1
-9895,-446,12080,2977,1
-9775,-630,12152,2979,1
-9706,-430,12358,2968,1
-9879,-486,12110,2972,1
-9834,-623,12150,2978,1
-9702,-422,12338,2974,1
-9920,-506,12051,2981,1
-9837,-657,12204,2981,1
-9729,-414,12309,2976,1
-9905,-523,12082,2983,1
-9797,-616,12228,2972,1
-9743,-395,12345,2968,1
-9928,-580,12056,2976,1
-9778,-599,12241,2982,1
-9730,-387,12292,2978,1
-9939,-557,12051,2987,1
-9763,-588,12277,2981,1
-9764,-361,12260,2976,1
-9853,-600,12109,2990,1
-9727,-561,12297,2977,1
-9767,-419,12272,2966,1
-9884,-630,12069,2979,1
-9740,-532,12293,2983,1
-9787,-371,12176,2981,1
-9866,-640,12069,2988,1
-9734,-499,12300,2985,1
-9797,-417,12209,2977,1
-9800,-641,12108,2978,1
-9719,-478,12288,2977,1
-9873,-466,12151,2972,1
-9840,-650,12130,2981,1
-9715,-444,12338,2977,1
-9878,-425,12127,3002,1
-9786,-615,12177,2989,1
-9722,-419,12316,2981,1
-9859,-505,12129,2974,1
-9852,-648,12165,2978,1
-9709,-394,12313,2967,1
-9955,-502,12042,2980,1
-9828,-620,12182,2982,1
-9721,-408,12323,2980,1
-9888,-519,12086,2985,1
-9786,-584,12216,2976,1
-9710,-380,12330,2981,1
-9932,-562,12049,2972,1
-9772,-581,12207,2976,1
-9743,-416,12299,2977,1
-9918,-545,12061,2982,1
-9747,-606,12276,2986,1
-9714,-370,12302,2977,1
-9868,-587,12087,2983,1
-9702,-540,12307,2976,1
-9762,-409,12255,2976,1
-9854,-608,12101,2984,1
-9706,-528,12269,2974,1
-9814,-378,12198,2971,1
-9831,-647,12134,2985,1
-9714,-493,12329,2986,1
-9790,-410,12239,2974,1
-9797,-631,12128,3008,1
-9715,-493,12328,2970,1
-9856,-441,12136,2965,1
-9863,-611,12113,2976,1
-9725,-452,12285,2972,1
-9837,-470,12131,2972,1
-9784,-628,12176,2982,1
-9711,-408,12327,2979,1
-9880,-488,12116,2975,1
-9794,-628,12179,2984,1
-9721,-450,12319,2978,1
-9919,-520,12072,2974,1
-9803,-623,12181,2980,1
-9700,-413,12349,2971,1
-9882,-542,12136,2985,1
-9794,-589,12186,2973,1
-9725,-404,12366,2983,1
-9921,-551,12060,2981,1
-9753,-598,12271,2972,1
-9771,-389,12284,2971,1
-9887,-593,12070,2972,1
-9736,-565,12273,2971,1
-9713,-374,12304,2976,1
-9880,-597,12062,2985,1
-9699,-506,12291,2980,1
-9776,-401,12238,2974,1
-9836,-620,12129,2976,1
-9729,-512,12299,2968,1
-9760,-375,12187,2973,1
-9842,-627,12132,2978,1
-9690,-469,12337,2977,1
-9831,-406,12218,2968,1
-9793,-658,12136,2980,1
-9708,-458,12259,2982,1
-9871,-437,12167,2973,1
-9839,-640,12127,2974,1
-9707,-447,12316,2971,1
-9842,-467,12135,2967,1
-9799,-626,12121,2979,1
-9713,-417,12308,2984,1
-9891,-500,12092,2979,1
-9801,-627,12188,2981,1
-9717,-399,12330,2976,1
-9905,-533,12022,2972,1
-9804,-611,12192,2980,1
-9706,-384,12351,2968,1
-9915,-524,12054,2974,1
-9782,-616,12249,2973,1
-9757,-394,12301,2974,1
-9906,-570,12049,2986,1
-9783,-579,12206,2980,1
-9741,-392,12255,2973,1
-9911,-589,12075,2974,1
-9719,-557,12272,2972,1
-9728,-371,12285,2971,1
-9893,-594,12071,2972,1
-9731,-526,12301,2973,1
-9798,-390,12214,2974,1
-9882,-615,12071,2983,1
-9744,-530,12232,2982,1
-9793,-397,12209,2961,1
-9830,-622,12099,2975,1
-9707,-478,12360,2968,1
-9845,-402,12157,2970,1
-9785,-634,12131,2979,1
-9761,-441,12301,2976,1
-9865,-433,12098,2972,1
-9853,-652,12143,2978,1
-9704,-444,12309,2972,1
-9868,-473,12113,2965,1
-9798,-621,12164,2973,1
-9712,-449,12348,2967,1
-9895,-513,12099,2973,1
-9848,-643,12163,2981,1
-9727,-404,12273,2975,1
-9897,-543,12092,2983,1
-9800,-623,12204,2979,1
-9702,-408,12318,2975,1
-9914,-511,12056,2969,1
-9798,-609,12216,2973,1
-9747,-390,12337,2963,1
-9912,-565,12036,2975,1
-9806,-605,12189,2981,1
-9736,-377,12251,2983,1
-9920,-579,12078,2988,1
-9738,-575,12254,2973,1
-9723,-403,12309,2973,1
-9841,-593,12068,2966,1
-9719,-554,12253,2969,1
-9768,-387,12243,2969,1
-9876,-602,12083,2981,1
-9747,-514,12244,2973,1
-9804,-401,12215,2971,1
-9832,-633,12091,2979,1
-9692,-516,12334,2975,1
-9824,-437,12206,2965,1
-9805,-635,12154,2966,1
-9738,-488,12287,2967,1
-9851,-437,12164,2968,1
-9870,-651,12145,2976,1
-9709,-462,12284,2977,1
-9858,-480,12109,2969,1
-9788,-630,12134,2976,1
-9702,-446,12361,2973,1
-9857,-508,12149,2967,1
-9838,-634,12146,2972,1
-9705,-406,12311,2965,1
-9933,-521,12058,2973,1
-9802,-603,12194,2969,1
-9709,-421,12318,2976,1
-9885,-531,12125,2973,1
-9774,-598,12234,2974,1
-9693,-381,12298,2973,1
-9915,-548,12072,2978,1
-9775,-565,12207,2976,1
-9768,-385,12283,2965,1
-9898,-553,12079,2971,1
-9768,-590,12228,2977,1
-9739,-379,12300,2971,1
-9888,-564,12092,2979,1
-9711,-545,12262,2978,1
-9754,-393,12279,2976,1
-9882,-583,12080,2970,1
-9692,-511,12308,2970,1
-9796,-372,12219,2971,1
-9852,-619,12133,2973,1
-9710,-511,12274,2973,1
-9793,-410,12186,2974,1
-9812,-616,12129,2984,1
-9709,-469,12324,2985,1
-9856,-410,12166,2982,1
-9798,-654,12153,2969,1
-9689,-469,12307,2967,1
-9868,-467,12167,2966,1
-9848,-654,12103,2974,1
-9693,-436,12327,2970,1
-9847,-455,12154,2974,1
-9789,-626,12159,2979,1
-9722,-410,12324,2980,1
-9890,-504,12111,2966,1
-9799,-647,12157,2972,1
-9733,-398,12280,2969,1
-9909,-534,12069,2965,1
-9802,-630,12180,2970,1
-9688,-389,12345,2969,1
-9900,-528,12122,2975,1
-9789,-575,12225,2978,1
-9742,-412,12279,2973,1
-9917,-579,12064,2970,1
-9789,-580,12208,2973,1
-9755,-393,12261,2962,1
-9926,-562,12056,2967,1
-9738,-568,12264,2966,1
-9723,-380,12284,2974,1
-9877,-590,12087,2972,1
-9737,-570,12262,2967,1
-9774,-401,12241,2971,1
-9856,-635,12088,2974,1
-9728,-509,12294,2971,1
-9782,-417,12207,2962,1
-9851,-627,12117,2961,1
-9709,-475,12291,2965,1
-9825,-386,12218,2965,1
-9818,-630,12136,2969,1
-9734,-475,12297,2973,1
-9850,-458,12120,2964,1
-9830,-654,12111,2967,1
-9733,-459,12309,2967,1
-9889,-442,12118,2959,1
-9804,-630,12161,2972,1
-9709,-417,12344,2968,1
-9840,-465,12107,2962,1
-9844,-646,12133,2970,1
-9734,-403,12313,2972,1
-9908,-517,12067,2975,1
-9817,-634,12182,2971,1
-9730,-410,12286,2965,1
-9916,-530,12063,2962,1
-9818,-622,12179,2969,1
-9693,-360,12366,2963,1
-9897,-563,12102,2965,1
-9782,-602,12225,2972,1
-9732,-383,12301,2967,1
-9943,-570,12039,2966,1
-9799,-596,12224,2975,1
-9755,-354,12284,2963,1
-9875,-586,12057,2964,1
-9744,-580,12295,2967,1
-9723,-382,12311,2965,1
-9905,-606,12093,2965,1
-9734,-557,12233,2976,1
-9810,-418,12213,2966,1
-9883,-634,12079,2971,1
-9740,-521,12263,2972,1
-9789,-375,12210,2965,1
-9839,-647,12125,2960,1
-9716,-525,12321,2963,1
-9828,-428,12169,2962,1
-9813,-629,12116,2968,1
-9714,-470,12319,2969,1
-9875,-423,12156,2967,1
-9840,-629,12129,2971,1
-9713,-445,12293,2972,1
-9847,-449,12154,2977,1
-9777,-604,12126,2973,1
-9693,-441,12322,2959,1
-9888,-483,12089,2958,1
-9833,-654,12147,2970,1
-9729,-416,12325,2973,1
-9903,-492,12070,2965,1
-9813,-603,12195,2979,1
-9693,-439,12286,2968,1
-9893,-524,12086,2967,1
-9774,-616,12233,2971,1
-9707,-392,12364,2976,1
-9911,-552,12072,2961,1
-9789,-613,12221,2967,1
-9734,-387,12340,2967,1
-9935,-523,12033,2972,1
-9743,-587,12251,2975,1
-9727,-366,12307,2969,1
-9856,-587,12100,2969,1
-9711,-555,12288,2971,1
-9746,-386,12276,2964,1
-9861,-592,12064,2967,1
-9702,-536,12325,2963,1
-9760,-408,12267,2962,1
-9874,-642,12116,2972,1
-9727,-514,12307,2972,1
-9772,-409,12248,2973,1
-9812,-633,12122,2972,1
-9712,-472,12326,2965,1
-9826,-428,12166,2959,1
-9797,-622,12144,2965,1
-9691,-464,12297,2966,1
-9876,-431,12151,2970,1
-9810,-651,12141,2976,1
-9725,-407,12319,2972,1
-9821,-465,12118,2971,1
-9833,-625,12162,2977,1
-9712,-410,12311,2968,1
-9904,-475,12114,2960,1
-9787,-632,12165,2968,1
-9729,-419,12342,2964,1
-9903,-536,12076,2966,1
-9810,-600,12221,2971,1
-9691,-364,12329,2970,1
-9886,-523,12132,2967,1
-9775,-603,12220,2969,1
-9720,-372,12319,2965,1
-9925,-562,12054,2958,1
-9771,-591,12242,2968,1
-9781,-381,12279,2961,1
-9891,-611,12070,2961,1
-9756,-536,12266,2974,1
-9755,-390,12278,2964,1
-9888,-625,12099,2973,1
-9721,-543,12247,2968,1
-9797,-396,12231,2958,1
-9862,-601,12129,2965,1
-9755,-523,12291,2966,1
-9812,-390,12204,2964,1
-9847,-645,12092,2973,1
-9722,-474,12297,2971,1
-9842,-444,12175,2979,1
-9802,-636,12152,2969,1
-9745,-481,12280,2966,1
-9871,-418,12121,2965,1
-9836,-674,12159,2961,1
-9725,-435,12350,2975,1
-9891,-494,12159,2966,1
-9804,-618,12174,2974,1
-9690,-419,12345,2972,1
-9921,-510,12120,2969,1
-9822,-626,12173,2964,1
-9736,-392,12323,2959,1
-9890,-519,12061,2956,1
-9819,-628,12186,2958,1
-9705,-379,12367,2969,1
-9919,-570,12081,2971,1
-9812,-596,12239,2982,1
-9743,-398,12305,2972,1
-9920,-554,12063,2963,1
-9766,-575,12222,2970,1
-9758,-369,12284,2970,1
-9911,-598,12075,2959,1
-9726,-566,12268,2965,1
-9731,-383,12273,2971,1
-9846,-598,12092,2969,1
-9715,-563,12237,2979,1
-9783,-404,12217,2967,1
-9887,-637,12054,2960,1
-9744,-507,12274,2962,1
-9771,-402,12198,2957,1
-9830,-654,12094,2967,1
-9728,-467,12314,2974,1
-9855,-427,12171,2970,1
-9797,-620,12133,2970,1
-9708,-452,12296,2976,1
-9866,-441,12127,2970,1
-9817,-635,12128,2975,1
-9708,-414,12324,2966,1
-9875,-476,12133,2965,1
-9803,-649,12191,2970,1
-9697,-448,12349,2971,1
-9884,-521,12076,2969,1
-9832,-627,12187,2978,1
-9734,-404,12309,2975,1
-9877,-486,12070,2966,1
-9783,-625,12224,2972,1
-9683,-394,12356,2967,1
-9881,-550,12086,2961,1
-9772,-615,12193,2971,1
-9720,-406,12376,2972,1
-9943,-578,12039,2973,1
-9765,-579,12258,2978,1
-9721,-352,12287,2969,1
-9905,-565,12099,2962,1
-9687,-550,12288,2972,1
-9761,-377,12305,2968,1
-9839,-593,12100,2963,1
-9715,-541,12278,2971,1
-9807,-396,12256,2968,1
-9869,-633,12121,2974,1
-9703,-486,12333,2972,1
-9798,-379,12248,2965,1
-9809,-635,12179,2969,1
-9720,-481,12307,2950,1
-9833,-451,12209,2967,1
-9775,-631,12129,2978,1
-9711,-462,12292,2974,1
-9867,-445,12102,2972,1
-9789,-602,12137,2973,1
-9689,-441,12339,2979,1
-9860,-469,12151,2965,1
-9804,-633,12182,2967,1
-9699,-416,12333,2969,1
-9898,-524,12069,2967,1
-9834,-634,12121,2976,1
-9717,-405,12322,2979,1
-9916,-518,12057,2971,1
-9767,-618,12223,2972,1
-9719,-390,12340,2975,1
-9899,-555,12116,2961,1
-9797,-594,12202,2973,1
-9736,-401,12275,2974,1
-9940,-570,12068,2966,1
-9772,-590,12253,2976,1
-9733,-371,12282,2971,1
-9895,-566,12092,2970,1
-9705,-557,12299,2963,1
-9757,-395,12288,2964,1
-9857,-602,12032,2968,1
-9713,-529,12293,2970,1
-9795,-433,12244,2972,1
-9860,-628,12082,2970,1
-9715,-459,12290,2976,1
-9816,-415,12224,2971,1
-9773,-639,12145,2973,1
-9733,-467,12287,2974,1
-9824,-448,12144,2963,1
-9839,-657,12129,2964,1
-9715,-459,12289,2961,1
-9879,-472,12116,2974,1
-9803,-605,12183,2968,1
-9696,-415,12343,2973,1
-9861,-468,12138,2967,1
-9838,-661,12160,2985,1
-9721,-405,12272,2970,1
-9913,-508,12082,2964,1
-9809,-641,12147,2969,1
-9737,-429,12299,2970,1
-9901,-529,12067,2970,1
-9803,-617,12174,2974,1
-9722,-387,12300,2974,1
-9937,-557,12028,2970,1
-9775,-582,12227,2971,1
-9745,-387,12269,2963,1
-9917,-574,12039,2964,1
-9744,-588,12261,2981,1
-9736,-367,12316,2976,1
-9897,-615,12105,2973,1
-9733,-548,12305,2984,1
-9767,-381,12238,2974,1
-9893,-595,12073,2971,1
-9762,-514,12262,2968,1
-9810,-410,12198,2969,1
-9830,-640,12090,2968,1
-9713,-518,12327,2977,1
-9824,-401,12211,2974,1
-9799,-633,12101,2976,1
-9735,-502,12325,2973,1
-9860,-462,12111,2973,1
-9856,-649,12140,2966,1
-9707,-468,12263,2973,1
-9876,-468,12144,2968,1
-9804,-663,12166,2972,1
-9679,-431,12334,2972,1
-9849,-474,12106,2977,1
-9824,-621,12177,2970,1
-9706,-390,12298,2973,1
-9919,-498,12058,2966,1
-9831,-614,12223,2973,1
-9695,-389,12312,2968,1
-9885,-548,12081,2967,1
-9776,-630,12203,2975,1
-9683,-367,12347,2979,1
-9926,-557,12037,2975,1
-9768,-586,12230,2974,1
-9748,-395,12300,2976,1
-9900,-556,12074,2968,1
-9754,-594,12242,2976,1
-9736,-382,12275,2968,1
-9869,-585,12089,2965,1
-9682,-548,12259,2975,1
-9777,-385,12264,2972,1
-9870,-594,12101,2972,1
-9715,-524,12281,2980,1
-9787,-380,12188,2971,1
-9862,-641,12087,2965,1
-9704,-502,12296,2976,1
-9797,-424,12243,2973,1
-9803,-622,12151,2971,1
-9703,-489,12343,2976,1
-9837,-421,12182,2982,1
-9784,-640,12114,2975,1
-9728,-467,12315,2971,1
-9852,-481,12158,2956,1
-9818,-637,12159,2966,1
-9687,-415,12354,2971,1
-9870,-491,12152,2971,1
-9798,-600,12185,2970,1
-9718,-412,12341,2979,1
-9868,-498,12109,2975,1
-9829,-633,12154,2981,1
-9698,-392,12326,2964,1
-9891,-531,12086,2964,1
-9755,-590,12232,2972,1
-9690,-413,12360,2972,1
-9907,-563,12083,2965,1
-9785,-585,12249,2974,1
-9754,-386,12290,2976,1
-9896,-563,12063,2976,1
-9778,-583,12174,2972,1
-9695,-385,12302,2972,1
-9908,-578,12092,2966,1
-9706,-546,12289,2973,1
-9799,-393,12252,2971,1
-9877,-584,12107,2965,1
-9730,-517,12273,2979,1
-9779,-365,12226,2973,1
-9890,-637,12064,2973,1
-9701,-512,12309,2970,1
-9787,-406,12212,2966,1
-9789,-636,12131,2964,1
-9733,-494,12293,2967,1
-9842,-414,12204,2967,1
-9787,-626,12140,2966,1
-9727,-466,12308,2975,1
-9871,-446,12107,2978,1
-9808,-617,12145,2969,1
-9698,-426,12308,2972,1
-9879,-489,12134,2967,1
-9807,-645,12155,2973,1
-9736,-424,12304,2973,1
-9883,-490,12083,2967,1
-9849,-620,12158,2975,1
-9705,-382,12302,2983,1
-9917,-550,12041,2979,1
-9773,-604,12182,2975,1
-9709,-390,12318,2972,1
-9893,-533,12082,2965,1
-9766,-599,12221,2971,1
-9755,-386,12319,2977,1
-9925,-580,12064,2971,1
-9766,-585,12214,2976,1
-9740,-387,12266,2976,1
-9887,-596,12071,2969,1
-9702,-566,12272,2974,1
-9757,-394,12288,2968,1
-9861,-622,12056,2961,1
-9719,-528,12271,2963,1
-9780,-395,12186,2971,1
-9866,-617,12064,2954,1
-9720,-496,12267,2971,1
-9797,-405,12199,2972,1
-9796,-642,12131,2972,1
-9725,-496,12314,2970,1
-9823,-457,12168,2967,1
-9829,-655,12150,2965,1
-9722,-469,12279,2966,1
-9880,-456,12122,2966,1
-9830,-621,12132,2968,1
-9702,-437,12297,2970,1
-9871,-484,12122,2974,1
-9804,-616,12134,2967,1
-9702,-405,12340,2963,1
-9903,-503,12109,2966,1
-9817,-620,12159,2965,1
-9761,-379,12300,2973,1
-9914,-515,12079,2966,1
-9818,-595,12200,2972,1
-9710,-393,12333,2975,1
-9900,-547,12062,2975,1
-9780,-586,12248,2977,1
-9737,-384,12322,2973,1
-9911,-552,12024,2961,1
-9783,-590,12216,2967,1
-9765,-382,12255,2970,1
-9921,-586,12057,2973,1
-9757,-585,12245,2979,1
-9732,-395,12293,2971,1
-9878,-599,12091,2967,1
-9695,-550,12309,2967,1
-9791,-387,12245,2966,1
-9862,-600,12098,2961,1
-9755,-523,12270,2965,1
-9775,-406,12218,2961,1
-9831,-627,12096,2966,1
-9689,-483,12333,2977,1
-9830,-428,12150,2974,1
-9799,-661,12151,2966,1
-9704,-476,12322,2971,1
-9828,-629,12140,2963,1
-9734,-469,12299,2960,1
-9884,-456,12153,2971,1
-9855,-629,12153,2968,1
-9685,-430,12334,2969,1
-9896,-461,12138,2987,1
-9800,-596,12175,2970,1
-9717,-398,12335,2966,1
-9885,-506,12059,2968,1
-9832,-639,12152,2962,1
-9715,-385,12282,2963,1
-9882,-530,12070,2972,1
-9798,-606,12208,2967,1
-9700,-412,12339,2971,1
-9928,-552,12063,2976,1
-9785,-604,12209,2971,1
-9772,-398,12300,2966,1
-9913,-542,12062,2966,1
-9810,-569,12227,2959,1
-9730,-362,12314,2965,1
-9903,-595,12083,2971,1
-9719,-579,12279,2971,1
-9811,-418,12253,2975,1
-9861,-597,12089,2978,1
-9774,-539,12289,2960,1
-9812,-374,12204,2969,1
-9873,-607,12081,2973,1
-9724,-505,12285,2961,1
-9824,-443,12187,2965,1
-9808,-627,12112,2978,1
-9710,-483,12352,2970,1
-9870,-448,12192,2977,1
-9812,-658,12178,2969,1
-9710,-467,12302,2963,1
-9888,-479,12117,2968,1
-9829,-605,12146,2963,1
-9672,-453,12365,2968,1
-9851,-488,12121,2969,1
-9824,-605,12180,2967,1
-9738,-402,12308,2970,1
-9910,-506,12078,2979,1
-9827,-625,12134,2963,1
-9695,-382,12292,2966,1
-9892,-504,12067,2964,1
-9762,-556,12202,2960,1
-9701,-393,12307,2975,1
-9912,-549,12104,2973,1
-9756,-627,12183,2972,1
-9739,-403,12334,2972,1
-9904,-568,12083,2973,1
-9762,-560,12221,2966,1
-9743,-359,12303,2967,1
-9882,-583,12085,2966,1
-9711,-551,12246,2954,1
-9753,-396,12244,2973,1
-9871,-588,12106,2972,1
-9707,-513,12299,2972,1
-9777,-383,12256,2973,1
-9874,-652,12147,2973,1
-9709,-478,12328,2969,1
-9829,-403,12176,2969,1
-9803,-603,12131,2965,1
-9719,-490,12305,2960,1
-9853,-412,12176,2970,1
-9847,-661,12155,2973,1
-9712,-463,12305,2967,1
-9859,-490,12155,2971,1
-9790,-607,12182,2967,1
-9709,-419,12396,2967,1
-9869,-468,12124,2967,1
-9783,-648,12178,2969,1
-9680,-409,12318,2968,1
-9896,-498,12078,2972,1
-9778,-627,12177,2973,1
-9701,-391,12322,2963,1
-9891,-511,12084,2973,1
-9759,-574,12244,2963,1
-9700,-373,12323,2966,1
-9901,-562,12053,2967,1
-9767,-602,12192,2986,1
-9761,-393,12268,2970,1
-9917,-607,12035,2976,1
-9758,-581,12235,2979,1
-9750,-355,12296,2975,1
-9871,-588,12076,2968,1
-9739,-533,12267,2964,1
-9766,-370,12222,2967,1
-9865,-611,12072,2970,1
-9733,-528,12272,2967,1
-9842,-376,12195,2975,1
-9822,-612,12125,2982,1
-9722,-461,12299,2968,1
-9832,-394,12162,2968,1
-9796,-641,12112,2962,1
-9693,-472,12265,2958,1
-9881,-441,12130,2971,1
-9847,-640,12133,2978,1
-9716,-457,12316,2963,1
-9852,-449,12096,2973,1
-9823,-633,12176,2963,1
-9735,-437,12326,2961,1
-9896,-499,12054,2967,1
-9808,-619,12192,2961,1
-9726,-418,12310,2963,1
-9925,-538,12044,2971,1
-9797,-616,12187,2967,1
-9703,-389,12335,2979,1
-9900,-523,12104,2965,1
-9777,-586,12229,2961,1
-9724,-402,12295,2968,1
-9942,-556,12045,2963,1
-9763,-584,12226,2970,1
-9753,-373,12298,2971,1
-9881,-594,12068,2969,1
-9732,-572,12262,2974,1
-9764,-408,12263,2969,1
-9850,-621,12065,2964,1
-9709,-537,12291,2961,1
-9783,-387,12221,2967,1
-9879,-615,12070,2972,1
-9705,-499,12301,2970,1
-9796,-403,12207,2979,1
-9795,-619,12173,2974,1
-9738,-466,12237,2963,1
-9848,-444,12173,2965,1
-9825,-628,12101,2964,1
-9700,-432,12304,2965,1
-9875,-461,12118,2972,1
-9776,-609,12158,2966,1
-9716,-424,12342,2970,1
-9873,-456,12101,2974,1
-9859,-625,12180,2971,1
-9692,-430,12322,2962,1
-9942,-513,12063,2963,1
-9808,-647,12139,2961,1
-9721,-419,12318,2963,1
-9886,-507,12045,2970,1
-9767,-615,12236,2960,1
-9710,-411,12312,2966,1
-9896,-574,12046,2972,1
-9793,-588,12230,2978,1
-9736,-394,12298,2961,1
-9938,-566,12008,2966,1
-9754,-551,12281,2962,1
-9749,-381,12302,2972,1
-9878,-578,12125,2970,1
-9725,-545,12279,2973,1
-9775,-405,12266,2967,1
-9888,-597,12066,2965,1
-9702,-534,12339,2966,1
-9819,-422,12198,2969,1
-9824,-635,12097,2968,1
-9718,-480,12297,2965,1
-9823,-425,12199,2972,1
-9783,-646,12148,2971,1
-9716,-476,12286,2962,1
-9849,-444,12144,2964,1
-9832,-637,12179,2961,1
-9702,-436,12309,2962,1
-9851,-457,12164,2968,1
-9813,-619,12192,2964,1
-9721,-395,12293,2968,1
-9892,-505,12091,2964,1
-9821,-642,12133,2972,1
-9707,-397,12285,2964,1
-9899,-526,12058,2968,1
-9816,-607,12199,2962,1
-9689,-410,12366,2957,1
-9882,-541,12117,2965,1
-9778,-623,12172,2964,1
-9727,-372,12308,2967,1
-9907,-559,12060,2973,1
-9763,-587,12220,2968,1
-9726,-389,12250,2966,1
-9899,-582,12066,2963,1
-9710,-553,12250,2962,1
-9752,-387,12280,2970,1
-9895,-595,12105,2971,1
-9728,-539,12296,2968,1
-9781,-400,12224,2967,1
-9874,-617,12072,2973,1
-9738,-492,12286,2965,1
-9799,-412,12228,2970,1
-9795,-647,12130,2963,1
-9714,-498,12337,2960,1
-9842,-407,12186,2969,1
-9805,-648,12144,2974,1
-9727,-448,12330,2968,1
-9857,-419,12119,2971,1
-9808,-625,12162,2966,1
-9702,-424,12333,2963,1
-9881,-491,12116,2966,1
-9825,-651,12158,2961,1
-9695,-391,12339,2958,1
-9898,-488,12093,2978,1
-9837,-617,12183,2970,1
-9709,-397,12337,2965,1
-9897,-513,12069,2960,1
-9787,-580,12226,2962,1
-9701,-353,12325,2954,1
-9938,-565,12038,2965,1
-9772,-629,12213,2962,1
-9762,-384,12283,2966,1
-9906,-551,12037,2976,1
-9749,-573,12257,2967,1
-9743,-382,12271,2966,1
-9871,-601,12089,2964,1
-9725,-560,12258,2961,1
-9751,-430,12225,2958,1
-9875,-611,12038,2973,1
-9731,-556,12298,2969,1
-9811,-392,12190,2981,1
-9835,-633,12107,2973,1
-9729,-473,12303,2963,1
-9846,-414,12226,2973,1
-9792,-650,12094,2974,1
-9702,-464,12294,2978,1
-9862,-416,12119,2979,1
-9819,-654,12100,2974,1
-9717,-454,12310,2970,1
-9841,-473,12154,2980,1
-9784,-641,12172,2971,1
-9701,-432,12348,2965,1
-9887,-479,12091,2973,1
-9797,-632,12169,2967,1
-9740,-415,12358,2962,1
-9932,-518,12078,2978,1
-9805,-615,12201,2972,1
-9712,-394,12355,2975,1
-9891,-516,12127,2972,1
-9812,-587,12206,2969,1
-9728,-402,12311,2970,1
-9914,-531,12037,2971,1
-9782,-598,12230,2966,1
-9777,-409,12239,2974,1
-9897,-613,12070,2978,1
-9757,-575,12216,2979,1
-9717,-389,12258,2973,1
-9880,-633,12053,2967,1
-9716,-535,12268,2967,1
-9814,-398,12210,2970,1
-9867,-606,12064,2975,1
-9706,-521,12313,2975,1
-9809,-414,12211,2980,1
-9808,-624,12105,2978,1
-9714,-505,12299,2979,1
-9846,-464,12159,2973,1
-9829,-637,12132,2971,1
-9702,-465,12353,2966,1
-9905,-427,12094,2972,1
-9782,-629,12151,2979,1
-9724,-423,12346,2981,1
-9873,-495,12154,2983,1
-9836,-627,12181,2983,1
-9686,-433,12338,2967,1
-9932,-527,12032,2975,1
-9828,-620,12158,2979,1
-9722,-390,12316,2963,1
-9885,-513,12059,2983,1
-9804,-617,12224,2972,1
-9678,-407,12343,2969,1
-9923,-574,12118,2977,1
-9770,-586,12216,2972,1
-9759,-402,12290,2963,1
-9916,-576,12045,2967,1
-9733,-575,12282,2967,1
-9711,-354,12291,2974,1
-9869,-618,12062,2989,1
-9735,-519,12232,2968,1
-9785,-431,12254,2968,1
-9875,-627,12112,2974,1
-9731,-521,12288,2966,1
-9801,-413,12204,2968,1
-9810,-636,12113,2968,1
-9723,-504,12315,2972,1
-9837,-411,12209,2972,1
-9828,-627,12137,2982,1
-9707,-485,12291,2967,1
-9879,-427,12128,2969,1
-9838,-642,12161,2969,1
-9698,-437,12338,2964,1
-9862,-457,12197,2969,1
-9810,-626,12202,2972,1
-9708,-394,12342,2972,1
-9870,-499,12106,2982,1
-9796,-630,12213,2968,1
-9720,-424,12319,2970,1
-9925,-523,12034,2970,1
-9777,-632,12188,2965,1
-9685,-385,12366,2966,1
-9875,-562,12086,2976,1
-9803,-611,12233,2969,1
-9743,-389,12312,2963,1
-9913,-586,12070,2974,1
-9749,-602,12236,2964,1
-9735,-395,12284,2956,1
-9887,-579,12093,2967,1
-9718,-552,12310,2963,1
-9773,-385,12300,2964,1
-9868,-604,12078,2976,1
-9718,-512,12244,2966,1
-9786,-387,12219,2976,1
-9845,-631,12073,2981,1
-9715,-483,12318,2961,1
-9815,-385,12207,2964,1
-9797,-615,12131,2965,1
-9756,-476,12307,2973,1
-9843,-429,12135,2973,1
-9819,-647,12138,2977,1
-9706,-442,12283,2970,1
-9888,-463,12118,2971,1
-9811,-642,12136,2971,1
-9711,-426,12357,2963,1
-9862,-463,12132,2963,1
-9838,-634,12169,2995,1
-9716,-401,12340,2965,1
-9941,-493,12076,2970,1
-9806,-642,12181,2975,1
-9755,-398,12301,2975,1
-9911,-524,12100,2975,1
-9695,-389,12300,2964,1
-9805,-615,12207,2971,1
-9912,-549,12047,2971,1
-9794,-602,12209,2966,1
-9754,-401,12259,2968,1
-9930,-558,12051,2978,1
-9777,-586,12201,2982,1
-9739,-388,12288,2968,1
-9866,-578,12093,2969,1
-9725,-566,12268,2965,1
-9754,-406,12277,2964,1
-9872,-602,12018,2973,1
-9704,-519,12320,2970,1
-9795,-373,12224,2971,1
-9864,-617,12108,2973,1
-9739,-497,12274,2970,1
-9783,-412,12234,2974,1
-9828,-631,12078,2973,1
-9691,-505,12272,2961,1
-9844,-431,12162,2970,1
-9840,-652,12112,2970,1
-9739,-444,12304,2970,1
-9874,-424,12145,2973,1
-9854,-607,12166,2971,1
-9677,-454,12340,2980,1
-9860,-496,12117,2967,1
-9791,-621,12155,2971,1
-9722,-408,12335,2960,1
-9907,-491,12091,2968,1
-9824,-612,12172,2967,1
-9711,-386,12278,2966,1
-9910,-532,12068,2966,1
-9804,-602,12188,2975,1
-9686,-382,12323,2975,1
-9905,-535,12072,2978,1
-9781,-602,12212,2965,1
-9741,-400,12296,2967,1
-9899,-563,12057,2964,1
-9817,-573,12197,2973,1
-9726,-388,12299,2964,1
-9911,-594,12068,2978,1
-9727,-568,12260,2969,1
-9747,-412,12286,2966,1
-9857,-599,12077,2968,1
-9729,-562,12281,2965,1
-9795,-400,12242,2964,1
-9851,-623,12073,2966,1
-9728,-518,12292,2968,1
-9808,-419,12247,2965,1
-9812,-616,12144,2975,1
-9700,-479,12323,2969,1
-9828,-425,12200,2979,1
-9801,-640,12154,2969,1
-9701,-452,12290,2967,1
-9863,-450,12143,2963,1
-9861,-653,12138,2967,1
-9675,-454,12321,2970,1
-9883,-469,12141,2974,1
-9772,-628,12177,2972,1
-9713,-411,12320,2971,1
-9867,-482,12112,2971,1
-9813,-644,12178,2971,1
-9714,-385,12330,2960,1
-9930,-517,12080,2966,1
-9786,-581,12194,2982,1
-9681,-404,12337,2976,1
-9878,-536,12082,2974,1
-9805,-615,12214,2975,1
-9729,-395,12338,2975,1
-9916,-574,12035,2967,1
-9763,-594,12225,2964,1
-9744,-359,12279,2962,1
-9901,-575,12057,2965,1
-9716,-551,12281,2965,1
-9740,-392,12281,2970,1
-9858,-601,12110,2982,1
-9708,-524,12292,2979,1
-9753,-369,12258,2966,1
-9862,-625,12101,2970,1
-9721,-516,12319,2964,1
-9799,-369,12187,2962,1
-9798,-632,12086,2966,1
-9722,-485,12290,2962,1
-9827,-409,12190,2963,1
-9815,-647,12117,2963,1
-9683,-481,12309,2960,1
-9886,-422,12152,2965,1
-9859,-625,12144,2958,1
-9718,-442,12289,2952,1
-9848,-446,12136,2950,1
-9804,-623,12164,2960,1
-9689,-417,12341,2959,1
-9881,-464,12081,2970,1
-9809,-648,12168,2968,1
-9724,-407,12312,2955,1
-9932,-511,12045,2962,1
-9795,-597,12193,2961,1
-9708,-393,12336,2953,1
-9884,-530,12091,2955,1
-9771,-605,12164,2961,1
-9723,-411,12344,2962,1
-9919,-556,12044,2968,1
-9791,-563,12210,2967,1
-9810,-383,12260,2957,1
-9919,-566,12036,2960,1
-9773,-574,12259,2956,1
-9729,-393,12299,2954,1
-9892,-596,12074,2960,1
-9711,-548,12265,2959,1
-9781,-396,12264,2948,1
-9866,-606,12023,2968,1
-9741,-535,12247,2960,1
-9818,-371,12223,2955,1
-9870,-634,12107,2959,1
-9717,-507,12322,2957,1
-9834,-416,12225,2952,1
-9781,-618,12121,2956,1
-9711,-490,12326,2960,1
-9876,-424,12157,2957,1
-9817,-632,12168,2966,1
-9737,-410,12262,2958,1
-9864,-455,12151,2954,1
-9827,-615,12151,2959,1
-9703,-453,12346,2953,1
-9912,-472,12132,2956,1
-9799,-642,12165,2946,1
-9735,-380,12292,2959,1
-9919,-497,12078,2963,1
-9843,-612,12112,2959,1
-9698,-371,12342,2958,1
-9920,-498,12074,2963,1
-9772,-601,12212,2952,1
-9723,-392,12331,2954,1
-9923,-547,12016,2954,1
-9751,-590,12225,2960,1
-9782,-385,12272,2958,1
-9905,-571,12023,2967,1
-9717,-573,12242,2961,1
-9706,-386,12347,2954,1
-9882,-590,12059,2953,1
-9671,-535,12322,2955,1
-9799,-383,12232,2955,1
-9847,-610,12042,2954,1
-9761,-534,12249,2964,1
-9781,-372,12231,2956,1
-9879,-610,12112,2963,1
-9705,-481,12312,2960,1
-9856,-438,12222,2955,1
-9780,-621,12111,2952,1
-9711,-507,12276,2956,1
-9852,-432,12167,2950,1
-9812,-670,12149,2961,1
-9698,-425,12313,2959,1
-9864,-449,12140,2956,1
-9812,-598,12169,2956,1
-9676,-442,12342,2958,1
-9894,-505,12153,2947,1
-9805,-629,12203,2959,1
-9715,-428,12306,2956,1
-9895,-528,12089,2951,1
-9819,-600,12189,2959,1
-9689,-384,12301,2968,1
-9904,-516,12059,2966,1
-9766,-582,12196,2960,1
-9695,-378,12271,2957,1
-9903,-550,12058,2954,1
-9775,-626,12221,2961,1
-9743,-410,12274,2945,1
-9925,-590,12031,2966,1
-9735,-537,12274,2961,1
-9732,-371,12297,2957,1
-9870,-594,12090,2964,1
-9700,-564,12270,2962,1
-9780,-413,12266,2942,1
-9860,-617,12085,2951,1
-9723,-529,12276,2951,1
-9774,-390,12217,2949,1
-9841,-604,12122,2959,1
-9707,-477,12325,2965,1
-9823,-421,12204,2951,1
-9798,-649,12150,2969,1
-9704,-470,12310,2956,1
-9827,-452,12160,2949,1
-9822,-653,12102,2949,1
-9722,-460,12295,2952,1
-9883,-429,12144,2957,1
-9817,-632,12180,2956,1
-9697,-446,12322,2964,1
-9847,-477,12141,2952,1
-9805,-649,12146,2961,1
-9676,-399,12290,2945,1
-9905,-520,12036,2948,1
-9824,-636,12175,2954,1
-9741,-393,12295,2949,1
-9891,-511,12070,2953,1
-9789,-610,12201,2950,1
-9705,-367,12350,2958,1
-9894,-542,12059,2960,1
-9743,-611,12180,2961,1
-9754,-398,12295,2948,1
-9932,-615,12041,2951,1
-9758,-581,12240,2958,1
-9742,-363,12298,2954,1
-9846,-611,12130,2966,1
-9733,-585,12262,2964,1
-9775,-434,12267,2961,1
-9910,-612,12067,2963,1
-9717,-541,12276,2953,1
-9806,-377,12188,2948,1
-9831,-618,12087,2954,1
-9729,-470,12275,2956,1
-9840,-392,12205,2951,1
-9824,-617,12094,2969,1
-9719,-497,12333,2962,1
-9876,-438,12166,2952,1
-9817,-663,12119,2957,1
-9719,-462,12294,2958,1
-9872,-455,12141,2945,1
-9819,-627,12130,2956,1
-9702,-422,12323,2952,1
-9907,-459,12148,2956,1
-9836,-640,12138,2962,1
-9705,-439,12336,2964,1
-9920,-526,12046,2958,1
-9815,-641,12176,2958,1
-9747,-377,12293,2953,1
-9900,-502,12093,2954,1
-9811,-585,12200,2955,1
-9732,-368,12340,2948,1
-9938,-548,12058,2958,1
-9773,-608,12205,2958,1
-9792,-405,12313,2961,1
-9936,-578,12046,2964,1
-9798,-590,12183,2961,1
-9734,-363,12285,2953,1
-9898,-583,12075,2959,1
-9700,-568,12291,2963,1
-9797,-413,12260,2957,1
-9863,-587,12062,2960,1
-9729,-523,12296,2964,1
-9796,-397,12196,2957,1
-9882,-648,12122,2962,1
-9701,-486,12296,2954,1
-9793,-410,12286,2947,1
-9788,-622,12122,2958,1
-9721,-502,12331,2954,1
-9852,-446,12162,2957,1
-9797,-668,12134,2964,1
-9721,-478,12292,2968,1
-9844,-474,12150,2951,1
-9823,-652,12127,2959,1
-9697,-426,12319,2955,1
-9894,-486,12165,2955,1
-9786,-629,12179,2950,1
-9725,-451,12338,2953,1
-9900,-507,12082,2948,1
-9837,-626,12151,2962,1
-9743,-398,12326,2958,1
-9903,-517,12087,2961,1
-9791,-577,12190,2959,1
-9703,-391,12353,2951,1
-9931,-536,12085,2955,1
-9785,-634,12199,2960,1
-9744,-407,12327,2956,1
-9923,-577,12066,2955,1
-9786,-588,12253,2961,1
-9745,-386,12285,2961,1
-9897,-576,12110,2968,1
-9707,-564,12281,2959,1
-9746,-394,12300,2957,1
-9841,-594,12084,2952,1
-9700,-546,12277,2959,1
-9763,-405,12263,2951,1
-9875,-617,12072,2959,1
-9698,-499,12304,2961,1
-9816,-409,12189,2963,1
-9817,-613,12138,2962,1
-9693,-470,12341,2964,1
-9820,-410,12222,2947,1
-9787,-631,12152,2964,1
-9707,-457,12305,2952,1
-9870,-448,12146,2955,1
-9833,-684,12173,2967,1
-9722,-413,12296,2965,1
-9846,-454,12093,2956,1
-9775,-605,12165,2961,1
-9707,-449,12338,2957,1
-9851,-500,12111,2956,1
-9795,-625,12179,2957,1
-9722,-387,12341,2948,1
-9921,-548,12046,2954,1
-9800,-619,12179,2964,1
-9711,-395,12323,2965,1
-9892,-511,12080,2956,1
-9785,-592,12210,2962,1
-9697,-385,12355,2947,1
-9910,-565,12025,2955,1
-9778,-594,12219,2958,1
-9763,-386,12241,2951,1
-9922,-575,12013,2960,1
-9770,-559,12241,2968,1
-9724,-356,12322,2963,1
-9881,-600,12110,2971,1
-9703,-566,12284,2955,1
-9758,-403,12279,2953,1
-9866,-613,12094,2951,1
-9699,-514,12296,2955,1
-9806,-379,12200,2954,1
-9839,-645,12123,2965,1
-9715,-480,12320,2967,1
-9804,-418,12195,2963,1
-9807,-635,12112,2962,1
-9693,-496,12319,2967,1
-9871,-435,12130,2956,1
-9827,-673,12145,2957,1
-9720,-463,12300,2959,1
-9868,-468,12124,2953,1
-9837,-630,12178,2970,1
-9665,-443,12347,2966,1
-9891,-494,12123,2958,1
-9824,-644,12145,2967,1
-9742,-398,12329,2958,1
-9892,-513,12046,2960,1
-9850,-624,12178,2960,1
-9701,-386,12311,2952,1
-9880,-503,12082,2956,1
-9789,-600,12214,2969,1
-9718,-398,12332,2966,1
-9947,-568,12034,2965,1
-9774,-632,12157,2961,1
-9780,-422,12264,2956,1
-9902,-554,12028,2952,1
-9772,-589,12239,2961,1
-9718,-377,12320,2954,1
-9901,-592,12064,2960,1
-9712,-580,12237,2963,1
-9806,-415,12254,2963,1
-9862,-612,12052,2967,1
-9751,-530,12279,2962,1
-9799,-363,12229,2952,1
-9887,-626,12072,2953,1
-9708,-472,12314,2960,1
-9827,-397,12234,2958,1
-9813,-620,12135,2986,1
-9721,-519,12299,2965,1
-9868,-427,12185,2954,1
-9851,-648,12129,2964,1
-9721,-461,12259,2957,1
-9839,-452,12152,2956,1
-9819,-620,12125,2959,1
-9697,-417,12304,2958,1
-9899,-466,12140,2956,1
-9803,-633,12188,2969,1
-9711,-444,12285,2967,1
-9879,-512,12077,2960,1
-9823,-632,12199,2960,1
-9726,-385,12320,2957,1
-9913,-526,12103,2955,1
-9760,-590,12205,2957,1
-9718,-386,12323,2968,1
-9921,-564,12071,2959,1
-9776,-595,12220,2969,1
-9732,-403,12277,2963,1
-9933,-600,12019,2962,1
-9772,-581,12229,2960,1
-9738,-388,12325,2958,1
-9864,-601,12132,2954,1
-9696,-553,12276,2966,1
-9771,-404,12280,2959,1
-9855,-632,12073,2975,1
-9716,-531,12283,2958,1
-9767,-413,12197,2959,1
-9885,-655,12110,2978,1
-9697,-486,12339,2959,1
-9817,-387,12214,2951,1
-9768,-614,12125,2957,1
-9700,-478,12305,2964,1
-9809,-423,12186,2958,1
-9811,-663,12141,2961,1
-9705,-484,12280,2958,1
-9865,-457,12149,2957,1
-9808,-637,12182,2957,1
-9702,-436,12339,2961,1
-9864,-467,12151,2950,1
-9839,-653,12162,2956,1
-9694,-423,12366,2960,1
-9898,-511,12073,2956,1
-9802,-615,12158,2974,1
-9726,-399,12290,2957,1
-9915,-515,12049,2953,1
-9791,-566,12151,2960,1
-9685,-391,12361,2954,1
-9916,-551,12071,2956,1
-9767,-621,12179,2963,1
-9731,-420,12312,2953,1
-9929,-578,12080,2957,1
-9802,-611,12218,2963,1
-9772,-396,12273,2967,1
-9896,-593,12095,2961,1
-9762,-551,12223,2962,1
-9748,-404,12260,2947,1
-9887,-614,12087,2952,1
-9717,-515,12294,2954,1
-9793,-389,12222,2953,1
-9881,-585,12112,2960,1
-9760,-500,12293,2958,1
-9827,-388,12218,2958,1
-9847,-645,12112,2969,1
-9674,-469,12284,2960,1
-9851,-422,12180,2949,1
-9804,-644,12110,2958,1
-9715,-489,12304,2975,1
-9849,-427,12134,2962,1
-9833,-662,12127,2962,1
-9706,-430,12292,2963,1
-9847,-476,12133,2955,1
-9803,-623,12160,2967,1
-9698,-422,12353,2964,1
-9888,-481,12089,2952,1
-9804,-644,12165,2962,1
-9744,-383,12313,2959,1
-9898,-513,12062,2951,1
-9847,-626,12134,2970,1
-9709,-390,12334,2967,1
-9893,-526,12060,2954,1
-9769,-614,12216,2965,1
-9729,-400,12317,2958,1
-9927,-572,12008,2956,1
-9775,-633,12175,2963,1
-9760,-376,12273,2957,1
-9916,-578,12025,2955,1
-9752,-564,12211,2963,1
-9739,-374,12281,2960,1
-9875,-570,12080,2960,1
-9714,-566,12253,2967,1
-9812,-392,12236,2953,1
-9871,-620,12054,2959,1
-9736,-533,12274,2951,1
-9791,-381,12196,2962,1
-9876,-635,12048,2961,1
-9697,-489,12302,2961,1
-9833,-403,12192,2961,1
-9788,-663,12110,2964,1
-9732,-513,12281,2969,1
-9881,-435,12178,2956,1
-9853,-680,12150,2961,1
-9681,-445,12306,2958,1
-9871,-466,12143,2958,1
-9853,-628,12133,2966,1
-9686,-437,12327,2964,1
-9869,-498,12112,2962,1
-9807,-644,12135,2957,1
-9704,-417,12330,2964,1
-9894,-501,12108,2956,1
-9813,-611,12162,2958,1
-9701,-381,12290,2952,1
-9882,-509,12061,2949,1
-9771,-619,12227,2974,1
-9711,-422,12304,2962,1
-9912,-542,12066,2963,1
-9758,-611,12176,2969,1
-9740,-419,12297,2959,1
-9910,-580,12035,2956,1
-9772,-573,12243,2955,1
-9743,-391,12311,2960,1
-9874,-590,12107,2957,1
-9716,-558,12269,2969,1
-9758,-417,12272,2965,1
-9855,-597,12054,2961,1
-9703,-527,12284,2962,1
-9799,-391,12222,2957,1
-9848,-605,12116,2952,1
-9705,-509,12299,2959,1
-9785,-393,12257,2960,1
-9783,-628,12137,2962,1
-9687,-468,12324,2961,1
-9822,-451,12206,2966,1
-9827,-667,12139,2967,1
-9715,-453,12308,2966,1
-9869,-462,12134,2957,1
-9829,-595,12154,2958,1
-9697,-418,12283,2959,1
-9865,-500,12155,2964,1
-9815,-614,12186,2969,1
-9694,-391,12339,2970,1
-9897,-514,12079,2962,1
-9809,-579,12136,2967,1
-9721,-407,12317,2960,1
-9888,-498,12062,2963,1
-9821,-602,12153,2962,1
-9704,-394,12360,2954,1
-9911,-552,12079,2950,1
-9768,-600,12213,2965,1
-9723,-418,12332,2966,1
-9929,-562,12077,2958,1
-9781,-567,12178,2971,1
-9761,-364,12272,2962,1
-9903,-599,12087,2954,1
-9711,-560,12265,2960,1
-9750,-412,12314,2959,1
-9867,-609,12049,2952,1
-9695,-552,12276,2962,1
-9794,-386,12233,2959,1
-9864,-615,12068,2958,1
-9763,-505,12247,2963,1
-9779,-395,12244,2948,1
-9841,-629,12109,2954,1
-9698,-474,12320,2954,1
-9863,-438,12209,2954,1
-9807,-631,12133,2953,1
-9748,-463,12283,2953,1
-9858,-426,12156,2958,1
-9882,-640,12148,2963,1
-9726,-428,12347,2960,1
-9876,-481,12138,2955,1
-9793,-631,12154,2958,1
-9688,-419,12338,2949,1
-9882,-454,12128,2950,1
-9841,-634,12146,2954,1
-9692,-409,12270,2958,1
-9898,-520,12090,2954,1
-9831,-605,12180,2960,1
-9717,-419,12296,2965,1
-9902,-547,12038,2955,1
-9786,-621,12250,2959,1
-9707,-394,12309,2957,1
-9894,-564,12063,2950,1
-9805,-581,12187,2958,1
-9744,-397,12291,2963,1
-9950,-564,12098,2950,1
-9793,-562,12244,2970,1
-9784,-380,12248,2965,1
-9920,-573,12021,2956,1
-9735,-563,12241,2967,1
-9749,-383,12302,2958,1
-9870,-598,12071,2951,1
-9712,-515,12309,2953,1
-9774,-418,12211,2959,1
-9881,-609,12074,2954,1
-9726,-545,12279,2965,1
-9792,-408,12241,2959,1
-9849,-647,12129,2960,1
-9716,-475,12337,2961,1
-9824,-403,12192,2957,1
-9837,-653,12096,2953,1
-9698,-491,12320,2953,1
-9880,-445,12107,2953,1
-9813,-629,12129,2961,1
-9716,-434,12337,2960,1
-9859,-456,12137,2961,1
-9821,-609,12152,2965,1
-9661,-407,12317,2959,1
-9877,-484,12095,2955,1
-9817,-652,12129,2954,1
-9728,-425,12328,2955,1
-9909,-531,12071,2950,1
-9824,-635,12192,2962,1
-9693,-381,12367,2967,1
-9902,-509,12057,2972,1
-9772,-595,12225,2966,1
-9706,-403,12311,2961,1
-9927,-586,12071,2951,1
-9777,-584,12240,2959,1
-9733,-389,12290,2955,1
-9911,-563,12087,2951,1
-9753,-564,12242,2958,1
-9730,-386,12289,2967,1
-9883,-578,12088,2953,1
-9708,-539,12282,2970,1
-9751,-403,12285,2970,1
-9849,-603,12092,2958,1
-9725,-534,12286,2960,1
-9778,-410,12211,2954,1
-9874,-628,12087,2950,1
-9696,-504,12308,2960,1
-9802,-396,12185,2953,1
-9786,-646,12073,2957,1
-9719,-489,12276,2961,1
-9810,-437,12175,2961,1
-9831,-632,12138,2960,1
-9675,-462,12303,2968,1
-9889,-451,12154,2958,1
-9849,-628,12127,2953,1
-9701,-430,12302,2969,1
-9855,-444,12151,2954,1
-9774,-610,12159,2963,1
-9696,-430,12304,2968,1
-9877,-496,12098,2964,1
-9847,-613,12162,2970,1
-9693,-418,12322,2962,1
-9934,-511,12048,2958,1
-9795,-608,12210,2959,1
-9723,-412,12304,2957,1
-9858,-524,12136,2965,1
-9798,-598,12215,2969,1
-9718,-389,12352,2964,1
-9926,-544,12067,2964,1
-9785,-545,12215,2969,1
-9749,-390,12282,2963,1
-9928,-562,12059,2946,1
-9799,-589,12237,2968,1
-9745,-368,12270,2960,1
-9879,-604,12099,2951,1
-9714,-537,12302,2966,1
-9752,-383,12274,2967,1
-9873,-596,12055,2956,1
-9703,-553,12290,2963,1
-9795,-400,12242,2964,1
-9858,-641,12065,2957,1
-9752,-526,12298,2960,1
-9797,-404,12224,2958,1
-9833,-610,12088,2962,1
-9689,-468,12311,2977,1
-9844,-426,12167,2960,1
-9805,-626,12175,2959,1
-9732,-480,12295,2968,1
-9868,-441,12150,2962,1
-9869,-646,12091,2961,1
-9707,-411,12313,2963,1
-9874,-454,12140,2958,1
-9840,-580,12189,2955,1
-9698,-434,12301,2961,1
-9896,-498,12084,2972,1
-9843,-659,12105,2975,1
-9706,-405,12336,2969,1
-9929,-517,12071,2976,1
-9841,-628,12221,2976,1
-9729,-397,12288,2975,1
-9922,-529,12070,2961,1
-9784,-587,12200,2965,1
-9702,-400,12339,2962,1
-9933,-570,12046,2967,1
-9776,-611,12155,2969,1
-9743,-384,12317,2976,1
-9948,-590,12079,2964,1
-9787,-593,12212,2971,1
-9743,-401,12261,2969,1
-9887,-593,12088,2964,1
-9730,-562,12263,2969,1
-9766,-375,12275,2966,1
-9904,-606,12080,2957,1
-9716,-531,12267,2966,1
-9807,-383,12220,2969,1
-9887,-620,12066,2954,1
-9718,-501,12255,2979,1
-9806,-402,12216,2971,1
-9837,-621,12123,2958,1
-9686,-488,12318,2961,1
-9825,-404,12180,2970,1
-9831,-639,12134,2966,1
-9694,-461,12321,2968,1
-9846,-422,12126,2967,1
-9834,-626,12141,2970,1
-9728,-438,12290,2979,1
-9853,-486,12133,2974,1
-9815,-621,12192,2972,1
-9715,-397,12331,2968,1
-9894,-454,12104,2967,1
-9810,-620,12169,2972,1
-9726,-405,12282,2970,1
-9882,-524,12098,2972,1
-9830,-617,12167,2971,1
-9699,-395,12363,2978,1
-9886,-514,12049,2984,1
-9787,-598,12246,2975,1
-9720,-395,12345,2972,1
-9907,-564,12093,2970,1
-9792,-620,12164,2970,1
-9749,-392,12312,2967,1
-9922,-582,12082,2971,1
-9785,-598,12249,2978,1
-9743,-373,12298,2981,1
-9926,-581,12086,2975,1
-9695,-548,12311,2981,1
-9735,-404,12300,2968,1
-9847,-613,12109,2963,1
-9754,-523,12292,2973,1
-9789,-381,12241,2970,1
-9879,-636,12100,2968,1
-9697,-528,12331,2975,1
-9819,-408,12214,2977,1
-9791,-622,12153,2967,1
-9727,-496,12300,2982,1
-9823,-425,12189,2978,1
-9837,-674,12104,2967,1
-9671,-472,12328,2963,1
-9878,-446,12111,2961,1
-9824,-656,12137,2963,1
-9684,-437,12341,2973,1
-9839,-454,12145,2974,1
-9818,-618,12194,2969,1
-9691,-427,12378,2976,1
-9880,-478,12110,2968,1
-9833,-612,12166,2966,1
-9713,-418,12337,2965,1
-9923,-519,12085,2963,1
-9805,-603,12168,2961,1
-9719,-397,12300,2967,1
-9883,-551,12093,2975,1
-9818,-597,12211,2975,1
-9734,-386,12338,2968,1
-9896,-565,12070,2965,1
-9765,-592,12219,2969,1
-9759,-411,12247,2970,1
-9939,-550,12072,2958,1
-9747,-366,12292,2967,1
-9896,-557,12072,2968,1
-9729,-549,12248,2967,1
-9717,-403,12329,2975,1
-9884,-607,12103,2975,1
-9689,-547,12300,2968,1
-9773,-423,12227,2966,1
-9861,-613,12073,2950,1
-9727,-540,12280,2956,1
-9791,-380,12205,2966,1
-9833,-625,12131,2962,1
-9711,-485,12301,2957,1
-9821,-429,12194,2964,1
-9775,-632,12125,2964,1
-9735,-479,12283,2957,1
-9856,-447,12194,2961,1
-9864,-621,12148,2954,1
-9676,-422,12334,2952,1
-9874,-425,12131,2960,1
-9802,-603,12177,2954,1
-9685,-430,12355,2953,1
-9868,-481,12104,2969,1
-9797,-625,12182,2957,1
-9691,-467,12347,2963,1
-9895,-506,12086,2957,1
-9830,-621,12177,2959,1
-9724,-393,12292,2946,1
-9900,-534,12049,2960,1
-9793,-623,12195,2955,1
-9704,-404,12336,2957,1
-9889,-554,12080,2961,1
-9783,-579,12186,2968,1
-9730,-386,12340,2965,1
-9947,-553,12049,2970,1
-9786,-586,12270,2963,1
-9790,-383,12267,2958,1
-9888,-615,12082,2956,1
-9733,-599,12263,2952,1
-9734,-392,12259,2957,1
-9872,-599,12108,2958,1
-9706,-547,12251,2962,1
-9781,-412,12241,2964,1
-9883,-627,12044,2959,1
-9749,-566,12309,2961,1
-9813,-412,12212,2963,1
-9865,-636,12114,2954,1
-9709,-486,12275,2951,1
-9834,-413,12207,2954,1
-9828,-623,12118,2960,1
-9704,-466,12293,2957,1
-9894,-427,12185,2966,1
-9815,-653,12158,2957,1
-9729,-448,12286,2961,1
-9873,-454,12088,2968,1
-9854,-654,12155,2954,1
-9711,-401,12337,2951,1
-9881,-474,12113,2946,1
-9833,-624,12155,2951,1
-9713,-430,12309,2951,1
-9874,-510,12103,2966,1
-9835,-657,12164,2961,1
-9734,-380,12318,2967,1
-9907,-505,12071,2963,1
-9804,-605,12181,2962,1
-9689,-381,12264,2952,1
-9910,-528,12091,2957,1
-9787,-593,12226,2960,1
-9750,-406,12321,2954,1
-9922,-556,12040,2966,1
-9795,-611,12237,2960,1
-9768,-374,12270,2966,1
-9953,-559,12003,2962,1
-9758,-583,12235,2956,1
-9724,-394,12265,2956,1
-9894,-589,12115,2963,1
-9730,-560,12279,2949,1
-9777,-413,12269,2957,1
-9863,-592,12083,2954,1
-9745,-522,12262,2961,1
-9797,-359,12180,2965,1
-9869,-639,12101,2963,1
-9722,-533,12293,2961,1
-9813,-385,12209,2959,1
-9794,-631,12089,2959,1
-9719,-493,12297,2948,1
-9836,-429,12179,2951,1
-9835,-668,12144,2958,1
-9725,-488,12325,2950,1
-9894,-451,12152,2959,1
-9845,-660,12134,2962,1
-9695,-472,12355,2962,1
-9861,-496,12162,2950,1
-9844,-662,12135,2951,1
-9705,-410,12347,2949,1
-9885,-501,12102,2953,1
-9783,-644,12166,2946,1
-9724,-423,12329,2955,1
-9887,-516,12072,2956,1
-9812,-603,12185,2965,1
-9690,-403,12348,2960,1
-9898,-542,12081,2956,1
-9787,-607,12202,2946,1
-9724,-375,12349,2949,1
-9907,-573,12048,2958,1
-9770,-599,12220,2954,1
-9736,-409,12269,2957,1
-9912,-572,12108,2954,1
-9719,-608,12277,2960,1
-9700,-375,12353,2958,1
-9891,-567,12123,2959,1
-9678,-532,12308,2955,1
-9795,-392,12285,2954,1
-9853,-627,12083,2955,1
-9730,-525,12293,2953,1
-9779,-384,12245,2957,1
-9812,-649,12124,2959,1
-9672,-479,12309,2953,1
-9822,-410,12243,2963,1
-9771,-649,12148,2959,1
-9694,-474,12291,2962,1
-9835,-430,12172,2955,1
-9843,-675,12131,2950,1
-9695,-444,12313,2951,1
-9856,-472,12186,2959,1
-9797,-610,12149,2964,1
-9702,-442,12340,2956,1
-9850,-458,12151,2959,1
-9804,-630,12169,2960,1
-9713,-403,12283,2955,1
-9902,-508,12101,2958,1
-9852,-627,12181,2957,1
-9703,-418,12317,2952,1
-9909,-528,12100,2959,1
-9780,-584,12198,2955,1
-9703,-379,12306,2961,1
-9886,-531,12102,2964,1
-9793,-583,12213,2954,1
-9728,-394,12316,2945,1
-9938,-574,12035,2957,1
-9764,-572,12217,2952,1
-9733,-396,12269,2954,1
-9880,-596,12073,2956,1
-9714,-549,12282,2966,1
-9741,-372,12329,2963,1
-9866,-605,12085,2965,1
-9708,-515,12279,2960,1
-9806,-418,12240,2960,1
-9876,-630,12083,2962,1
-9733,-527,12285,2961,1
-9807,-416,12241,2963,1
-9807,-620,12108,2960,1
-9730,-459,12264,2960,1
-9846,-446,12176,2966,1
-9833,-642,12126,2964,1
-9701,-476,12306,2956,1
-9874,-444,12143,2962,1
-9840,-639,12133,2952,1
-9733,-438,12305,2949,1
-9857,-461,12142,2958,1
-9803,-628,12166,2956,1
-9685,-411,12334,2951,1
-9897,-519,12111,2965,1
-9835,-646,12183,2951,1
-9730,-412,12280,2961,1
-9915,-508,12060,2966,1
-9823,-630,12143,2960,1
-9713,-400,12317,2953,1
-9899,-540,12073,2956,1
-9767,-611,12216,2955,1
-9710,-386,12285,2975,1
-9925,-570,12080,2967,1
-9767,-611,12194,2962,1
-9762,-396,12252,2967,1
-9944,-569,12009,2967,1
-9781,-564,12203,2961,1
-9740,-343,12298,2956,1
-9890,-590,12057,2956,1
-9725,-544,12276,2951,1
-9754,-389,12276,2956,1
-9855,-624,12106,2965,1
-9751,-568,12252,2963,1
-9773,-389,12240,2963,1
-9891,-626,12058,2966,1
-9712,-513,12307,2963,1
-9811,-386,12204,2957,1
-9801,-633,12115,2955,1
-9716,-485,12275,2948,1
-9838,-420,12190,2962,1
-9832,-629,12110,2963,1
-9694,-479,12298,2961,1
-9881,-436,12127,2964,1
-9851,-649,12122,2963,1
-9691,-417,12337,2960,1
-9869,-462,12096,2960,1
-9813,-638,12152,2960,1
-9705,-444,12331,2955,1
-9870,-529,12079,2959,1
-9811,-657,12143,2957,1
-9710,-423,12347,2958,1
-9922,-517,12067,2969,1
-9806,-635,12191,2957,1
-9715,-415,12280,2950,1
-9868,-544,12100,2955,1
-9778,-623,12217,2953,1
-9708,-383,12334,2949,1
-9931,-571,12069,2956,1
-9747,-596,12246,2959,1
-9759,-380,12263,2955,1
-9907,-547,12061,2972,1
-9733,-568,12257,2963,1
-9709,-394,12306,2959,1
-9850,-606,12102,2958,1
-9710,-559,12301,2966,1
-9787,-426,12270,2953,1
-9859,-591,12084,2960,1
-9728,-545,12285,2955,1
-9795,-410,12191,2970,1
-9837,-659,12135,2964,1
-9721,-497,12294,2962,1
-9808,-439,12222,2961,1
-9797,-622,12130,2959,1
-9693,-492,12363,2949,1
-9868,-439,12159,2957,1
-9814,-660,12130,2958,1
-9721,-432,12336,2961,1
-9851,-459,12106,2967,1
-9843,-620,12153,2960,1
-9668,-410,12380,2956,1
-9858,-518,12121,2980,1
-9810,-646,12140,2955,1
-9719,-433,12345,2946,1
-9894,-490,12077,2962,1
-9801,-624,12182,2960,1
-9707,-409,12311,2955,1
-9869,-522,12094,2966,1
-9779,-613,12189,2962,1
-9716,-372,12347,2956,1
-9922,-533,12038,2960,1
-9771,-585,12185,2953,1
-9758,-425,12252,2952,1
-9905,-546,12008,2952,1
-9795,-610,12188,2958,1
-9745,-391,12268,2952,1
-9890,-595,12088,2970,1
-9706,-558,12276,2958,1
-9773,-393,12250,2959,1
-9871,-584,12067,2958,1
-9698,-546,12234,2953,1
-9774,-411,12254,2953,1
-9874,-627,12056,2956,1
-9714,-524,12264,2954,1
-9807,-375,12186,2957,1
-9790,-625,12132,2964,1
-9717,-488,12285,2961,1
-9843,-418,12212,2962,1
-9802,-610,12133,2953,1
-9721,-459,12314,2948,1
-9877,-456,12132,2955,1
-9861,-668,12140,2957,1
-9709,-441,12365,2951,1
-9869,-477,12153,2960,1
-9818,-615,12159,2958,1
-9725,-430,12328,2960,1
-9876,-508,12106,2961,1
-9827,-648,12172,2956,1
-9714,-394,12305,2947,1
-9936,-531,12055,2952,1
-9822,-623,12157,2949,1
-9710,-394,12305,2951,1
-9902,-520,12086,2964,1
-9787,-604,12175,2965,1
-9697,-396,12354,2955,1
-9930,-552,12063,2963,1
-9791,-597,12184,2957,1
-9736,-394,12265,2948,1
-9917,-595,12060,2954,1
-9760,-573,12226,2950,1
-9726,-390,12246,2951,1
-9883,-610,12123,2954,1
-9714,-551,12229,2958,1
-9760,-425,12262,2954,1
-9863,-633,12088,2966,1
-9720,-560,12296,2953,1
-9806,-399,12215,2953,1
-9863,-659,12105,2959,1
-9733,-504,12273,2951,1
-9792,-389,12181,2953,1
-9827,-602,12107,2961,1
-9692,-456,12301,2957,1
-9856,-438,12192,2966,1
-9813,-659,12131,2959,1
-9725,-491,12292,2963,1
-9861,-463,12125,2957,1
-9854,-650,12135,2959,1
-9682,-392,12328,2952,1
-9849,-490,12158,2965,1
-9836,-616,12187,2954,1
-9719,-416,12290,2958,1
-9875,-500,12111,2977,1
-9804,-654,12204,2963,1
-9747,-400,12284,2955,1
-9890,-530,12060,2961,1
-9814,-600,12184,2954,1
-9671,-401,12336,2950,1
-9908,-543,12070,2958,1
-9772,-622,12241,2954,1
-9736,-416,12336,2957,1
-9911,-578,12090,2959,1
-9777,-588,12197,2966,1
-9759,-379,12277,2959,1
-9909,-575,12051,2965,1
-9715,-577,12240,2955,1
-9734,-386,12295,2948,1
-9868,-607,12085,2952,1
-9716,-545,12275,2957,1
-9755,-396,12285,2956,1
-9870,-626,12070,2966,1
-9720,-516,12286,2957,1
-9787,-363,12205,2960,1
-9853,-621,12067,2963,1
-9691,-498,12326,2958,1
-9795,-404,12251,2949,1
-9799,-654,12128,2953,1
-9716,-487,12354,2960,1
-9833,-443,12163,2958,1
-9834,-659,12095,2960,1
-9723,-457,12300,2958,1
-9873,-483,12120,2962,1
-9799,-636,12151,2958,1
-9707,-436,12346,2956,1
-9849,-460,12168,2954,1
-9824,-634,12147,2953,1
-9695,-418,12321,2951,1
-9890,-512,12102,2957,1
-9812,-639,12166,2950,1
-9741,-423,12316,2957,1
-9931,-532,12050,2962,1
-9810,-615,12175,2963,1
-9687,-399,12364,2959,1
-9885,-538,12086,2959,1
-9795,-604,12202,2952,1
-9742,-416,12307,2951,1
-9896,-555,12047,2959,1
-9762,-590,12195,2962,1
-9743,-394,12248,2958,1
-9916,-563,12054,2964,1
-9750,-589,12273,2957,1
-9740,-385,12301,2953,1
-9879,-564,12062,2962,1
-9708,-518,12266,2957,1
-9825,-390,12195,2949,1
-9850,-618,12099,2953,1
-9744,-511,12279,2955,1
-9805,-416,12236,2958,1
-9853,-668,12113,2966,1
-9699,-508,12305,2954,1
-9833,-434,12235,2954,1
-9804,-603,12146,2951,1
-9735,-472,12308,2952,1
-9842,-457,12134,2954,1
-9852,-674,12135,2958,1
-9698,-455,12280,2957,1
-9855,-471,12144,2959,1
-9817,-622,12148,2962,1
-9691,-421,12334,2961,1
-9876,-486,12121,2955,1
-9833,-635,12198,2957,1
-9705,-414,12292,2949,1
-9903,-545,12063,2953,1
-9848,-654,12112,2957,1
-9699,-436,12286,2955,1
-9920,-541,12051,2963,1
-9778,-603,12243,2962,1
-9720,-388,12308,2957,1
-9895,-599,12108,2960,1
-9788,-603,12166,2957,1
-9725,-390,12267,2946,1
-9935,-602,12016,2956,1
-9753,-591,12241,2948,1
-9744,-377,12300,2946,1
-9885,-586,12075,2962,1
-9727,-546,12245,2963,1
-9750,-405,12272,2953,1
-9862,-610,12071,2960,1
-9696,-521,12266,2956,1
-9782,-409,12229,2950,1
-9875,-650,12068,2947,1
-9722,-511,12333,2953,1
-9786,-415,12201,2957,1
-9786,-631,12119,2965,1
-9724,-491,12269,2967,1
-9853,-443,12207,2955,1
-9842,-667,12120,2956,1
-9705,-449,12323,2952,1
-9871,-450,12115,2954,1
-9832,-611,12157,2948,1
-9691,-418,12352,2958,1
-9840,-457,12124,2956,1
-9822,-626,12207,2961,1
-9686,-392,12352,2963,1
-9881,-514,12116,2962,1
-9790,-632,12188,2959,1
-9719,-426,12327,2960,1
-9903,-503,12032,2955,1
-9787,-612,12226,2953,1
-9675,-377,12364,2957,1
-9871,-562,12127,2959,1
-9772,-609,12215,2962,1
-9731,-413,12352,2959,1
-9926,-585,12047,2962,1
-9759,-584,12226,2959,1
-9749,-386,12276,2955,1
-9896,-577,12078,2954,1
-9703,-543,12220,2952,1
-9696,-381,12258,2956,1
-9882,-646,12097,2960,1
-9694,-542,12240,2966,1
-9780,-425,12219,2959,1
-9853,-652,12077,2968,1
-9730,-556,12269,2960,1
-9771,-368,12236,2953,1
-9830,-638,12144,2959,1
-9684,-490,12358,2958,1
-9817,-440,12180,2962,1
-9812,-629,12133,2965,1
-9695,-474,12232,2957,1
-9867,-421,12131,2959,1
-9830,-655,12154,2963,1
-9709,-439,12303,2956,1
-9851,-447,12147,2955,1
-9813,-613,12165,2949,1
-9693,-429,12320,2957,1
-9888,-481,12138,2953,1
-9820,-625,12169,2963,1
-9687,-408,12295,2966,1
-9926,-499,12060,2967,1
-9855,-608,12142,2959,1
-9710,-368,12334,2951,1
-9866,-525,12076,2958,1
-9767,-634,12224,2955,1
-9697,-406,12281,2956,1
-9879,-578,12071,2965,1
-9775,-608,12193,2964,1
-9755,-362,12285,2959,1
-9936,-554,12038,2970,1
-9757,-582,12206,2964,1
-9747,-368,12280,2956,1
-9891,-566,12095,2955,1
-9699,-551,12263,2954,1
-9788,-406,12251,2951,1
-9868,-616,12073,2958,1
-9713,-535,12271,2961,1
-9780,-394,12243,2956,1
-9896,-638,12079,2966,1
-9694,-547,12327,2965,1
-9817,-425,12230,2954,1
-9806,-661,12106,2953,1
-9711,-511,12307,2953,1
-9845,-441,12191,2946,1
-9834,-642,12087,2966,1
-9697,-456,12261,2955,1
-9897,-452,12147,2963,1
-9814,-634,12115,2967,1
-9714,-435,12347,2957,1
-9838,-496,12168,2957,1
-9825,-641,12162,2954,1
-9688,-445,12324,2949,1
-9895,-502,12091,2952,1
-9820,-639,12192,2962,1
-9714,-413,12291,2958,1
-9914,-520,12047,2964,1
-9806,-626,12187,2968,1
-9711,-391,12326,2964,1
-9889,-563,12093,2958,1
-9800,-585,12207,2955,1
-9754,-421,12305,2954,1
-9948,-560,12088,2958,1
-9770,-579,12188,2955,1
-9740,-384,12277,2961,1
-9872,-587,12055,2966,1
-9732,-558,12259,2966,1
-9730,-391,12305,2953,1
-9873,-627,12052,2960,1
-9692,-550,12269,2945,1
-9803,-417,12219,2952,1
-9881,-617,12090,2961,1
-9736,-544,12247,2963,1
-9787,-415,12228,2952,1
-9862,-654,12107,2964,1
-9709,-493,12305,2963,1
-9870,-434,12200,2953,1
-9804,-628,12121,2954,1
-9715,-487,12291,2957,1
-9880,-443,12126,2952,1
-9825,-635,12119,2959,1
-9718,-418,12317,2954,1
-9847,-479,12168,2954,1
-9818,-620,12172,2963,1
-9687,-411,12327,2961,1
-9899,-533,12095,2956,1
-9809,-632,12154,2951,1
-9721,-399,12325,2948,1
-9910,-528,12075,2949,1
-9827,-620,12156,2957,1
-9702,-394,12303,2952,1
-9884,-545,12140,2960,1
-9772,-611,12210,2963,1
-9721,-408,12308,2962,1
-9905,-560,12038,2954,1
-9761,-590,12213,2961,1
-9750,-376,12304,2960,1
-9925,-582,12047,2951,1
-9742,-578,12256,2954,1
-9720,-387,12313,2955,1
-9875,-634,12124,2964,1
-9721,-570,12293,2967,1
-9752,-394,12278,2954,1
-9850,-592,12091,2953,1
-9719,-514,12257,2959,1
-9778,-375,12226,2952,1
-9897,-661,12119,2960,1
-9681,-496,12313,2958,1
-9789,-423,12185,2949,1
-9791,-606,12130,2963,1
-9697,-489,12305,2966,1
-9850,-412,12167,2957,1
-9844,-647,12112,2961,1
-9700,-460,12320,2956,1
-9909,-449,12136,2950,1
-9812,-637,12159,2957,1
-9685,-446,12348,2958,1
-9862,-492,12118,2959,1
-9810,-645,12173,2960,1
-9690,-407,12349,2964,1
-9892,-504,12068,2962,1
-9787,-628,12196,2957,1
-9713,-400,12295,2957,1
-9878,-533,12058,2956,1
-9776,-603,12229,2958,1
-9698,-368,12375,2962,1
-9898,-551,12129,2956,1
-9790,-592,12185,2962,1
-9754,-383,12311,2961,1
-9930,-557,12028,2954,1
-9780,-597,12212,2953,1
-9756,-393,12302,2955,1
-9870,-605,12072,2947,1
-9728,-556,12261,2964,1
-9736,-387,12271,2951,1
-9861,-601,12094,2973,1
-9735,-566,12276,2962,1
-9797,-405,12204,2956,1
-9895,-627,12078,2963,1
-9717,-501,12289,2951,1
-9792,-383,12219,2954,1
-9813,-616,12126,2957,1
-9695,-467,12295,2959,1
-9868,-417,12155,2945,1
-9804,-630,12131,2972,1
-9691,-493,12315,2965,1
-9895,-427,12121,2952,1
-9804,-634,12117,2958,1
-9695,-442,12333,2961,1
-9846,-478,12153,2957,1
-9824,-618,12143,2966,1
-9687,-440,12342,2954,1
-9904,-480,12040,2958,1
-9834,-597,12159,2959,1
-9748,-395,12298,2957,1
-9873,-515,12049,2958,1
-9810,-601,12201,2954,1
-9711,-378,12339,2951,1
-9931,-575,12082,2958,1
-9772,-584,12226,2958,1
-9745,-384,12305,2965,1
-9942,-558,11996,2964,1
-9773,-579,12225,2962,1
-9735,-368,12279,2963,1
-9889,-597,12090,2959,1
-9730,-555,12269,2953,1
-9763,-407,12315,2956,1
-9876,-598,12068,2958,1
-9714,-526,12302,2960,1
-9832,-395,12207,2962,1
-9876,-633,12098,2971,1
-9724,-509,12278,2966,1
-9804,-412,12227,2953,1
-9799,-641,12137,2954,1
-9692,-476,12314,2955,1
-9871,-442,12164,2958,1
-9809,-615,12119,2965,1
-9723,-474,12300,2962,1
-9886,-450,12156,2952,1
-9825,-639,12177,2970,1
-9689,-424,12356,2952,1
-9868,-515,12161,2952,1
-9824,-627,12206,2956,1
-9687,-431,12332,2952,1
-9914,-510,12067,2950,1
-9841,-611,12179,2961,1
-9709,-391,12304,2961,1
-9881,-525,12122,2965,1
-9804,-595,12209,2963,1
-9715,-412,12348,2956,1
-9902,-556,12051,2956,1
-9778,-566,12249,2958,1
-9733,-419,12286,2954,1
-9924,-556,12063,2956,1
-9769,-587,12237,2961,1
-9730,-359,12279,2960,1
-9902,-607,12091,2968,1
-9706,-556,12251,2965,1
-9760,-425,12247,2945,1
-9853,-610,12061,2959,1
-9722,-547,12335,2960,1
-9804,-410,12244,2953,1
-9863,-646,12105,2966,1
-9720,-490,12297,2966,1
-9806,-420,12246,2958,1
-9815,-644,12163,2968,1
-9711,-484,12330,2964,1
-9828,-426,12162,2952,1
-9814,-624,12165,2953,1
-9725,-458,12358,2958,1
-9854,-430,12141,2959,1
-9820,-622,12136,2967,1
-9695,-417,12352,2963,1
-9853,-490,12169,2953,1
-9818,-657,12195,2975,1
-9728,-431,12305,2977,1
-9897,-535,12066,2946,1
-9860,-651,12155,2956,1
-9712,-393,12334,2958,1
-9913,-512,12076,2961,1
-9780,-610,12209,2966,1
-9694,-399,12372,2962,1
-9897,-579,12112,2958,1
-9773,-593,12209,2954,1
-9725,-380,12288,2955,1
-9933,-563,12039,2967,1
-9761,-577,12199,2957,1
-9722,-350,12321,2961,1
-9869,-567,12094,2960,1
-9706,-560,12280,2967,1
-9765,-404,12279,2966,1
-9856,-607,12069,2971,1
-9734,-535,12279,2959,1
-9814,-388,12235,2948,1
-9902,-636,12105,2953,1
-9727,-477,12286,2954,1
-9820,-376,12201,2958,1
-9802,-631,12127,2958,1
-9720,-482,12313,2962,1
-9846,-454,12157,2957,1
-9840,-656,12080,2965,1
-9692,-458,12282,2952,1
-9881,-449,12122,2948,1
-9808,-617,12161,2957,1
-9717,-404,12313,2959,1
-9857,-449,12113,2955,1
-9829,-643,12170,2965,1
-9699,-423,12290,2963,1
-9894,-525,12095,2954,1
-9830,-652,12159,2965,1
-9728,-420,12318,2961,1
-9912,-502,12036,2957,1
-9789,-632,12190,2951,1
-9708,-393,12324,2955,1
-9893,-552,12118,2955,1
-9818,-597,12190,2966,1
-9697,-393,12308,2957,1
-9948,-583,12070,2959,1
-9802,-598,12180,2959,1
-9751,-367,12260,2948,1
-9908,-578,12084,2957,1
-9739,-558,12247,2955,1
-9736,-374,12298,2951,1
-9874,-610,12091,2960,1
-9705,-537,12291,2959,1
-9806,-428,12197,2966,1
-9878,-604,12097,2963,1
-9736,-502,12283,2956,1
-9801,-410,12178,2953,1
-9805,-651,12099,2959,1
-9718,-494,12300,2955,1
-9864,-455,12157,2958,1
-9814,-641,12093,2963,1
-9704,-491,12299,2965,1
-9888,-434,12139,2961,1
-9822,-603,12145,2966,1
-9711,-444,12320,2955,1
-9860,-448,12122,2952,1
-9795,-640,12205,2955,1
-9712,-408,12336,2958,1
-9919,-514,12078,2957,1
-9820,-648,12151,2959,1
-9741,-452,12325,2966,1
-9937,-522,12109,2952,1
-9852,-623,12192,2960,1
-9691,-398,12340,2958,1
-9881,-550,12088,2947,1
-9773,-596,12197,2953,1
-9749,-404,12344,2963,1
-9940,-567,12054,2955,1
-9752,-549,12197,2968,1
-9768,-365,12282,2957,1
-9927,-564,12082,2959,1
-9758,-553,12253,2963,1
-9730,-373,12328,2952,1
-9875,-600,12110,2955,1
-9698,-539,12277,2955,1
-9775,-414,12298,2951,1
-9873,-621,12125,2961,1
-9719,-544,12277,2968,1
-9802,-389,12196,2969,1
-9874,-646,12102,2962,1
-9687,-496,12300,2956,1
-9841,-436,12233,2954,1
-9808,-634,12124,2953,1
-9721,-464,12298,2951,1
-9862,-438,12158,2953,1
-9813,-655,12138,2963,1
-9711,-436,12306,2966,1
-9868,-447,12149,2962,1
-9818,-640,12177,2964,1
-9679,-420,12319,2957,1
-9854,-459,12145,2950,1
-9810,-623,12193,2954,1
-9690,-403,12309,2955,1
-9892,-495,12099,2954,1
-9829,-633,12200,2969,1
-9696,-398,12344,2958,1
-9893,-523,12073,2952,1
-9771,-604,12220,2964,1
-9688,-393,12341,2959,1
-9889,-549,12073,2933,1
-9781,-598,12206,2956,1
-9733,-394,12315,2953,1
-9894,-540,12037,2962,1
-9782,-561,12270,2960,1
-9750,-368,12284,2963,1
-9878,-596,12070,2967,1
-9733,-569,12285,2964,1
-9723,-388,12296,2971,1
-9871,-606,12084,2955,1
-9735,-547,12267,2960,1
-9808,-399,12215,2952,1
-9872,-629,12105,2951,1
-9725,-521,12248,2959,1
-9780,-370,12190,2961,1
-9805,-619,12114,2963,1
-9713,-473,12285,2979,1
-9866,-414,12202,2966,1
-9830,-644,12099,2958,1
-9703,-464,12305,2959,1
-9887,-406,12090,2954,1
-9808,-623,12146,2953,1
-9734,-417,12329,2962,1
-9867,-457,12170,2958,1
-9828,-633,12166,2965,1
-9694,-422,12331,2953,1
-9914,-463,12051,2953,1
-9811,-638,12158,2947,1
-9719,-416,12288,2951,1
-9917,-502,12051,2946,1
-9827,-630,12203,2954,1
-9710,-374,12332,2958,1
-9885,-535,12107,2954,1
-9800,-573,12198,2956,1
-9716,-372,12305,2963,1
-9918,-546,12035,2950,1
-9770,-583,12229,2951,1
-9765,-370,12313,2951,1
-9890,-571,12043,2952,1
-9773,-573,12245,2963,1
-9718,-372,12326,2957,1
-9871,-616,12055,2965,1
-9705,-560,12276,2958,1
-9813,-420,12221,2951,1
-9869,-603,12060,2954,1
-9756,-565,12304,2958,1
-9797,-383,12221,2947,1
-9867,-644,12078,2959,1
-9705,-478,12286,2969,1
-9827,-423,12232,2961,1
-9795,-596,12142,2963,1
-9727,-496,12313,2961,1
-9878,-430,12164,2960,1
-9822,-663,12104,2961,1
-9727,-439,12299,2958,1
-9862,-451,12109,2953,1
-9822,-649,12122,2952,1
-9674,-438,12358,2957,1
-9911,-510,12134,2960,1
-9812,-593,12183,2966,1
-9710,-421,12307,2944,1
-9896,-513,12064,2964,1
-9845,-617,12171,2956,1
-9711,-407,12301,2961,1
-9924,-516,12124,2952,1
-9784,-600,12239,2959,1
-9707,-383,12339,2956,1
-9915,-541,12117,2953,1
-9777,-606,12215,2967,1
-9727,-398,12335,2966,1
-9912,-594,12082,2965,1
-9779,-595,12216,2962,1
-9753,-404,12237,2956,1
-9882,-605,12071,2946,1
-9745,-574,12253,2959,1
-9725,-403,12292,2952,1
-9880,-599,12062,2947,1
-9730,-519,12301,2958,1
-9772,-405,12276,2958,1
-9861,-597,12073,2965,1
-9725,-524,12317,2969,1
-9802,-399,12232,2957,1
-9815,-604,12146,2954,1
-9712,-474,12289,2950,1
-9823,-449,12212,2952,1
-9807,-633,12142,2956,1
-9703,-490,12341,2954,1
-9862,-438,12136,2960,1
-9798,-658,12186,2962,1
-9737,-453,12303,2964,1
-9818,-482,12147,2956,1
-9820,-623,12191,2958,1
-9686,-427,12357,2951,1
-9878,-502,12156,2953,1
-9823,-630,12176,2959,1
-9693,-429,12369,2963,1
-9886,-511,12102,2959,1
-9820,-617,12185,2964,1
-9712,-381,12323,2963,1
-9883,-535,12112,2965,1
-9808,-596,12202,2962,1
-9665,-427,12342,2954,1
-9894,-547,12090,2951,1
-9769,-602,12241,2947,1
-9750,-409,12309,2957,1
-9893,-571,12088,2955,1
-9796,-597,12230,2962,1
-9717,-364,12273,2952,1
-9927,-587,12024,2957,1
-9710,-554,12315,2962,1
-9734,-382,12274,2961,1
-9865,-581,12094,2954,1
-9726,-548,12291,2956,1
-9761,-384,12247,2952,1
-9860,-612,12065,2954,1
-9744,-496,12291,2960,1
-9773,-383,12192,2962,1
-9828,-655,12135,2952,1
-9697,-502,12318,2961,1
-9801,-422,12249,2954,1
-9819,-632,12130,2959,1
-9741,-471,12304,2953,1
-9872,-428,12132,2946,1
-9842,-664,12126,2951,1
-9724,-419,12352,2960,1
-9898,-455,12102,2954,1
-9801,-609,12156,2969,1
-9733,-413,12354,2963,1
-9865,-487,12148,2971,1
-9850,-638,12138,2959,1
-9719,-422,12319,2955,1
-9930,-519,12066,2952,1
-9818,-643,12162,2949,1
-9711,-427,12284,2962,1
-9890,-507,12075,2960,1
-9803,-617,12241,2963,1
-9689,-394,12328,2958,1
-9900,-547,12069,2958,1
-9771,-592,12225,2947,1
-9730,-383,12300,2955,1
-9931,-559,12039,2950,1
-9770,-571,12220,2958,1
-9767,-373,12215,2955,1
-9895,-597,12032,2957,1
-9733,-575,12266,2969,1
-9755,-412,12313,2962,1
-9870,-596,12087,2951,1
-9706,-527,12285,2950,1
-9808,-397,12232,2950,1
-9880,-631,12092,2952,1
-9756,-535,12286,2944,1
-9767,-401,12194,2954,1
-9863,-631,12062,2954,1
-9684,-485,12322,2955,1
-9828,-424,12196,2964,1
-9821,-654,12122,2948,1
-9728,-489,12330,2952,1
-9895,-448,12155,2952,1
-9844,-614,12112,2953,1
-9691,-426,12339,2955,1
-9867,-447,12131,2955,1
-9789,-627,12182,2953,1
-9699,-441,12400,2964,1
-9874,-492,12108,2965,1
-9820,-624,12137,2961,1
-9704,-429,12316,2955,1
-9928,-509,12062,2952,1
-9860,-638,12139,2949,1
-9679,-417,12371,2959,1
-9915,-515,12088,2951,1
-9791,-630,12256,2964,1
-9702,-418,12318,2959,1
-9905,-568,12103,2959,1
-9755,-584,12253,2958,1
-9747,-399,12300,2951,1
-9939,-547,12047,2950,1
-9757,-575,12248,2956,1
-9746,-366,12300,2960,1
-9856,-597,12069,2953,1
-9732,-553,12252,2962,1
-9755,-399,12309,2958,1
-9855,-597,12109,2954,1
-9703,-528,12265,2958,1
-9815,-413,12220,2947,1
-9858,-637,12106,2952,1
-9706,-477,12280,2947,1
-9796,-368,12215,2949,1
-9774,-626,12130,2955,1
-9724,-494,12342,2961,1
-9821,-468,12206,2959,1
-9816,-631,12134,2964,1
-9704,-453,12313,2951,1
-9897,-441,12145,2949,1
-9791,-603,12146,2952,1
-9699,-408,12336,2953,1
-9868,-483,12152,2948,1
-9833,-654,12184,2953,1
-9693,-414,12333,2957,1
-9923,-523,12099,2960,1
-9804,-638,12147,2956,1
-9736,-394,12295,2962,1
-9889,-523,12056,2947,1
-9771,-625,12226,2949,1
-9669,-396,12377,2955,1
-9862,-583,12099,2954,1
-9784,-587,12202,2964,1
-9734,-390,12289,2963,1
-9938,-563,12064,2955,1
-9764,-595,12195,2964,1
-9743,-386,12256,2960,1
-9907,-584,12074,2951,1
-9742,-531,12237,2953,1
-9739,-415,12289,2950,1
-9886,-647,12074,2950,1
-9717,-556,12297,2956,1
-9783,-440,12189,2955,1
-9861,-618,12090,2952,1
-9753,-509,12253,2959,1
-9786,-404,12192,2951,1
-9847,-655,12146,2951,1
-9699,-462,12296,2955,1
-9830,-437,12188,2945,1
-9791,-608,12100,2947,1
-9711,-468,12290,2954,1
-9871,-421,12143,2958,1
-9849,-649,12131,2960,1
-9726,-417,12362,2963,1
-9848,-461,12144,2949,1
-9802,-631,12152,2951,1
-9676,-414,12356,2961,1
-9894,-488,12115,2952,1
-9816,-648,12190,2955,1
-9699,-428,12313,2962,1
-9897,-493,12013,2961,1
-9823,-585,12187,2970,1
-9696,-387,12314,2960,1
-9903,-562,12071,2956,1
-9803,-608,12217,2950,1
-9749,-404,12286,2954,1
-9936,-554,12049,2954,1
-9787,-616,12215,2953,1
-9745,-401,12279,2949,1
-9931,-554,12017,2968,1
-9754,-591,12241,2967,1
-9754,-380,12256,2964,1
-9855,-592,12097,2960,1
-9719,-543,12277,2953,1
-9783,-411,12241,2947,1
-9859,-600,12067,2950,1
-9737,-526,12299,2959,1
-9796,-367,12209,2960,1
-9865,-667,12098,2951,1
-9720,-520,12322,2969,1
-9821,-384,12234,2966,1
-9808,-608,12123,2956,1
-9725,-475,12271,2953,1
-9833,-423,12163,2957,1
-9839,-644,12096,2950,1
-9711,-476,12314,2963,1
-9899,-452,12130,2958,1
-9792,-618,12140,2960,1
-9699,-448,12310,2966,1
-9871,-493,12135,2954,1
-9832,-650,12175,2958,1
-9678,-428,12351,2953,1
-9894,-483,12049,2953,1
-9810,-630,12167,2950,1
-9729,-425,12300,2960,1
-9905,-517,12064,2964,1
-9797,-619,12215,2967,1
-9687,-384,12355,2964,1
-9898,-534,12095,2964,1
-9793,-586,12225,2957,1
-9754,-401,12301,2965,1
-9919,-543,12047,2953,1
-9760,-602,12253,2960,1
-9762,-410,12300,2961,1
-9877,-585,12077,2959,1
-9748,-564,12224,2966,1
-9724,-387,12300,2981,1
-9866,-585,12094,2968,1
-9706,-543,12252,2970,1
-9791,-418,12251,2969,1
-9851,-638,12092,2957,1
-9756,-562,12285,2970,1
-9782,-396,12203,2964,1
-9762,-520,12276,2965,1
-9802,-415,12212,2976,1
-9811,-626,12111,2970,1
-9696,-477,12329,2977,1
-9856,-426,12155,2980,1
-9778,-627,12117,2959,1
-9729,-478,12268,2963,1
-9875,-465,12107,2964,1
-9848,-640,12125,2968,1
-9715,-424,12327,2961,1
-9860,-465,12129,2972,1
-9802,-603,12194,2967,1
-9713,-439,12341,2973,1
-9892,-503,12062,2976,1
-9832,-668,12150,2967,1
-9726,-429,12259,2962,1
-9907,-524,12053,2960,1
-9818,-590,12193,2960,1
-9701,-383,12304,2967,1
-9907,-538,12085,2963,1
-9774,-574,12212,2969,1
-9722,-400,12293,2973,1
-9918,-576,12026,2968,1
-9783,-606,12225,2970,1
-9766,-382,12268,2964,1
-9910,-593,12063,2965,1
-9757,-548,12261,2956,1
-9726,-393,12321,2968,1
-9876,-579,12096,2967,1
-9714,-546,12250,2965,1
-9760,-412,12273,2971,1
-9879,-621,12045,2971,1
-9725,-537,12319,2967,1
-9781,-416,12223,2969,1
-9846,-623,12090,2967,1
-9724,-478,12304,2959,1
-9796,-405,12274,2963,1
-9783,-618,12159,2971,1
-9726,-499,12323,2965,1
-9838,-443,12186,2977,1
-9826,-666,12175,2972,1
-9725,-438,12289,2967,1
-9858,-454,12154,2970,1
-9796,-632,12159,2968,1
-9689,-414,12347,2962,1
-9870,-488,12126,2967,1
-9839,-648,12165,2965,1
-9688,-397,12322,2972,1
-9905,-514,12048,2978,1
-9816,-632,12157,2968,1
-9708,-381,12321,2975,1
-9901,-514,12090,2960,1
-9806,-617,12216,2968,1
-9679,-387,12343,2957,1
-9908,-556,12083,2963,1
-9752,-604,12224,2962,1
-9746,-410,12277,2966,1
-9934,-563,12046,2969,1
-9790,-615,12277,2978,1
-9728,-365,12322,2967,1
-9860,-609,12100,2965,1
-9709,-564,12265,2962,1
-9742,-376,12319,2967,1
-9889,-610,12079,2961,1
-9724,-551,12262,2969,1
-9805,-385,12215,2970,1
-9864,-623,12117,2973,1
-9737,-522,12299,2970,1
-9759,-379,12254,2973,1
-9808,-624,12127,2963,1
-9669,-492,12332,2963,1
-9853,-428,12200,2965,1
-9823,-651,12132,2980,1
-9716,-493,12316,2964,1
-9863,-412,12124,2976,1
-9852,-641,12089,2970,1
-9686,-435,12350,2963,1
-9884,-475,12112,2968,1
-9797,-625,12169,2961,1
-9716,-424,12338,2962,1
-9896,-477,12079,2965,1
-9805,-650,12143,2962,1
-9706,-391,12284,2970,1
-9914,-500,12108,2968,1
-9838,-591,12146,2971,1
-9682,-391,12324,2974,1
-9931,-531,12072,2969,1
-9796,-605,12191,2966,1
-9707,-420,12320,2965,1
-9882,-554,12054,2969,1
-9802,-595,12199,2961,1
-9792,-399,12268,2968,1
-9944,-581,12067,2968,1
-9745,-576,12241,2976,1
-9748,-409,12287,2973,1
-9866,-588,12075,2963,1
-9710,-544,12271,2963,1
-9791,-390,12260,2965,1
-9864,-598,12076,2970,1
-9731,-529,12253,2963,1
-9817,-398,12202,2969,1
-9889,-619,12087,2965,1
-9713,-487,12273,2966,1
-9814,-413,12213,2969,1
-9799,-629,12166,2969,1
-9721,-490,12333,2962,1
-9842,-419,12140,2958,1
-9811,-658,12103,2965,1
-9699,-468,12316,2972,1
-9892,-467,12125,2972,1
-9829,-643,12163,2968,1
-9703,-446,12352,2965,1
-9868,-475,12145,2974,1
-9847,-634,12166,2965,1
-9686,-415,12346,2955,1
-9916,-506,12091,2965,1
-9845,-602,12179,2958,1
-9739,-412,12336,2958,1
-9914,-508,12030,2964,1
-9824,-637,12189,2970,1
-9700,-369,12328,2959,1
-9906,-561,12100,2967,1
-9775,-578,12195,2963,1
-9738,-415,12277,2961,1
-9922,-574,12066,2971,1
-9793,-603,12210,2962,1
-9779,-383,12262,2962,1
-9917,-585,12072,2966,1
-9723,-582,12273,2966,1
-9721,-366,12332,2964,1
-9873,-584,12074,2969,1
-9706,-530,12265,2963,1
-9800,-409,12242,2967,1
-9876,-623,12082,2963,1
-9746,-536,12272,2949,1
-9810,-425,12210,2959,1
-9851,-657,12068,2964,1
-9698,-480,12321,2962,1
-9823,-431,12231,2968,1
-9801,-646,12145,2972,1
-9702,-487,12300,2962,1
-9839,-475,12165,2969,1
-9830,-661,12151,2965,1
-9681,-449,12300,2960,1
-9861,-479,12133,2966,1
-9794,-622,12182,2974,1
-9698,-431,12372,2958,1
-9865,-483,12149,2969,1
-9827,-611,12199,2964,1
-9691,-417,12331,2968,1
-9892,-538,12093,2965,1
-9853,-618,12185,2962,1
-9678,-400,12339,2957,1
-9892,-553,12075,2958,1
-9771,-621,12222,2961,1
-9692,-392,12352,2962,1
-9894,-550,12151,2970,1
-9786,-634,12248,2966,1
-9722,-384,12329,2960,1
-9915,-563,12085,2963,1
-9755,-574,12221,2959,1
-9764,-370,12270,2954,1
-9902,-578,12054,2953,1
-9731,-558,12270,2960,1
-9750,-361,12264,2974,1
-9842,-629,12075,2965,1
-9718,-560,12263,2968,1
-9778,-407,12236,2963,1
-9891,-653,12048,2972,1
-9733,-495,12306,2961,1
-9793,-382,12270,2961,1
-9797,-623,12119,2960,1
-9709,-469,12318,2960,1
-9815,-438,12173,2966,1
-9843,-654,12111,2970,1
-9678,-463,12305,2961,1
-9873,-449,12132,2968,1
-9802,-643,12125,2966,1
-9729,-453,12362,2960,1
-9830,-464,12158,2961,1
-9798,-638,12139,2963,1
-9712,-433,12331,2955,1
-9887,-521,12089,2965,1
-9836,-632,12177,2965,1
-9737,-445,12302,2958,1
-9900,-480,12048,2965,1
-9811,-624,12161,2958,1
-9689,-395,12318,2959,1
-9846,-546,12109,2953,1
-9791,-610,12172,2958,1
-9732,-396,12288,2953,1
-9901,-599,12049,2960,1
-9779,-579,12213,2960,1
-9768,-376,12239,2961,1
-9923,-589,12037,2962,1
-9785,-604,12219,2951,1
-9733,-373,12287,2947,1
-9878,-582,12090,2958,1
-9729,-542,12262,2954,1
-9811,-414,12236,2959,1
-9879,-625,12100,2957,1
-9730,-556,12269,2960,1
-9805,-367,12219,2960,1
-9870,-612,12053,2957,1
-9721,-485,12306,2961,1
-9841,-422,12213,2951,1
-9825,-629,12127,2948,1
-9726,-510,12290,2946,1
-9851,-464,12136,2960,1
-9844,-651,12096,2962,1
-9692,-463,12314,2956,1
-9880,-457,12157,2955,1
-9803,-633,12180,2959,1
-9699,-409,12380,2954,1
-9886,-500,12068,2956,1
-9830,-653,12142,2952,1
-9730,-431,12262,2944,1
-9904,-532,12063,2959,1
-9831,-605,12189,2951,1
-9722,-405,12311,2950,1
-9895,-524,12071,2955,1
-9766,-588,12196,2950,1
-9723,-401,12315,2947,1
-9912,-584,12045,2951,1
-9776,-602,12197,2951,1
-9751,-363,12287,2952,1
-9978,-558,12063,2960,1
-9754,-585,12246,2959,1
-9712,-345,12287,2958,1
-9875,-561,12067,2960,1
-9719,-545,12268,2954,1
-9767,-407,12298,2951,1
-9841,-623,12095,2956,1
-9715,-544,12251,2947,1
-9797,-397,12218,2956,1
-9881,-618,12099,2957,1
-9694,-503,12310,2954,1
-9807,-427,12225,2959,1
-9811,-643,12176,2960,1
-9740,-477,12294,2952,1
-9855,-448,12194,2950,1
-9845,-652,12103,2946,1
-9718,-469,12316,2954,1
-9877,-445,12156,2956,1
-9795,-618,12184,2958,1
-9715,-423,12334,2955,1
-9848,-478,12120,2958,1
-9842,-628,12173,2960,1
-9701,-415,12357,2951,1
-9904,-499,12093,2950,1
-9837,-615,12184,2948,1
-9722,-411,12341,2943,1
-9872,-530,12070,2953,1
-9779,-605,12189,2956,1
-9716,-385,12323,2954,1
-9877,-552,12133,2960,1
-9764,-585,12222,2949,1
-9713,-372,12299,2944,1
-9931,-559,12071,2948,1
-9772,-580,12238,2946,1
-9746,-359,12286,2947,1
-9871,-596,12084,2950,1
-9732,-541,12264,2950,1
-9744,-393,12251,2952,1
-9875,-606,12057,2956,1
-9699,-549,12243,2944,1
-9812,-396,12213,2950,1
-9846,-617,12145,2946,1
-9735,-480,12309,2948,1
-9798,-378,12228,2958,1
-9792,-644,12145,2954,1
-9735,-484,12294,2956,1
-9837,-455,12169,2956,1
-9821,-664,12126,2955,1
-9734,-465,12325,2946,1
-9876,-420,12127,2948,1
-9799,-600,12125,2944,1
-9689,-400,12352,2949,1
-9867,-470,12107,2952,1
-9818,-649,12157,2959,1
-9693,-427,12316,2952,1
-9903,-541,12057,2958,1
-9835,-622,12175,2942,1
-9739,-397,12306,2946,1
-9874,-526,12086,2950,1
-9790,-601,12246,2949,1
-9697,-390,12331,2943,1
-9911,-572,12091,2958,1
-9769,-604,12206,2952,1
-9740,-388,12303,2957,1
-9920,-539,12064,2957,1
-9777,-612,12186,2959,1
-9750,-385,12270,2942,1
-9911,-567,12019,2947,1
-9743,-548,12230,2953,1
-9765,-400,12267,2949,1
-9876,-645,12080,2954,1
-9707,-543,12260,2980,1
-9792,-399,12251,2957,1
-9883,-609,12104,2956,1
-9741,-525,12245,2945,1
-9792,-377,12228,2940,1
-9832,-648,12105,2957,1
-9690,-471,12346,2943,1
-9846,-428,12192,2951,1
-9807,-621,12156,2958,1
-9713,-466,12304,2954,1
-9865,-432,12142,2950,1
-9846,-634,12093,2957,1
-9709,-428,12333,2947,1
-9865,-451,12153,2953,1
-9799,-633,12190,2953,1
-9706,-441,12346,2952,1
-9883,-518,12091,2954,1
-9847,-647,12161,2957,1
-9721,-411,12295,2949,1
-9901,-503,12065,2962,1
-9806,-651,12159,2953,1
-9721,-421,12321,2947,1
-9886,-544,12080,2951,1
-9771,-615,12204,2948,1
-9747,-404,12291,2943,1
-9909,-550,12062,2958,1
-9764,-589,12174,2955,1
-9742,-397,12302,2949,1
-9929,-563,12033,2953,1
-9752,-599,12250,2953,1
-9742,-386,12237,2953,1
-9856,-606,12138,2951,1
-9735,-558,12282,2947,1
-9769,-405,12312,2941,1
-9871,-578,12091,2946,1
-9703,-526,12310,2943,1
-9799,-396,12216,2951,1
-9861,-649,12090,2954,1
-9733,-521,12237,2952,1
-9769,-400,12229,2947,1
-9812,-621,12140,2950,1
-9721,-465,12293,2949,1
-9863,-450,12175,2952,1
-9825,-597,12132,2954,1
-9698,-447,12299,2947,1
-9868,-453,12126,2958,1
-9834,-641,12152,2953,1
-9712,-438,12325,2953,1
-9849,-478,12145,2952,1
-9840,-622,12143,2953,1
-9684,-433,12353,2947,1
-9876,-498,12092,2952,1
-9793,-627,12198,2949,1
-9718,-408,12332,2951,1
-9897,-504,12057,2955,1
-9809,-618,12167,2954,1
-9684,-385,12340,2953,1
-9901,-541,12087,2951,1
-9769,-568,12232,2949,1
-9727,-393,12299,2947,1
-9920,-553,12050,2949,1
-9769,-585,12228,2949,1
-9776,-387,12264,2947,1
-9906,-595,12083,2956,1
-9720,-573,12250,2960,1
-9691,-389,12277,2947,1
-9866,-601,12068,2958,1
-9691,-539,12287,2949,1
-9784,-442,12253,2942,1
-9859,-637,12084,2944,1
-9753,-519,12282,2940,1
-9770,-378,12211,2966,1
-9841,-645,12100,2978,1
-9682,-450,12300,2960,1
-9809,-419,12207,2959,1
-9791,-617,12150,2963,1
-9710,-466,12307,2950,1
-9852,-423,12143,2953,1
-9849,-650,12112,2951,1
-9697,-437,12309,2949,1
-9832,-451,12134,2953,1
-9806,-641,12163,2955,1
-9667,-392,12354,2960,1
-9897,-483,12108,2967,1
-9820,-642,12144,2952,1
-9701,-406,12323,2956,1
-9883,-521,12070,2946,1
-9838,-626,12146,2952,1
-9705,-388,12315,2950,1
-9913,-546,12034,2953,1
-9762,-579,12254,2963,1
-9716,-383,12324,2957,1
-9925,-550,12034,2961,1
-9805,-591,12214,2954,1
-9773,-367,12271,2943,1
-9912,-585,12054,2956,1
-9767,-602,12229,2950,1
-9724,-393,12290,2954,1
-9862,-615,12095,2956,1
-9716,-571,12253,2963,1
-9777,-397,12222,2958,1
-9879,-600,12072,2958,1
-9723,-549,12252,2955,1
-9817,-413,12208,2942,1
-9877,-655,12076,2949,1
-9693,-475,12314,2943,1
-9804,-405,12202,2948,1
-9802,-613,12110,2955,1
-9720,-478,12315,2952,1
-9849,-439,12157,2953,1
-9834,-655,12129,2956,1
-9678,-446,12332,2946,1
-9892,-463,12140,2945,1
-9828,-657,12165,2947,1
-9712,-409,12317,2951,1
-9873,-470,12134,2956,1
-9852,-632,12156,2958,1
-9709,-408,12335,2953,1
-9913,-485,12043,2953,1
-9817,-641,12171,2947,1
-9738,-411,12298,2951,1
-9912,-507,12064,2950,1
-9771,-612,12194,2952,1
-9700,-375,12355,2948,1
-9890,-565,12067,2950,1
-9777,-593,12231,2953,1
-9745,-380,12318,2954,1
-9913,-558,12027,2962,1
-9783,-588,12196,2953,1
-9760,-391,12256,2944,1
-9856,-598,12074,2950,1
-9693,-566,12277,2950,1
-9744,-388,12315,2945,1
-9885,-585,12065,2956,1
-9705,-546,12281,2955,1
-9798,-399,12213,2952,1
-9875,-648,12076,2955,1
-9753,-527,12315,2953,1
-9775,-398,12240,2943,1
-9806,-610,12131,2948,1
-9698,-487,12287,2947,1
-9842,-440,12149,2948,1
-9784,-649,12120,2950,1
-9724,-476,12289,2951,1
-9867,-440,12140,2954,1
-9846,-660,12155,2948,1
-9697,-444,12317,2946,1
-9844,-499,12137,2951,1
-9817,-596,12160,2949,1
-9697,-436,12367,2944,1
-9902,-517,12087,2950,1
-9826,-642,12219,2956,1
-9733,-444,12288,2954,1
-9905,-553,12079,2957,1
-9806,-613,12187,2960,1
-9692,-383,12328,2948,1
-9917,-532,12049,2955,1
-9751,-584,12189,2949,1
-9737,-406,12290,2947,1
-9901,-568,12046,2952,1
-9786,-601,12219,2954,1
-9746,-410,12313,2952,1
-9890,-598,12079,2965,1
-9708,-554,12276,2954,1
-9756,-405,12266,2942,1
-9888,-602,12096,2946,1
-9688,-537,12288,2945,1
-9775,-414,12272,2950,1
-9854,-618,12112,2949,1
-9738,-512,12296,2953,1
-9769,-410,12207,2952,1
-9824,-628,12104,2959,1
-9688,-463,12315,2952,1
-9826,-424,12181,2942,1
-9785,-634,12138,2946,1
-9718,-465,12297,2950,1
-9871,-443,12124,2942,1
-9833,-668,12146,2958,1
-9704,-446,12323,2950,1
-9850,-474,12179,2952,1
-9809,-615,12164,2946,1
-9717,-428,12329,2943,1
-9876,-493,12062,2943,1
-9819,-636,12144,2946,1
-9723,-416,12339,2952,1
-9909,-511,12057,2956,1
-9802,-627,12190,2954,1
-9692,-384,12314,2957,1
-9886,-525,12103,2951,1
-9802,-580,12214,2952,1
-9742,-381,12295,2941,1
-9904,-539,12025,2950,1
-9784,-574,12226,2942,1
-9736,-353,12269,2950,1
-9890,-608,12079,2957,1
-9706,-561,12286,2960,1
-9775,-393,12264,2947,1
-9846,-605,12102,2949,1
-9712,-538,12255,2949,1
-9788,-364,12206,2946,1
-9873,-614,12047,2950,1
-9704,-501,12289,2953,1
-9792,-401,12194,2964,1
-9777,-626,12150,2957,1
-9729,-480,12342,2955,1
-9873,-422,12194,2947,1
-9846,-632,12107,2949,1
-9723,-473,12295,2951,1
-9860,-458,12131,2957,1
-9830,-618,12159,2952,1
-9713,-435,12339,2953,1
-9859,-522,12089,2954,1
-9796,-612,12146,2960,1
-9705,-419,12291,2941,1
-9893,-509,12064,2949,1
-9864,-614,12133,2949,1
-9694,-386,12319,2946,1
-9893,-502,12079,2957,1
-9766,-593,12215,2956,1
-9714,-364,12301,2960,1
-9913,-566,12061,2954,1
-9763,-596,12146,2953,1
-9751,-394,12262,2947,1
-9965,-554,11999,2949,1
-9750,-588,12240,2945,1
-9734,-371,12295,2941,1
-9860,-559,12062,2952,1
-9745,-559,12259,2959,1
-9784,-403,12239,2945,1
-9872,-636,12088,2956,1
-9737,-550,12280,2945,1
-9809,-396,12197,2939,1
-9851,-617,12080,2949,1
-9714,-487,12317,2949,1
-9833,-435,12197,2946,1
-9819,-636,12144,2958,1
-9705,-468,12291,2954,1
-9852,-427,12154,2945,1
-9840,-637,12099,2949,1
-9711,-440,12343,2941,1
-9884,-454,12140,2942,1
-9817,-609,12139,2947,1
-9721,-446,12311,2948,1
-9882,-529,12129,2952,1
-9854,-649,12148,2957,1
-9698,-430,12302,2951,1
-9924,-532,12060,2958,1
-9780,-618,12197,2960,1
-9718,-382,12320,2945,1
-9889,-527,12092,2945,1
-9806,-589,12174,2948,1
-9698,-395,12306,2956,1
-9908,-594,12044,2954,1
-9763,-572,12212,2956,1
-9742,-391,12267,2950,1
-9925,-588,12058,2950,1
-9723,-557,12271,2952,1
-9723,-377,12335,2949,1
-9863,-609,12099,2950,1
-9721,-533,12286,2952,1
-9774,-378,12254,2952,1
-9885,-624,12080,2963,1
-9693,-521,12251,2950,1
-9776,-414,12205,2940,1
-9802,-659,12133,2950,1
-9724,-478,12337,2951,1
-9825,-410,12198,2948,1
-9806,-657,12143,2956,1
-9714,-484,12300,2957,1
-9864,-491,12152,2951,1
-9838,-642,12167,2951,1
-9701,-447,12394,2945,1
-9854,-461,12168,2949,1
-9788,-638,12173,2945,1
-9719,-418,12326,2953,1
-9884,-508,12072,2955,1
-9819,-613,12182,2961,1
-9710,-393,12296,2946,1
-9909,-546,12087,2950,1
-9768,-609,12202,2955,1
-9710,-400,12330,2951,1
-9880,-555,12075,2943,1
-9798,-603,12204,2951,1
-9755,-367,12321,2947,1
-9934,-575,12093,2945,1
-9761,-573,12233,2953,1
-9749,-406,12298,2953,1
-9863,-614,12116,2953,1
-9696,-563,12273,2944,1
-9750,-370,12257,2941,1
-9847,-612,12097,2944,1
-9731,-499,12278,2955,1
-9792,-386,12228,2952,1
-9846,-604,12068,2964,1
-9709,-467,12312,2957,1
-9823,-406,12230,2950,1
-9780,-646,12128,2950,1
-9701,-510,12306,2949,1
-9880,-428,12172,2942,1
-9844,-665,12141,2950,1
-9737,-462,12311,2954,1
-9900,-459,12130,2955,1
-9797,-623,12184,2956,1
-9687,-407,12326,2949,1
-9893,-482,12103,2943,1
-9849,-641,12136,2949,1
-9732,-401,12346,2944,1
-9926,-526,12063,2945,1
-9813,-617,12204,2949,1
-9703,-390,12325,2953,1
-9917,-512,12081,2948,1
-9796,-612,12211,2951,1
-9710,-396,12360,2945,1
-9923,-561,12077,2941,1
-9800,-628,12223,2944,1
-9773,-382,12305,2940,1
-9908,-562,12056,2950,1
-9733,-570,12247,2947,1
-9733,-370,12311,2949,1
-9857,-584,12064,2951,1
-9727,-582,12252,2947,1
-9767,-418,12260,2945,1
-9888,-618,12043,2951,1
-9723,-504,12253,2956,1
-9796,-395,12197,2941,1
-9829,-633,12109,2949,1
-9731,-490,12265,2956,1
-9802,-419,12170,2945,1
-9814,-607,12094,2948,1
-9715,-486,12291,2948,1
-9866,-445,12130,2945,1
-9828,-640,12131,2953,1
-9738,-452,12296,2948,1
-9874,-468,12110,2943,1
-9821,-603,12167,2959,1
-9696,-432,12322,2950,1
-9867,-497,12110,2944,1
-9800,-666,12169,2956,1
-9722,-423,12306,2945,1
-9919,-526,12052,2936,1
-9835,-630,12153,2945,1
-9704,-389,12334,2950,1
-9878,-530,12123,2947,1
-9801,-606,12214,2949,1
-9710,-395,12356,2947,1
-9925,-553,12075,2941,1
-9762,-595,12225,2941,1
-9773,-410,12236,2943,1
-9887,-606,12075,2940,1
-9732,-564,12285,2947,1
-9744,-388,12297,2949,1
-9868,-592,12066,2949,1
-9695,-536,12302,2955,1
-9786,-410,12239,2949,1
-9876,-619,12036,2942,1
-9749,-545,12274,2942,1
-9800,-396,12241,2943,1
-9807,-620,12169,2948,1
-9703,-470,12314,2952,1
-9829,-432,12196,2954,1
-9805,-628,12112,2956,1
-9697,-476,12296,2948,1
-9894,-451,12169,2938,1
-9819,-632,12154,2943,1
-9712,-439,12311,2940,1
-9845,-489,12182,2944,1
-9841,-625,12164,2955,1
-9690,-424,12331,2949,1
-9906,-508,12080,2946,1
-9804,-633,12163,2947,1
-9720,-403,12338,2940,1
-9877,-537,12103,2940,1
-9806,-616,12206,2950,1
-9696,-375,12344,2938,1
-9909,-557,12096,2940,1
-9750,-574,12245,2940,1
-9720,-402,12323,2967,1
-9911,-572,12087,2945,1
-9759,-582,12257,2946,1
-9723,-362,12293,2936,1
-9839,-622,12105,2948,1
-9723,-554,12281,2943,1
-9774,-418,12274,2948,1
-9851,-600,12084,2948,1
-9726,-512,12307,2950,1
-9815,-403,12225,2944,1
-9837,-624,12102,2946,1
-9695,-480,12307,2944,1
-9794,-429,12222,2941,1
-9822,-634,12109,2944,1
-9692,-495,12309,2948,1
-9859,-449,12113,2950,1
-9867,-641,12132,2942,1
-9705,-437,12311,2945,1
-9867,-450,12120,2932,1
-9807,-636,12184,2944,1
-9671,-410,12315,2955,1
-9871,-495,12092,2939,1
-9815,-625,12170,2946,1
-9728,-463,12320,2947,1
-9922,-520,12090,2942,1
-9801,-633,12210,2948,1
-9697,-409,12321,2939,1
-9870,-525,12101,2935,1
-9805,-606,12232,2950,1
-9715,-420,12306,2939,1
-9922,-578,12049,2943,1
-9773,-609,12228,2948,1
-9762,-386,12306,2947,1
-9879,-551,12056,2943,1
-9737,-562,12244,2946,1
-9721,-390,12300,2935,1
-9896,-607,12041,2941,1
-9716,-562,12217,2944,1
-9808,-414,12212,2943,1
-9884,-629,12056,2944,1
-9736,-542,12264,2949,1
-9793,-396,12241,2938,1
-9819,-614,12071,2941,1
-9703,-472,12294,2939,1
-9855,-424,12155,2941,1
-9817,-611,12138,2943,1
-9751,-458,12307,2948,1
-9882,-458,12140,2949,1
-9814,-630,12164,2946,1
-9710,-417,12365,2942,1
-9843,-467,12122,2945,1
-9835,-641,12178,2941,1
-9733,-392,12305,2936,1
-9913,-487,12082,2935,1
-9827,-581,12185,2947,1
-9742,-402,12315,2950,1
-9895,-523,12087,2945,1
-9790,-634,12208,2945,1
-9692,-395,12336,2939,1
-9926,-594,12040,2934,1
-9785,-609,12202,2938,1
-9794,-410,12266,2946,1
-9878,-596,12025,2941,1
-9747,-578,12223,2951,1
-9719,-374,12305,2943,1
-9883,-582,12082,2943,1
-9715,-552,12232,2943,1
-9774,-385,12228,2936,1
-9891,-626,12106,2936,1
-9732,-509,12251,2944,1
-9803,-407,12219,2946,1
-9819,-613,12116,2952,1
-9706,-496,12304,2945,1
-9852,-407,12239,2939,1
-9821,-622,12100,2939,1
-9686,-502,12321,2941,1
-9880,-441,12159,2940,1
-9826,-660,12137,2947,1
-9716,-445,12303,2946,1
-9859,-470,12156,2940,1
-9839,-602,12120,2945,1
-9691,-415,12316,2948,1
-9913,-515,12094,2944,1
-9808,-615,12178,2941,1
-9732,-389,12320,2941,1
-9911,-546,12096,2938,1
-9782,-609,12243,2950,1
-9692,-370,12351,2952,1
-9914,-531,12095,2939,1
-9758,-594,12212,2942,1
-9720,-404,12349,2941,1
-9914,-567,12029,2931,1
-9761,-612,12244,2936,1
-9724,-373,12275,2938,1
-9867,-624,12080,2943,1
-9694,-567,12255,2947,1
-9756,-421,12299,2938,1
-9889,-610,12079,2940,1
-9722,-528,12292,2939,1
-9794,-402,12208,2939,1
-9837,-664,12077,2944,1
-9727,-492,12286,2947,1
-9786,-413,12220,2943,1
-9815,-644,12125,2951,1
-9718,-471,12335,2948,1
-9893,-438,12133,2939,1
-9837,-652,12139,2944,1
-9695,-450,12330,2949,1
-9858,-456,12137,2937,1
-9805,-635,12167,2945,1
-9680,-418,12321,2947,1
-9873,-532,12107,2946,1
-9837,-641,12191,2948,1
-9703,-426,12327,2943,1
-9930,-516,12054,2938,1
-9790,-623,12131,2946,1
-9704,-400,12349,2942,1
-9850,-557,12103,2939,1
-9768,-612,12196,2949,1
-9733,-376,12333,2951,1
-9941,-568,12014,2944,1
-9763,-586,12230,2946,1
-9751,-384,12277,2945,1
-9882,-564,12079,2934,1
-9702,-569,12272,2949,1
-9732,-386,12272,2931,1
-9868,-625,12117,2958,1
-9704,-540,12262,2958,1
-9793,-395,12226,2944,1
-9884,-637,12106,2937,1
-9723,-511,12333,2944,1
-9789,-356,12169,2936,1
-9807,-632,12124,2941,1
-9729,-500,12331,2944,1
-9830,-423,12187,2954,1
-9832,-633,12133,2959,1
-9720,-441,12290,2952,1
-9887,-458,12114,2943,1
-9788,-616,12191,2941,1
-9689,-395,12331,2943,1
-9878,-470,12106,2938,1
-9848,-634,12158,2962,1
-9706,-390,12286,2950,1
-9941,-510,12031,2947,1
-9824,-628,12197,2952,1
-9712,-410,12301,2948,1
-9910,-506,12062,2939,1
-9827,-620,12208,2946,1
-9726,-392,12323,2945,1
-9911,-564,12003,2946,1
-9804,-591,12186,2952,1
-9762,-394,12248,2949,1
-9934,-567,12029,2941,1
-9733,-577,12260,2944,1
-9754,-394,12267,2937,1
-9908,-571,12085,2938,1
-9753,-562,12260,2945,1
-9761,-403,12233,2940,1
-9898,-626,12062,2946,1
-9733,-507,12288,2950,1
-9833,-399,12205,2949,1
-9804,-616,12111,2945,1
-9709,-460,12273,2942,1
-9844,-452,12125,2938,1
-9863,-691,12083,2948,1
-9730,-491,12291,2946,1
-9900,-448,12096,2954,1
-9847,-632,12124,2949,1
-9700,-431,12303,2945,1
-9885,-486,12097,2930,1
-9824,-613,12169,2941,1
-9702,-419,12313,2938,1
-9874,-474,12089,2939,1
-9824,-629,12175,2939,1
-9716,-395,12303,2945,1
-9907,-519,12049,2944,1
-9784,-596,12173,2947,1
-9708,-375,12337,2942,1
-9899,-530,12048,2930,1
-9779,-603,12178,2957,1
-9736,-409,12274,2943,1
-9961,-594,12042,2940,1
-9780,-588,12238,2951,1
-9733,-362,12269,2950,1
-9887,-579,12101,2939,1
-9714,-551,12255,2949,1
-9768,-385,12282,2937,1
-9887,-611,12051,2936,1
-9720,-531,12258,2937,1
-9831,-393,12186,2937,1
-9855,-656,12080,2939,1
-9702,-515,12288,2949,1
-9832,-423,12220,2940,1
-9800,-625,12119,2936,1
-9716,-486,12341,2936,1
-9856,-444,12131,2939,1
-9845,-675,12118,2938,1
-9701,-431,12285,2942,1
-9848,-486,12143,2944,1
-9803,-629,12186,2944,1
-9703,-403,12350,2944,1
-9883,-504,12150,2940,1
-9827,-652,12147,2938,1
-9698,-424,12320,2940,1
-9934,-538,12024,2942,1
-9832,-612,12202,2945,1
-9726,-395,12325,2952,1
-9883,-566,12090,2938,1
-9794,-611,12218,2941,1
-9732,-362,12329,2945,1
-9923,-576,12043,2946,1
-9768,-572,12270,2944,1
-9728,-372,12304,2943,1
-9897,-595,12096,2938,1
-9712,-556,12310,2944,1
-9755,-385,12297,2946,1
-9852,-626,12082,2943,1
-9713,-536,12342,2942,1
-9772,-380,12236,2936,1
-9877,-623,12070,2934,1
-9691,-496,12272,2947,1
-9807,-403,12215,2938,1
-9799,-628,12113,2942,1
-9726,-473,12303,2948,1
-9828,-443,12147,2942,1
-9836,-666,12111,2945,1
-9703,-456,12300,2944,1
-9874,-421,12122,2940,1
-9811,-645,12152,2936,1
-9684,-424,12355,2948,1
-9861,-494,12143,2941,1
-9806,-646,12185,2953,1
-9687,-407,12288,2946,1
-9905,-535,12074,2939,1
-9816,-622,12179,2940,1
-9693,-426,12325,2949,1
-9903,-513,12069,2943,1
-9754,-601,12203,2948,1
-9728,-387,12330,2951,1
-9913,-568,12021,2943,1
-9772,-578,12199,2951,1
-9735,-403,12299,2941,1
-9945,-575,12017,2934,1
-9697,-567,12233,2945,1
-9738,-371,12306,2949,1
-9866,-567,12067,2936,1
-9746,-542,12242,2950,1
-9776,-360,12241,2942,1
-9878,-641,12034,2937,1
-9708,-491,12293,2943,1
-9822,-413,12175,2935,1
-9784,-659,12117,2935,1
-9711,-499,12331,2943,1
-9856,-431,12135,2947,1
-9814,-662,12164,2952,1
-9729,-450,12321,2947,1
-9875,-446,12079,2940,1
-9804,-611,12127,2943,1
-9687,-402,12351,2937,1
-9884,-477,12097,2938,1
-9821,-634,12141,2942,1
-9722,-396,12329,2943,1
-9890,-501,12094,2941,1
-9836,-624,12191,2943,1
-9740,-368,12308,2944,1
-9900,-517,12081,2938,1
-9782,-608,12212,2937,1
-9704,-407,12334,2938,1
-9898,-576,12066,2938,1
-9788,-593,12201,2947,1
-9774,-398,12250,2949,1
-9921,-594,12012,2944,1
-9726,-583,12239,2944,1
-9723,-382,12301,2933,1
-9872,-612,12092,2926,1
-9696,-572,12238,2947,1
-9784,-403,12228,2944,1
-9890,-652,12050,2939,1
-9724,-539,12266,2949,1
-9764,-411,12213,2935,1
-9846,-633,12088,2936,1
-9683,-463,12297,2940,1
-9864,-433,12194,2933,1
-9816,-652,12092,2935,1
-9715,-481,12301,2954,1
-9882,-434,12106,2949,1
-9834,-667,12120,2950,1
-9687,-431,12297,2944,1
-9856,-504,12109,2943,1
-9825,-627,12198,2926,1
-9725,-432,12314,2940,1
-9922,-495,12090,2945,1
-9845,-634,12156,2946,1
-9740,-413,12321,2947,1
-9893,-546,12075,2954,1
-9779,-617,12177,2941,1
-9687,-378,12331,2940,1
-9922,-540,12056,2929,1
-9767,-587,12204,2939,1
-9756,-389,12297,2937,1
-9944,-569,12027,2941,1
-9774,-594,12239,2944,1
-9734,-370,12268,2941,1
-9880,-608,12093,2935,1
-9694,-538,12286,2938,1
-9786,-421,12251,2941,1
-9858,-620,12070,2931,1
-9733,-545,12265,2942,1
-9817,-387,12207,2944,1
-9882,-654,12068,2939,1
-9716,-499,12316,2952,1
-9804,-429,12228,2949,1
-9786,-667,12114,2931,1
-9728,-481,12308,2939,1
-9882,-425,12165,2933,1
-9826,-650,12129,2936,1
-9722,-427,12336,2942,1
-9870,-462,12146,2939,1
-9815,-626,12195,2940,1
-9701,-415,12307,2944,1
-9875,-493,12126,2938,1
-9800,-650,12173,2936,1
-9710,-430,12335,2939,1
-9922,-530,12053,2935,1
-9840,-632,12160,2933,1
-9719,-397,12296,2953,1
-9885,-524,12091,2946,1
-9781,-607,12219,2949,1
-9717,-373,12331,2938,1
-9876,-540,12057,2933,1
-9779,-584,12208,2941,1
-9752,-384,12268,2940,1
-9949,-566,12057,2939,1
-9728,-577,12259,2940,1
-9730,-377,12285,2946,1
-9864,-589,12072,2942,1
-9715,-563,12256,2949,1
-9792,-430,12284,2939,1
-9846,-612,12080,2941,1
-9714,-532,12281,2940,1
-9777,-389,12220,2946,1
-9852,-658,12101,2934,1
-9714,-494,12352,2948,1
-9818,-432,12182,2946,1
-9775,-630,12104,2939,1
-9724,-486,12292,2940,1
-9850,-634,12088,2943,1
-9708,-465,12312,2936,1
-9878,-464,12148,2941,1
-9806,-625,12159,2938,1
-9694,-434,12355,2943,1
-9869,-457,12138,2946,1
-9829,-606,12184,2945,1
-9716,-415,12324,2943,1
-9878,-508,12086,2939,1
-9811,-614,12144,2941,1
-9729,-438,12340,2939,1
-9931,-515,12035,2942,1
-9790,-611,12189,2936,1
-9721,-425,12296,2941,1
-9910,-554,12089,2947,1
-9776,-604,12215,2944,1
-9743,-399,12293,2937,1
-9919,-573,12065,2936,1
-9768,-577,12247,2941,1
-9758,-355,12250,2943,1
-9859,-559,12063,2941,1
-9730,-546,12268,2941,1
-9767,-408,12261,2944,1
-9861,-620,12084,2951,1
-9708,-529,12269,2936,1
-9800,-439,12239,2944,1
-9855,-618,12072,2941,1
-9690,-499,12314,2930,1
-9820,-421,12199,2953,1
-9777,-613,12156,2951,1
-9715,-474,12341,2937,1
-9843,-451,12172,2949,1
-9861,-653,12130,2941,1
-9687,-469,12294,2930,1
-9861,-480,12122,2943,1
-9773,-623,12218,2944,1
-9709,-414,12380,2943,1
-9861,-508,12117,2947,1
-9794,-659,12181,2943,1
-9723,-390,12300,2943,1
-9917,-528,12046,2942,1
-9807,-610,12215,2935,1
-9713,-420,12349,2932,1
-9897,-549,12078,2956,1
-9767,-623,12218,2943,1
-9724,-396,12356,2951,1
-9901,-599,12034,2946,1
-9775,-564,12237,2939,1
-9745,-375,12281,2937,1
-9898,-601,12097,2943,1
-9682,-575,12311,2950,1
-9761,-418,12316,2940,1
-9852,-591,12099,2942,1
-9711,-556,12303,2950,1
-9752,-377,12262,2948,1
-9863,-635,12122,2946,1
-9696,-512,12280,2935,1
-9819,-388,12226,2938,1
-9787,-624,12151,2944,1
-9737,-492,12323,2938,1
-9855,-420,12151,2951,1
-9841,-682,12134,2945,1
-9718,-453,12308,2943,1
-9864,-475,12119,2947,1
-9838,-646,12136,2939,1
-9713,-417,12355,2928,1
-9889,-484,12101,2937,1
-9821,-631,12133,2944,1
-9711,-392,12311,2941,1
-9893,-513,12049,2952,1
-9810,-635,12179,2941,1
-9688,-394,12327,2939,1
-9918,-523,12084,2945,1
-9765,-596,12214,2937,1
-9709,-385,12305,2942,1
-9927,-560,12048,2940,1
-9782,-595,12206,2948,1
-9764,-365,12330,2945,1
-9928,-590,12061,2950,1
-9700,-591,12231,2942,1
-9750,-407,12238,2942,1
-9864,-627,12099,2940,1
-9711,-523,12268,2934,1
-9784,-380,12228,2944,1
-9888,-631,12066,2947,1
-9723,-528,12281,2944,1
-9788,-400,12208,2943,1
-9809,-636,12122,2945,1
-9717,-488,12311,2938,1
-9864,-434,12174,2947,1
-9820,-657,12139,2943,1
-9732,-452,12318,2942,1
-9873,-421,12114,2945,1
-9853,-631,12133,2949,1
-9706,-449,12303,2943,1
-9868,-511,12119,2960,1
-9814,-660,12144,2938,1
-9727,-437,12313,2935,1
-9883,-499,12097,2937,1
-9822,-630,12154,2944,1
-9713,-391,12317,2946,1
-9954,-501,12059,2950,1
-9788,-621,12192,2943,1
-9711,-399,12335,2943,1
-9900,-570,12035,2952,1
-9775,-605,12183,2938,1
-9747,-398,12299,2943,1
-9957,-567,12040,2965,1
-9716,-582,12261,2950,1
-9709,-390,12285,2953,1
-9871,-604,12113,2957,1
-9698,-553,12255,2943,1
-9790,-420,12245,2949,1
-9868,-611,12069,2943,1
-9728,-521,12281,2945,1
-9792,-402,12208,2955,1
-9871,-634,12078,2953,1
-9681,-505,12309,2952,1
-9817,-421,12198,2955,1
-9797,-654,12136,2953,1
-9735,-492,12282,2947,1
-9825,-441,12200,2950,1
-9839,-625,12118,2940,1
-9687,-441,12291,2940,1
-9881,-449,12122,2947,1
-9778,-628,12169,2957,1
-9699,-423,12332,2945,1
-9874,-485,12083,2952,1
-9828,-645,12175,2945,1
-9706,-429,12328,2943,1
-9896,-545,12052,2939,1
-9805,-604,12195,2939,1
-9712,-421,12370,2937,1
-9899,-517,12079,2952,1
-9779,-600,12196,2950,1
-9768,-397,12281,2950,1
-9874,-592,12069,2949,1
-9754,-576,12232,2938,1
-9726,-383,12269,2941,1
-9934,-579,12057,2948,1
-9686,-579,12304,2938,1
-9741,-374,12303,2951,1
-9865,-588,12101,2951,1
-9718,-524,12273,2951,1
-9793,-406,12262,2946,1
-9885,-619,12094,2942,1
-9708,-509,12324,2935,1
-9799,-428,12246,2948,1
-9790,-637,12150,2951,1
-9684,-509,12305,2947,1
-9823,-440,12229,2952,1
-9817,-654,12186,2948,1
-9713,-443,12314,2939,1
-9858,-458,12153,2944,1
-9816,-612,12146,2938,1
-9660,-417,12333,2940,1
-9846,-478,12101,2948,1
-9799,-627,12173,2948,1
-9703,-402,12343,2940,1
-9881,-498,12132,2953,1
-9817,-625,12183,2948,1
-9708,-387,12345,2938,1
-9924,-543,12096,2931,1
-9768,-612,12236,2945,1
-9720,-404,12325,2945,1
-9887,-580,12070,2951,1
-9765,-606,12195,2944,1
-9721,-414,12281,2944,1
-9889,-587,12034,2945,1
-9715,-568,12270,2942,1
-9714,-372,12335,2944,1
-9886,-634,12136,2946,1
-9647,-554,12323,2942,1
-9759,-426,12273,2947,1
-9857,-627,12052,2942,1
-9733,-505,12274,2948,1
-9801,-376,12188,2948,1
-9824,-627,12099,2945,1
-9694,-457,12296,2936,1
-9870,-420,12175,2949,1
-9792,-640,12127,2952,1
-9713,-471,12287,2950,1
-9858,-444,12114,2950,1
-9849,-641,12127,2944,1
-9704,-433,12328,2941,1
-9884,-484,12100,2947,1
-9811,-598,12190,2944,1
-9727,-429,12345,2942,1
-9900,-494,12088,2947,1
-9819,-647,12162,2952,1
-9762,-392,12312,2949,1
-9893,-522,12029,2952,1
-9771,-631,12176,2943,1
-9692,-383,12356,2943,1
-9911,-540,12059,2947,1
-9739,-587,12222,2944,1
-9751,-392,12252,2944,1
-9917,-542,12029,2955,1
-9767,-591,12186,2949,1
-9740,-390,12264,2947,1
-9873,-596,12033,2947,1
-9689,-559,12298,2936,1
-9801,-427,12243,2944,1
-9887,-599,12067,2941,1
-9731,-519,12287,2945,1
-9810,-356,12172,2951,1
-9863,-658,12067,2954,1
-9693,-508,12342,2943,1
-9814,-413,12182,2947,1
-9823,-611,12124,2947,1
-9724,-458,12302,2936,1
-9864,-417,12146,2953,1
-9841,-616,12134,2947,1
-9727,-441,12342,2942,1
-9879,-448,12085,2950,1
-9809,-632,12138,2940,1
-9715,-419,12350,2932,1
-9913,-498,12097,2944,1
-9809,-643,12141,2941,1
-9727,-418,12308,2942,1
-9913,-514,12066,2950,1
-9793,-609,12206,2950,1
-9684,-391,12364,2940,1
-9889,-536,12077,2933,1
-9771,-588,12161,2944,1
-9782,-415,12268,2937,1
-9925,-565,12025,2945,1
-9779,-574,12229,2945,1
-9734,-373,12320,2944,1
-9898,-599,12058,2955,1
-9710,-534,12227,2940,1
-9776,-378,12272,2942,1
-9851,-605,12066,2946,1
-9727,-545,12290,2936,1
-9797,-410,12221,2948,1
-9886,-629,12092,2947,1
-9708,-489,12303,2950,1
-9798,-435,12200,2950,1
-9779,-645,12114,2952,1
-9704,-490,12304,2943,1
-9878,-459,12153,2936,1
-9847,-662,12145,2942,1
-9714,-461,12289,2943,1
-9865,-469,12116,2948,1
-9822,-641,12141,2964,1
-9671,-435,12369,2944,1
-9868,-492,12109,2942,1
-9781,-631,12140,2934,1
-9724,-412,12332,2930,1
-9915,-534,12061,2940,1
-9815,-610,12178,2947,1
-9690,-406,12395,2939,1
-9898,-562,12082,2952,1
-9767,-623,12236,2950,1
-9741,-416,12318,2943,1
-9912,-560,12059,2945,1
-9764,-597,12209,2945,1
-9740,-354,12297,2936,1
-9900,-602,12058,2939,1
-9706,-573,12291,2948,1
-9729,-399,12313,2954,1
-9888,-597,12098,2949,1
-9655,-553,12316,2945,1
-9782,-389,12211,2944,1
-9861,-650,12113,2944,1
-9687,-486,12290,2936,1
-9781,-414,12234,2944,1
-9804,-622,12148,2961,1
-9724,-487,12388,2949,1
-9881,-431,12156,2951,1
-9816,-626,12145,2952,1
-9729,-481,12323,2940,1
-9856,-458,12134,2941,1
-9843,-631,12143,2940,1
-9691,-403,12316,2935,1
-9851,-480,12164,2949,1
-9805,-632,12163,2947,1
-9710,-445,12321,2943,1
-9923,-497,12036,2950,1
-9829,-654,12153,2948,1
-9743,-386,12332,2941,1
-9880,-529,12113,2945,1
-9783,-594,12241,2941,1
-9706,-370,12355,2942,1
-9960,-533,12057,2961,1
-9754,-608,12205,2950,1
-9765,-398,12316,2949,1
-9906,-577,12071,2945,1
-9749,-618,12246,2944,1
-9707,-375,12289,2939,1
-9896,-614,12081,2948,1
-9690,-556,12281,2941,1
-9793,-388,12246,2943,1
-9863,-592,12074,2949,1
-9721,-556,12309,2945,1
-9790,-365,12222,2945,1
-9885,-638,12081,2939,1
-9688,-486,12301,2931,1
-9842,-394,12208,2942,1
-9806,-612,12113,2951,1
-9721,-501,12336,2955,1
-9881,-438,12126,2952,1
-9857,-626,12134,2953,1
-9721,-422,12284,2952,1
-9875,-472,12105,2956,1
-9812,-626,12130,2945,1
-9667,-427,12352,2942,1
-9914,-496,12075,2952,1
-9822,-645,12171,2954,1
-9739,-410,12332,2950,1
-9899,-535,12035,2948,1
-9840,-622,12131,2950,1
-9721,-369,12317,2937,1
-9907,-532,12062,2948,1
-9763,-587,12221,2949,1
-9729,-414,12329,2941,1
-9910,-550,12068,2953,1
-9787,-585,12187,2953,1
-9778,-380,12271,2939,1
-9889,-600,12059,2951,1
-9714,-578,12282,2949,1
-9746,-403,12254,2943,1
-9886,-623,12048,2937,1
-9707,-543,12264,2943,1
-9811,-423,12197,2950,1
-9884,-625,12084,2949,1
-9742,-513,12264,2955,1
-9773,-409,12221,2944,1
-9815,-635,12121,2944,1
-9711,-475,12329,2940,1
-9855,-435,12147,2939,1
-9809,-626,12151,2943,1
-9731,-492,12283,2946,1
-9906,-444,12130,2954,1
-9843,-644,12129,2955,1
-9702,-425,12338,2951,1
-9868,-492,12126,2948,1
-9812,-621,12169,2944,1
-9698,-428,12308,2941,1
-9914,-511,12094,2952,1
-9826,-623,12162,2950,1
-9749,-414,12325,2942,1
-9913,-555,12052,2959,1
-9797,-601,12250,2954,1
-9707,-378,12366,2949,1
-9927,-556,12063,2949,1
-9744,-574,12203,2942,1
-9757,-405,12255,2945,1
-9918,-574,12081,2949,1
-9780,-583,12228,2960,1
-9708,-342,12277,2948,1
-9876,-623,12081,2954,1
-9684,-524,12315,2948,1
-9782,-390,12263,2941,1
-9848,-645,12113,2946,1
-9742,-548,12272,2944,1
-9788,-416,12207,2950,1
-9873,-644,12073,2954,1
-9694,-517,12320,2934,1
-9801,-419,12222,2945,1
-9794,-639,12145,2951,1
-9723,-470,12289,2938,1
-9860,-440,12152,2942,1
-9837,-637,12152,2947,1
-9723,-448,12314,2947,1
-9864,-459,12126,2949,1
-9790,-619,12173,2952,1
-9685,-422,12366,2948,1
-9882,-490,12076,2946,1
-9805,-626,12194,2943,1
-9741,-415,12345,2934,1
-9917,-515,12085,2948,1
-9825,-613,12148,2947,1
-9686,-385,12361,2945,1
-9915,-549,12090,2959,1
-9781,-625,12226,2946,1
-9767,-393,12293,2944,1
-9902,-546,12049,2947,1
-9773,-594,12225,2939,1
-9736,-359,12270,2936,1
-9887,-572,12070,2949,1
-9716,-584,12242,2946,1
-9729,-402,12304,2928,1
-9868,-596,12076,2953,1
-9707,-538,12288,2945,1
-9766,-384,12217,2946,1
-9858,-650,12072,2940,1
-9735,-493,12263,2940,1
-9775,-401,12207,2938,1
-9830,-643,12114,2955,1
-9705,-510,12300,2946,1
-9879,-419,12153,2946,1
-9789,-634,12126,2948,1
-9718,-462,12270,2951,1
-9864,-449,12162,2943,1
-9855,-655,12128,2945,1
-9671,-417,12360,2940,1
-9879,-489,12125,2947,1
-9791,-630,12175,2949,1
-9721,-434,12319,2947,1
-9865,-515,12111,2942,1
-9836,-648,12143,2946,1
-9723,-387,12292,2950,1
-9889,-494,12053,2947,1
-9800,-613,12228,2952,1
-9707,-396,12365,2946,1
-9926,-540,12056,2952,1
-9763,-616,12196,2952,1
-9756,-408,12251,2947,1
-9898,-566,12030,2949,1
-9771,-574,12224,2944,1
-9723,-379,12324,2934,1
-9911,-587,12016,2947,1
-9697,-554,12243,2950,1
-9809,-422,12247,2947,1
-9877,-618,12090,2953,1
-9742,-550,12249,2955,1
-9795,-386,12192,2945,1
-9869,-639,12095,2938,1
-9704,-472,12297,2941,1
-9818,-418,12185,2941,1
-9794,-616,12102,2947,1
-9741,-501,12277,2952,1
-9863,-424,12159,2948,1
-9837,-640,12117,2948,1
-9701,-470,12310,2943,1
-9857,-478,12131,2936,1
-9809,-637,12145,2939,1
-9677,-419,12336,2937,1
-9915,-492,12116,2947,1
-9824,-631,12156,2945,1
-9722,-415,12262,2946,1
-9896,-513,12063,2946,1
-9830,-604,12174,2945,1
-9679,-392,12321,2938,1
-9919,-567,12064,2940,1
-9745,-567,12198,2941,1
-9729,-395,12298,2946,1
-9937,-590,12047,2954,1
-9767,-588,12210,2952,1
-9753,-408,12269,2944,1
-9934,-593,12011,2943,1
-9707,-583,12278,2947,1
-9740,-391,12299,2934,1
-9868,-627,12077,2949,1
-9694,-561,12259,2951,1
-9798,-402,12208,2942,1
-9902,-613,12108,2955,1
-9747,-509,12282,2946,1
-9799,-419,12219,2945,1
-9838,-650,12100,2943,1
-9720,-489,12296,2939,1
-9819,-465,12210,2940,1
-9823,-634,12150,2943,1
-9709,-492,12297,2948,1
-9869,-456,12124,2941,1
-9841,-649,12134,2948,1
-9692,-449,12312,2936,1
-9881,-462,12130,2950,1
-9796,-636,12174,2948,1
-9723,-420,12318,2944,1
-9891,-523,12112,2939,1
-9824,-646,12175,2952,1
-9709,-400,12339,2947,1
-9907,-554,12060,2952,1
-9778,-622,12181,2958,1
-9700,-415,12337,2947,1
-9900,-557,12072,2946,1
-9759,-588,12189,2942,1
-9725,-402,12346,2938,1
-9936,-566,12050,2946,1
-9760,-579,12202,2948,1
-9727,-366,12291,2947,1
-9917,-570,12055,2954,1
-9689,-559,12274,2954,1
-9766,-400,12267,2944,1
-9839,-594,12070,2946,1
-9712,-562,12290,2952,1
-9782,-407,12232,2940,1
-9862,-624,12086,2957,1
-9704,-497,12312,2951,1
-9801,-393,12188,2954,1
-9779,-644,12129,2960,1
-9713,-462,12278,2949,1
-9828,-424,12154,2944,1
-9823,-658,12148,2952,1
-9707,-466,12293,2947,1
-9873,-455,12149,2945,1
-9784,-665,12171,2958,1
-9685,-417,12380,2950,1
-9853,-473,12135,2950,1
-9795,-657,12177,2953,1
-9700,-427,12317,2947,1
-9883,-529,12075,2939,1
-9834,-627,12163,2948,1
-9704,-419,12343,2942,1
-9911,-506,12042,2949,1
-9769,-631,12202,2955,1
-9703,-390,12349,2954,1
-9889,-562,12095,2948,1
-9796,-591,12215,2947,1
-9738,-382,12303,2939,1
-9936,-580,12049,2953,1
-9738,-577,12245,2958,1
-9767,-369,12327,2950,1
-9872,-561,12047,2962,1
-9738,-548,12257,2956,1
-9769,-395,12260,2948,1
-9895,-622,12084,2952,1
-9711,-518,12318,2949,1
-9781,-410,12214,2939,1
-9865,-644,12078,2949,1
-9695,-497,12308,2951,1
-9816,-393,12218,2944,1
-9810,-619,12131,2953,1
-9743,-476,12299,2953,1
-9841,-449,12156,2942,1
-9857,-655,12134,2942,1
-9708,-458,12293,2946,1
-9878,-438,12089,2950,1
-9800,-601,12114,2944,1
-9720,-416,12350,2952,1
-9880,-483,12130,2945,1
-9830,-642,12076,2954,1
-9717,-422,12283,2949,1
-9942,-512,12043,2946,1
-9821,-590,12179,2948,1
-9698,-434,12293,2941,1
-9912,-516,12050,2945,1
-9789,-620,12204,2948,1
-9732,-409,12339,2948,1
-9919,-550,12027,2952,1
-9753,-584,12212,2952,1
-9757,-397,12287,2942,1
-9942,-568,12033,2943,1
-9719,-577,12263,2946,1
-9746,-391,12288,2943,1
-9881,-592,12076,2950,1
-9740,-537,12269,2952,1
-9783,-395,12251,2946,1
-9875,-617,12090,2947,1
-9709,-525,12220,2943,1
-9801,-421,12197,2938,1
-9829,-656,12107,2948,1
-9734,-485,12325,2952,1
-9835,-434,12185,2940,1
-9812,-643,12124,2951,1
-9705,-482,12270,2954,1
-9882,-434,12144,2952,1
-9830,-642,12116,2945,1
-9693,-456,12331,2947,1
-9878,-463,12108,2940,1
-9819,-608,12165,2944,1
-9743,-419,12293,2946,1
-9894,-505,12079,2949,1
-9828,-621,12133,2956,1
-9711,-385,12283,2949,1
-9932,-510,12057,2936,1
-9798,-614,12217,2946,1
-9695,-376,12351,2953,1
-9894,-525,12070,2941,1
-9780,-598,12210,2949,1
-9767,-402,12309,2949,1
-9907,-578,12019,2956,1
-9771,-589,12218,2954,1
-9744,-373,12291,2949,1
-9864,-597,12084,2941,1
-9707,-559,12287,2943,1
-9759,-381,12263,2945,1
-9862,-616,12086,2947,1
-9683,-553,12287,2959,1
-9761,-375,12231,2948,1
-9880,-650,12100,2959,1
-9706,-505,12254,2953,1
-9801,-409,12245,2940,1
-9790,-604,12137,2952,1
-9705,-494,12309,2943,1
-9835,-423,12159,2941,1
-9815,-688,12146,2956,1
-9693,-463,12341,2958,1
-9877,-452,12130,2949,1
-9807,-636,12144,2951,1
-9702,-397,12327,2950,1
-9844,-480,12111,2942,1
-9840,-634,12236,2954,1
-9713,-439,12360,2947,1
-9910,-531,12078,2950,1
-9808,-638,12184,2951,1
-9727,-404,12278,2952,1
-9884,-521,12095,2953,1
-9780,-609,12232,2944,1
-9674,-382,12405,2942,1
-9935,-572,12098,2942,1
-9759,-615,12180,2946,1
-9755,-390,12313,2944,1
-9903,-578,12026,2946,1
-9744,-624,12246,2952,1
-9741,-381,12271,2948,1
-9862,-590,12140,2957,1
-9708,-546,12255,2949,1
-9764,-399,12299,2943,1
-9878,-606,12044,2945,1
-9688,-573,12275,2949,1
-9787,-387,12203,2956,1
-9863,-639,12081,2952,1
-9724,-485,12299,2952,1
-9807,-424,12221,2947,1
-9808,-611,12075,2953,1
-9688,-500,12318,2945,1
-9853,-430,12171,2944,1
-9798,-646,12123,2942,1
-9721,-480,12317,2950,1
-9854,-469,12156,2950,1
-9813,-639,12187,2959,1
-9694,-430,12326,2961,1
-9853,-476,12072,2940,1
-9784,-605,12125,2945,1
-9720,-405,12330,2946,1
-9921,-502,12038,2945,1
-9819,-638,12152,2952,1
-9718,-396,12318,2951,1
-9895,-526,12068,2946,1
-9756,-608,12188,2947,1
-9699,-396,12330,2950,1
-9949,-557,12054,2948,1
-9780,-556,12214,2949,1
-9763,-373,12278,2948,1
-9907,-599,12036,2948,1
-9770,-579,12145,2950,1
-9721,-402,12292,2952,1
-9884,-601,12093,2957,1
-9728,-536,12278,2957,1
-9793,-401,12214,2943,1
-9872,-610,12039,2949,1
-9724,-532,12261,2951,1
-9806,-394,12204,2943,1
-9810,-635,12099,2945,1
-9687,-477,12268,2949,1
-9820,-434,12199,2955,1
-9786,-617,12113,2954,1
-9720,-472,12295,2950,1
-9883,-396,12156,2944,1
-9846,-619,12105,2951,1
-9724,-431,12318,2948,1
-9841,-469,12111,2942,1
-9831,-629,12125,2956,1
-9685,-420,12317,2948,1
-9885,-511,12088,2943,1
-9808,-622,12145,2955,1
-9739,-426,12317,2947,1
-9897,-507,12023,2942,1
-9811,-607,12163,2950,1
-9700,-364,12336,2948,1
-9899,-544,12111,2948,1
-9781,-596,12223,2954,1
-9739,-421,12314,2952,1
-9901,-546,12060,2943,1
-9752,-598,12214,2945,1
-9761,-337,12285,2946,1
-9910,-581,12038,2947,1
-9724,-578,12266,2947,1
-9732,-401,12287,2951,1
-9879,-634,12101,2950,1
-9684,-548,12257,2953,1
-9801,-413,12230,2958,1
-9874,-624,12085,2948,1
-9721,-527,12252,2946,1
-9779,-411,12193,2940,1
-9834,-658,12113,2947,1
-9678,-503,12281,2952,1
-9839,-444,12167,2948,1
-9788,-632,12129,2956,1
-9711,-463,12317,2948,1
-9873,-434,12103,2952,1
-9830,-650,12140,2956,1
-9702,-441,12358,2952,1
-9862,-470,12153,2935,1
-9800,-621,12170,2953,1
-9682,-421,12334,2951,1
-9884,-526,12103,2946,1
-9819,-627,12123,2957,1
-9719,-424,12348,2957,1
-9891,-521,12069,2944,1
-9798,-612,12217,2952,1
-9678,-399,12323,2948,1
-9893,-570,12055,2942,1
-9770,-604,12224,2950,1
-9720,-405,12290,2952,1
-9903,-552,12094,2949,1
-9746,-595,12225,2957,1
-9734,-382,12262,2949,1
-9918,-563,12069,2945,1
-9698,-545,12282,2948,1
-9733,-377,12349,2949,1
-9853,-614,12066,2944,1
-9699,-544,12298,2952,1
-9792,-395,12253,2946,1
-9871,-619,12075,2950,1
-9698,-513,12327,2953,1
-9793,-395,12192,2952,1
-9795,-618,12126,2944,1
-9682,-475,12303,2941,1
-9834,-407,12159,2942,1
-9798,-646,12128,2946,1
-9715,-451,12301,2948,1
-9856,-432,12118,2949,1
-9829,-631,12108,2951,1
-9689,-416,12344,2953,1
-9856,-455,12109,2952,1
-9800,-620,12143,2939,1
-9714,-406,12294,2942,1
-9858,-511,12090,2942,1
-9828,-640,12124,2950,1
-9695,-419,12320,2953,1
-9910,-516,12058,2947,1
-9797,-608,12191,2949,1
-9699,-387,12298,2946,1
-9900,-526,12079,2936,1
-9783,-618,12210,2944,1
-9739,-411,12326,2945,1
-9919,-579,12053,2942,1
-9748,-584,12218,2947,1
-9725,-406,12294,2951,1
-9909,-557,12095,2951,1
-9721,-560,12236,2953,1
-9775,-373,12258,2940,1
-9883,-591,12070,2942,1
-9724,-537,12281,2941,1
-9775,-394,12204,2940,1
-9902,-620,12053,2951,1
-9716,-533,12262,2956,1
-9794,-421,12202,2949,1
-9788,-633,12104,2946,1
-9744,-491,12307,2948,1
-9828,-433,12157,2943,1
-9835,-629,12136,2942,1
-9711,-463,12298,2935,1
-9902,-470,12151,2942,1
-9798,-607,12103,2951,1
-9714,-426,12323,2955,1
-9871,-463,12130,2949,1
-9835,-621,12133,2945,1
-9728,-391,12316,2947,1
-9875,-526,12087,2940,1
-9822,-618,12153,2943,1
-9731,-432,12322,2945,1
-9915,-532,12050,2938,1
-9788,-605,12164,2939,1
-9704,-400,12338,2955,1
-9896,-580,12071,2939,1
-9793,-595,12192,2946,1
-9746,-378,12262,2940,1
-9943,-592,12024,2938,1
-9753,-572,12208,2944,1
-9759,-423,12256,2944,1
-9900,-586,12065,2948,1
-9710,-534,12235,2949,1
-9781,-382,12252,2941,1
-9877,-617,12044,2947,1
-9715,-519,12278,2945,1
-9805,-399,12201,2939,1
-9880,-638,12060,2941,1
-9709,-491,12298,2944,1
-9823,-426,12190,2945,1
-9811,-659,12099,2948,1
-9710,-493,12271,2947,1
-9833,-461,12141,2940,1
-9843,-647,12115,2948,1
-9740,-467,12309,2943,1
-9900,-495,12096,2941,1
-9819,-651,12161,2940,1
-9714,-441,12348,2949,1
-9870,-478,12150,2940,1
-9828,-634,12179,2950,1
-9696,-386,12318,2949,1
-9897,-512,12061,2945,1
-9795,-603,12161,2940,1
-9718,-408,12345,2944,1
-9911,-530,12102,2938,1
-9793,-619,12187,2947,1
-9730,-393,12327,2951,1
-9903,-555,12025,2942,1
-9740,-613,12233,2940,1
-9759,-376,12275,2945,1
-9925,-590,12021,2935,1
-9721,-571,12245,2942,1
-9725,-378,12269,2939,1
-9848,-603,12085,2951,1
-9688,-539,12297,2952,1
-9759,-386,12253,2946,1
-9873,-609,12086,2947,1
-9727,-512,12293,2943,1
-9789,-369,12165,2940,1
-9813,-635,12130,2950,1
-9706,-490,12313,2943,1
-9809,-425,12201,2943,1
-9812,-642,12103,2946,1
-9716,-481,12292,2943,1
-9854,-453,12124,2947,1
-9824,-644,12138,2944,1
-9713,-431,12304,2944,1
-9860,-459,12177,2935,1
-9791,-612,12193,2949,1
-9674,-426,12349,2946,1
-9863,-488,12110,2937,1
-9782,-655,12198,2952,1
-9706,-421,12352,2953,1
-9915,-538,12072,2944,1
-9794,-618,12183,2948,1
-9710,-384,12331,2943,1
-9870,-504,12105,2934,1
-9782,-590,12248,2948,1
-9702,-383,12333,2949,1
-9929,-564,12037,2948,1
-9771,-597,12243,2954,1
-9760,-413,12258,2946,1
-9878,-578,12118,2934,1
-9720,-542,12303,2944,1
-9729,-378,12294,2942,1
-9885,-599,12046,2945,1
-9692,-561,12337,2944,1
-9759,-402,12245,2947,1
-9880,-620,12109,2938,1
-9719,-476,12294,2948,1
-9785,-395,12228,2937,1
-9818,-621,12115,2941,1
-9702,-469,12333,2942,1
-9849,-433,12210,2944,1
-9790,-627,12151,2950,1
-9716,-452,12325,2942,1
-9864,-427,12153,2945,1
-9796,-623,12138,2939,1
-9715,-448,12345,2945,1
-9861,-489,12141,2939,1
-9835,-642,12166,2942,1
-9690,-414,12350,2946,1
-9901,-510,12037,2937,1
-9820,-625,12156,2946,1
-9735,-436,12295,2947,1
-9876,-535,12082,2948,1
-9812,-608,12173,2939,1
-9694,-394,12338,2941,1
-9945,-582,12063,2932,1
-9733,-567,12209,2944,1
-9752,-426,12280,2942,1
-9953,-565,12039,2931,1
-9774,-582,12213,2945,1
-9748,-365,12279,2945,1
-9875,-611,12068,2942,1
-9693,-566,12277,2942,1
-9785,-434,12263,2939,1
-9863,-602,12048,2939,1
-9722,-532,12296,2940,1
-9818,-396,12212,2945,1
-9835,-644,12028,2942,1
-9700,-517,12319,2945,1
-9802,-421,12219,2939,1
-9811,-633,12112,2940,1
-9712,-484,12303,2943,1
-9877,-444,12189,2935,1
-9848,-632,12128,2936,1
-9715,-439,12322,2931,1
-9856,-465,12159,2942,1
-9823,-644,12134,2933,1
-9697,-421,12333,2939,1
-9897,-510,12091,2938,1
-9812,-626,12153,2931,1
-9702,-400,12300,2936,1
-9931,-509,12054,2929,1
-9820,-611,12155,2941,1
-9717,-384,12331,2943,1
-9871,-549,12076,2939,1
-9788,-603,12195,2949,1
-9748,-397,12305,2945,1
-9944,-589,12032,2936,1
-9732,-598,12179,2937,1
-9787,-415,12263,2937,1
-9926,-564,12026,2931,1
-9768,-599,12235,2945,1
-9722,-369,12286,2936,1
-9902,-605,12059,2932,1
-9698,-517,12326,2943,1
-9763,-427,12261,2942,1
-9862,-599,12108,2929,1
-9756,-532,12280,2933,1
-9787,-369,12228,2930,1
-9882,-654,12089,2930,1
-9708,-479,12313,2961,1
-9810,-439,12264,2943,1
-9790,-672,12152,2942,1
-9714,-460,12319,2939,1
-9867,-430,12131,2931,1
-9831,-647,12157,2929,1
-9712,-435,12313,2939,1
-9832,-464,12142,2933,1
-9809,-619,12183,2942,1
-9701,-405,12345,2942,1
-9869,-525,12115,2934,1
-9816,-665,12163,2936,1
-9735,-421,12336,2935,1
-9903,-529,12067,2934,1
-9837,-627,12184,2937,1
-9706,-394,12319,2937,1
-9913,-532,12101,2941,1
-9743,-599,12247,2941,1
-9727,-419,12371,2949,1
-9919,-567,12080,2940,1
-9740,-597,12241,2946,1
-9774,-398,12262,2943,1
-9938,-596,12062,2934,1
-9672,-583,12286,2934,1
-9684,-359,12330,2941,1
-9875,-604,12037,2934,1
-9676,-536,12304,2951,1
-9777,-406,12229,2946,1
-9892,-625,12128,2936,1
-9698,-533,12299,2938,1
-9773,-398,12203,2934,1
-9823,-632,12098,2937,1
-9692,-466,12351,2942,1
-9830,-412,12222,2937,1
-9769,-647,12145,2937,1
-9723,-505,12326,2944,1
-9830,-437,12133,2941,1
-9859,-651,12094,2937,1
-9700,-420,12307,2933,1
-9856,-416,12145,2929,1
-9784,-618,12167,2936,1
-9705,-418,12358,2942,1
-9888,-494,12132,2940,1
-9840,-650,12125,2942,1
-9687,-440,12301,2944,1
-9927,-501,12106,2944,1
-9798,-596,12202,2937,1
-9673,-439,12344,2930,1
-9899,-540,12078,2930,1
-9777,-579,12151,2937,1
-9744,-380,12292,2944,1
-9919,-601,12060,2939,1
-9763,-600,12185,2949,1
-9769,-381,12256,2948,1
-9945,-584,12025,2944,1
-9695,-570,12270,2936,1
-9754,-370,12273,2942,1
-9884,-592,12063,2923,1
-9712,-561,12308,2944,1
-9786,-389,12276,2945,1
-9911,-626,12038,2937,1
-9704,-493,12275,2950,1
-9797,-422,12191,2947,1
-9801,-639,12104,2937,1
-9704,-498,12320,2935,1
-9820,-413,12171,2942,1
-9843,-645,12099,2939,1
-9701,-475,12304,2944,1
-9854,-446,12152,2941,1
-9840,-635,12098,2950,1
-9677,-412,12301,2945,1
-9873,-445,12137,2936,1
-9803,-603,12156,2932,1
-9736,-412,12311,2938,1
-9891,-503,12106,2938,1
-9833,-632,12176,2952,1
-9718,-413,12350,2942,1
-9934,-530,12078,2948,1
-9772,-605,12183,2939,1
-9687,-419,12313,2946,1
-9888,-555,12101,2937,1
-9780,-621,12180,2940,1
-9756,-399,12285,2942,1
-9933,-601,12018,2938,1
-9760,-565,12221,2942,1
-9743,-393,12299,2947,1
-9919,-588,12052,2948,1
-9698,-555,12283,2945,1
-9763,-382,12272,2943,1
-9902,-583,12094,2931,1
-9735,-519,12287,2939,1
-9777,-403,12247,2935,1
-9905,-624,12056,2941,1
-9714,-499,12258,2946,1
-9824,-414,12208,2948,1
-9806,-605,12115,2945,1
-9710,-495,12298,2947,1
-9845,-433,12189,2937,1
-9841,-656,12150,2933,1
-9711,-447,12290,2939,1
-9880,-459,12122,2935,1
-9819,-621,12157,2943,1
-9696,-421,12334,2945,1
-9862,-481,12132,2943,1
-9830,-630,12162,2941,1
-9701,-422,12316,2939,1
-9899,-525,12079,2944,1
-9819,-616,12164,2929,1
-9700,-375,12320,2943,1
-9909,-530,12088,2946,1
-9798,-607,12203,2950,1
-9694,-371,12313,2942,1
-9911,-565,12074,2947,1
-9770,-629,12236,2942,1
-9741,-381,12293,2943,1
-9925,-566,12062,2937,1
-9754,-557,12197,2944,1
-9757,-395,12248,2947,1
-9866,-580,12055,2939,1
-9706,-604,12255,2951,1
-9736,-403,12275,2946,1
-9882,-633,12033,2942,1
-9715,-526,12329,2930,1
-9781,-412,12229,2940,1
-9876,-646,12111,2933,1
-9723,-496,12324,2946,1
-9810,-384,12203,2948,1
-9816,-645,12135,2944,1
-9812,-430,12237,2942,1
-9840,-673,12085,2945,1
-9715,-509,12338,2935,1
-9897,-440,12145,2942,1
-9853,-652,12117,2940,1
-9728,-460,12298,2934,1
-9877,-469,12113,2945,1
-9822,-624,12123,2943,1
-9692,-438,12339,2943,1
-9900,-532,12099,2942,1
-9821,-630,12166,2935,1
-9729,-409,12350,2943,1
-9929,-486,12057,2942,1
-9828,-613,12173,2935,1
-9704,-374,12341,2942,1
-9893,-533,12079,2943,1
-9803,-638,12189,2948,1
-9717,-432,12334,2944,1
-9934,-572,12029,2951,1
-9776,-613,12220,2943,1
-9780,-385,12239,2934,1
-9937,-571,12061,2940,1
-9746,-560,12238,2940,1
-9714,-389,12344,2948,1
-9913,-575,12058,2949,1
-9692,-542,12295,2945,1
-9777,-423,12281,2948,1
-9883,-614,12095,2946,1
-9765,-528,12295,2945,1
-9788,-380,12221,2944,1
-9878,-615,12091,2940,1
-9709,-462,12317,2939,1
-9842,-431,12245,2951,1
-9789,-649,12119,2950,1
-9695,-482,12295,2941,1
-9844,-445,12114,2950,1
-9852,-654,12165,2949,1
-9710,-438,12329,2947,1
-9850,-474,12185,2941,1
-9825,-626,12155,2941,1
-9681,-425,12368,2937,1
-9922,-484,12092,2946,1
-9801,-655,12171,2944,1
-9725,-414,12337,2950,1
-9888,-533,12092,2947,1
-9835,-602,12167,2943,1
-9679,-384,12353,2941,1
-9906,-525,12114,2938,1
-9752,-602,12256,2949,1
-9727,-434,12368,2944,1
-9897,-553,12090,2948,1
-9767,-602,12210,2953,1
-9749,-387,12288,2950,1
-9945,-603,12066,2947,1
-9712,-547,12287,2934,1
-9738,-373,12320,2945,1
-9882,-588,12116,2944,1
-9659,-568,12254,2941,1
-9788,-400,12247,2950,1
-9872,-632,12059,2942,1
-9737,-519,12278,2945,1
-9816,-391,12179,2946,1
-9859,-646,12107,2942,1
-9703,-481,12327,2935,1
-9848,-400,12216,2942,1
-9795,-607,12153,2940,1
-9714,-498,12310,2936,1
-9849,-445,12153,2948,1
-9878,-671,12101,2953,1
-9702,-432,12337,2940,1
-9872,-479,12154,2948,1
-9810,-600,12158,2944,1
-9680,-429,12327,2931,1
-9892,-511,12084,2946,1
-9826,-683,12163,2947,1
-9728,-401,12314,2939,1
-9893,-517,12049,2947,1
-9811,-620,12193,2949,1
-9689,-376,12324,2959,1
-9890,-524,12060,2944,1
-9770,-605,12235,2938,1
-9750,-386,12327,2936,1
-9936,-547,12043,2947,1
-9782,-589,12257,2949,1
-9764,-367,12303,2944,1
-9951,-583,12038,2947,1
-9740,-580,12259,2950,1
-9761,-376,12287,2956,1
-9874,-603,12084,2945,1
-9726,-547,12273,2939,1
-9797,-416,12221,2943,1
-9883,-621,12091,2950,1
-9750,-520,12308,2942,1
-9822,-385,12194,2951,1
-9824,-644,12106,2949,1
-9701,-474,12298,2939,1
-9838,-412,12194,2941,1
-9836,-636,12105,2942,1
-9739,-463,12332,2942,1
-9865,-419,12164,2943,1
-9861,-649,12127,2950,1
-9700,-452,12333,2941,1
-9880,-465,12119,2958,1
-9820,-640,12163,2947,1
-9733,-429,12344,2941,1
-9901,-484,12063,2944,1
-9850,-634,12153,2943,1
-9723,-403,12294,2938,1
-9955,-533,12052,2947,1
-9795,-620,12206,2945,1
-9714,-388,12300,2948,1
-9903,-528,12127,2947,1
-9801,-607,12161,2948,1
-9741,-371,12315,2941,1
-9952,-518,11998,2940,1
-9759,-592,12172,2938,1
-9748,-366,12252,2945,1
-9901,-568,12047,2948,1
-9714,-588,12241,2946,1
-9759,-421,12285,2945,1
-9898,-618,12051,2949,1
-9727,-536,12260,2943,1
-9782,-395,12221,2945,1
-9900,-624,12084,2947,1
-9740,-538,12286,2937,1
-9818,-409,12166,2951,1
-9821,-647,12129,2952,1
-9718,-470,12299,2951,1
-9835,-422,12191,2952,1
-9827,-618,12076,2950,1
-9699,-468,12317,2939,1
-9887,-442,12109,2948,1
-9816,-624,12139,2944,1
-9726,-467,12323,2946,1
-9873,-477,12115,2948,1
-9824,-624,12138,2957,1
-9706,-432,12310,2949,1
-9910,-504,12091,2957,1
-9820,-631,12159,2949,1
-9745,-394,12300,2943,1
-9910,-515,12073,2949,1
-9791,-631,12216,2946,1
-9694,-393,12337,2939,1
-9890,-551,12107,2947,1
-9780,-600,12206,2951,1
-9736,-406,12322,2943,1
-9943,-551,12036,2945,1
-9762,-580,12255,2942,1
-9757,-365,12260,2936,1
-9914,-598,12055,2944,1
-9759,-578,12258,2942,1
-9721,-398,12299,2942,1
-9884,-598,12080,2950,1
-9713,-538,12267,2947,1
-9797,-396,12212,2941,1
-9871,-621,12098,2939,1
-9717,-499,12334,2943,1
-9796,-375,12236,2951,1
-9810,-656,12137,2946,1
-9693,-475,12302,2945,1
-9839,-459,12175,2948,1
-9792,-623,12122,2950,1
-9706,-478,12335,2953,1
-9867,-426,12132,2951,1
-9827,-643,12162,2944,1
-9698,-430,12345,2936,1
-9848,-488,12152,2942,1
-9846,-611,12179,2957,1
-9660,-451,12358,2937,1
-9940,-521,12074,2956,1
-9813,-628,12174,2954,1
-9740,-408,12315,2945,1
-9872,-514,12082,2946,1
-9815,-613,12172,2943,1
-9691,-417,12321,2941,1
-9921,-591,12076,2949,1
-9756,-600,12190,2942,1
-9748,-416,12324,2949,1
-9899,-532,12025,2961,1
-9769,-587,12187,2948,1
-9753,-343,12314,2946,1
-9923,-553,12063,2945,1
-9716,-539,12259,2946,1
-9759,-390,12305,2947,1
-9897,-630,12068,2952,1
-9720,-537,12296,2949,1
-9828,-413,12215,2953,1
-9899,-642,12084,2955,1
-9754,-496,12259,2946,1
-9778,-413,12236,2946,1
-9838,-655,12099,2941,1
-9718,-498,12344,2939,1
-9854,-441,12189,2950,1
-9797,-633,12124,2945,1
-9734,-470,12283,2949,1
-9892,-442,12135,2955,1
-9825,-625,12095,2951,1
-9706,-402,12321,2946,1
-9872,-469,12133,2946,1
-9822,-595,12178,2945,1
-9702,-393,12318,2943,1
-9880,-523,12076,2953,1
-9842,-637,12164,2953,1
-9750,-401,12301,2948,1
-9917,-521,12045,2954,1
-9780,-618,12186,2950,1
-9723,-411,12326,2941,1
-9937,-535,12074,2945,1
-9791,-617,12219,2947,1
-9757,-384,12317,2942,1
-9910,-553,12042,2945,1
-9760,-585,12210,2949,1
-9728,-401,12286,2947,1
-9924,-577,12069,2950,1
-9709,-572,12273,2939,1
-9766,-397,12264,2940,1
-9873,-590,12063,2946,1
-9712,-553,12250,2954,1
-9786,-384,12212,2945,1
-9909,-628,12079,2950,1
-9693,-515,12328,2948,1
-9801,-375,12208,2949,1
-9823,-626,12103,2947,1
-9715,-469,12319,2942,1
-9852,-430,12172,2944,1
-9856,-649,12083,2946,1
-9713,-466,12273,2947,1
-9900,-441,12170,2955,1
-9868,-623,12099,2952,1
-9693,-409,12359,2948,1
-9888,-437,12087,2951,1
-9817,-629,12118,2949,1
-9746,-435,12314,2938,1
-9888,-539,12101,2943,1
-9828,-654,12145,2944,1
-9716,-403,12316,2937,1
-9945,-497,12050,2950,1
-9783,-612,12247,2952,1
-9746,-396,12341,2945,1
-9904,-555,12090,2943,1
-9799,-594,12200,2943,1
-9734,-390,12283,2939,1
-9939,-576,12039,2942,1
-9765,-585,12217,2941,1
-9734,-380,12319,2939,1
-9897,-550,12056,2949,1
-9724,-549,12301,2953,1
-9772,-385,12328,2950,1
-9874,-602,12105,2951,1
-9730,-511,12308,2941,1
-9785,-422,12249,2941,1
-9910,-641,12080,2944,1
-9703,-529,12284,2943,1
-9797,-414,12185,2947,1
-9800,-628,12112,2951,1
-9765,-490,12329,2947,1
-9851,-436,12186,2952,1
-9846,-637,12096,2951,1
-9676,-470,12318,2939,1
-9897,-477,12119,2938,1
-9807,-621,12161,2944,1
-9706,-401,12347,2940,1
-9867,-467,12114,2960,1
-9822,-635,12163,2957,1
-9727,-411,12351,2947,1
-9904,-539,12102,2950,1
-9805,-616,12161,2952,1
-9712,-429,12349,2942,1
-9899,-532,12083,2952,1
-9793,-598,12196,2951,1
-9689,-380,12371,2949,1
-9882,-546,12072,2952,1
-9799,-590,12182,2957,1
-9706,-393,12355,2938,1
-9919,-591,12045,2951,1
-9767,-582,12235,2938,1
-9742,-374,12256,2943,1
-9896,-583,12069,2948,1
-9723,-543,12254,2942,1
-9726,-400,12293,2946,1
-9884,-606,12080,2952,1
-9725,-528,12263,2948,1
-9813,-398,12237,2951,1
-9880,-634,12111,2945,1
-9727,-517,12314,2941,1
-9816,-414,12203,2945,1
-9807,-651,12149,2945,1
-9709,-473,12281,2954,1
-9848,-449,12182,2951,1
-9867,-627,12133,2945,1
-9709,-458,12281,2946,1
-9904,-479,12118,2949,1
-9836,-638,12107,2949,1
-9704,-421,12365,2941,1
-9833,-489,12144,2949,1
-9832,-639,12163,2945,1
-9697,-402,12303,2946,1
-9960,-506,12067,2955,1
-9849,-602,12168,2953,1
-9740,-419,12286,2932,1
-9890,-532,12096,2951,1
-9810,-637,12201,2946,1
-9703,-409,12340,2935,1
-9930,-572,12035,2948,1
-9768,-581,12198,2948,1
-9776,-388,12253,2946,1
-9940,-580,12040,2955,1
-9768,-595,12256,2947,1
-9742,-369,12225,2942,1
-9901,-604,12056,2938,1
-9729,-561,12276,2940,1
-9767,-399,12275,2937,1
-9897,-617,12019,2951,1
-9748,-527,12278,2948,1
-9829,-388,12183,2949,1
-9864,-627,12127,2945,1
-9736,-528,12305,2946,1
-9798,-428,12225,2938,1
-9838,-656,12083,2937,1
-9728,-502,12311,2939,1
-9866,-440,12147,2946,1
-9834,-667,12154,2942,1
-9744,-467,12295,2953,1
-9855,-463,12114,2951,1
-9848,-628,12141,2948,1
-9691,-441,12363,2940,1
-9884,-479,12126,2939,1
-9832,-640,12166,2948,1
-9732,-416,12320,2943,1
-9891,-508,12095,2952,1
-9852,-627,12180,2948,1
-9708,-401,12311,2943,1
-9929,-505,12063,2954,1
-9777,-610,12205,2946,1
-9687,-412,12348,2937,1
-9944,-570,12039,2941,1
-9779,-606,12209,2947,1
-9775,-423,12240,2940,1
-9931,-572,12055,2948,1
-9767,-586,12180,2951,1
-9719,-380,12281,2947,1
-9927,-626,12059,2945,1
-9701,-560,12299,2941,1
-9769,-387,12296,2940,1
-9869,-588,12039,2938,1
-9723,-543,12262,2943,1
-9780,-377,12189,2950,1
-9882,-626,12079,2954,1
-9677,-495,12279,2951,1
-9841,-440,12224,2943,1
-9799,-612,12134,2943,1
-9697,-513,12298,2938,1
-9882,-447,12157,2945,1
-9832,-680,12154,2946,1
-9726,-448,12332,2941,1
-9852,-485,12124,2943,1
-9819,-627,12193,2950,1
-9693,-448,12363,2945,1
-9907,-513,12099,2945,1
-9810,-649,12180,2940,1
-9730,-434,12349,2943,1
-9898,-552,12085,2942,1
-9837,-621,12154,2955,1
-9686,-391,12360,2949,1
-9893,-539,12097,2949,1
-9760,-596,12184,2947,1
-9728,-416,12324,2946,1
-9909,-567,11998,2948,1
-9772,-596,12180,2943,1
-9754,-400,12257,2936,1
-9917,-609,12062,2946,1
-9736,-550,12302,2953,1
-9726,-369,12285,2950,1
-9882,-615,12112,2945,1
-9681,-563,12252,2947,1
-9767,-412,12239,2942,1
-9851,-675,12088,2938,1
-9734,-529,12261,2940,1
-9771,-395,12224,2936,1
-9810,-633,12118,2945,1
-9675,-459,12322,2946,1
-9848,-420,12169,2946,1
-9793,-627,12167,2938,1
-9722,-492,12310,2945,1
-9855,-437,12129,2939,1
-9842,-659,12116,2947,1
-9709,-441,12341,2942,1
-9860,-509,12146,2952,1
-9810,-612,12171,2946,1
-9728,-431,12358,2953,1
-9890,-513,12063,2953,1
-9818,-652,12169,2946,1
-9719,-402,12291,2942,1
-9908,-499,12103,2947,1
-9808,-591,12163,2945,1
-9658,-372,12323,2952,1
-9920,-555,12065,2953,1
-9782,-599,12210,2958,1
-9766,-382,12255,2941,1
-9936,-533,12063,2942,1
-9788,-569,12232,2944,1
-9736,-391,12284,2940,1
-9901,-608,12037,2947,1
-9716,-550,12272,2951,1
-9802,-426,12234,2941,1
-9890,-615,12093,2954,1
-9723,-561,12291,2959,1
-9806,-376,12204,2952,1
-9907,-655,12068,2946,1
-9719,-506,12293,2946,1
-9797,-418,12196,2943,1
-9787,-654,12120,2955,1
-9735,-478,12283,2948,1
-9880,-437,12135,2943,1
-9845,-639,12090,2957,1
-9695,-428,12290,2942,1
-9877,-442,12125,2933,1
-9831,-609,12148,2953,1
-9720,-417,12307,2947,1
-9890,-481,12089,2954,1
-9831,-646,12158,2958,1
-9715,-442,12297,2967,1
-9909,-489,12051,2957,1
-9821,-621,12188,2955,1
-9698,-370,12333,2938,1
-9900,-527,12077,2949,1
-9787,-612,12196,2945,1
-9745,-375,12300,2953,1
-9926,-569,12046,2957,1
-9761,-617,12200,2951,1
-9742,-395,12286,2944,1
-9920,-569,12036,2946,1
-9700,-591,12261,2943,1
-9761,-375,12309,2938,1
-9885,-594,12060,2948,1
-9736,-539,12267,2947,1
-9810,-399,12218,2950,1
-9874,-645,12064,2954,1
-9705,-542,12286,2951,1
-9805,-427,12247,2942,1
-9844,-631,12095,2950,1
-9727,-498,12323,2942,1
-9887,-430,12172,2946,1
-9830,-661,12117,2952,1
-9739,-481,12261,2952,1
-9855,-470,12137,2947,1
-9830,-630,12108,2960,1
-9681,-428,12360,2949,1
-9869,-473,12109,2945,1
-9825,-631,12149,2949,1
-9745,-409,12305,2946,1
-9906,-499,12088,2953,1
-9837,-629,12175,2955,1
-9729,-396,12315,2955,1
-9904,-527,12063,2947,1
-9790,-612,12244,2949,1
-9725,-391,12347,2943,1
-9913,-547,12075,2951,1
-9795,-607,12217,2950,1
-9767,-369,12253,2951,1
-9905,-599,12028,2968,1
-9749,-561,12216,2960,1
-9721,-390,12316,2938,1
-9873,-607,12047,2952,1
-9716,-553,12268,2949,1
-9772,-401,12258,2939,1
-9858,-609,12091,2950,1
-9723,-503,12262,2954,1
-9795,-405,12208,2948,1
-9862,-633,12030,2961,1
-9682,-526,12318,2956,1
-9839,-439,12230,2946,1
-9781,-663,12145,2951,1
-9728,-496,12275,2953,1
-9839,-460,12153,2940,1
-9853,-650,12127,2961,1
-9684,-420,12383,2956,1
-9854,-470,12135,2952,1
-9803,-622,12163,2954,1
-9709,-422,12339,2943,1
-9883,-499,12111,2949,1
-9837,-650,12196,2952,1
-9730,-408,12320,2952,1
-9889,-538,12126,2954,1
-9784,-608,12202,2955,1
-9663,-369,12314,2961,1
-9936,-534,12048,2967,1
-9782,-600,12220,2953,1
-9727,-408,12283,2950,1
-9893,-601,12051,2949,1
-9785,-598,12232,2954,1
-9748,-362,12273,2959,1
-9905,-586,12077,2960,1
-9697,-565,12279,2965,1
-9792,-397,12272,2958,1
-9876,-606,12050,2958,1
-9747,-560,12299,2959,1
-9808,-385,12241,2946,1
-9900,-637,12066,2955,1
-9709,-489,12281,2963,1
-9789,-416,12218,2941,1
-9805,-620,12126,2961,1
-9691,-479,12305,2952,1
-9867,-416,12131,2948,1
-9823,-675,12158,2955,1
-9727,-474,12333,2956,1
-9856,-437,12127,2941,1
-9847,-642,12148,2959,1
-9700,-409,12348,2959,1
-9910,-486,12129,2958,1
-9798,-617,12130,2958,1
-9732,-437,12312,2963,1
-9915,-530,12066,2945,1
-9859,-648,12187,2950,1
-9717,-383,12332,2944,1
-9911,-532,12098,2951,1
-9771,-623,12235,2959,1
-9729,-381,12303,2960,1
-9939,-549,12053,2952,1
-9768,-589,12222,2957,1
-9774,-386,12297,2945,1
-9948,-588,12029,2954,1
-9776,-598,12268,2956,1
-9719,-362,12281,2943,1
-9865,-609,12035,2959,1
-9719,-534,12281,2961,1
-9799,-390,12270,2955,1
-9875,-588,12026,2959,1
-9745,-528,12266,2951,1
-9787,-381,12212,2942,1
-9882,-646,12041,2951,1
-9725,-501,12348,2947,1
-9874,-426,12182,2946,1
-9808,-633,12115,2961,1
-9714,-494,12309,2960,1
-9852,-427,12136,2951,1
-9843,-649,12099,2956,1
-9720,-450,12312,2951,1
-9886,-440,12141,2945,1
-9807,-625,12176,2951,1
-9713,-434,12355,2953,1
-9889,-527,12066,2953,1
-9845,-662,12175,2958,1
-9716,-425,12367,2954,1
-9896,-509,12062,2949,1
-9817,-619,12142,2952,1
-9705,-387,12322,2947,1
-9895,-546,12031,2947,1
-9786,-608,12197,2953,1
-9743,-396,12301,2948,1
-9934,-547,12054,2955,1
-9754,-587,12193,2959,1
-9739,-387,12289,2947,1
-9949,-564,12033,2947,1
-9710,-572,12259,2951,1
-9791,-398,12263,2945,1
-9853,-588,12108,2954,1
-9729,-555,12279,2956,1
-9794,-403,12243,2953,1
-9891,-627,12085,2956,1
-9707,-510,12301,2956,1
-9788,-394,12262,2965,1
-9843,-614,12110,2969,1
-9736,-502,12300,2967,1
-9819,-431,12214,2958,1
-9846,-642,12150,2972,1
-9704,-507,12291,2968,1
-9874,-452,12167,2959,1
-9848,-631,12125,2974,1
-9734,-460,12294,2965,1
-9883,-479,12104,2961,1
-9775,-648,12190,2961,1
-9718,-435,12347,2962,1
-9878,-522,12140,2959,1
-9809,-643,12162,2966,1
-9709,-421,12320,2967,1
-9926,-523,12047,2970,1
-9776,-599,12214,2968,1
-9693,-396,12344,2967,1
-9887,-536,12086,2961,1
-9805,-602,12223,2963,1
-9715,-407,12305,2960,1
-9931,-574,12044,2970,1
-9757,-583,12231,2971,1
-9740,-401,12319,2968,1
-9910,-575,12073,2968,1
-9693,-563,12250,2968,1
-9744,-346,12288,2956,1
-9873,-596,12086,2959,1
-9728,-548,12294,2961,1
-9784,-407,12209,2966,1
-9881,-623,12087,2972,1
-9705,-504,12314,2968,1
-9816,-410,12292,2968,1
-9787,-632,12155,2969,1
-9719,-478,12300,2965,1
-9814,-403,12155,2956,1
-9852,-644,12176,2966,1
-9682,-469,12304,2964,1
-9874,-465,12118,2960,1
-9814,-624,12156,2972,1
-9712,-419,12352,2978,1
-9861,-462,12210,2968,1
-9812,-613,12179,2964,1
-9700,-382,12298,2963,1
-9897,-524,12094,2955,1
-9823,-633,12171,2963,1
-9710,-438,12337,2964,1
-9923,-528,12026,2959,1
-9779,-623,12212,2971,1
-9713,-398,12363,2965,1
-9909,-551,12086,2969,1
-9801,-564,12221,2965,1
-9733,-394,12280,2957,1
-9946,-580,12028,2964,1
-9745,-598,12233,2969,1
-9754,-375,12270,2966,1
-9883,-573,12118,2966,1
-9722,-549,12282,2974,1
-9771,-392,12278,2957,1
-9896,-590,12041,2970,1
-9724,-523,12282,2964,1
-9812,-399,12206,2960,1
-9852,-642,12074,2961,1
-9704,-528,12303,2969,1
-9790,-411,12218,2967,1
-9798,-651,12151,2971,1
-9736,-469,12263,2969,1
-9839,-401,12129,2959,1
-9849,-647,12133,2961,1
-9707,-441,12315,2966,1
-9899,-470,12133,2963,1
-9801,-626,12146,2973,1
-9728,-429,12346,2972,1
-9884,-484,12111,2963,1
-9846,-640,12143,2969,1
-9720,-392,12316,2962,1
-9949,-528,12054,2957,1
-9805,-631,12169,2961,1
-9702,-370,12298,2961,1
-9896,-526,12057,2958,1
-9792,-620,12193,2978,1
-9729,-389,12317,2966,1
-9925,-563,12019,2962,1
-9777,-635,12243,2961,1
-9772,-386,12304,2966,1
-9917,-555,12078,2962,1
-9733,-553,12283,2966,1
-9768,-393,12265,2966,1
-9900,-580,12066,2970,1
-9732,-557,12279,2964,1
-9765,-405,12202,2970,1
-9911,-626,12044,2968,1
-9726,-503,12278,2958,1
-9814,-386,12237,2956,1
-9820,-614,12117,2969,1
-9720,-497,12297,2972,1
-9849,-421,12173,2973,1
-9829,-640,12098,2968,1
-9719,-469,12309,2964,1
-9896,-469,12118,2961,1
-9837,-642,12167,2963,1
-9728,-458,12323,2965,1
-9885,-491,12110,2960,1
-9828,-636,12169,2972,1
-9727,-419,12334,2972,1
-9929,-522,12054,2965,1
-9821,-615,12192,2966,1
-9720,-390,12302,2963,1
-9900,-511,12094,2958,1
-9779,-584,12189,2965,1
-9731,-396,12323,2964,1
-9937,-566,12046,2966,1
-9751,-578,12185,2972,1
-9742,-380,12271,2964,1
-9945,-559,12073,2963,1
-9761,-575,12238,2961,1
-9755,-373,12288,2957,1
-9860,-587,12106,2965,1
-9706,-547,12279,2963,1
-9802,-410,12265,2968,1
-9874,-586,12059,2977,1
-9717,-500,12269,2983,1
-9812,-394,12215,2967,1
-9836,-627,12109,2959,1
-9724,-474,12297,2960,1
-9822,-435,12190,2969,1
-9823,-651,12108,2969,1
-9701,-471,12321,2968,1
-9871,-439,12113,2971,1
-9837,-637,12134,2965,1
-9692,-425,12328,2970,1
-9862,-465,12141,2956,1
-9808,-629,12188,2965,1
-9683,-426,12371,2961,1
-9884,-523,12093,2961,1
-9827,-639,12181,2974,1
-9727,-423,12352,2975,1
-9910,-480,12025,2962,1
-9803,-622,12196,2962,1
-9696,-394,12318,2965,1
-9875,-573,12143,2960,1
-9788,-604,12222,2966,1
-9703,-376,12294,2962,1
-9943,-558,12026,2963,1
-9752,-604,12229,2975,1
-9755,-381,12274,2969,1
-9914,-564,12059,2972,1
-9723,-556,12255,2961,1
-9740,-369,12271,2955,1
-9877,-618,12079,2961,1
-9720,-557,12306,2966,1
-9779,-415,12217,2965,1
-9877,-647,12082,2967,1
-9729,-520,12292,2968,1
-9813,-393,12195,2969,1
-9805,-643,12116,2971,1
-9731,-489,12264,2964,1
-9837,-458,12182,2962,1
-9832,-662,12128,2965,1
-9704,-451,12314,2965,1
-9893,-439,12102,2970,1
-9818,-611,12143,2970,1
-9696,-427,12323,2973,1
-9868,-453,12120,2958,1
-9821,-627,12159,2962,1
-9683,-393,12351,2968,1
-9906,-548,12057,2959,1
-9793,-633,12165,2967,1
-9721,-426,12333,2964,1
-9926,-509,12045,2964,1
-9811,-619,12175,2977,1
-9705,-387,12353,2972,1
-9894,-549,12053,2957,1
-9770,-612,12189,2960,1
-9724,-417,12310,2957,1
-9945,-573,12064,2962,1
-9755,-579,12207,2971,1
-9758,-383,12294,2964,1
-9901,-588,12079,2962,1
-9737,-565,12268,2975,1
-9749,-368,12287,2967,1
-9876,-608,12030,2962,1
-9728,-540,12300,2957,1
-9833,-413,12210,2956,1
-9857,-637,12085,2960,1
-9745,-525,12305,2967,1
-9812,-417,12234,2970,1
-9815,-632,12082,2964,1
-9720,-489,12281,2968,1
-9868,-451,12143,2957,1
-9843,-626,12117,2965,1
-9733,-497,12358,2957,1
-9889,-459,12104,2961,1
-9813,-618,12141,2962,1
-9706,-455,12336,2973,1
-9888,-500,12125,2968,1
-9828,-653,12127,2969,1
-9702,-378,12315,2965,1
-9948,-506,12026,2955,1
-9814,-608,12188,2970,1
-9734,-405,12345,2966,1
-9893,-528,12079,2957,1
-9770,-576,12171,2968,1
-9728,-423,12348,2973,1
-9931,-562,12038,2961,1
-9813,-577,12235,2962,1
-9784,-384,12223,2965,1
-9910,-542,12114,2956,1
-9740,-601,12217,2964,1
-9746,-395,12311,2959,1
-9892,-619,12059,2969,1
-9718,-557,12272,2974,1
-9797,-406,12234,2965,1
-9886,-653,12092,2965,1
-9750,-530,12271,2963,1
-9792,-399,12215,2957,1
-9789,-631,12108,2962,1
-9704,-488,12299,2965,1
-9852,-434,12190,2970,1
-9830,-658,12087,2969,1
-9720,-458,12290,2968,1
-9902,-467,12108,2962,1
-9834,-645,12112,2958,1
-9702,-423,12320,2971,1
-9878,-473,12164,2968,1
-9855,-610,12153,2969,1
-9700,-431,12356,2967,1
-9898,-501,12071,2964,1
-9817,-628,12172,2972,1
-9736,-392,12271,2964,1
-9898,-518,12082,2959,1
-9799,-577,12213,2963,1
-9696,-373,12337,2964,1
-9932,-565,12027,2960,1
-9760,-609,12203,2973,1
-9747,-415,12312,2974,1
-9929,-572,12086,2961,1
-9755,-582,12231,2965,1
-9762,-382,12309,2959,1
-9868,-586,12109,2956,1
-9736,-559,12264,2961,1
-9786,-415,12261,2961,1
-9854,-614,12048,2967,1
-9732,-546,12286,2971,1
-9803,-410,12220,2970,1
-9853,-666,12078,2964,1
-9724,-481,12313,2963,1
-9817,-420,12260,2958,1
-9809,-653,12129,2961,1
-9688,-469,12300,2962,1
-9864,-436,12210,2965,1
-9813,-658,12174,2969,1
-9731,-425,12323,2969,1
-9859,-466,12157,2962,1
-9803,-615,12169,2965,1
-9698,-395,12369,2965,1
-9895,-490,12101,2961,1
-9830,-623,12167,2968,1
-9722,-405,12350,2970,1
-9912,-502,12041,2963,1
-9814,-624,12191,2969,1
-9706,-399,12345,2964,1
-9908,-546,12109,2956,1
-9798,-621,12194,2963,1
-9736,-370,12333,2960,1
-9960,-572,12013,2956,1
-9758,-572,12206,2971,1
-9759,-390,12254,2967,1
-9924,-585,12073,2964,1
-9749,-570,12279,2968,1
-9741,-408,12313,2962,1
-9883,-618,12074,2970,1
-9706,-568,12272,2969,1
-9815,-418,12197,2966,1
-9888,-606,12046,2966,1
-9743,-499,12304,2971,1
-9796,-412,12205,2960,1
-9821,-632,12119,2969,1
-9766,-474,12310,2964,1
-9845,-432,12172,2958,1
-9838,-654,12131,2963,1
-9724,-470,12305,2972,1
-9894,-474,12108,2963,1
-9814,-625,12151,2970,1
-9711,-415,12346,2981,1
-9869,-479,12149,2964,1
-9840,-650,12147,2961,1
-9699,-419,12313,2962,1
-9945,-537,12030,2956,1
-9832,-623,12163,2967,1
-9721,-428,12316,2969,1
-9905,-521,12085,2964,1
-9824,-630,12197,2969,1
-9725,-388,12300,2967,1
-9941,-569,12030,2958,1
-9775,-591,12196,2964,1
-9772,-418,12273,2957,1
-9951,-554,12031,2957,1
-9754,-589,12229,2971,1
-9745,-365,12288,2969,1
-9899,-588,12087,2963,1
-9754,-543,12252,2962,1
-9786,-395,12265,2958,1
-9908,-618,12044,2963,1
-9746,-533,12287,2967,1
-9841,-400,12183,2960,1
-9815,-624,12091,2964,1
-9718,-493,12302,2969,1
-9832,-440,12175,2964,1
-9838,-660,12123,2969,1
-9715,-469,12259,2958,1
-9902,-434,12136,2958,1
-9842,-614,12132,2962,1
-9720,-431,12309,2963,1
-9876,-505,12110,2963,1
-9813,-633,12148,2973,1
-9710,-435,12343,2964,1
-9889,-514,12106,2964,1
-9818,-612,12181,2964,1
-9712,-428,12338,2964,1
-9904,-532,12071,2963,1
-9795,-610,12187,2966,1
-9713,-411,12319,2968,1
-9935,-539,12013,2965,1
-9810,-612,12204,2971,1
-9748,-417,12302,2966,1
-9944,-580,12011,2959,1
-9782,-569,12234,2966,1
-9758,-383,12246,2961,1
-9883,-594,12115,2963,1
-9735,-562,12272,2981,1
-9768,-422,12295,2969,1
-9878,-597,12072,2959,1
-9725,-517,12286,2964,1
-9825,-399,12208,2955,1
-9840,-619,12116,2956,1
-9703,-483,12329,2966,1
-9838,-421,12165,2963,1
-9813,-643,12111,2965,1
-9713,-440,12303,2966,1
-9875,-439,12151,2965,1
-9803,-634,12152,2962,1
-9674,-445,12323,2968,1
-9894,-472,12170,2962,1
-9807,-631,12184,2973,1
-9718,-401,12353,2973,1
-9908,-509,12096,2971,1
-9844,-646,12179,2971,1
-9743,-412,12321,2959,1
-9925,-523,12032,2963,1
-9768,-615,12207,2966,1
-9697,-374,12358,2969,1
-9902,-565,12085,2955,1
-9787,-606,12209,2972,1
-9747,-412,12299,2969,1
-9918,-571,12004,2964,1
-9733,-588,12222,2962,1
-9754,-370,12281,2960,1
-9872,-618,12110,2957,1
-9719,-566,12292,2964,1
-9788,-401,12252,2967,1
-9880,-633,12096,2968,1
-9740,-540,12322,2970,1
-9784,-381,12218,2968,1
-9854,-631,12087,2962,1
-9704,-478,12363,2965,1
-9817,-435,12204,2966,1
-9796,-647,12144,2962,1
-9746,-509,12294,2970,1
-9856,-429,12124,2971,1
-9845,-642,12112,2970,1
-9697,-429,12315,2972,1
-9860,-454,12123,2959,1
-9789,-620,12209,2957,1
-9701,-414,12305,2972,1
-9864,-478,12075,2962,1
-9842,-627,12163,2971,1
-9686,-438,12317,2969,1
-9933,-511,12060,2966,1
-9800,-603,12196,2971,1
-9696,-373,12333,2959,1
-9899,-518,12066,2952,1
-9787,-602,12163,2967,1
-9747,-396,12315,2965,1
-9931,-570,12040,2963,1
-9770,-609,12214,2971,1
-9747,-398,12283,2965,1
-9925,-583,12075,2956,1
-9713,-547,12261,2966,1
-9795,-381,12234,2963,1
-9877,-583,12031,2957,1
-9741,-531,12287,2970,1
-9801,-389,12174,2966,1
-9870,-641,12051,2957,1
-9724,-490,12312,2967,1
-9866,-426,12229,2965,1
-9806,-647,12095,2952,1
-9731,-482,12314,2960,1
-9899,-429,12136,2962,1
-9869,-645,12105,2970,1
-9717,-442,12309,2975,1
-9855,-495,12125,2970,1
-9832,-618,12166,2959,1
-9714,-439,12342,2963,1
-9882,-528,12101,2959,1
-9817,-657,12139,2958,1
-9726,-409,12310,2965,1
-9937,-509,12049,2963,1
-9825,-597,12163,2967,1
-9686,-375,12340,2962,1
-9948,-539,12075,2957,1
-9780,-601,12217,2962,1
-9755,-405,12254,2966,1
-9930,-581,12006,2963,1
-9794,-606,12198,2970,1
-9759,-415,12270,2974,1
-9890,-617,12075,2967,1
-9739,-535,12247,2961,1
-9791,-419,12242,2958,1
-9864,-636,12014,2952,1
-9743,-574,12272,2969,1
-9790,-409,12230,2963,1
-9869,-667,12073,2962,1
-9687,-483,12300,2973,1
-9822,-426,12184,2976,1
-9843,-630,12080,2959,1
-9726,-468,12306,2966,1
-9917,-412,12103,2956,1
-9841,-674,12120,2958,1
-9739,-438,12297,2969,1
-9870,-463,12120,2968,1
-9837,-653,12167,2970,1
-9712,-417,12302,2967,1
-9908,-501,12069,2952,1
-9820,-624,12138,2962,1
-9727,-426,12294,2963,1
-9920,-514,12043,2958,1
-9802,-613,12169,2970,1
-9686,-390,12336,2970,1
-9933,-573,12105,2973,1
-9780,-594,12202,2969,1
-9730,-386,12311,2961,1
-9936,-557,12027,2954,1
-9762,-570,12218,2968,1
-9780,-380,12283,2966,1
-9889,-581,12050,2961,1
-9725,-573,12287,2967,1
-9906,-623,12065,2975,1
-9716,-537,12285,2963,1
-9802,-405,12211,2964,1
-9890,-649,12102,2961,1
-9765,-519,12271,2956,1
-9840,-399,12212,2968,1
-9862,-659,12092,2967,1
-9717,-502,12325,2964,1
-9852,-448,12161,2968,1
-9826,-654,12069,2964,1
-9704,-498,12302,2957,1
-9896,-443,12104,2962,1
-9849,-635,12143,2961,1
-9722,-413,12329,2965,1
-9848,-471,12134,2963,1
-9840,-628,12127,2966,1
-9713,-404,12342,2969,1
-9934,-485,12072,2967,1
-9820,-617,12136,2960,1
-9735,-435,12296,2958,1
-9912,-531,12052,2955,1
-9833,-622,12124,2958,1
-9706,-378,12355,2967,1
-9927,-552,12062,2963,1
-9786,-574,12200,2966,1
-9759,-406,12279,2958,1
-9929,-577,12041,2961,1
-9793,-591,12216,2961,1
-9755,-390,12280,2967,1
-9886,-602,12090,2960,1
-9703,-551,12299,2964,1
-9765,-385,12258,2966,1
-9891,-593,12028,2973,1
-9739,-508,12265,2971,1
-9833,-403,12170,2961,1
-9852,-619,12055,2952,1
-9736,-508,12282,2954,1
-9830,-435,12236,2963,1
-9826,-651,12111,2969,1
-9731,-465,12330,2957,1
-9888,-429,12137,2971,1
-9871,-626,12146,2955,1
-9722,-447,12294,2964,1
-9875,-497,12139,2958,1
-9838,-626,12161,2954,1
-9718,-439,12358,2959,1
-9912,-521,12069,2971,1
-9827,-646,12139,2963,1
-9766,-402,12328,2965,1
-9917,-482,12078,2962,1
-9808,-594,12163,2960,1
-9702,-350,12326,2963,1
-9917,-538,12062,2962,1
-9795,-613,12205,2962,1
-9731,-417,12256,2962,1
-9929,-569,12065,2968,1
-9793,-589,12224,2961,1
-9745,-376,12306,2969,1
-9886,-609,12121,2962,1
-9721,-546,12223,2964,1
-9787,-426,12256,2968,1
-9887,-611,12090,2970,1
-9731,-537,12304,2963,1
-9817,-387,12214,2963,1
-9840,-639,12090,2964,1
-9716,-470,12273,2952,1
-9811,-439,12213,2962,1
-9814,-649,12140,2954,1
-9690,-494,12322,2958,1
-9884,-403,12133,2970,1
-9838,-636,12115,2965,1
-9708,-447,12343,2961,1
-9874,-471,12154,2964,1
-9833,-647,12160,2958,1
-9703,-421,12338,2956,1
-9893,-521,12086,2955,1
-9817,-614,12162,2963,1
-9697,-406,12314,2968,1
-9926,-523,12042,2970,1
-9797,-578,12231,2957,1
-9707,-376,12337,2954,1
-9902,-593,12105,2953,1
-9749,-586,12249,2958,1
-9728,-363,12327,2954,1
-9944,-566,12065,2965,1
-9708,-562,12234,2963,1
-9723,-364,12283,2963,1
-9855,-590,12101,2959,1
-9731,-529,12283,2974,1
-9778,-424,12231,2968,1
-9868,-606,12059,2959,1
-9765,-520,12303,2963,1
-9795,-409,12215,2965,1
-9832,-638,12079,2968,1
-9697,-505,12309,2956,1
-9841,-408,12187,2959,1
-9817,-640,12146,2954,1
-9732,-465,12302,2954,1
-9846,-438,12182,2965,1
-9860,-666,12134,2972,1
-9721,-450,12332,2960,1
-9873,-472,12145,2972,1
-9773,-612,12205,2957,1
-9714,-409,12302,2950,1
-9893,-492,12104,2959,1
-9832,-625,12154,2956,1
-9715,-411,12339,2956,1
-9938,-524,12050,2970,1
-9779,-576,12186,2968,1
-9705,-421,12358,2958,1
-9929,-564,12057,2949,1
-9788,-594,12162,2954,1
-9761,-405,12262,2961,1
-9922,-581,12087,2962,1
-9738,-587,12240,2963,1
-9741,-390,12253,2969,1
-9879,-594,12068,2974,1
-9713,-545,12276,2963,1
-9792,-400,12228,2964,1
-9881,-627,12088,2955,1
-9770,-513,12302,2968,1
-9791,-399,12199,2967,1
-9834,-624,12158,2971,1
-9723,-479,12310,2961,1
-9873,-429,12180,2964,1
-9825,-648,12121,2960,1
-9734,-468,12303,2956,1
-9878,-441,12113,2961,1
-9853,-675,12113,2972,1
-9704,-446,12324,2960,1
-9866,-500,12108,2966,1
-9850,-640,12152,2966,1
-9696,-434,12328,2952,1
-9907,-499,12032,2965,1
-9824,-637,12148,2957,1
-9725,-418,12325,2955,1
-9851,-533,12095,2965,1
-9806,-605,12225,2965,1
-9738,-407,12309,2964,1
-9932,-563,12018,2964,1
-9781,-561,12196,2954,1
-9777,-376,12288,2954,1
-9903,-562,12039,2961,1
-9752,-554,12229,2961,1
-9770,-386,12261,2966,1
-9899,-589,12052,2968,1
-9714,-537,12265,2953,1
-9836,-419,12207,2961,1
-9872,-639,12109,2958,1
-9730,-479,12329,2953,1
-9825,-407,12194,2960,1
-9800,-618,12124,2966,1
-9727,-464,12309,2959,1
-9859,-465,12157,2961,1
-9858,-652,12130,2961,1
-9718,-441,12344,2950,1
-9885,-472,12088,2964,1
-9792,-615,12121,2962,1
-9730,-427,12309,2957,1
-9895,-516,12087,2967,1
-9828,-628,12130,2966,1
-9726,-402,12256,2954,1
-9932,-543,12039,2967,1
-9802,-607,12172,2958,1
-9722,-404,12333,2956,1
-9909,-544,12059,2962,1
-9790,-602,12204,2960,1
-9768,-403,12283,2963,1
-9944,-575,12064,2961,1
-9750,-593,12263,2950,1
-9740,-354,12309,2948,1
-9872,-588,12054,2959,1
-9695,-547,12279,2955,1
-9790,-393,12245,2978,1
-9893,-635,12098,2960,1
-9764,-534,12236,2960,1
-9782,-404,12193,2975,1
-9858,-627,12088,2961,1
-9702,-477,12293,2950,1
-9859,-430,12200,2962,1
-9809,-648,12137,2965,1
-9747,-481,12315,2963,1
-9875,-428,12143,2962,1
-9843,-644,12133,2964,1
-9697,-426,12370,2957,1
-9878,-489,12147,2960,1
-9824,-635,12205,2950,1
-9718,-430,12358,2960,1
-9905,-515,12036,2966,1
-9857,-638,12143,2961,1
-9691,-419,12274,2955,1
-9895,-542,12067,2954,1
-9757,-624,12208,2956,1
-9705,-397,12320,2953,1
-9926,-571,12066,2959,1
-9789,-588,12243,2960,1
-9777,-385,12261,2963,1
-9935,-553,12021,2966,1
-9707,-554,12260,2963,1
-9719,-373,12300,2953,1
-9877,-599,12103,2951,1
-9718,-539,12302,2962,1
-9816,-369,12223,2966,1
-9881,-621,12085,2958,1
-9733,-537,12302,2962,1
-9797,-414,12232,2962,1
-9811,-649,12115,2951,1
-9714,-461,12346,2956,1
-9843,-427,12169,2964,1
-9827,-630,12153,2958,1
-9738,-460,12291,2959,1
-9860,-455,12124,2960,1
-9820,-618,12175,2958,1
-9705,-416,12339,2954,1
-9872,-502,12097,2955,1
-9811,-620,12170,2956,1
-9751,-408,12329,2949,1
-9931,-504,12093,2958,1
-9823,-592,12173,2963,1
-9739,-380,12342,2955,1
-9901,-518,12085,2957,1
-9790,-614,12217,2952,1
-9717,-386,12321,2952,1
-9942,-568,12024,2957,1
-9782,-590,12237,2958,1
-9773,-396,12280,2957,1
-9876,-581,12123,2958,1
-9729,-530,12268,2961,1
-9784,-391,12247,2956,1
-9886,-609,12050,2957,1
-9748,-540,12292,2949,1
-9785,-380,12226,2956,1
-9856,-641,12073,2958,1
-9726,-474,12283,2965,1
-9853,-409,12219,2960,1
-9806,-619,12137,2957,1
-9736,-447,12313,2947,1
-9878,-441,12164,2956,1
-9829,-627,12131,2954,1
-9694,-442,12352,2955,1
-9880,-481,12111,2958,1
-9835,-636,12198,2957,1
-9744,-438,12326,2954,1
-9917,-505,12094,2958,1
-9855,-621,12163,2954,1
-9721,-407,12316,2941,1
-9949,-520,12042,2961,1
-9788,-615,12218,2962,1
-9721,-399,12332,2956,1
-9940,-571,12069,2959,1
-9798,-585,12212,2952,1
-9757,-402,12282,2946,1
-9944,-574,12039,2962,1
-9777,-567,12233,2953,1
-9723,-379,12306,2950,1
-9884,-594,12059,2959,1
-9721,-518,12264,2951,1
-9810,-401,12224,2954,1
-9880,-651,12108,2955,1
-9731,-519,12277,2946,1
-9791,-408,12231,2951,1
-9843,-644,12123,2954,1
-9717,-500,12328,2963,1
-9858,-429,12167,2959,1
-9813,-652,12137,2953,1
-9729,-446,12263,2949,1
-9894,-440,12129,2948,1
-9866,-650,12145,2951,1
-9684,-445,12368,2950,1
-9891,-488,12101,2947,1
-9816,-619,12138,2956,1
-9723,-392,12272,2955,1
-9888,-509,12079,2962,1
-9841,-625,12124,2954,1
-9731,-390,12341,2944,1
-9926,-520,12074,2956,1
-9747,-636,12170,2958,1
-9717,-421,12322,2959,1
-9932,-566,12059,2964,1
-9783,-612,12219,2957,1
-9780,-389,12252,2953,1
-9914,-597,12073,2952,1
-9757,-584,12225,2956,1
-9716,-384,12326,2944,1
-9935,-591,12063,2957,1
-9702,-594,12289,2951,1
-9788,-410,12247,2960,1
-9903,-632,12037,2952,1
-9748,-487,12276,2951,1
-9786,-365,12219,2949,1
-9834,-624,12079,2951,1
-9707,-475,12317,2952,1
-9885,-425,12152,2963,1
-9806,-648,12133,2957,1
-9742,-479,12325,2960,1
-9874,-441,12143,2955,1
-9826,-640,12143,2948,1
-9689,-441,12354,2950,1
-9860,-498,12120,2948,1
-9831,-628,12166,2956,1
-9725,-420,12327,2950,1
-9924,-510,12046,2956,1
-9823,-630,12191,2955,1
-9701,-406,12328,2944,1
-9886,-529,12100,2953,1
-9795,-623,12227,2949,1
-9710,-407,12313,2950,1
-9930,-551,12016,2958,1
-9770,-574,12270,2952,1
-9764,-393,12296,2949,1
-9905,-561,12069,2941,1
-9723,-554,12252,2962,1
-9773,-417,12280,2947,1
-9877,-624,12102,2950,1
-9697,-528,12322,2952,1
-9812,-437,12174,2951,1
-9858,-633,12114,2953,1
-9697,-496,12315,2955,1
-9817,-395,12205,2950,1
-9823,-655,12116,2952,1
-9706,-473,12275,2947,1
-9840,-459,12168,2951,1
-9831,-654,12122,2956,1
-9693,-435,12355,2957,1
-9856,-455,12097,2956,1
-9798,-629,12148,2945,1
-9733,-422,12349,2948,1
-9902,-460,12097,2952,1
-9832,-622,12191,2956,1
-9706,-391,12329,2951,1
-9932,-542,12071,2957,1
-9776,-594,12223,2949,1
-9715,-401,12343,2949,1
-9899,-571,12065,2951,1
-9770,-579,12258,2949,1
-9772,-402,12285,2947,1
-9939,-587,12057,2957,1
-9745,-578,12251,2959,1
-9736,-389,12334,2946,1
-9902,-589,12080,2958,1
-9697,-542,12278,2945,1
-9808,-420,12242,2949,1
-9855,-645,12090,2955,1
-9736,-510,12291,2960,1
-9776,-414,12232,2953,1
-9829,-636,12118,2954,1
-9705,-475,12342,2948,1
-9882,-450,12160,2955,1
-9793,-639,12140,2950,1
-9740,-449,12291,2955,1
-9867,-461,12124,2957,1
-9861,-646,12146,2959,1
-9676,-440,12340,2963,1
-9906,-503,12094,2955,1
-9820,-658,12166,2947,1
-9745,-427,12314,2951,1
-9922,-519,12058,2959,1
-9830,-624,12160,2958,1
-9703,-401,12311,2958,1
-9888,-555,12090,2956,1
-9766,-625,12226,2960,1
-9734,-396,12320,2947,1
-9952,-574,12052,2953,1
-9797,-570,12241,2958,1
-9770,-370,12246,2948,1
-9895,-563,12091,2957,1
-9752,-543,12260,2957,1
-9744,-384,12277,2954,1
-9906,-611,12085,2952,1
-9728,-527,12278,2948,1
-9821,-401,12182,2948,1
-9855,-651,12112,2953,1
-9730,-499,12296,2957,1
-9820,-414,12195,2955,1
-9862,-638,12091,2954,1
-9734,-462,12315,2950,1
-9868,-452,12107,2951,1
-9834,-657,12158,2948,1
-9688,-449,12326,2951,1
-9871,-477,12121,2959,1
-9803,-646,12174,2955,1
-9718,-446,12304,2955,1
-9877,-510,12080,2958,1
-9822,-627,12150,2953,1
-9739,-404,12308,2945,1
-9930,-539,12027,2955,1
-9804,-611,12170,2951,1
-9749,-396,12344,2956,1
-9935,-552,12099,2958,1
-9796,-597,12245,2954,1
-9753,-422,12257,2942,1
-9941,-571,12043,2951,1
-9730,-576,12222,2949,1
-9745,-396,12285,2947,1
-9882,-602,12082,2953,1
-9730,-555,12282,2952,1
-9787,-409,12233,2948,1
-9906,-643,12050,2949,1
-9734,-510,12285,2955,1
-9827,-404,12217,2946,1
-9802,-642,12123,2947,1
-9699,-503,12317,2958,1
-9853,-429,12151,2956,1
-9819,-626,12050,2951,1
-9720,-460,12308,2944,1
-9848,-449,12151,2943,1
-9808,-635,12148,2950,1
-9695,-429,12339,2947,1
-9896,-499,12167,2955,1
-9833,-647,12176,2947,1
-9721,-439,12323,2952,1
-9911,-494,12034,2954,1
-9838,-621,12172,2953,1
-9710,-426,12309,2944,1
-9868,-551,12068,2951,1
-9757,-612,12238,2951,1
-9733,-438,12320,2955,1
-9926,-605,12061,2956,1
-9800,-601,12187,2967,1
-9751,-382,12288,2944,1
-9919,-575,12082,2950,1
-9708,-550,12281,2951,1
-9752,-387,12301,2954,1
-9858,-598,12070,2958,1
-9719,-514,12297,2957,1
-9809,-396,12203,2951,1
-9865,-612,12061,2952,1
-9705,-517,12355,2954,1
-9813,-427,12193,2942,1
-9802,-641,12126,2955,1
-9716,-477,12342,2953,1
-9881,-441,12145,2955,1
-9847,-643,12142,2961,1
-9732,-426,12286,2958,1
-9856,-467,12123,2947,1
-9823,-618,12180,2951,1
-9703,-430,12341,2950,1
-9873,-511,12109,2955,1
-9802,-625,12179,2951,1
-9727,-405,12324,2960,1
-9902,-520,12049,2954,1
-9794,-578,12194,2942,1
-9695,-387,12398,2952,1
-9918,-533,12101,2946,1
-9798,-593,12213,2947,1
-9739,-394,12333,2953,1
-9948,-558,12022,2960,1
-9769,-571,12243,2962,1
-9747,-349,12316,2954,1
-9859,-592,12109,2953,1
-9719,-563,12281,2950,1
-9772,-373,12275,2942,1
-9874,-595,12025,2959,1
-9701,-551,12283,2963,1
-9813,-389,12203,2956,1
-9875,-638,12099,2958,1
-9736,-472,12281,2954,1
-9811,-419,12228,2947,1
-9821,-610,12095,2949,1
-9714,-466,12302,2949,1
-9868,-424,12118,2949,1
-9835,-617,12100,2952,1
-9733,-429,12294,2958,1
-9850,-470,12153,2955,1
-9802,-625,12182,2957,1
-9707,-390,12338,2946,1
-9889,-499,12084,2942,1
-9824,-636,12156,2953,1
-9737,-412,12331,2946,1
-9943,-520,12013,2958,1
-9807,-613,12196,2956,1
-9722,-387,12322,2959,1
-9905,-566,12113,2950,1
-9805,-592,12203,2952,1
-9756,-381,12307,2947,1
-9958,-563,12018,2950,1
-9754,-614,12245,2953,1
-9741,-361,12264,2957,1
-9897,-588,12096,2965,1
-9752,-544,12259,2954,1
-9776,-388,12249,2945,1
-9877,-604,12051,2950,1
-9747,-551,12277,2951,1
-9819,-418,12209,2951,1
-9866,-617,12046,2962,1
-9723,-492,12278,2959,1
-9815,-417,12216,2947,1
-9836,-657,12114,2958,1
-9758,-491,12296,2951,1
-9886,-449,12158,2945,1
-9876,-613,12121,2941,1
-9713,-463,12334,2948,1
-9914,-465,12118,2960,1
-9801,-603,12140,2954,1
-9735,-426,12338,2954,1
-9895,-485,12093,2948,1
-9854,-626,12140,2951,1
-9716,-373,12325,2948,1
-9948,-492,12054,2950,1
-9799,-604,12229,2952,1
-9715,-408,12307,2955,1
-9904,-545,12063,2958,1
-9818,-588,12188,2958,1
-9737,-406,12310,2955,1
-9941,-578,12031,2957,1
-9784,-577,12214,2948,1
-9749,-393,12266,2943,1
-9923,-584,12111,2956,1
-9722,-555,12274,2956,1
-9788,-410,12284,2955,1
-9874,-588,12059,2957,1
-9736,-526,12274,2953,1
-9765,-392,12220,2945,1
-9901,-624,12041,2949,1
-9700,-496,12263,2949,1
-9826,-436,12226,2945,1
-9810,-657,12103,2957,1
-9722,-491,12273,2961,1
-9843,-430,12141,2946,1
-9853,-639,12121,2952,1
-9737,-437,12310,2950,1
-9892,-494,12144,2944,1
-9812,-612,12174,2951,1
-9700,-448,12372,2951,1
-9876,-510,12120,2949,1
-9814,-644,12182,2963,1
-9720,-399,12289,2952,1
-9899,-512,12079,2951,1
-9846,-616,12159,2952,1
-9691,-384,12360,2943,1
-9920,-544,12096,2955,1
-9763,-581,12211,2946,1
-9761,-383,12312,2958,1
-9937,-550,12064,2953,1
-9781,-595,12245,2951,1
-9738,-394,12297,2948,1
-9925,-602,12063,2944,1
-9728,-547,12249,2953,1
-9757,-406,12319,2943,1
-9885,-620,12099,2959,1
-9712,-556,12295,2957,1
-9790,-404,12251,2954,1
-9913,-631,12075,2960,1
-9721,-518,12316,2946,1
-9804,-435,12236,2942,1
-9795,-636,12160,2957,1
-9694,-467,12305,2956,1
-9854,-463,12147,2953,1
-9823,-634,12110,2958,1
-9735,-442,12334,2955,1
-9877,-471,12163,2948,1
-9831,-657,12141,2952,1
-9683,-426,12386,2953,1
-9865,-491,12156,2950,1
-9802,-629,12188,2950,1
-9723,-419,12305,2956,1
-9902,-526,12064,2949,1
-9833,-592,12194,2956,1
-9704,-394,12350,2943,1
-9900,-531,12098,2950,1
-9789,-595,12229,2952,1
-9750,-400,12293,2952,1
-9912,-576,12071,2960,1
-9777,-571,12185,2958,1
-9759,-370,12243,2958,1
-9937,-577,12064,2951,1
-9697,-560,12273,2948,1
-9756,-343,12293,2954,1
-9849,-579,12074,2953,1
-9690,-556,12270,2957,1
-9801,-388,12197,2965,1
-9883,-611,12117,2956,1
-9707,-497,12289,2961,1
-9794,-389,12248,2948,1
-9814,-617,12097,2948,1
-9730,-478,12318,2949,1
-9853,-431,12148,2948,1
-9808,-651,12120,2957,1
-9732,-428,12299,2961,1
-9864,-469,12116,2950,1
-9801,-624,12142,2951,1
-9699,-423,12360,2952,1
-9905,-455,12070,2949,1
-9795,-644,12144,2932,1
-9735,-405,12339,2955,1
-9939,-513,12037,2949,1
-9814,-599,12166,2962,1
-9703,-378,12363,2955,1
-9915,-508,12086,2950,1
-9758,-596,12203,2946,1
-9733,-401,12317,2943,1
-9930,-574,12045,2952,1
-9753,-562,12225,2952,1
-9758,-373,12247,2951,1
-9889,-580,12092,2952,1
-9729,-553,12273,2953,1
-9782,-400,12271,2947,1
-9908,-598,12070,2951,1
-9742,-536,12276,2953,1
-9824,-382,12189,2952,1
-9822,-657,12104,2957,1
-9731,-496,12305,2951,1
-9854,-440,12216,2948,1
-9826,-626,12098,2952,1
-9724,-450,12316,2952,1
-9898,-433,12116,2946,1
-9810,-635,12122,2954,1
-9696,-444,12330,2958,1
-9875,-503,12155,2950,1
-9828,-649,12150,2951,1
-9710,-418,12293,2950,1
-9935,-525,12029,2944,1
-9829,-620,12165,2953,1
-9730,-404,12328,2953,1
-9929,-532,12064,2955,1
-9803,-615,12185,2953,1
-9739,-392,12311,2945,1
-9939,-598,12016,2947,1
-9776,-592,12205,2952,1
-9748,-388,12270,2946,1
-9920,-599,12052,2953,1
-9699,-536,12281,2958,1
-9801,-386,12253,2952,1
-9876,-601,12105,2950,1
-9770,-498,12243,2949,1
-9812,-398,12186,2945,1
-9873,-632,12081,2951,1
-9717,-473,12307,2955,1
-9859,-437,12204,2952,1
-9797,-636,12082,2955,1
-9729,-505,12307,2949,1
-9865,-454,12120,2942,1
-9831,-644,12146,2952,1
-9727,-408,12325,2954,1
-9869,-487,12085,2947,1
-9848,-642,12147,2959,1
-9706,-436,12330,2950,1
-9932,-520,12036,2944,1
-9819,-607,12160,2950,1
-9751,-401,12303,2953,1
-9854,-537,12109,2947,1
-9821,-609,12203,2955,1
-9732,-399,12293,2951,1
-9932,-570,11994,2948,1
-9738,-566,12227,2951,1
-9744,-404,12265,2942,1
-9900,-565,12075,2948,1
-9726,-575,12250,2955,1
-9757,-395,12300,2956,1
-9862,-618,12069,2955,1
-9706,-557,12266,2951,1
-9796,-397,12197,2949,1
-9858,-631,12091,2954,1
-9715,-490,12342,2954,1
-9799,-414,12230,2946,1
-9784,-652,12147,2956,1
-9734,-487,12310,2954,1
-9839,-448,12162,2947,1
-9859,-635,12116,2957,1
-9670,-430,12352,2950,1
-9889,-456,12137,2938,1
-9763,-635,12195,2952,1
-9717,-435,12352,2957,1
-9840,-522,12150,2946,1
-9828,-653,12195,2956,1
-9706,-404,12339,2951,1
-9927,-531,12053,2959,1
-9804,-619,12172,2959,1
-9700,-421,12341,2956,1
-9896,-545,12111,2945,1
-9799,-612,12218,2957,1
-9719,-395,12341,2955,1
-9893,-567,12037,2961,1
-9787,-601,12239,2962,1
-9754,-388,12271,2954,1
-9941,-583,12055,2951,1
-9694,-602,12288,2952,1
-9737,-381,12353,2954,1
-9861,-606,12092,2957,1
-9711,-543,12233,2954,1
-9777,-380,12264,2954,1
-9881,-607,12092,2959,1
-9669,-492,12328,2964,1
-9812,-424,12216,2951,1
-9787,-644,12137,2949,1
-9692,-517,12294,2951,1
-9840,-445,12161,2949,1
-9819,-678,12102,2961,1
-9722,-458,12282,2963,1
-9885,-452,12109,2963,1
-9824,-644,12155,2955,1
-9673,-438,12336,2958,1
-9873,-482,12067,2944,1
-9817,-629,12154,2958,1
-9697,-430,12344,2961,1
-9912,-535,12080,2948,1
-9820,-610,12166,2968,1
-9668,-389,12323,2954,1
-9907,-519,12067,2957,1
-9754,-581,12188,2954,1
-9747,-410,12330,2954,1
-9905,-563,12047,2950,1
-9780,-590,12206,2958,1
-9763,-376,12290,2953,1
-9929,-600,12051,2958,1
-9744,-546,12295,2949,1
-9766,-388,12275,2949,1
-9892,-568,12094,2947,1
-9723,-524,12251,2954,1
-9813,-413,12219,2956,1
-9897,-641,12071,2954,1
-9732,-492,12296,2957,1
-9789,-415,12214,2957,1
-9835,-615,12105,2954,1
-9736,-470,12302,2952,1
-9869,-466,12147,2941,1
-9852,-615,12106,2954,1
-9730,-420,12336,2958,1
-9878,-456,12164,2957,1
-9828,-640,12146,2961,1
-9702,-404,12325,2958,1
-9905,-504,12078,2949,1
-9822,-638,12168,2956,1
-9746,-427,12338,2958,1
-9941,-546,12058,2941,1
-9842,-633,12151,2957,1
-9718,-393,12325,2960,1
-9919,-545,12084,2954,1
-9764,-600,12212,2947,1
-9759,-397,12276,2953,1
-9951,-570,12024,2944,1
-9772,-603,12228,2954,1
-9752,-353,12303,2953,1
-9905,-580,12080,2957,1
-9711,-541,12273,2949,1
-9775,-403,12282,2952,1
-9911,-630,12079,2948,1
-9717,-549,12260,2954,1
-9833,-392,12196,2950,1
-9878,-652,12044,2956,1
-9738,-504,12276,2958,1
-9807,-420,12224,2957,1
-9815,-652,12101,2959,1
-9714,-480,12313,2952,1
-9870,-447,12098,2947,1
-9853,-659,12132,2952,1
-9717,-470,12280,2955,1
-9877,-471,12122,2953,1
-9816,-613,12173,2958,1
-9711,-414,12337,2954,1
-9885,-483,12110,2951,1
-9821,-643,12166,2955,1
-9738,-416,12275,2949,1
-9910,-510,12090,2944,1
-9804,-607,12208,2960,1
-9689,-382,12329,2955,1
-9921,-551,12090,2956,1
-9784,-624,12202,2959,1
-9738,-403,12298,2955,1
-9946,-570,12059,2947,1
-9768,-595,12250,2948,1
-9756,-384,12301,2953,1
-9855,-569,12150,2952,1
-9733,-557,12301,2953,1
-9780,-402,12263,2954,1
-9882,-622,12097,2952,1
-9721,-520,12298,2954,1
-9812,-396,12176,2950,1
-9855,-640,12111,2955,1
-9709,-499,12310,2956,1
-9833,-402,12197,2957,1
-9823,-635,12105,2960,1
-9689,-479,12325,2955,1
-9868,-439,12129,2956,1
-9793,-646,12137,2951,1
-9714,-461,12297,2951,1
-9838,-500,12123,2944,1
-9836,-650,12157,2957,1
-9709,-449,12348,2957,1
-9886,-521,12076,2952,1
-9837,-620,12152,2955,1
-9738,-409,12314,2949,1
-9915,-506,12053,2946,1
-9777,-621,12179,2960,1
-9722,-397,12327,2955,1
-9911,-567,12067,2951,1
-9763,-583,12216,2967,1
-9766,-385,12327,2955,1
-9942,-572,12001,2945,1
-9735,-579,12237,2949,1
-9717,-395,12315,2944,1
-9870,-574,12106,2946,1
-9714,-539,12284,2957,1
-9786,-419,12241,2950,1
-9885,-621,12109,2956,1
-9735,-537,12281,2949,1
-9808,-406,12211,2950,1
-9794,-628,12126,2953,1
-9711,-470,12311,2952,1
-9846,-434,12188,2940,1
-9827,-642,12121,2960,1
-9735,-453,12270,2960,1
-9856,-471,12159,2950,1
-9834,-621,12132,2952,1
-9671,-421,12343,2949,1
-9877,-480,12106,2943,1
-9805,-632,12161,2955,1
-9725,-410,12315,2957,1
-9912,-521,12097,2952,1
-9829,-624,12172,2961,1
-9709,-397,12325,2951,1
-9923,-558,12058,2943,1
-9785,-628,12255,2958,1
-9737,-407,12285,2950,1
-9927,-567,12054,2947,1
-9801,-588,12184,2956,1
-9786,-373,12270,2953,1
-9928,-576,12050,2952,1
-9757,-568,12230,2956,1
-9721,-405,12323,2952,1
-9903,-632,12086,2946,1
-9704,-555,12268,2955,1
-9803,-370,12205,2959,1
-9891,-633,12082,2959,1
-9748,-512,12289,2963,1
-9802,-398,12202,2951,1
-9838,-637,12136,2949,1
-9704,-493,12292,2950,1
-9887,-434,12115,2948,1
-9836,-665,12117,2950,1
-9764,-451,12276,2953,1
-9880,-436,12130,2968,1
-9826,-652,12175,2956,1
-9698,-428,12307,2951,1
-9878,-490,12101,2953,1
-9815,-623,12119,2951,1
-9730,-404,12326,2956,1
-9932,-515,12057,2951,1
-9826,-657,12167,2954,1
-9703,-403,12325,2960,1
-9885,-537,12111,2953,1
-9815,-609,12180,2953,1
-9733,-381,12288,2951,1
-9958,-557,12058,2948,1
-9784,-598,12279,2949,1
-9780,-395,12283,2959,1
-9923,-571,12079,2955,1
-9773,-578,12235,2966,1
-9757,-411,12246,2950,1
-9906,-606,12053,2949,1
-9716,-569,12270,2946,1
-9817,-417,12183,2955,1
-9905,-635,12078,2953,1
-9730,-510,12272,2965,1
-9789,-415,12226,2956,1
-9825,-659,12115,2958,1
-9724,-484,12303,2949,1
-9872,-433,12172,2949,1
-9846,-651,12108,2948,1
-9731,-474,12320,2950,1
-9890,-448,12105,2952,1
-9824,-615,12154,2959,1
-9726,-422,12324,2961,1
-9878,-483,12100,2952,1
-9835,-613,12169,2953,1
-9728,-392,12343,2952,1
-9957,-533,12064,2948,1
-9794,-623,12146,2960,1
-9718,-420,12318,2957,1
-9900,-533,12022,2948,1
-9795,-630,12219,2956,1
-9756,-420,12324,2953,1
-9938,-559,12032,2951,1
-9785,-575,12207,2953,1
-9746,-380,12268,2953,1
-9886,-579,12053,2949,1
-9692,-578,12324,2961,1
-9797,-399,12266,2957,1
-9897,-598,12061,2950,1
-9721,-536,12288,2945,1
-9788,-405,12251,2944,1
-9870,-617,12110,2940,1
-9694,-485,12336,2959,1
-9857,-433,12208,2956,1
-9797,-634,12147,2954,1
-9718,-476,12308,2954,1
-9867,-456,12183,2945,1
-9819,-671,12117,2945,1
-9692,-437,12292,2949,1
-9866,-469,12124,2949,1
-9816,-589,12172,2951,1
-9719,-435,12351,2960,1
-9893,-493,12106,2961,1
-9814,-662,12184,2950,1
-9720,-398,12320,2952,1
-9901,-521,12089,2947,1
-9781,-598,12195,2950,1
-9699,-386,12371,2952,1
-9909,-546,12062,2955,1
-9766,-591,12188,2959,1
-9758,-396,12339,2963,1
-9912,-583,12031,2947,1
-9777,-598,12196,2957,1
-9723,-395,12273,2953,1
-9856,-622,12072,2948,1
-9691,-524,12256,2954,1
-9794,-402,12256,2955,1
-9864,-580,12063,2956,1
-9721,-514,12286,2963,1
-9812,-399,12223,2949,1
-9867,-632,12100,2949,1
-9700,-526,12307,2950,1
-9804,-416,12178,2952,1
-9808,-648,12174,2954,1
-9735,-496,12300,2956,1
-9850,-416,12134,2957,1
-9828,-618,12155,2955,1
-9696,-416,12337,2954,1
-9858,-470,12154,2943,1
-9806,-622,12184,2949,1
-9709,-429,12327,2954,1
-9882,-528,12098,2950,1
-9848,-643,12169,2961,1
-9731,-421,12305,2959,1
-9900,-518,12049,2953,1
-9811,-607,12159,2951,1
-9714,-379,12348,2948,1
-9917,-523,12090,2950,1
-9796,-614,12215,2954,1
-9738,-413,12285,2961,1
-9918,-577,12039,2949,1
-9771,-586,12190,2959,1
-9748,-369,12279,2956,1
-9907,-574,12026,2948,1
-9709,-541,12265,2949,1
-9778,-388,12255,2957,1
-9883,-588,12083,2943,1
-9719,-542,12271,2962,1
-9792,-387,12195,2957,1
-9868,-652,12041,2955,1
-9723,-505,12284,2957,1
-9818,-410,12221,2949,1
-9833,-624,12124,2948,1
-9723,-477,12261,2954,1
-9881,-420,12141,2950,1
-9846,-649,12155,2955,1
-9727,-446,12310,2959,1
-9891,-462,12149,2954,1
-9822,-621,12143,2950,1
-9699,-417,12347,2943,1
-9916,-505,12079,2944,1
-9819,-619,12181,2953,1
-9741,-395,12315,2955,1
-9911,-522,12047,2954,1
-9818,-604,12186,2961,1
-9701,-390,12369,2968,1
-9918,-552,12095,2966,1
-9783,-608,12207,2952,1
-9726,-391,12324,2949,1
-9922,-550,12036,2949,1
-9797,-579,12207,2956,1
-9752,-353,12260,2958,1
-9895,-591,12068,2954,1
-9701,-551,12256,2951,1
-9766,-406,12244,2953,1
-9853,-603,12024,2945,1
-9727,-550,12232,2949,1
-9827,-381,12201,2957,1
-9887,-644,12082,2962,1
-9748,-495,12295,2962,1
-9805,-420,12230,2959,1
-9840,-624,12122,2948,1
-9717,-490,12329,2956,1
-9904,-444,12180,2946,1
-9850,-631,12139,2949,1
-9722,-438,12302,2954,1
-9856,-471,12148,2955,1
-9832,-655,12179,2960,1
-9703,-433,12365,2959,1
-9913,-499,12117,2952,1
-9784,-635,12182,2943,1
-9756,-415,12304,2955,1
-9911,-483,12017,2952,1
-9812,-617,12203,2957,1
-9687,-407,12320,2956,1
-9915,-550,12055,2960,1
-9779,-593,12182,2948,1
-9709,-390,12320,2955,1
-9942,-564,12031,2956,1
-9765,-582,12278,2953,1
-9742,-359,12268,2960,1
-9899,-600,12063,2950,1
-9739,-585,12226,2965,1
-9744,-391,12296,2958,1
-9890,-620,12060,2946,1
-9706,-530,12245,2951,1
-9794,-411,12142,2949,1
-9868,-638,12104,2944,1
-9709,-507,12322,2966,1
-9814,-407,12222,2959,1
-9822,-646,12112,2950,1
-9717,-489,12324,2957,1
-9860,-435,12127,2956,1
-9732,-440,12293,2955,1
-9901,-444,12127,2947,1
-9821,-609,12131,2952,1
-9720,-433,12318,2959,1
-9864,-485,12113,2966,1
-9828,-629,12144,2953,1
-9720,-445,12307,2952,1
-9923,-530,12051,2951,1
-9828,-623,12191,2940,1
-9728,-390,12310,2953,1
-9909,-528,12058,2952,1
-9804,-643,12205,2953,1
-9709,-389,12344,2959,1
-9916,-538,12083,2977,1
-9772,-571,12210,2956,1
-9779,-380,12271,2951,1
-9964,-586,12029,2947,1
-9741,-603,12228,2946,1
-9740,-396,12280,2957,1
-9883,-609,12085,2956,1
-9757,-554,12266,2957,1
-9782,-391,12236,2958,1
-9866,-641,12068,2956,1
-9737,-526,12307,2943,1
-9839,-413,12165,2952,1
-9823,-672,12126,2949,1
-9709,-525,12311,2951,1
-9843,-435,12175,2953,1
-9818,-696,12137,2958,1
-9721,-487,12299,2956,1
-9872,-472,12095,2968,1
-9857,-656,12140,2954,1
-9714,-450,12310,2947,1
-9858,-490,12138,2952,1
-9817,-635,12163,2955,1
-9702,-420,12341,2958,1
-9898,-495,12034,2957,1
-9821,-664,12161,2957,1
-9726,-408,12324,2944,1
-9909,-541,12064,2957,1
-9786,-594,12206,2946,1
-9708,-394,12320,2953,1
-9932,-536,12032,2954,1
-9777,-597,12180,2957,1
-9747,-397,12324,2963,1
-9948,-578,12014,2954,1
-9755,-585,12223,2953,1
-9725,-389,12282,2953,1
-9893,-580,12091,2949,1
-9724,-579,12257,2955,1
-9768,-397,12269,2958,1
-9880,-617,12106,2956,1
-9728,-543,12291,2960,1
-9823,-390,12207,2956,1
-9877,-660,12066,2961,1
-9711,-484,12286,2952,1
-9832,-416,12226,2950,1
-9809,-600,12112,2954,1
-9706,-496,12299,2961,1
-9860,-426,12173,2964,1
-9868,-652,12145,2960,1
-9706,-480,12370,2949,1
-9900,-504,12123,2955,1
-9812,-633,12169,2951,1
-9721,-432,12356,2959,1
-9878,-487,12100,2934,1
-9833,-635,12158,2947,1
-9731,-410,12324,2953,1
-9938,-534,12077,2967,1
-9821,-652,12218,2957,1
-9687,-402,12352,2956,1
-9891,-531,12114,2952,1
-9796,-612,12245,2946,1
-9726,-379,12334,2949,1
-9924,-544,12040,2956,1
-9774,-583,12221,2952,1
-9740,-377,12279,2956,1
-9917,-575,12105,2959,1
-9742,-587,12299,2955,1
-9742,-401,12264,2957,1
-9854,-590,12065,2948,1
-9727,-531,12246,2947,1
-9790,-386,12270,2949,1
-9889,-614,12047,2951,1
-9733,-550,12238,2954,1
-9791,-408,12192,2960,1
-9848,-623,12076,2958,1
-9739,-483,12269,2952,1
-9812,-415,12189,2954,1
-9854,-614,12103,2950,1
-9691,-455,12312,2949,1
-9865,-436,12107,2960,1
-9817,-617,12130,2956,1
-9723,-430,12314,2954,1
-9883,-481,12130,2962,1
-9806,-649,12134,2955,1
-9710,-415,12311,2943,1
-9901,-527,12108,2949,1
-9825,-619,12150,2945,1
-9735,-420,12307,2951,1
-9932,-508,12045,2957,1
-9801,-609,12177,2949,1
-9730,-404,12327,2960,1
-9911,-547,12093,2958,1
-9794,-567,12169,2952,1
-9739,-401,12301,2948,1
-9961,-562,12017,2945,1
-9766,-575,12215,2952,1
-9783,-371,12278,2954,1
-9914,-611,12026,2957,1
-9735,-568,12247,2959,1
-9730,-376,12290,2956,1
-9876,-597,12066,2955,1
-9718,-521,12237,2949,1
-9779,-399,12207,2952,1
-9893,-629,12072,2952,1
-9732,-515,12263,2951,1
-9820,-412,12191,2958,1
-9842,-664,12069,2964,1
-9723,-471,12290,2959,1
-9841,-451,12174,2963,1
-9866,-624,12089,2956,1
-9731,-467,12273,2952,1
-9911,-457,12141,2955,1
-9880,-622,12127,2957,1
-9740,-417,12298,2955,1
-9851,-456,12156,2965,1
-9820,-642,12193,2958,1
-9684,-423,12353,2955,1
-9930,-511,12115,2964,1
-9830,-633,12188,2953,1
-9745,-409,12306,2950,1
-9944,-509,12067,2951,1
-9840,-627,12161,2956,1
-9705,-403,12351,2956,1
-9905,-565,12067,2963,1
-9786,-606,12223,2959,1
-9727,-401,12332,2960,1
-9946,-572,12052,2957,1
-9784,-576,12224,2951,1
-9768,-388,12281,2953,1
-9932,-579,12030,2952,1
-9763,-569,12267,2950,1
-9707,-383,12334,2955,1
-9893,-613,12090,2962,1
-9712,-554,12260,2955,1
-9810,-397,12248,2958,1
-9870,-616,12074,2957,1
-9787,-539,12265,2952,1
-9799,-353,12201,2952,1
-9866,-638,12096,2957,1
-9710,-498,12359,2954,1
-9849,-431,12170,2954,1
-9794,-641,12093,2958,1
-9716,-487,12290,2959,1
-9850,-410,12171,2960,1
-9836,-651,12087,2952,1
-9718,-427,12336,2946,1
-9870,-450,12131,2953,1
-9836,-650,12148,2956,1
-9688,-446,12344,2953,1
-9880,-509,12105,2960,1
-9845,-637,12144,2957,1
-9719,-403,12340,2945,1
-9914,-496,12036,2960,1
-9824,-628,12153,2954,1
-9710,-404,12321,2947,1
-9902,-549,12089,2954,1
-9790,-620,12245,2952,1
-9705,-386,12319,2951,1
-9913,-542,12044,2957,1
-9775,-586,12210,2960,1
-9756,-411,12294,2960,1
-9918,-528,11993,2960,1
-9738,-572,12237,2957,1
-9734,-382,12291,2974,1
-9884,-588,12128,2959,1
-9700,-575,12292,2953,1
-9751,-411,12281,2959,1
-9874,-592,12077,2958,1
-9711,-538,12266,2961,1
-9805,-393,12236,2956,1
-9879,-629,12116,2975,1
-9723,-492,12308,2960,1
-9802,-420,12223,2955,1
-9825,-619,12131,2957,1
-9726,-455,12298,2954,1
-9834,-441,12168,2957,1
-9836,-646,12128,2961,1
-9715,-449,12295,2957,1
-9892,-440,12112,2962,1
-9822,-610,12106,2962,1
-9709,-442,12316,2951,1
-9857,-486,12137,2950,1
-9846,-636,12147,2960,1
-9711,-416,12337,2953,1
-9933,-497,12047,2961,1
-9814,-604,12165,2960,1
-9739,-411,12298,2952,1
-9917,-535,12020,2965,1
-9792,-635,12153,2953,1
-9701,-377,12340,2948,1
-9909,-549,12087,2953,1
-9779,-590,12186,2950,1
-9750,-404,12299,2955,1
-9952,-536,12040,2961,1
-9755,-555,12267,2960,1
-9751,-389,12278,2960,1
-9894,-607,12070,2959,1
-9733,-544,12283,2955,1
-9748,-394,12297,2958,1
-9903,-615,12053,2954,1
-9713,-556,12298,2949,1
-9826,-372,12182,2961,1
-9906,-627,12090,2962,1
-9736,-501,12280,2964,1
-9821,-412,12175,2961,1
-9839,-644,12076,2959,1
-9694,-482,12277,2961,1
-9854,-460,12188,2950,1
-9848,-659,12134,2954,1
-9739,-475,12252,2952,1
-9912,-430,12119,2959,1
-9853,-641,12122,2960,1
-9705,-421,12339,2962,1
-9860,-507,12135,2963,1
-9825,-635,12152,2955,1
-9712,-425,12289,2953,1
-9907,-514,12046,2962,1
-9808,-640,12134,2951,1
-9729,-390,12279,2950,1
-9893,-540,12071,2956,1
-9833,-632,12169,2957,1
-9697,-392,12311,2956,1
-9925,-557,12032,2966,1
-9759,-584,12181,2951,1
-9764,-405,12280,2947,1
-9930,-560,11985,2956,1
-9771,-576,12223,2957,1
-9749,-371,12268,2950,1
-9927,-598,12053,2964,1
-9753,-574,12257,2956,1
-9747,-420,12296,2956,1
-9865,-605,12069,2959,1
-9728,-568,12256,2952,1
-9784,-412,12208,2955,1
-9901,-617,12051,2951,1
-9735,-504,12245,2958,1
-9796,-416,12226,2954,1
-9859,-655,12095,2962,1
-9721,-498,12299,2961,1
-9864,-445,12149,2964,1
-9809,-644,12111,2946,1
-9710,-481,12279,2947,1
-9870,-441,12136,2951,1
-9842,-635,12097,2948,1
-9690,-451,12331,2947,1
-9853,-472,12144,2956,1
-9788,-638,12121,2952,1
-9694,-426,12309,2958,1
-9896,-504,12122,2960,1
-9827,-654,12132,2943,1
-9693,-396,12306,2951,1
-9913,-521,12035,2954,1
-9806,-623,12204,2955,1
-9700,-397,12341,2948,1
-9902,-574,12101,2956,1
-9787,-606,12189,2959,1
-9723,-396,12347,2955,1
-9947,-579,12063,2960,1
-9759,-612,12258,2953,1
-9724,-365,12292,2941,1
-9904,-586,12042,2953,1
-9704,-576,12258,2947,1
-9724,-390,12276,2955,1
-9848,-607,12080,2953,1
-9719,-577,12247,2955,1
-9789,-407,12246,2956,1
-9874,-619,12095,2954,1
-9710,-542,12328,2952,1
-9817,-396,12209,2954,1
-9833,-658,12081,2947,1
-9716,-509,12313,2948,1
-9810,-405,12185,2956,1
-9833,-634,12123,2961,1
-9718,-481,12307,2955,1
-9850,-438,12150,2960,1
-9813,-636,12139,2955,1
-9690,-446,12293,2957,1
-9866,-459,12147,2955,1
-9823,-645,12170,2948,1
-9696,-446,12361,2956,1
-9856,-515,12133,2953,1
-9837,-631,12153,2958,1
-9721,-413,12305,2965,1
-9912,-490,12019,2964,1
-9797,-596,12181,2949,1
-9739,-418,12268,2951,1
-9862,-546,12081,2952,1
-9816,-582,12175,2953,1
-9685,-384,12310,2946,1
-9949,-558,12076,2959,1
-9774,-565,12238,2959,1
-9780,-388,12294,2959,1
-9936,-569,12035,2951,1
-9765,-575,12240,2953,1
-9707,-388,12287,2946,1
-9865,-623,12063,2946,1
-9703,-543,12243,2945,1
-9777,-404,12229,2950,1
-9889,-595,12070,2953,1
-9732,-552,12255,2954,1
-9799,-391,12179,2952,1
-9867,-648,12093,2959,1
-9721,-509,12277,2959,1
-9808,-421,12241,2949,1
-9842,-627,12062,2952,1
-9690,-463,12287,2947,1
-9880,-428,12162,2954,1
-9846,-622,12150,2957,1
-9778,-443,12324,2957,1
-9874,-447,12143,2955,1
-9842,-601,12160,2949,1
-9698,-424,12287,2948,1
-9891,-525,12130,2955,1
-9827,-608,12167,2949,1
-9729,-408,12320,2948,1
-9940,-503,12060,2955,1
-9862,-615,12147,2956,1
-9735,-390,12329,2959,1
-9883,-543,12070,2960,1
-9803,-611,12195,2949,1
-9695,-384,12321,2943,1
-9950,-542,12056,2951,1
-9789,-573,12158,2960,1
-9776,-383,12274,2952,1
-9907,-557,12048,2955,1
-9761,-566,12222,2960,1
-9727,-356,12282,2957,1
-9876,-614,12054,2960,1
-9731,-544,12251,2948,1
-9819,-412,12221,2948,1
-9872,-597,12070,2947,1
-9739,-532,12221,2953,1
-9808,-401,12199,2947,1
-9879,-642,12073,2961,1
-9706,-499,12317,2954,1
-9843,-420,12205,2955,1
-9815,-657,12141,2957,1
-9725,-483,12279,2948,1
-9903,-433,12099,2938,1
-9851,-639,12147,2957,1
-9708,-434,12325,2960,1
-9866,-442,12149,2962,1
-9825,-641,12164,2971,1
-9717,-412,12333,2957,1
-9891,-501,12107,2954,1
-9847,-670,12127,2945,1
-9723,-414,12371,2949,1
-9928,-507,12113,2951,1
-9839,-600,12156,2951,1
-9704,-405,12309,2954,1
-9916,-521,12084,2955,1
-9782,-609,12202,2959,1
-9729,-385,12325,2958,1
-9897,-573,12097,2951,1
-9799,-607,12196,2954,1
-9756,-373,12287,2940,1
-9941,-558,12016,2954,1
-9743,-583,12208,2959,1
-9724,-381,12294,2956,1
-9890,-586,12064,2961,1
-9713,-530,12275,2961,1
-9767,-416,12229,2955,1
-9872,-626,12103,2957,1
-9729,-576,12316,2959,1
-9815,-359,12195,2950,1
-9864,-643,12110,2958,1
-9704,-498,12290,2951,1
-9814,-428,12261,2959,1
-9807,-618,12121,2960,1
-9750,-487,12321,2961,1
-9856,-434,12166,2949,1
-9855,-635,12110,2951,1
-9705,-452,12340,2949,1
-9878,-433,12149,2956,1
-9777,-629,12164,2957,1
-9717,-422,12351,2960,1
-9871,-463,12122,2949,1
-9822,-634,12147,2962,1
-9686,-413,12340,2951,1
-9912,-542,12063,2952,1
-9826,-626,12210,2953,1
-9719,-400,12333,2955,1
-9919,-522,12085,2962,1
-9785,-621,12204,2963,1
-9747,-397,12308,2962,1
-9908,-594,12041,2956,1
-9777,-611,12203,2954,1
-9744,-379,12266,2953,1
-9922,-565,12016,2957,1
-9725,-569,12214,2951,1
-9748,-382,12277,2959,1
-9855,-558,12077,2956,1
-9734,-522,12272,2963,1
-9798,-401,12221,2959,1
-9905,-612,12064,2957,1
-9733,-502,12296,2946,1
-9838,-379,12230,2948,1
-9794,-642,12104,2949,1
-9713,-478,12276,2958,1
-9857,-421,12154,2955,1
-9832,-659,12097,2958,1
-9709,-470,12313,2971,1
-9898,-460,12123,2948,1
-9840,-633,12124,2945,1
-9719,-424,12353,2954,1
-9879,-459,12097,2947,1
-9823,-604,12151,2952,1
-9711,-421,12366,2955,1
-9898,-511,12069,2955,1
-9859,-620,12147,2957,1
-9725,-421,12325,2951,1
-9941,-524,12016,2953,1
-9762,-624,12237,2965,1
-9698,-399,12332,2952,1
-9904,-560,12062,2951,1
-9800,-602,12173,2958,1
-9767,-394,12294,2957,1
-9936,-566,11992,2964,1
-9783,-568,12248,2945,1
-9761,-402,12296,2955,1
-9869,-609,12060,2950,1
-9708,-549,12240,2954,1
-9791,-388,12251,2948,1
-9875,-631,12100,2961,1
-9734,-524,12290,2967,1
-9825,-405,12251,2957,1
-9848,-626,12096,2958,1
-9719,-476,12328,2951,1
-9874,-439,12183,2945,1
-9820,-670,12108,2954,1
-9725,-463,12270,2956,1
-9851,-441,12121,2951,1
-9856,-651,12060,2963,1
-9675,-422,12344,2957,1
-9900,-461,12141,2951,1
-9812,-615,12167,2953,1
-9733,-452,12322,2946,1
-9887,-523,12091,2954,1
-9866,-665,12146,2958,1
-9723,-396,12296,2955,1
-9942,-522,12035,2962,1
-9815,-598,12140,2958,1
-9698,-374,12309,2954,1
-9929,-502,12093,2954,1
-9804,-611,12183,2953,1
-9753,-391,12340,2946,1
-9950,-567,12014,2956,1
-9784,-607,12217,2958,1
-9759,-385,12284,2957,1
-9934,-598,12051,2963,1
-9713,-587,12268,2957,1
-9758,-392,12322,2954,1
-9884,-586,12077,2961,1
-9717,-555,12283,2949,1
-9793,-388,12212,2952,1
-9926,-638,12050,2967,1
-9729,-516,12292,2965,1
-9804,-393,12207,2959,1
-9831,-631,12117,2963,1
-9725,-484,12304,2956,1
-9836,-423,12151,2952,1
-9801,-648,12121,2952,1
-9695,-471,12310,2956,1
-9900,-428,12122,2956,1
-9829,-660,12158,2963,1
-9701,-455,12380,2958,1
-9876,-481,12136,2957,1
-9828,-637,12127,2962,1
-9672,-414,12330,2953,1
-9902,-503,12070,2959,1
-9842,-641,12187,2956,1
-9739,-417,12339,2956,1
-9919,-546,12082,2965,1
-9787,-631,12205,2964,1
-9700,-393,12334,2965,1
-9913,-524,12068,2958,1
-9794,-576,12189,2959,1
-9738,-392,12249,2951,1
-9945,-560,12060,2963,1
-9737,-575,12217,2956,1
-9751,-385,12281,2958,1
-9889,-615,12074,2962,1
-9729,-571,12290,2968,1
-9755,-423,12248,2958,1
-9852,-607,12096,2957,1
-9703,-535,12276,2956,1
-9782,-372,12192,2948,1
-9858,-646,12068,2958,1
-9714,-508,12286,2966,1
-9812,-419,12239,2960,1
-9807,-633,12153,2967,1
-9697,-470,12298,2958,1
-9844,-429,12188,2955,1
-9842,-637,12138,2951,1
-9721,-428,12365,2955,1
-9850,-451,12153,2952,1
-9794,-640,12200,2962,1
-9715,-452,12336,2964,1
-9884,-519,12098,2953,1
-9849,-642,12128,2961,1
-9703,-409,12315,2956,1
-9934,-504,12027,2955,1
-9809,-629,12149,2959,1
-9703,-412,12321,2950,1
-9892,-512,12062,2954,1
-9783,-629,12193,2959,1
-9724,-406,12335,2963,1
-9922,-561,12052,2954,1
-9778,-574,12217,2960,1
-9768,-381,12257,2954,1
-9905,-564,12051,2957,1
-9693,-554,12231,2957,1
-9754,-382,12260,2956,1
-9868,-602,12084,2963,1
-9751,-518,12238,2964,1
-9794,-432,12243,2961,1
-9906,-636,12020,2961,1
-9717,-503,12247,2954,1
-9817,-421,12168,2957,1
-9802,-632,12114,2958,1
-9729,-490,12281,2962,1
-9859,-445,12137,2961,1
-9857,-655,12079,2964,1
-9710,-458,12286,2959,1
-9915,-472,12141,2955,1
-9824,-609,12116,2954,1
-9740,-426,12306,2955,1
-9899,-460,12129,2951,1
-9827,-622,12146,2960,1
-9689,-401,12318,2963,1
-9889,-529,12018,2960,1
-9856,-659,12174,2962,1
-9720,-400,12312,2958,1
-9934,-534,12053,2953,1
-9799,-622,12206,2959,1
-9725,-413,12338,2954,1
-9916,-558,12040,2954,1
-9820,-599,12209,2970,1
-9776,-391,12279,2962,1
-9953,-568,12056,2959,1
-9753,-601,12215,2954,1
-9767,-409,12270,2952,1
-9890,-578,12090,2958,1
-9733,-570,12264,2964,1
-9763,-392,12244,2954,1
-9904,-624,12076,2964,1
-9751,-514,12261,2966,1
-9786,-425,12184,2958,1
-9835,-641,12108,2957,1
-9714,-516,12335,2951,1
-9859,-423,12195,2947,1
-9808,-658,12093,2961,1
-9748,-477,12312,2962,1
-9861,-444,12107,2961,1
-9873,-661,12167,2964,1
-9716,-439,12355,2954,1
-9881,-444,12106,2954,1
-9833,-628,12162,2958,1
-9718,-429,12310,2964,1
-9913,-515,12068,2961,1
-9847,-644,12194,2966,1
-9729,-393,12302,2959,1
-9924,-514,12067,2962,1
-9787,-601,12213,2962,1
-9718,-379,12351,2954,1
-9928,-544,12053,2950,1
-9768,-615,12206,2957,1
-9739,-382,12281,2959,1
-9930,-572,12082,2966,1
-9756,-586,12224,2963,1
-9741,-388,12296,2963,1
-9886,-610,12101,2939,1
-9708,-590,12254,2951,1
-9798,-384,12286,2955,1
-9879,-602,12092,2954,1
-9748,-511,12254,2959,1
-9797,-370,12235,2959,1
-9877,-615,12105,2962,1
-9694,-462,12348,2965,1
-9849,-443,12200,2956,1
-9820,-608,12150,2949,1
-9744,-476,12315,2957,1
-9865,-417,12125,2953,1
-9839,-642,12098,2968,1
-9710,-420,12337,2958,1
-9876,-458,12127,2959,1
-9825,-619,12199,2958,1
-9713,-436,12358,2949,1
-9866,-501,12052,2951,1
-9833,-627,12162,2953,1
-9703,-426,12359,2968,1
-9907,-512,12067,2962,1
-9761,-622,12189,2961,1
-9687,-370,12376,2950,1
-9909,-538,12049,2954,1
-9767,-597,12188,2949,1
-9742,-384,12319,2951,1
-9909,-575,12057,2953,1
-9777,-579,12214,2956,1
-9710,-366,12281,2956,1
-9895,-581,12058,2959,1
-9735,-540,12290,2958,1
-9781,-389,12244,2953,1
-9863,-620,12091,2954,1
-9738,-553,12268,2959,1
-9824,-407,12223,2949,1
-9843,-664,12094,2959,1
-9692,-498,12285,2959,1
-9831,-416,12194,2959,1
-9812,-619,12154,2960,1
-9714,-470,12268,2958,1
-9878,-456,12117,2946,1
-9850,-643,12113,2958,1
-9681,-422,12335,2959,1
-9847,-457,12134,2949,1
-9791,-604,12142,2966,1
-9699,-430,12324,2967,1
-9925,-498,12085,2953,1
-9819,-606,12160,2958,1
-9734,-424,12288,2957,1
-9919,-544,12072,2946,1
-9821,-631,12162,2956,1
-9697,-417,12317,2954,1
-9920,-560,12047,2962,1
-9797,-600,12203,2960,1
-9738,-412,12260,2955,1
-9930,-614,12035,2955,1
-9786,-584,12214,2958,1
-9745,-372,12271,2953,1
-9892,-599,12096,2949,1
-9700,-537,12257,2955,1
-9774,-429,12249,2964,1
-9851,-602,12041,2955,1
-9741,-528,12262,2956,1
-9821,-385,12236,2948,1
-9839,-623,12079,2953,1
-9708,-467,12304,2955,1
-9841,-408,12184,2954,1
-9819,-642,12112,2961,1
-9697,-452,12290,2969,1
-9884,-440,12164,2955,1
-9858,-657,12149,2951,1
-9761,-443,12330,2952,1
-9866,-456,12140,2950,1
-9849,-617,12158,2960,1
-9697,-407,12324,2959,1
-9919,-479,12081,2953,1
-9824,-630,12173,2961,1
-9734,-415,12281,2957,1
-9911,-529,12051,2948,1
-9805,-620,12162,2955,1
-9688,-391,12322,2950,1
-9926,-554,12076,2967,1
-9785,-585,12215,2965,1
-9753,-388,12322,2959,1
-9964,-530,12031,2950,1
-9757,-580,12217,2953,1
-9753,-377,12296,2945,1
-9874,-603,12061,2952,1
-9743,-545,12259,2952,1
-9786,-420,12216,2952,1
-9912,-621,12075,2957,1
-9707,-527,12301,2954,1
-9806,-395,12157,2955,1
-9804,-636,12121,2950,1
-9731,-485,12301,2958,1
-9829,-430,12204,2945,1
-9836,-659,12102,2959,1
-9697,-481,12291,2961,1
-9890,-442,12096,2952,1
-9827,-624,12124,2958,1
-9712,-455,12314,2952,1
-9859,-439,12142,2953,1
-9835,-638,12134,2958,1
-9709,-400,12318,2955,1
-9905,-522,12064,2958,1
-9844,-619,12171,2967,1
-9700,-405,12322,2964,1
-9940,-512,12040,2956,1
-9794,-602,12198,2972,1
-9740,-419,12339,2951,1
-9912,-553,12067,2947,1
-9791,-590,12216,2959,1
-9765,-388,12281,2961,1
-9958,-573,12040,2961,1
-9732,-598,12261,2960,1
-9760,-386,12297,2958,1
-9844,-611,12051,2953,1
-9736,-567,12272,2959,1
-9758,-378,12253,2950,1
-9867,-610,12075,2962,1
-9743,-520,12246,2959,1
-9810,-386,12207,2958,1
-9813,-622,12089,2960,1
-9707,-469,12321,2955,1
-9842,-452,12163,2950,1
-9833,-645,12125,2956,1
-9691,-456,12326,2957,1
-9881,-487,12170,2955,1
-9861,-609,12143,2963,1
-9688,-432,12403,2952,1
-9859,-493,12108,2950,1
-9820,-631,12188,2948,1
-9719,-454,12328,2959,1
-9926,-544,12064,2954,1
-9834,-649,12158,2961,1
-9698,-438,12355,2969,1
-9896,-517,12104,2952,1
-9774,-601,12221,2957,1
-9736,-415,12336,2954,1
-9922,-540,12034,2949,1
-9787,-566,12224,2960,1
-9734,-374,12310,2955,1
-9902,-600,12074,2958,1
-9743,-562,12279,2961,1
-9761,-407,12307,2955,1
-9870,-606,12054,2948,1
-9717,-512,12280,2957,1
-9793,-402,12174,2953,1
-9876,-629,12082,2954,1
-9743,-503,12311,2963,1
-9777,-411,12270,2960,1
-9810,-615,12128,2964,1
-9707,-454,12290,2960,1
-9859,-426,12132,2942,1
-9820,-623,12145,2952,1
-9727,-462,12308,2955,1
-9877,-448,12132,2955,1
-9799,-610,12137,2966,1
-9694,-403,12351,2966,1
-9902,-501,12106,2950,1
-9850,-622,12186,2954,1
-9723,-425,12308,2949,1
-9919,-539,12037,2950,1
-9849,-619,12141,2959,1
-9695,-368,12337,2954,1
-9907,-552,12086,2955,1
-9790,-617,12160,2964,1
-9757,-379,12291,2962,1
-9923,-592,12026,2950,1
-9769,-596,12215,2954,1
-9761,-378,12249,2960,1
-9918,-579,12034,2955,1
-9734,-545,12269,2965,1
-9781,-387,12306,2957,1
-9886,-599,12030,2957,1
-9739,-512,12277,2955,1
-9809,-398,12189,2949,1
-9870,-630,12107,2954,1
-9742,-496,12278,2957,1
-9805,-394,12214,2958,1
-9825,-629,12077,2964,1
-9714,-490,12301,2959,1
-9873,-427,12126,2959,1
-9847,-634,12120,2949,1
-9736,-437,12292,2953,1
-9864,-474,12116,2949,1
-9848,-637,12160,2955,1
-9699,-417,12354,2959,1
-9900,-491,12113,2962,1
-9813,-636,12135,2965,1
-9721,-391,12337,2955,1
-9929,-530,12051,2948,1
-9809,-627,12200,2953,1
-9705,-386,12374,2952,1
-9912,-528,12069,2952,1
-9827,-603,12169,2957,1
-9729,-404,12288,2960,1
-9928,-567,11999,2959,1
-9801,-624,12243,2958,1
-9762,-401,12269,2949,1
-9920,-579,12074,2948,1
-9754,-568,12229,2950,1
-9756,-373,12291,2953,1
-9900,-602,12027,2955,1
-9728,-570,12265,2959,1
-9821,-398,12235,2952,1
-9870,-628,12038,2958,1
-9754,-508,12260,2962,1
-9794,-395,12228,2947,1
-9818,-599,12116,2956,1
-9722,-506,12314,2956,1
-9860,-449,12181,2958,1
-9871,-646,12134,2959,1
-9735,-460,12298,2959,1
-9918,-461,12077,2952,1
-9863,-656,12133,2955,1
-9702,-436,12357,2949,1
-9869,-482,12108,2949,1
-9856,-620,12123,2954,1
-9706,-438,12355,2955,1
-9925,-508,12046,2960,1
-9823,-637,12186,2957,1
-9715,-424,12313,2957,1
-9876,-538,12087,2945,1
-9808,-618,12192,2946,1
-9700,-376,12356,2953,1
-9925,-569,12060,2952,1
-9779,-590,12184,2962,1
-9741,-388,12260,2965,1
-9930,-556,12036,2948,1
-9759,-596,12254,2951,1
-9750,-401,12329,2962,1
-9864,-613,12091,2947,1
-9704,-568,12285,2945,1
-9775,-435,12260,2962,1
-9907,-600,12090,2960,1
-9735,-549,12278,2965,1
-9824,-373,12226,2961,1
-9863,-642,12121,2955,1
-9714,-489,12292,2950,1
-9800,-432,12231,2948,1
-9847,-638,12130,2951,1
-9701,-478,12332,2952,1
-9870,-444,12172,2960,1
-9815,-635,12131,2956,1
-9711,-420,12305,2964,1
-9840,-464,12156,2958,1
-9822,-625,12160,2956,1
-9689,-428,12348,2960,1
-9902,-524,12139,2946,1
-9831,-643,12169,2960,1
-9713,-421,12294,2955,1
-9916,-536,12065,2962,1
-9789,-609,12220,2963,1
-9720,-366,12353,2956,1
-9886,-556,12066,2948,1
-9802,-588,12189,2952,1
-9703,-398,12332,2958,1
-9930,-577,12068,2956,1
-9737,-574,12243,2962,1
-9765,-381,12290,2962,1
-9880,-580,12093,2960,1
-9728,-535,12262,2961,1
-9770,-370,12234,2955,1
-9859,-633,12050,2957,1
-9710,-518,12253,2951,1
-9799,-403,12197,2959,1
-9855,-626,12070,2960,1
-9724,-507,12282,2969,1
-9815,-411,12179,2960,1
-9798,-655,12129,2956,1
-9709,-459,12344,2953,1
-9872,-466,12183,2956,1
-9847,-636,12125,2958,1
-9687,-459,12337,2962,1
-9880,-456,12120,2960,1
-9806,-636,12172,2962,1
-9711,-390,12329,2958,1
-9904,-499,12083,2955,1
-9836,-653,12146,2956,1
-9719,-395,12323,2951,1
-9949,-516,12024,2955,1
-9799,-586,12177,2960,1
-9732,-403,12348,2957,1
-9941,-544,12108,2955,1
-9808,-613,12213,2956,1
-9749,-388,12300,2952,1
-9942,-590,12053,2950,1
-9787,-583,12223,2948,1
-9741,-370,12290,2958,1
-9903,-577,12054,2954,1
-9749,-585,12274,2964,1
-9810,-408,12264,2958,1
-9890,-617,12054,2948,1
-9756,-550,12260,2949,1
-9794,-412,12213,2950,1
-9872,-638,12120,2951,1
-9695,-473,12333,2956,1
-9861,-424,12169,2958,1
-9831,-611,12112,2959,1
-9736,-435,12310,2953,1
-9884,-406,12077,2950,1
-9863,-651,12096,2957,1
-9721,-426,12355,2957,1
-9901,-470,12130,2958,1
-9861,-634,12192,2960,1
-9743,-435,12317,2957,1
-9926,-487,12042,2950,1
-9895,-638,12158,2956,1
-9728,-413,12300,2948,1
-9909,-528,12083,2955,1
-9772,-612,12229,2959,1
-9718,-406,12330,2968,1
-9949,-557,12057,2954,1
-9787,-606,12176,2963,1
-9768,-417,12263,2950,1
-9917,-575,12060,2944,1
-9775,-567,12243,2955,1
-9723,-379,12328,2959,1
-9915,-606,12085,2951,1
-9716,-549,12264,2970,1
-9817,-423,12228,2966,1
-9881,-639,12039,2955,1
-9772,-571,12239,2955,1
-9815,-397,12256,2954,1
-9859,-627,12080,2953,1
-9712,-486,12333,2954,1
-9845,-444,12190,2957,1
-9794,-627,12122,2957,1
-9701,-477,12294,2966,1
-9865,-461,12126,2949,1
-9862,-611,12110,2957,1
-9700,-415,12335,2958,1
-9869,-462,12144,2952,1
-9807,-611,12138,2951,1
-9702,-382,12342,2958,1
-9900,-511,12091,2961,1
-9843,-624,12168,2963,1
-9741,-412,12310,2958,1
-9905,-543,12097,2958,1
-9819,-624,12176,2961,1
-9681,-394,12354,2945,1
-9927,-552,12068,2951,1
-9786,-580,12229,2954,1
-9767,-407,12288,2960,1
-9927,-576,12103,2959,1
-9767,-593,12205,2966,1
-9724,-412,12246,2952,1
-9894,-585,12111,2947,1
-9708,-527,12304,2951,1
-9768,-381,12259,2956,1
-9893,-608,12112,2952,1
-9744,-524,12257,2959,1
-9802,-378,12231,2962,1
-9845,-624,12099,2948,1
-9706,-489,12331,2950,1
-9834,-446,12249,2960,1
-9805,-645,12120,2950,1
-9725,-470,12308,2961,1
-9860,-442,12092,2959,1
-9849,-668,12129,2954,1
-9710,-430,12312,2959,1
-9861,-477,12159,2956,1
-9829,-638,12164,2956,1
-9691,-449,12319,2950,1
-9900,-532,12103,2955,1
-9825,-664,12201,2953,1
-9745,-405,12331,2961,1
-9921,-530,12091,2964,1
-9815,-610,12224,2955,1
-9688,-417,12329,2947,1
-9935,-567,12058,2954,1
-9746,-600,12212,2951,1
-9737,-389,12310,2952,1
-9933,-579,12066,2950,1
-9791,-575,12219,2960,1
-9746,-388,12276,2961,1
-9872,-623,12066,2948,1
-9731,-550,12230,2957,1
-9784,-402,12255,2955,1
-9862,-612,12040,2951,1
-9726,-536,12281,2957,1
-9828,-385,12211,2961,1
-9842,-636,12105,2954,1
-9719,-500,12304,2960,1
-9825,-409,12189,2951,1
-9844,-634,12114,2946,1
-9698,-460,12332,2953,1
-9896,-405,12128,2949,1
-9842,-619,12148,2951,1
-9703,-447,12318,2964,1
-9869,-480,12139,2953,1
-9841,-633,12131,2953,1
-9709,-407,12332,2949,1
-9914,-513,12050,2947,1
-9846,-634,12177,2948,1
-9723,-423,12290,2958,1
-9922,-496,12043,2957,1
-9787,-595,12189,2956,1
-9710,-383,12334,2958,1
-9895,-555,12046,2950,1
-9792,-614,12156,2952,1
-9767,-407,12250,2958,1
-9965,-556,12066,2950,1
-9752,-571,12234,2958,1
-9772,-363,12243,2960,1
-9870,-581,12093,2952,1
-9741,-552,12273,2962,1
-9772,-403,12271,2952,1
-9895,-619,12044,2947,1
-9755,-528,12284,2949,1
-9815,-413,12204,2956,1
-9821,-644,12096,2954,1
-9718,-509,12324,2969,1
-9854,-427,12203,2961,1
-9818,-664,12105,2949,1
-9709,-452,12301,2953,1
-9896,-464,12120,2959,1
-9853,-634,12125,2950,1
-9683,-459,12347,2957,1
-9810,-633,12150,2953,1
-9719,-440,12351,2956,1
-9882,-483,12127,2956,1
-9848,-623,12149,2954,1
-9706,-402,12326,2949,1
-9929,-510,12090,2947,1
-9798,-602,12181,2956,1
-9696,-407,12334,2954,1
-9893,-532,12119,2953,1
-9764,-606,12186,2958,1
-9753,-427,12324,2960,1
-9906,-589,12071,2952,1
-9829,-591,12212,2951,1
-9749,-381,12278,2953,1
-9884,-603,12086,2961,1
-9706,-569,12275,2948,1
-9796,-443,12268,2964,1
-9848,-592,12086,2962,1
-9742,-549,12231,2950,1
-9819,-394,12199,2952,1
-9888,-648,12068,2951,1
-9694,-484,12292,2952,1
-9812,-440,12266,2960,1
-9822,-614,12108,2958,1
-9719,-484,12335,2961,1
-9857,-424,12146,2969,1
-9833,-646,12105,2955,1
-9722,-452,12329,2951,1
-9872,-471,12143,2951,1
-9807,-603,12136,2953,1
-9700,-428,12340,2949,1
-9899,-475,12120,2960,1
-9856,-620,12181,2955,1
-9703,-418,12312,2960,1
-9903,-492,12065,2956,1
-9849,-602,12191,2948,1
-9723,-381,12317,2952,1
-9933,-556,12069,2957,1
-9782,-592,12185,2950,1
-9749,-389,12307,2961,1
-9920,-545,12035,2956,1
-9806,-595,12182,2960,1
-9756,-386,12280,2958,1
-9933,-593,12015,2960,1
-9731,-570,12221,2951,1
-9748,-388,12269,2959,1
-9869,-616,12062,2951,1
-9704,-570,12295,2962,1
-9787,-437,12251,2965,1
-9896,-614,12098,2962,1
-9743,-505,12250,2957,1
-9823,-400,12226,2959,1
-9849,-646,12096,2948,1
-9714,-501,12298,2950,1
-9854,-422,12139,2961,1
-9802,-665,12123,2959,1
-9751,-485,12299,2958,1
-9878,-472,12109,2965,1
-9859,-665,12086,2960,1
-9706,-440,12306,2948,1
-9891,-479,12110,2957,1
-9805,-665,12126,2952,1
-9727,-428,12308,2955,1
-9911,-510,12066,2959,1
-9861,-652,12166,2964,1
-9734,-426,12318,2959,1
-9918,-517,12033,2957,1
-9781,-618,12193,2959,1
-9724,-409,12318,2951,1
-9900,-535,12070,2956,1
-9782,-600,12199,2955,1
-9760,-386,12238,2966,1
-9945,-580,12030,2964,1
-9767,-606,12282,2962,1
-9728,-375,12317,2957,1
-9882,-604,12048,2958,1
-9690,-534,12259,2952,1
-9811,-400,12209,2968,1
-9871,-643,12103,2968,1
-9754,-534,12283,2962,1
-9811,-411,12208,2965,1
-9836,-638,12057,2958,1
-9713,-513,12302,2953,1
-9870,-423,12150,2956,1
-9804,-643,12125,2957,1
-9719,-485,12317,2959,1
-9870,-459,12180,2967,1
-9851,-624,12092,2973,1
-9694,-439,12341,2953,1
-9864,-476,12125,2964,1
-9828,-622,12186,2959,1
-9708,-434,12333,2949,1
-9872,-483,12047,2957,1
-9815,-639,12175,2962,1
-9718,-411,12336,2956,1
-9880,-528,12086,2958,1
-9797,-623,12174,2958,1
-9659,-409,12328,2958,1
-9914,-558,12044,2956,1
-9788,-602,12199,2954,1
-9754,-412,12238,2955,1
-9925,-565,12059,2955,1
-9765,-561,12229,2964,1
-9746,-377,12296,2963,1
-9886,-623,12064,2964,1
-9683,-572,12297,2961,1
-9784,-428,12281,2957,1
-9867,-611,12106,2956,1
-9730,-549,12285,2956,1
-9798,-394,12206,2965,1
-9856,-596,12098,2968,1
-9697,-492,12321,2963,1
-9801,-428,12247,2962,1
-9777,-664,12137,2965,1
-9743,-486,12308,2953,1
-9855,-427,12155,2961,1
-9827,-665,12163,2961,1
-9703,-441,12306,2958,1
-9861,-468,12150,2963,1
-9815,-626,12143,2966,1
-9688,-415,12337,2960,1
-9906,-504,12084,2965,1
-9808,-663,12180,2957,1
-9702,-403,12293,2955,1
-9894,-516,12085,2959,1
-9843,-581,12148,2955,1
-9704,-370,12356,2956,1
-9902,-571,12071,2964,1
-9779,-562,12204,2962,1
-9729,-388,12335,2962,1
-9918,-546,12044,2959,1
-9783,-588,12206,2950,1
-9751,-399,12284,2954,1
-9887,-623,12045,2958,1
-9721,-552,12260,2961,1
-9727,-401,12270,2959,1
-9897,-594,12081,2965,1
-9711,-523,12274,2958,1
-9806,-407,12191,2960,1
-9867,-644,12079,2960,1
-9756,-516,12264,2952,1
-9795,-390,12229,2959,1
-9836,-637,12097,2963,1
-9704,-477,12321,2965,1
-9854,-435,12186,2963,1
-9832,-636,12153,2967,1
-9736,-456,12280,2960,1
-9897,-432,12103,2962,1
-9865,-653,12120,2961,1
-9699,-437,12349,2954,1
-9879,-506,12118,2963,1
-9848,-636,12168,2957,1
-9731,-441,12329,2963,1
-9900,-530,12066,2962,1
-9842,-640,12148,2956,1
-9754,-390,12311,2952,1
-9909,-530,12101,2958,1
-9814,-627,12183,2952,1
-9691,-381,12319,2949,1
-9933,-548,12058,2961,1
-9779,-597,12168,2957,1
-9754,-385,12286,2960,1
-9950,-561,12054,2966,1
-9785,-602,12204,2961,1
-9759,-371,12243,2951,1
-9895,-620,12025,2957,1
-9721,-541,12305,2959,1
-9777,-405,12228,2963,1
-9867,-624,12076,2968,1
-9742,-554,12244,2960,1
-9828,-379,12201,2960,1
-9886,-651,12057,2959,1
-9729,-512,12279,2958,1
-9834,-425,12193,2955,1
-9823,-641,12127,2964,1
-9743,-466,12290,2956,1
-9873,-429,12149,2961,1
-9877,-671,12114,2965,1
-9728,-454,12293,2965,1
-9881,-452,12128,2958,1
-9826,-607,12148,2955,1
-9717,-420,12338,2950,1
-9898,-515,12113,2962,1
-9826,-640,12187,2962,1
-9725,-445,12334,2957,1
-9934,-535,12059,2963,1
-9856,-615,12125,2962,1
-9711,-399,12314,2952,1
-9910,-545,12020,2954,1
-9780,-602,12199,2953,1
-9729,-406,12311,2953,1
-9913,-565,12022,2943,1
-9783,-570,12196,2961,1
-9757,-381,12272,2962,1
-9926,-561,12026,2959,1
-9738,-559,12233,2958,1
-9758,-359,12312,2947,1
-9872,-573,12069,2955,1
-9717,-535,12239,2950,1
-9816,-438,12217,2957,1
-9875,-614,12090,2960,1
-9751,-549,12245,2965,1
-9794,-435,12199,2963,1
-9839,-646,12114,2957,1
-9695,-493,12297,2952,1
-9872,-423,12160,2952,1
-9840,-641,12111,2955,1
-9743,-481,12325,2958,1
-9890,-474,12186,2959,1
-9878,-627,12135,2962,1
-9707,-444,12328,2955,1
-9888,-466,12162,2962,1
-9814,-627,12176,2955,1
-9717,-417,12290,2954,1
-9888,-502,12075,2953,1
-9840,-627,12152,2957,1
-9693,-438,12321,2954,1
-9917,-558,12082,2966,1
-9778,-614,12183,2967,1
-9726,-390,12349,2954,1
-9915,-564,12085,2955,1
-9788,-603,12212,2955,1
-9739,-400,12304,2956,1
-9900,-595,12044,2954,1
-9777,-579,12213,2956,1
-9707,-376,12301,2957,1
-9899,-593,12087,2963,1
-9712,-553,12257,2953,1
-9788,-397,12249,2952,1
-9868,-607,12071,2956,1
-9769,-515,12253,2952,1
-9791,-383,12206,2957,1
-9871,-640,12064,2965,1
-9696,-451,12307,2962,1
-9825,-421,12218,2954,1
-9793,-660,12120,2955,1
-9700,-495,12320,2952,1
-9875,-420,12163,2957,1
-9863,-651,12140,2952,1
-9715,-437,12279,2954,1
-9896,-461,12144,2960,1
-9829,-640,12189,2958,1
-9706,-435,12341,2960,1
-9907,-489,12082,2962,1
-9837,-628,12127,2958,1
-9722,-401,12324,2946,1
-9924,-548,12089,2955,1
-9837,-633,12162,2957,1
-9703,-390,12356,2952,1
-9935,-534,12120,2959,1
-9779,-597,12196,2956,1
-9725,-412,12316,2969,1
-9913,-585,12039,2963,1
-9834,-595,12176,2960,1
-9775,-370,12234,2951,1
-9912,-619,12079,2956,1
-9738,-590,12234,2956,1
-9763,-373,12278,2961,1
-9884,-592,12058,2967,1
-9761,-575,12286,2954,1
-9794,-411,12238,2956,1
-9888,-651,12056,2960,1
-9741,-511,12243,2955,1
-9778,-420,12215,2957,1
-9829,-650,12093,2963,1
-9722,-456,12276,2966,1
-9859,-418,12174,2963,1
-9824,-662,12139,2957,1
-9728,-493,12296,2952,1
-9886,-451,12114,2947,1
-9835,-649,12077,2956,1
-9679,-407,12354,2953,1
-9888,-481,12119,2965,1
-9842,-626,12156,2958,1
-9741,-424,12320,2960,1
-9934,-499,12030,2960,1
-9858,-641,12151,2956,1
-9733,-410,12322,2953,1
-9908,-526,12041,2957,1
-9801,-609,12222,2958,1
-9687,-408,12362,2952,1
-9938,-563,12065,2963,1
-9770,-589,12203,2964,1
-9776,-382,12268,2958,1
-9935,-558,12035,2953,1
-9767,-605,12231,2950,1
-9749,-397,12334,2948,1
-9895,-634,12046,2953,1
-9715,-563,12263,2957,1
-9806,-423,12258,2960,1
-9874,-623,12032,2954,1
-9755,-528,12259,2958,1
-9817,-395,12175,2957,1
-9879,-632,12083,2963,1
-9713,-502,12298,2953,1
-9837,-457,12178,2957,1
-9806,-636,12131,2953,1
-9718,-478,12266,2959,1
-9887,-415,12119,2961,1
-9873,-630,12099,2963,1
-9690,-426,12327,2957,1
-9869,-438,12106,2952,1
-9834,-628,12171,2952,1
-9728,-436,12326,2959,1
-9912,-476,12081,2959,1
-9830,-625,12155,2963,1
-9718,-430,12305,2953,1
-9945,-505,12021,2962,1
-9819,-576,12156,2961,1
-9712,-377,12353,2948,1
-9915,-549,12054,2960,1
-9762,-598,12187,2955,1
-9734,-396,12288,2963,1
-9926,-565,12056,2965,1
-9810,-580,12183,2965,1
-9740,-373,12290,2952,1
-9893,-578,12056,2952,1
-9736,-552,12270,2957,1
-9801,-384,12283,2955,1
-9876,-610,12087,2958,1
-9755,-526,12267,2958,1
-9810,-397,12193,2959,1
-9863,-634,12109,2961,1
-9705,-479,12262,2955,1
-9820,-421,12209,2955,1
-9807,-634,12138,2957,1
-9734,-476,12303,2957,1
-9875,-414,12147,2959,1
-9854,-670,12116,2962,1
-9720,-451,12277,2965,1
-9853,-469,12147,2962,1
-9826,-643,12170,2956,1
-9699,-434,12352,2955,1
-9918,-509,12104,2960,1
-9821,-638,12175,2953,1
-9728,-425,12345,2956,1
-9915,-523,12068,2960,1
-9840,-614,12188,2971,1
-9682,-403,12348,2957,1
-9916,-568,12097,2959,1
-9783,-643,12203,2949,1
-9752,-412,12284,2948,1
-9906,-609,12045,2954,1
-9774,-613,12171,2957,1
-9779,-373,12276,2950,1
-9880,-583,12084,2962,1
-9715,-578,12210,2958,1
-9756,-409,12307,2949,1
-9894,-618,12082,2957,1
-9717,-562,12272,2949,1
-9795,-416,12227,2953,1
-9863,-632,12135,2958,1
-9744,-481,12288,2962,1
-9792,-404,12276,2961,1
-9815,-610,12119,2960,1
-9712,-512,12326,2946,1
-9859,-447,12149,2957,1
-9818,-662,12113,2956,1
-9741,-496,12285,2952,1
-9884,-480,12116,2954,1
-9826,-634,12123,2962,1
-9683,-408,12344,2961,1
-9898,-466,12132,2970,1
-9864,-629,12162,2956,1
-9735,-433,12324,2950,1
-9916,-496,12079,2949,1
-9831,-627,12169,2949,1
-9722,-418,12303,2953,1
-9885,-513,12073,2962,1
-9772,-610,12198,2957,1
-9701,-384,12319,2950,1
-9962,-527,12035,2957,1
-9783,-577,12223,2953,1
-9746,-426,12289,2952,1
-9904,-551,12067,2954,1
-9786,-585,12245,2953,1
-9763,-385,12269,2947,1
-9888,-620,12057,2958,1
-9737,-524,12250,2959,1
-9809,-405,12238,2949,1
-9869,-635,12078,2950,1
-9771,-524,12247,2954,1
-9824,-412,12239,2954,1
-9837,-635,12140,2963,1
-9727,-480,12313,2959,1
-9875,-446,12163,2962,1
-9844,-625,12111,2973,1
-9740,-490,12312,2954,1
-9893,-467,12113,2950,1
-9820,-652,12124,2956,1
-9723,-432,12341,2949,1
-9871,-512,12120,2959,1
-9836,-628,12100,2964,1
-9703,-436,12286,2961,1
-9942,-536,12033,2960,1
-9808,-643,12180,2963,1
-9733,-419,12314,2953,1
-9897,-526,12083,2958,1
-9805,-604,12185,2967,1
-9737,-380,12309,2957,1
-9929,-570,12042,2961,1
-9810,-557,12216,2952,1
-9760,-393,12255,2945,1
-9925,-556,12032,2957,1
-9732,-564,12235,2957,1
-9769,-383,12318,2950,1
-9871,-617,12083,2963,1
-9736,-542,12255,2962,1
-9784,-394,12235,2955,1
-9920,-638,12111,2957,1
-9746,-512,12253,2950,1
-9840,-438,12224,2949,1
-9836,-646,12124,2958,1
-9727,-482,12271,2955,1
-9859,-438,12128,2961,1
-9875,-672,12096,2957,1
-9711,-434,12307,2955,1
-9897,-460,12161,2957,1
-9800,-634,12144,2952,1
-9732,-428,12310,2952,1
-9917,-501,12136,2956,1
-9853,-652,12204,2964,1
-9726,-408,12322,2958,1
-9912,-511,12022,2956,1
-9808,-602,12163,2949,1
-9725,-390,12313,2954,1
-9922,-514,12068,2956,1
-9774,-602,12226,2960,1
-9749,-396,12295,2957,1
-9923,-565,12033,2959,1
-9784,-559,12204,2952,1
-9750,-385,12241,2956,1
-9882,-627,12075,2954,1
-9732,-540,12232,2956,1
-9804,-399,12232,2950,1
-9873,-603,12074,2962,1
-9760,-529,12264,2960,1
-9796,-386,12198,2951,1
-9856,-661,12090,2958,1
-9705,-479,12323,2950,1
-9840,-440,12197,2950,1
-9817,-639,12138,2955,1
-9728,-492,12307,2955,1
-9884,-425,12128,2964,1
-9836,-661,12143,2958,1
-9708,-441,12319,2953,1
-9864,-471,12116,2951,1
-9832,-614,12152,2948,1
-9721,-425,12317,2953,1
-9919,-502,12068,2961,1
-9822,-648,12152,2954,1
-9722,-421,12353,2958,1
-9894,-523,12081,2957,1
-9811,-618,12187,2955,1
-9702,-395,12381,2948,1
-9906,-571,12060,2950,1
-9763,-602,12253,2955,1
-9759,-401,12293,2960,1
-9926,-569,12063,2956,1
-9757,-588,12257,2957,1
-9733,-383,12311,2945,1
-9879,-615,12016,2956,1
-9725,-543,12301,2951,1
-9765,-386,12238,2958,1
-9916,-614,12063,2968,1
-9731,-480,12292,2967,1
-9806,-386,12189,2954,1
-9803,-639,12125,2958,1
-9709,-510,12364,2956,1
-9862,-442,12163,2950,1
-9836,-666,12139,2948,1
-9715,-460,12297,2958,1
-9898,-456,12095,2959,1
-9815,-630,12164,2966,1
-9708,-419,12345,2956,1
-9888,-494,12138,2952,1
-9821,-677,12131,2956,1
-9717,-422,12324,2960,1
-9931,-511,12055,2958,1
-9819,-599,12204,2952,1
-9699,-389,12322,2959,1
-9904,-546,12079,2958,1
-9791,-579,12171,2954,1
-9749,-388,12312,2948,1
-9942,-573,12010,2955,1
-9787,-570,12170,2963,1
-9762,-393,12264,2957,1
-9867,-589,12069,2962,1
-9734,-566,12234,2960,1
-9787,-443,12231,2955,1
-9895,-649,12061,2952,1
-9749,-551,12253,2954,1
-9803,-415,12224,2954,1
-9849,-651,12090,2959,1
-9721,-485,12311,2957,1
-9864,-456,12166,2953,1
-9832,-679,12136,2947,1
-9734,-470,12286,2949,1
-9889,-441,12132,2948,1
-9874,-630,12116,2956,1
-9702,-444,12317,2956,1
-9907,-497,12141,2959,1
-9849,-620,12134,2956,1
-9723,-384,12309,2952,1
-9933,-485,12097,2943,1
-9847,-618,12195,2951,1
-9705,-417,12339,2952,1
-9907,-549,12052,2959,1
-9802,-628,12207,2962,1
-9776,-393,12283,2959,1
-9945,-577,12017,2952,1
-9796,-613,12197,2953,1
-9772,-399,12260,2951,1
-9903,-596,12070,2959,1
-9711,-567,12280,2959,1
-9752,-427,12271,2957,1
-9899,-610,12046,2955,1
-9737,-525,12273,2959,1
-9831,-410,12206,2949,1
-9874,-628,12104,2945,1
-9752,-479,12275,2952,1
-9834,-415,12219,2949,1
-9890,-631,12071,2962,1
-9716,-485,12301,2957,1
-9895,-467,12108,2950,1
-9864,-655,12129,2951,1
-9744,-430,12284,2942,1
-9866,-485,12134,2953,1
-9827,-635,12138,2954,1
-9717,-402,12344,2962,1
-9917,-519,12027,2949,1
-9844,-631,12123,2957,1
-9724,-408,12280,2951,1
-9907,-518,12063,2949,1
-9772,-619,12195,2952,1
-9743,-389,12319,2951,1
-9914,-575,12032,2956,1
-9766,-585,12208,2963,1
-9761,-373,12281,2950,1
-9950,-566,12059,2949,1
-9716,-559,12255,2950,1
-9760,-408,12256,2952,1
-9890,-582,12061,2945,1
-9722,-550,12244,2958,1
-9793,-418,12218,2954,1
-9893,-643,12045,2954,1
-9716,-507,12291,2964,1
-9805,-421,12188,2951,1
-9841,-635,12098,2956,1
-9730,-493,12289,2955,1
-9866,-414,12140,2953,1
-9831,-663,12153,2958,1
-9717,-466,12327,2953,1
-9887,-494,12138,2944,1
-9813,-654,12169,2950,1
-9687,-455,12368,2945,1
-9892,-489,12122,2950,1
-9808,-634,12188,2954,1
-9731,-411,12305,2954,1
-9912,-536,12068,2952,1
-9821,-597,12169,2957,1
-9686,-384,12371,2949,1
-9925,-544,12084,2951,1
-9768,-620,12206,2957,1
-9742,-445,12306,2957,1
-9918,-576,12083,2952,1
-9805,-610,12216,2957,1
-9751,-376,12291,2952,1
-9845,-586,12072,2952,1
-9728,-549,12249,2951,1
-9789,-405,12251,2953,1
-9869,-634,12064,2960,1
-9740,-537,12277,2962,1
-9791,-410,12220,2963,1
-9833,-671,12102,2954,1
-9707,-492,12322,2954,1
-9833,-429,12194,2944,1
-9836,-635,12150,2960,1
-9668,-454,12338,2955,1
-9888,-443,12137,2954,1
-9814,-610,12171,2960,1
-9714,-445,12314,2954,1
-9886,-499,12146,2947,1
-9851,-630,12179,2953,1
-9718,-429,12322,2955,1
-9953,-535,12071,2953,1
-9798,-627,12185,2960,1
-9673,-428,12366,2959,1
-9868,-543,12085,2949,1
-9789,-594,12164,2953,1
-9716,-386,12293,2949,1
-9927,-560,12040,2951,1
-9757,-583,12209,2957,1
-9731,-389,12292,2966,1
-9896,-573,12072,2957,1
-9714,-549,12269,2954,1
-9801,-390,12244,2950,1
-9890,-606,12076,2957,1
-9749,-512,12273,2956,1
-9806,-374,12242,2953,1
-9867,-620,12077,2967,1
-9685,-492,12308,2956,1
-9874,-431,12169,2946,1
-9814,-647,12123,2958,1
-9732,-460,12258,2955,1
-9854,-454,12139,2952,1
-9849,-654,12113,2964,1
-9666,-429,12350,2959,1
-9884,-503,12135,2959,1
-9825,-663,12157,2952,1
-9718,-426,12302,2951,1
-9926,-503,12042,2948,1
-9825,-646,12165,2965,1
-9714,-402,12302,2956,1
-9897,-531,12072,2960,1
-9807,-598,12157,2963,1
-9761,-382,12305,2953,1
-9964,-565,12016,2951,1
-9779,-560,12217,2955,1
-9756,-367,12233,2951,1
-9882,-574,12078,2955,1
-9750,-553,12246,2959,1
-9782,-401,12257,2957,1
-9890,-634,12071,2960,1
-9741,-508,12268,2953,1
-9839,-411,12293,2949,1
-9861,-658,12121,2953,1
-9721,-524,12253,2961,1
-9850,-415,12196,2949,1
-9842,-639,12119,2952,1
-9716,-462,12297,2950,1
-9879,-466,12119,2946,1
-9851,-627,12151,2954,1
-9694,-413,12339,2958,1
-9893,-450,12105,2950,1
-9837,-628,12131,2965,1
-9724,-431,12290,2956,1
-9913,-510,12079,2948,1
-9838,-630,12175,2951,1
-9692,-404,12337,2950,1
-9927,-509,12066,2951,1
-9785,-580,12185,2959,1
-9752,-410,12319,2959,1
-9923,-541,12037,2955,1
-9800,-606,12202,2957,1
-9771,-414,12261,2948,1
-9908,-631,12051,2956,1
-9705,-556,12288,2957,1
-9793,-426,12288,2959,1
-9872,-606,12043,2953,1
-9729,-565,12270,2956,1
-9824,-400,12226,2951,1
-9876,-645,12104,2955,1
-9726,-511,12302,2955,1
-9854,-416,12194,2952,1
-9827,-639,12105,2961,1
-9710,-491,12272,2959,1
-9917,-434,12084,2955,1
-9826,-634,12124,2954,1
-9737,-442,12327,2949,1
-9893,-482,12123,2947,1
-9845,-639,12186,2962,1
-9701,-426,12322,2958,1
-9925,-526,12038,2961,1
-9820,-645,12157,2955,1
-9733,-403,12310,2954,1
-9919,-528,12064,2947,1
-9813,-616,12171,2955,1
-9714,-407,12333,2954,1
-9933,-543,12035,2955,1
-9776,-603,12208,2964,1
-9761,-393,12303,2953,1
-9938,-618,12075,2952,1
-9725,-568,12291,2954,1
-9751,-391,12279,2947,1
-9868,-617,12048,2953,1
-9752,-537,12250,2961,1
-9809,-385,12215,2961,1
-9900,-633,12048,2961,1
-9697,-488,12289,2953,1
-9823,-437,12205,2948,1
-9789,-629,12129,2952,1
-9738,-492,12287,2957,1
-9862,-441,12177,2957,1
-9857,-667,12134,2965,1
-9722,-434,12326,2963,1
-9890,-458,12136,2951,1
-9853,-622,12185,2958,1
-9726,-430,12345,2953,1
-9919,-518,12105,2953,1
-9838,-663,12149,2963,1
-9715,-404,12306,2961,1
-9900,-543,12078,2958,1
-9794,-625,12209,2962,1
-9681,-399,12362,2958,1
-9931,-564,12043,2947,1
-9789,-595,12213,2960,1
-9783,-389,12314,2956,1
-9921,-578,12076,2956,1
-9768,-575,12227,2968,1
-9714,-391,12326,2955,1
-9879,-626,12060,2952,1
-9693,-557,12257,2954,1
-9800,-400,12271,2956,1
-9876,-637,12118,2952,1
-9723,-555,12305,2962,1
-9835,-406,12205,2962,1
-9834,-676,12144,2965,1
-9718,-493,12367,2960,1
-9830,-448,12157,2950,1
-9794,-650,12118,2954,1
-9710,-489,12260,2958,1
-9867,-469,12118,2949,1
-9815,-647,12134,2958,1
-9682,-405,12386,2957,1
-9862,-509,12148,2943,1
-9826,-652,12179,2958,1
-9719,-404,12324,2947,1
-9959,-499,12059,2953,1
-9826,-631,12143,2961,1
-9705,-434,12329,2963,1
-9910,-538,12074,2957,1
-9787,-634,12205,2955,1
-9729,-379,12333,2949,1
-9915,-576,12047,2949,1
-9795,-605,12232,2956,1
-9762,-407,12297,2957,1
-9891,-611,12080,2958,1
-9726,-585,12233,2960,1
-9796,-378,12239,2952,1
-9902,-626,12065,2952,1
-9722,-553,12305,2958,1
-9815,-397,12187,2962,1
-9885,-639,12112,2954,1
-9729,-477,12297,2961,1
-9859,-423,12222,2952,1
-9847,-628,12135,2958,1
-9709,-473,12332,2955,1
-9889,-439,12124,2947,1
-9864,-653,12127,2953,1
-9724,-443,12294,2956,1
-9885,-469,12101,2956,1
-9816,-627,12131,2961,1
-9743,-427,12316,2959,1
-9905,-497,12091,2949,1
-9857,-616,12152,2951,1
-9721,-428,12308,2955,1
-9907,-542,12066,2955,1
-9765,-621,12212,2966,1
-9737,-423,12295,2958,1
-9944,-584,12028,2949,1
-9794,-590,12178,2959,1
-9759,-410,12281,2949,1
-9924,-568,12020,2957,1
-9723,-563,12192,2952,1
-9733,-380,12292,2963,1
-9909,-592,12030,2958,1
-9722,-537,12252,2960,1
-9806,-421,12186,2964,1
-9894,-638,12057,2955,1
-9718,-532,12274,2957,1
-9803,-415,12228,2954,1
-9836,-658,12117,2957,1
-9705,-483,12308,2963,1
-9895,-426,12140,2960,1
-9831,-668,12101,2959,1
-9735,-451,12271,2963,1
-9873,-487,12123,2954,1
-9863,-594,12097,2966,1
-9706,-424,12327,2958,1
-9899,-521,12083,2966,1
-9859,-646,12144,2966,1
-9743,-412,12284,2971,1
-9913,-515,12045,2957,1
-9803,-595,12154,2961,1
-9706,-383,12355,2963,1
-9935,-535,12092,2955,1
-9787,-620,12216,2966,1
-9754,-397,12303,2971,1
-9912,-589,12024,2960,1
-9789,-587,12199,2955,1
-9780,-391,12279,2959,1
-9872,-607,12142,2957,1
-9737,-517,12239,2963,1
-9815,-411,12227,2961,1
-9907,-641,12052,2967,1
-9730,-539,12286,2964,1
-9838,-418,12186,2957,1
-9850,-653,12115,2959,1
-9718,-486,12302,2963,1
-9840,-417,12166,2962,1
-9851,-626,12093,2968,1
-9718,-478,12294,2968,1
-9915,-449,12130,2964,1
-9840,-642,12168,2958,1
-9708,-418,12295,2967,1
-9875,-476,12118,2960,1
-9835,-660,12147,2972,1
-9704,-426,12309,2972,1
-9905,-549,12070,2966,1
-9832,-635,12152,2963,1
-9702,-391,12335,2962,1
-9889,-543,12098,2961,1
-9763,-614,12213,2968,1
-9727,-417,12304,2960,1
-9919,-585,12033,2956,1
-9799,-608,12205,2968,1
-9730,-401,12282,2970,1
-9932,-603,12030,2959,1
-9717,-582,12274,2960,1
-9775,-404,12244,2960,1
-9906,-600,12067,2954,1
-9735,-527,12259,2970,1
-9791,-391,12257,2967,1
-9852,-639,12029,2965,1
-9698,-499,12351,2960,1
-9824,-426,12214,2958,1
-9808,-635,12107,2962,1
-9714,-520,12309,2965,1
-9863,-452,12147,2967,1
-9858,-641,12113,2959,1
-9710,-454,12314,2967,1
-9834,-497,12153,2965,1
-9847,-628,12162,2965,1
-9674,-423,12333,2963,1
-9913,-504,12044,2967,1
-9821,-651,12176,2965,1
-9740,-420,12340,2974,1
-9891,-533,12076,2959,1
-9805,-603,12225,2964,1
-9697,-378,12360,2965,1
-9940,-571,12035,2956,1
-9749,-594,12257,2969,1
-9780,-405,12286,2970,1
-9924,-615,12072,2965,1
-9739,-572,12216,2967,1
-9767,-418,12276,2958,1
-9881,-621,12082,2956,1
-9717,-548,12286,2957,1
-9791,-438,12208,2958,1
-9877,-647,12080,2961,1
-9725,-509,12321,2968,1
-9813,-431,12189,2965,1
-9817,-626,12123,2956,1
-9743,-491,12290,2958,1
-9856,-448,12151,2961,1
-9860,-635,12128,2964,1
-9669,-443,12349,2965,1
-9884,-505,12121,2967,1
-9806,-608,12184,2959,1
-9726,-426,12301,2958,1
-9887,-523,12092,2954,1
-9843,-610,12155,2968,1
-9721,-397,12327,2964,1
-9925,-522,12078,2960,1
-9780,-607,12204,2968,1
-9714,-417,12336,2964,1
-9911,-560,12062,2951,1
-9803,-605,12188,2961,1
-9774,-391,12272,2956,1
-9934,-604,12038,2957,1
-9732,-538,12250,2965,1
-9741,-406,12285,2961,1
-9908,-582,12046,2960,1
-9715,-550,12246,2957,1
-9808,-418,12196,2951,1
-9903,-651,12089,2952,1
-9765,-505,12275,2962,1
-9801,-418,12205,2962,1
-9838,-642,12088,2965,1
-9708,-500,12317,2955,1
-9882,-432,12116,2951,1
-9843,-641,12093,2949,1
-9704,-447,12323,2955,1
-9853,-447,12134,2951,1
-9832,-644,12128,2961,1
-9685,-422,12314,2957,1
-9906,-529,12073,2956,1
-9854,-626,12154,2953,1
-9725,-419,12339,2953,1
-9921,-542,12066,2958,1
-9823,-629,12196,2959,1
-9705,-376,12334,2965,1
-9909,-562,12055,2960,1
-9784,-627,12216,2956,1
-9757,-400,12298,2955,1
-9938,-576,11979,2951,1
-9754,-585,12226,2957,1
-9753,-372,12286,2957,1
-9869,-593,12032,2956,1
-9777,-551,12252,2966,1
-9780,-378,12226,2955,1
-9883,-615,12078,2949,1
-9733,-534,12284,2952,1
-9823,-407,12180,2957,1
-9804,-641,12085,2947,1
-9729,-508,12352,2958,1
-9856,-459,12130,2955,1
-9862,-675,12121,2958,1
-9725,-444,12285,2948,1
-9885,-452,12090,2945,1
-9852,-641,12137,2947,1
-9706,-430,12335,2956,1
-9883,-486,12100,2964,1
-9818,-658,12125,2961,1
-9731,-421,12305,2957,1
-9922,-503,12096,2952,1
-9829,-610,12154,2954,1
-9690,-417,12290,2958,1
-9929,-558,12068,2949,1
-9793,-593,12188,2954,1
-9751,-388,12264,2959,1
-9936,-555,12059,2957,1
-9812,-611,12177,2960,1
-9766,-378,12257,2951,1
-9894,-605,12000,2946,1
-9721,-530,12262,2959,1
-9787,-421,12233,2959,1
-9887,-612,12041,2958,1
-9754,-564,12312,2966,1
-9824,-405,12216,2957,1
-9847,-664,12102,2946,1
-9713,-505,12286,2957,1
-9841,-447,12171,2959,1
-9855,-652,12135,2958,1
-9707,-480,12310,2962,1
-9884,-477,12072,2958,1
-9823,-622,12128,2956,1
-9724,-449,12300,2958,1
-9886,-486,12090,2953,1
-9838,-630,12161,2960,1
-9700,-399,12334,2956,1
-9914,-544,12057,2963,1
-9820,-615,12197,2971,1
-9700,-440,12352,2963,1
-9895,-541,12069,2953,1
-9800,-619,12225,2963,1
-9727,-371,12336,2962,1
-9944,-584,12036,2956,1
-9781,-578,12201,2964,1
-9727,-395,12281,2972,1
-9882,-582,12048,2961,1
-9708,-560,12279,2965,1
-9741,-387,12288,2963,1
-9857,-612,12084,2956,1
-9719,-528,12257,2961,1
-9776,-395,12248,2964,1
-9880,-658,12061,2963,1
-9688,-481,12352,2968,1
-9808,-438,12213,2955,1
-9818,-630,12131,2951,1
-9731,-469,12257,2962,1
-9854,-419,12139,2956,1
-9848,-663,12104,2962,1
-9684,-430,12321,2961,1
-9873,-484,12129,2953,1
-9796,-638,12176,2955,1
-9737,-455,12333,2962,1
-9893,-493,12105,2957,1
-9836,-649,12173,2962,1
-9699,-395,12346,2959,1
-9894,-537,12068,2965,1
-9778,-614,12213,2961,1
-9712,-374,12364,2962,1
-9936,-563,12091,2949,1
-9776,-573,12217,2965,1
-9744,-392,12295,2958,1
-9923,-586,12054,2970,1
-9764,-565,12234,2966,1
-9720,-365,12264,2964,1
-9902,-616,12021,2958,1
-9724,-536,12308,2953,1
-9800,-420,12217,2954,1
-9873,-654,12075,2954,1
-9735,-523,12274,2964,1
-9806,-413,12223,2962,1
-9827,-650,12115,2956,1
-9745,-520,12296,2959,1
-9868,-418,12148,2956,1
-9826,-654,12106,2950,1
-9732,-490,12272,2960,1
-9860,-476,12086,2959,1
-9809,-653,12173,2962,1
-9681,-443,12343,2962,1
-9850,-490,12098,2962,1
-9841,-654,12142,2950,1
-9711,-411,12308,2956,1
-9939,-520,12061,2951,1
-9812,-602,12193,2953,1
-9723,-390,12364,2962,1
-9918,-544,12102,2960,1
-9808,-625,12176,2957,1
-9773,-416,12307,2955,1
-9968,-587,12022,2950,1
-9794,-620,12200,2955,1
-9774,-401,12278,2959,1
-9896,-618,12104,2958,1
-9741,-551,12239,2957,1
-9805,-393,12273,2955,1
-9735,-557,12279,2955,1
-9793,-407,12247,2950,1
-9897,-671,12051,2952,1
-9699,-517,12327,2948,1
-9825,-447,12236,2959,1
-9802,-621,12116,2969,1
-9740,-490,12283,2949,1
-9841,-474,12145,2952,1
-9839,-656,12128,2953,1
-9704,-463,12329,2959,1
-9874,-468,12166,2958,1
-9835,-653,12184,2957,1
-9689,-439,12311,2957,1
-9888,-529,12083,2957,1
-9848,-647,12189,2954,1
-9708,-418,12289,2956,1
-9909,-538,12088,2951,1
-9777,-616,12224,2954,1
-9716,-379,12333,2955,1
-9923,-563,12055,2964,1
-9776,-584,12207,2960,1
-9761,-410,12271,2959,1
-9902,-592,12094,2948,1
-9744,-579,12248,2953,1
-9717,-408,12304,2955,1
-9876,-605,12081,2961,1
-9730,-554,12277,2959,1
-9794,-384,12241,2961,1
-9901,-638,12098,2954,1
-9759,-517,12266,2951,1
-9788,-387,12217,2960,1
-9839,-614,12123,2953,1
-9693,-467,12317,2959,1
-9876,-435,12153,2967,1
-9819,-653,12127,2957,1
-9718,-452,12284,2948,1
-9883,-466,12162,2949,1
-9846,-626,12205,2954,1
-9698,-401,12336,2951,1
-9908,-498,12090,2958,1
-9810,-616,12171,2958,1
-9723,-416,12340,2958,1
-9922,-511,12031,2951,1
-9784,-609,12179,2949,1
-9696,-392,12355,2968,1
-9919,-571,12110,2950,1
-9776,-602,12220,2956,1
-9711,-394,12262,2962,1
-9970,-579,12006,2960,1
-9760,-563,12234,2952,1
-9749,-357,12298,2951,1
-9904,-612,12080,2956,1
-9743,-548,12288,2953,1
-9788,-405,12196,2962,1
-9897,-630,12082,2961,1
-9711,-503,12298,2956,1
-9816,-409,12222,2956,1
-9829,-647,12086,2953,1
-9738,-489,12314,2948,1
-9869,-451,12177,2959,1
-9838,-662,12100,2958,1
-9737,-442,12285,2958,1
-9861,-460,12150,2957,1
-9836,-608,12163,2958,1
-9691,-427,12347,2941,1
-9894,-481,12086,2960,1
-9817,-651,12187,2958,1
-9728,-401,12277,2956,1
-9907,-524,12025,2960,1
-9835,-628,12179,2957,1
-9673,-371,12357,2948,1
-9952,-544,12055,2950,1
-9767,-606,12195,2954,1
-9770,-423,12246,2957,1
-9949,-594,12046,2965,1
-9761,-602,12236,2957,1
-9741,-384,12285,2952,1
-9899,-614,12056,2950,1
-9720,-556,12275,2954,1
-9794,-390,12198,2955,1
-9890,-633,12042,2961,1
-9712,-545,12312,2955,1
-9816,-399,12237,2951,1
-9804,-637,12126,2954,1
-9733,-494,12299,2946,1
-9871,-437,12171,2952,1
-9867,-675,12108,2955,1
-9703,-421,12317,2951,1
-9891,-440,12116,2968,1
-9821,-600,12134,2956,1
-9724,-445,12319,2954,1
-9897,-516,12089,2950,1
-9807,-645,12133,2961,1
-9705,-422,12320,2961,1
-9928,-554,12044,2968,1
-9805,-606,12197,2956,1
-9719,-395,12334,2960,1
-9956,-567,12044,2957,1
-9786,-580,12157,2961,1
-9751,-385,12234,2956,1
-9915,-594,12078,2958,1
-9751,-586,12189,2960,1
-9717,-412,12325,2964,1
-9948,-609,12042,2954,1
-9729,-548,12286,2949,1
-9808,-398,12256,2959,1
-9895,-634,12047,2957,1
-9746,-506,12204,2959,1
-9801,-400,12219,2964,1
-9840,-606,12093,2961,1
-9720,-496,12279,2951,1
-9875,-435,12126,2950,1
-9812,-650,12129,2954,1
-9750,-461,12301,2954,1
-9861,-473,12123,2966,1
-9825,-648,12102,2962,1
-9714,-420,12315,2957,1
-9899,-477,12080,2957,1
-9796,-640,12169,2951,1
-9722,-414,12338,2950,1
-9907,-514,12052,2959,1
-9795,-605,12203,2956,1
-9722,-391,12364,2962,1
-9905,-550,12083,2960,1
-9780,-613,12197,2951,1
-9747,-375,12287,2946,1
-9946,-574,12056,2950,1
-9715,-594,12254,2956,1
-9725,-368,12265,2961,1
-9875,-606,12082,2958,1
-9752,-555,12271,2964,1
-9787,-419,12266,2950,1
-9917,-640,12052,2959,1
-9727,-526,12319,2954,1
-9790,-394,12222,2954,1
-9803,-647,12127,2961,1
-9739,-520,12309,2962,1
-9847,-409,12148,2962,1
-9838,-645,12148,2953,1
-9726,-468,12288,2956,1
-9848,-463,12124,2952,1
-9825,-638,12143,2960,1
-9710,-434,12358,2951,1
-9903,-523,12121,2968,1
-9806,-654,12155,2961,1
-9712,-410,12287,2951,1
-9891,-533,12059,2953,1
-9810,-641,12206,2957,1
-9672,-370,12355,2965,1
-9942,-540,12047,2962,1
-9754,-600,12201,2962,1
-9773,-412,12308,2955,1
-9889,-559,12047,2955,1
-9760,-613,12232,2957,1
-9728,-368,12295,2951,1
-9901,-621,12067,2955,1
-9684,-539,12268,2956,1
-9790,-415,12272,2958,1
-9890,-602,12066,2957,1
-9693,-521,12266,2949,1
-9799,-385,12208,2956,1
-9812,-639,12127,2952,1
-9714,-507,12324,2954,1
-9808,-436,12203,2955,1
-9852,-614,12117,2964,1
-9710,-458,12326,2953,1
-9903,-446,12136,2955,1
-9808,-634,12156,2957,1
-9730,-435,12327,2951,1
-9865,-472,12115,2958,1
-9845,-632,12143,2959,1
-9701,-409,12302,2953,1
-9948,-527,12040,2963,1
-9794,-629,12148,2948,1
-9690,-424,12359,2947,1
-9894,-554,12073,2955,1
-9810,-602,12201,2955,1
-9754,-401,12298,2951,1
-9920,-590,12078,2960,1
-9781,-566,12227,2961,1
-9742,-390,12284,2951,1
-9916,-592,12118,2948,1
-9694,-560,12258,2954,1
-9799,-401,12263,2956,1
-9899,-616,12085,2961,1
-9766,-521,12265,2960,1
-9807,-399,12193,2956,1
-9870,-675,12094,2953,1
-9739,-461,12317,2951,1
-9868,-423,12184,2955,1
-9822,-639,12148,2950,1
-9734,-493,12275,2953,1
-9888,-449,12103,2958,1
-9866,-654,12133,2957,1
-9691,-454,12372,2949,1
-9873,-482,12128,2953,1
-9824,-616,12174,2952,1
-9709,-412,12335,2944,1
-9933,-491,12045,2968,1
-9820,-598,12132,2951,1
-9715,-404,12309,2953,1
-9877,-564,12134,2956,1
-9774,-624,12235,2952,1
-9732,-410,12341,2945,1
-9967,-584,12055,2953,1
-9756,-616,12241,2954,1
-9784,-374,12267,2952,1
-9914,-589,12064,2956,1
-9747,-550,12226,2955,1
-9779,-372,12295,2949,1
-9896,-616,12007,2952,1
-9733,-553,12309,2949,1
-9825,-411,12219,2959,1
-9866,-644,12113,2958,1
-9731,-500,12304,2959,1
-9813,-415,12181,2954,1
-9829,-654,12111,2951,1
-9715,-478,12314,2955,1
-9883,-440,12092,2956,1
-9838,-643,12136,2966,1
-9689,-454,12318,2955,1
-9896,-495,12138,2962,1
-9834,-634,12117,2952,1
-9730,-443,12296,2953,1
-9890,-497,12055,2956,1
-9836,-640,12157,2957,1
-9725,-384,12338,2956,1
-9917,-522,12042,2967,1
-9766,-618,12200,2958,1
-9730,-405,12324,2953,1
-9909,-549,12040,2949,1
-9809,-603,12259,2957,1
-9733,-406,12296,2952,1
-9913,-588,12027,2959,1
-9720,-554,12291,2963,1
-9754,-444,12272,2951,1
-9873,-603,12031,2951,1
-9732,-542,12250,2955,1
-9851,-379,12206,2951,1
-9894,-677,12054,2964,1
-9727,-525,12332,2963,1
-9797,-429,12221,2956,1
-9849,-660,12122,2957,1
-9705,-492,12280,2955,1
-9899,-430,12114,2957,1
-9838,-613,12137,2957,1
-9727,-445,12300,2954,1
-9854,-465,12179,2956,1
-9825,-629,12195,2962,1
-9675,-415,12270,2956,1
-9908,-542,12055,2956,1
-9803,-632,12162,2952,1
-9747,-416,12358,2950,1
-9906,-546,12089,2967,1
-9826,-626,12224,2962,1
-9715,-385,12335,2956,1
-9935,-597,12060,2952,1
-9762,-579,12225,2951,1
-9756,-398,12270,2958,1
-9912,-562,12060,2955,1
-9724,-577,12257,2957,1
-9767,-423,12257,2965,1
-9884,-601,12073,2962,1
-9734,-539,12291,2957,1
-9784,-397,12197,2957,1
-9888,-640,12101,2952,1
-9697,-480,12311,2955,1
-9834,-449,12169,2963,1
-9821,-621,12110,2975,1
-9759,-484,12294,2961,1
-9880,-455,12150,2956,1
-9858,-656,12140,2951,1
-9701,-426,12337,2952,1
-9875,-515,12163,2956,1
-9835,-633,12164,2959,1
-9731,-434,12336,2961,1
-9902,-512,12052,2958,1
-9842,-602,12161,2954,1
-9706,-426,12324,2951,1
-9899,-558,12081,2958,1
-9768,-590,12223,2958,1
-9715,-401,12329,2951,1
-9917,-584,12043,2962,1
-9775,-593,12206,2964,1
-9779,-370,12240,2952,1
-9913,-583,12063,2961,1
-9737,-568,12250,2951,1
-9737,-377,12290,2959,1
-9876,-592,12070,2967,1
-9741,-511,12268,2957,1
-9835,-402,12190,2961,1
-9875,-647,12112,2952,1
-9722,-477,12277,2955,1
-9819,-425,12226,2957,1
-9845,-641,12104,2963,1
-9755,-488,12304,2962,1
-9866,-467,12147,2965,1
-9844,-646,12123,2958,1
-9707,-452,12294,2952,1
-9854,-473,12154,2958,1
-9851,-656,12123,2956,1
-9710,-412,12325,2953,1
-9892,-523,12062,2955,1
-9833,-603,12143,2965,1
-9723,-403,12339,2955,1
-9925,-555,12058,2959,1
-9789,-597,12200,2952,1
-9744,-400,12316,2955,1
-9944,-539,12063,2964,1
-9811,-612,12197,2966,1
-9774,-391,12286,2962,1
-9950,-595,12029,2961,1
-9738,-575,12270,2955,1
-9789,-432,12251,2953,1
-9878,-618,12079,2954,1
-9747,-554,12242,2960,1
-9813,-383,12183,2962,1
-9903,-637,12054,2960,1
-9718,-518,12261,2970,1
-9828,-402,12198,2957,1
-9844,-644,12073,2956,1
-9711,-474,12257,2959,1
-9886,-446,12156,2969,1
-9863,-649,12083,2966,1
-9733,-444,12303,2962,1
-9863,-478,12178,2953,1
-9822,-630,12165,2962,1
-9745,-432,12332,2960,1
-9901,-512,12082,2964,1
-9825,-638,12174,2967,1
-9733,-417,12365,2960,1
-9916,-530,12105,2965,1
-9788,-627,12145,2955,1
-9712,-396,12357,2955,1
-9936,-580,12034,2969,1
-9816,-591,12209,2964,1
-9781,-420,12241,2951,1
-9911,-600,12054,2967,1
-9726,-519,12217,2963,1
-9799,-422,12262,2959,1
-9917,-617,12068,2953,1
-9732,-566,12273,2951,1
-9827,-388,12202,2962,1
-9903,-637,12073,2967,1
-9725,-498,12259,2961,1
-9857,-427,12174,2956,1
-9825,-651,12116,2958,1
-9733,-479,12280,2956,1
-9877,-431,12130,2960,1
-9865,-664,12128,2961,1
-9683,-445,12340,2962,1
-9881,-496,12160,2962,1
-9833,-632,12167,2954,1
-9737,-446,12335,2950,1
-9920,-529,12069,2962,1
-9834,-621,12149,2953,1
-9724,-408,12265,2953,1
-9909,-532,12094,2968,1
-9816,-604,12241,2961,1
-9751,-383,12274,2952,1
-9929,-581,12043,2953,1
-9802,-584,12191,2956,1
-9764,-391,12303,2950,1
-9917,-590,12035,2976,1
-9720,-579,12269,2960,1
-9761,-396,12268,2955,1
-9889,-599,12053,2959,1
-9727,-516,12250,2953,1
-9783,-385,12201,2958,1
-9872,-640,12092,2959,1
-9718,-491,12293,2959,1
-9821,-439,12236,2957,1
-9836,-661,12106,2960,1
-9712,-487,12330,2955,1
-9894,-455,12115,2953,1
-9840,-626,12151,2956,1
-9719,-422,12325,2958,1
-9852,-504,12108,2954,1
-9857,-667,12142,2961,1
-9715,-422,12308,2959,1
-9916,-511,12058,2959,1
-9827,-635,12185,2960,1
-9710,-411,12374,2955,1
-9875,-528,12117,2959,1
-9803,-596,12222,2967,1
-9721,-392,12287,2957,1
-9903,-548,12038,2972,1
-9790,-591,12202,2951,1
-9728,-367,12307,2957,1
-9919,-593,12082,2965,1
-9742,-560,12280,2958,1
-9817,-414,12247,2961,1
-9892,-601,12087,2963,1
-9744,-523,12302,2959,1
-9807,-398,12196,2946,1
-9846,-658,12039,2953,1
-9702,-495,12331,2961,1
-9863,-431,12178,2959,1
-9826,-656,12102,2978,1
-9742,-453,12321,2960,1
-9855,-446,12122,2958,1
-9811,-624,12138,2956,1
-9686,-445,12409,2965,1
-9890,-494,12156,2961,1
-9805,-660,12182,2965,1
-9723,-422,12304,2963,1
-9921,-541,12078,2957,1
-9803,-611,12204,2955,1
-9686,-399,12342,2955,1
-9899,-519,12097,2959,1
-9785,-617,12193,2966,1
-9736,-371,12286,2962,1
-9952,-568,11997,2964,1
-9769,-573,12253,2962,1
-9756,-386,12293,2957,1
-9846,-590,12069,2967,1
-9729,-577,12277,2977,1
-9782,-411,12236,2959,1
-9888,-622,12063,2968,1
-9721,-493,12278,2957,1
-9783,-404,12183,2958,1
-9818,-639,12106,2959,1
-9726,-524,12322,2955,1
-9854,-460,12188,2963,1
-9862,-647,12100,2967,1
-9726,-441,12296,2961,1
-9866,-467,12101,2952,1
-9803,-611,12150,2958,1
-9720,-428,12378,2957,1
-9906,-495,12053,2963,1
-9821,-647,12164,2966,1
-9760,-406,12316,2961,1
-9918,-527,12095,2955,1
-9816,-613,12200,2962,1
-9700,-420,12352,2949,1
-9926,-558,12040,2965,1
-9760,-605,12200,2964,1
-9778,-378,12263,2967,1
-9886,-604,12036,2969,1
-9734,-565,12232,2956,1
-9785,-397,12269,2954,1
-9920,-596,12074,2954,1
-9744,-520,12219,2964,1
-9820,-375,12198,2966,1
-9880,-652,12114,2966,1
-9712,-477,12298,2954,1
-9844,-436,12179,2950,1
-9852,-662,12138,2964,1
-9710,-444,12300,2953,1
-9890,-463,12116,2961,1
-9853,-634,12102,2959,1
-9710,-429,12359,2954,1
-9900,-483,12068,2955,1
-9849,-642,12148,2956,1
-9738,-407,12297,2966,1
-9908,-511,12029,2960,1
-9841,-597,12158,2956,1
-9692,-396,12347,2958,1
-9936,-526,12033,2963,1
-9794,-622,12186,2955,1
-9738,-397,12258,2954,1
-9923,-575,12005,2959,1
-9787,-598,12217,2964,1
-9736,-360,12238,2963,1
-9894,-621,12056,2956,1
-9720,-562,12280,2951,1
-9777,-390,12255,2948,1
-9895,-623,12047,2964,1
-9744,-534,12302,2964,1
-9814,-399,12203,2959,1
-9827,-619,12091,2966,1
-9720,-481,12335,2955,1
-9870,-444,12181,2953,1
-9861,-638,12084,2960,1
-9715,-443,12314,2958,1
-9892,-421,12134,2957,1
-9819,-618,12196,2966,1
-9720,-440,12349,2956,1
-9905,-515,12106,2954,1
-9829,-626,12169,2954,1
-9722,-442,12346,2953,1
-9908,-518,12040,2959,1
-9777,-614,12211,2955,1
-9717,-385,12318,2964,1
-9912,-545,12026,2960,1
-9791,-576,12235,2952,1
-9770,-372,12298,2953,1
-9927,-585,12036,2956,1
-9717,-556,12269,2968,1
-9719,-421,12296,2963,1
-9894,-585,12060,2957,1
-9745,-524,12272,2959,1
-9800,-402,12225,2950,1
-9877,-636,12091,2958,1
-9731,-499,12292,2960,1
-9832,-401,12207,2959,1
-9842,-618,12090,2958,1
-9721,-500,12309,2955,1
-9870,-438,12140,2955,1
-9833,-635,12112,2957,1
-9740,-451,12313,2954,1
-9847,-479,12161,2959,1
-9831,-636,12157,2964,1
-9674,-440,12339,2963,1
-9898,-509,12075,2955,1
-9840,-596,12130,2952,1
-9687,-409,12317,2953,1
-9898,-516,12116,2966,1
-9762,-606,12208,2965,1
-9742,-408,12326,2963,1
-9933,-555,12023,2955,1
-9794,-590,12179,2955,1
-9713,-376,12266,2950,1
-9898,-597,12067,2963,1
-9705,-538,12309,2959,1
-9797,-395,12261,2961,1
-9879,-612,12076,2959,1
-9750,-502,12250,2954,1
-9783,-380,12248,2948,1
-9870,-638,12149,2956,1
-9692,-493,12307,2960,1
-9834,-429,12159,2955,1
-9830,-684,12140,2966,1
-9713,-488,12285,2959,1
-9856,-427,12093,2952,1
-9835,-623,12110,2952,1
-9698,-441,12316,2952,1
-9881,-500,12131,2957,1
-9821,-643,12165,2968,1
-9695,-408,12325,2965,1
-9923,-531,12073,2956,1
-9795,-634,12169,2959,1
-9719,-402,12317,2958,1
-9899,-546,12140,2961,1
-9772,-620,12210,2964,1
-9736,-396,12327,2961,1
-9924,-557,12042,2966,1
-9772,-573,12226,2960,1
-9722,-358,12300,2959,1
-9881,-597,12079,2958,1
-9756,-563,12259,2954,1
-9767,-430,12262,2957,1
-9909,-618,12059,2964,1
-9744,-515,12265,2976,1
-9819,-374,12194,2953,1
-9823,-618,12085,2960,1
-9715,-473,12320,2961,1
-9847,-399,12198,2955,1
-9812,-663,12115,2967,1
-9726,-468,12272,2967,1
-9886,-446,12113,2956,1
-9831,-629,12133,2960,1
-9687,-414,12360,2954,1
-9854,-469,12101,2959,1
-9801,-646,12166,2956,1
-9736,-423,12331,2966,1
-9916,-541,12080,2964,1
-9837,-600,12140,2965,1
-9692,-378,12297,2957,1
-9920,-535,12044,2954,1
-9739,-593,12227,2957,1
-9768,-414,12289,2959,1
-9913,-568,12010,2963,1
-9811,-592,12210,2966,1
-9753,-367,12272,2958,1
-9891,-587,12067,2955,1
-9725,-538,12232,2965,1
-9808,-379,12241,2956,1
-9898,-608,12070,2965,1
-9772,-537,12293,2967,1
-9816,-396,12232,2963,1
-9850,-636,12085,2959,1
-9715,-475,12333,2961,1
-9843,-424,12174,2951,1
-9846,-617,12122,2966,1
-9730,-451,12284,2961,1
-9874,-428,12132,2957,1
-9818,-613,12123,2962,1
-9717,-425,12308,2958,1
-9886,-482,12127,2952,1
-9859,-629,12114,2956,1
-9724,-428,12289,2951,1
-9916,-531,12037,2964,1
-9796,-619,12154,2970,1
-9709,-416,12304,2962,1
-9902,-541,12089,2958,1
-9794,-598,12181,2955,1
-9746,-399,12308,2952,1
-9925,-585,12026,2959,1
-9786,-600,12227,2961,1
-9736,-406,12290,2964,1
-9916,-596,12098,2964,1
-9714,-560,12250,2956,1
-9800,-397,12233,2963,1
-9893,-620,12073,2953,1
-9778,-501,12222,2962,1
-9802,-382,12246,2962,1
-9851,-653,12068,2968,1
-9707,-484,12279,2962,1
-9865,-453,12171,2955,1
-9827,-634,12065,2955,1
-9751,-467,12304,2956,1
-9868,-440,12100,2950,1
-9835,-626,12124,2966,1
-9706,-418,12351,2960,1
-9880,-488,12126,2959,1
-9836,-634,12182,2958,1
-9715,-426,12294,2956,1
-9952,-531,12045,2955,1
-9817,-638,12162,2972,1
-9706,-396,12299,2962,1
-9890,-563,12078,2965,1
-9806,-601,12163,2959,1
-9735,-378,12299,2956,1
-9974,-560,12019,2955,1
-9764,-577,12233,2960,1
-9752,-395,12311,2960,1
-9875,-593,12071,2962,1
-9732,-563,12242,2966,1
-9797,-391,12215,2955,1
-9902,-627,12068,2967,1
-9742,-517,12299,2958,1
-9802,-431,12183,2959,1
-9864,-660,12072,2970,1
-9704,-499,12309,2961,1
-9847,-430,12159,2960,1
-9848,-674,12125,2958,1
-9756,-447,12314,2959,1
-9869,-496,12136,2958,1
-9829,-657,12162,2975,1
-9704,-406,12287,2968,1
-9903,-494,12086,2958,1
-9807,-657,12175,2956,1
-9764,-407,12300,2958,1
-9869,-520,12069,2949,1
-9825,-605,12192,2958,1
-9666,-381,12394,2958,1
-9927,-533,12029,2965,1
-9768,-622,12236,2965,1
-9757,-382,12265,2959,1
-9921,-548,12047,2958,1
-9768,-593,12242,2955,1
-9727,-367,12297,2961,1
-9879,-611,12087,2963,1
-9697,-559,12253,2961,1
-9773,-427,12237,2967,1
-9878,-626,12041,2964,1
-9716,-521,12293,2963,1
-9818,-395,12235,2971,1
-9829,-643,12101,2968,1
-9731,-485,12322,2968,1
-9860,-452,12163,2962,1
-9857,-676,12112,2966,1
-9694,-461,12361,2963,1
-9878,-460,12114,2961,1
-9795,-616,12147,2959,1
-9725,-431,12356,2970,1
-9867,-500,12104,2954,1
-9840,-631,12151,2967,1
-9722,-403,12312,2968,1
-9913,-538,12084,2954,1
-9759,-614,12217,2954,1
-9712,-405,12358,2958,1
-9892,-558,12056,2969,1
-9811,-604,12215,2965,1
-9748,-401,12254,2960,1
-9903,-572,12055,2960,1
-9722,-560,12230,2965,1
-9725,-408,12301,2962,1
-9879,-591,12083,2962,1
-9708,-532,12269,2963,1
-9808,-405,12218,2972,1
-9877,-650,12045,2963,1
-9743,-518,12282,2964,1
-9794,-440,12237,2953,1
-9822,-638,12088,2963,1
-9718,-482,12323,2963,1
-9877,-436,12146,2962,1
-9834,-629,12126,2969,1
-9723,-445,12337,2963,1
-9840,-475,12124,2958,1
-9817,-624,12178,2960,1
-9669,-448,12315,2956,1
-9897,-520,12098,2962,1
-9830,-617,12176,2973,1
-9735,-419,12340,2972,1
-9918,-538,12064,2959,1
-9802,-624,12191,2964,1
-9727,-388,12294,2959,1
-9899,-576,12094,2958,1
-9777,-594,12182,2965,1
-9730,-370,12277,2978,1
-9935,-601,12067,2963,1
-9711,-580,12271,2965,1
-9782,-405,12273,2963,1
-9876,-602,12073,2956,1
-9753,-523,12263,2968,1
-9788,-399,12220,2964,1
-9894,-643,12083,2972,1
-9710,-481,12304,2966,1
-9832,-436,12195,2954,1
-9821,-664,12104,2961,1
-9718,-475,12294,2963,1
-9859,-447,12099,2960,1
-9859,-652,12124,2967,1
-9708,-434,12328,2965,1
-9866,-490,12131,2961,1
-9839,-647,12148,2951,1
-9684,-411,12351,2962,1
-9954,-492,12046,2956,1
-9809,-642,12179,2962,1
-9742,-411,12296,2968,1
-9854,-567,12103,2960,1
-9786,-635,12184,2964,1
-9726,-402,12296,2958,1
-9940,-536,12012,2953,1
-9779,-588,12176,2967,1
-9759,-367,12263,2967,1
-9898,-595,12043,2967,1
-9738,-575,12247,2966,1
-9805,-373,12267,2955,1
-9922,-604,12064,2962,1
-9761,-527,12280,2960,1
-9833,-399,12169,2966,1
-9831,-639,12110,2964,1
-9722,-518,12346,2967,1
-9867,-424,12173,2956,1
-9837,-654,12113,2959,1
-9736,-448,12266,2962,1
-9879,-456,12129,2962,1
-9820,-613,12149,2964,1
-9713,-437,12334,2966,1
-9910,-499,12104,2958,1
-9837,-660,12139,2960,1
-9736,-434,12320,2952,1
-9885,-525,12058,2955,1
-9840,-627,12153,2964,1
-9715,-388,12318,2971,1
-9934,-564,12053,2964,1
-9792,-601,12188,2961,1
-9780,-413,12289,2959,1
-9943,-538,12026,2951,1
-9796,-603,12229,2960,1
-9737,-379,12284,2967,1
-9896,-596,12080,2963,1
-9744,-540,12260,2966,1
-9802,-430,12223,2976,1
-9905,-643,12064,2957,1
-9723,-528,12297,2963,1
-9828,-410,12215,2963,1
-9817,-642,12139,2966,1
-9757,-478,12273,2973,1
-9845,-432,12140,2964,1
-9865,-641,12095,2961,1
-9709,-462,12301,2953,1
-9886,-503,12187,2960,1
-9811,-600,12170,2961,1
-9723,-427,12313,2963,1
-9891,-506,12081,2958,1
-9875,-644,12123,2960,1
-9711,-381,12338,2960,1
-9896,-511,12067,2956,1
-9766,-581,12182,2960,1
-9727,-386,12326,2960,1
-9923,-530,12061,2959,1
-9790,-571,12216,2956,1
-9754,-371,12237,2957,1
-9896,-592,12107,2954,1
-9712,-560,12281,2965,1
-9761,-408,12270,2968,1
-9876,-630,12061,2964,1
-9750,-543,12274,2967,1
-9833,-397,12188,2956,1
-9859,-641,12118,2961,1
-9729,-488,12286,2961,1
-9832,-457,12173,2961,1
-9849,-679,12105,2970,1
-9715,-492,12328,2968,1
-9903,-450,12149,2966,1
-9797,-646,12148,2962,1
-9719,-430,12317,2965,1
-9879,-466,12097,2962,1
-9810,-631,12128,2966,1
-9692,-388,12249,2968,1
-9921,-553,12081,2961,1
-9791,-606,12201,2956,1
-9692,-393,12352,2959,1
-9904,-528,12113,2956,1
-9776,-623,12217,2965,1
-9735,-425,12282,2959,1
-9891,-598,12046,2960,1
-9763,-612,12264,2960,1
-9731,-392,12301,2957,1
-9889,-596,12095,2963,1
-9698,-528,12266,2964,1
-9796,-391,12240,2965,1
-9873,-636,12051,2969,1
-9756,-535,12286,2968,1
-9794,-392,12223,2962,1
-9843,-642,12091,2962,1
-9691,-478,12324,2957,1
-9843,-435,12160,2962,1
-9794,-645,12121,2958,1
-9735,-443,12304,2964,1
-9858,-440,12148,2958,1
-9819,-621,12158,2960,1
-9701,-418,12367,2953,1
-9908,-493,12130,2957,1
-9833,-642,12164,2966,1
-9723,-417,12350,2965,1
-9940,-529,12034,2960,1
-9801,-610,12190,2965,1
-9685,-402,12367,2957,1
-9860,-554,12072,2954,1
-9770,-616,12140,2960,1
-9737,-396,12249,2964,1
-9929,-585,12028,2960,1
-9747,-613,12186,2963,1
-9739,-399,12305,2968,1
-9886,-624,12067,2962,1
-9721,-522,12247,2954,1
-9787,-382,12220,2964,1
-9910,-603,12056,2967,1
-9734,-512,12257,2968,1
-9795,-419,12217,2963,1
-9828,-596,12127,2960,1
-9719,-509,12282,2955,1
-9843,-421,12149,2952,1
-9843,-683,12092,2968,1
-9744,-462,12314,2959,1
-9836,-456,12127,2961,1
-9836,-614,12155,2962,1
-9711,-443,12334,2960,1
-9910,-511,12097,2960,1
-9821,-633,12151,2956,1
-9745,-424,12333,2957,1
-9922,-516,12058,2960,1
-9806,-597,12173,2967,1
-9709,-408,12362,2960,1
-9961,-552,12069,2953,1
-9786,-592,12182,2953,1
-9768,-418,12258,2957,1
-9921,-579,12064,2960,1
-9754,-574,12225,2964,1
-9732,-377,12283,2964,1
-9911,-571,12036,2955,1
-9709,-523,12284,2957,1
-9792,-409,12222,2967,1
-9901,-632,12066,2960,1
-9726,-496,12310,2965,1
-9831,-444,12195,2959,1
-9840,-661,12085,2963,1
-9773,-522,12330,2962,1
-9885,-447,12140,2954,1
-9897,-653,12113,2961,1
-9731,-421,12309,2961,1
-9877,-459,12140,2965,1
-9850,-624,12184,2966,1
-9734,-424,12285,2958,1
-9893,-525,12074,2949,1
-9858,-618,12154,2956,1
-9731,-395,12280,2962,1
-9906,-564,12106,2966,1
-9784,-602,12194,2965,1
-9722,-386,12284,2962,1
-9926,-552,12035,2954,1
-9805,-601,12207,2948,1
-9760,-385,12284,2961,1
-9871,-618,12062,2955,1
-9728,-564,12295,2970,1
-9768,-398,12270,2963,1
-9885,-613,12101,2958,1
-9740,-542,12257,2962,1
-9824,-406,12178,2962,1
-9863,-645,12099,2952,1
-9708,-499,12351,2964,1
-9845,-405,12157,2964,1
-9861,-660,12087,2968,1
-9740,-494,12309,2957,1
-9899,-458,12107,2952,1
-9833,-632,12141,2952,1
-9742,-424,12334,2962,1
-9874,-476,12152,2964,1
-9856,-667,12174,2963,1
-9701,-420,12335,2962,1
-9933,-513,12079,2955,1
-9837,-612,12175,2951,1
-9709,-402,12330,2964,1
-9882,-505,12079,2961,1
-9809,-595,12222,2973,1
-9730,-391,12310,2967,1
-9924,-566,12012,2956,1
-9798,-616,12231,2960,1
-9735,-401,12280,2958,1
-9896,-620,12072,2955,1
-9731,-555,12259,2960,1
-9800,-393,12274,2971,1
-9872,-606,12023,2961,1
-9768,-522,12282,2959,1
-9806,-399,12263,2955,1
-9854,-664,12081,2955,1
-9706,-473,12325,2971,1
-9849,-468,12165,2953,1
-9843,-631,12171,2965,1
-9720,-466,12299,2961,1
-9876,-451,12132,2954,1
-9812,-617,12140,2960,1
-9719,-405,12343,2962,1
-9895,-475,12096,2963,1
-9825,-656,12172,2975,1
-9725,-409,12314,2961,1
-9958,-525,12046,2957,1
-9809,-579,12200,2957,1
-9700,-392,12327,2959,1
-9895,-549,12067,2957,1
-9785,-602,12220,2961,1
-9744,-392,12315,2966,1
-9943,-584,11991,2964,1
-9747,-571,12222,2961,1
-9721,-411,12301,2957,1
-9870,-581,12061,2958,1
-9733,-562,12308,2964,1
-9787,-418,12242,2966,1
-9914,-625,12080,2961,1
-9725,-511,12249,2959,1
-9808,-384,12237,2955,1
-9810,-618,12100,2951,1
-9711,-496,12282,2962,1
-9863,-426,12164,2954,1
-9830,-647,12133,2964,1
-9726,-451,12316,2964,1
-9846,-464,12138,2955,1
-9799,-625,12159,2951,1
-9664,-422,12348,2956,1
-9866,-520,12069,2958,1
-9823,-645,12199,2959,1
-9709,-419,12320,2965,1
-9903,-514,12055,2964,1
-9821,-606,12191,2961,1
-9683,-371,12360,2956,1
-9903,-551,12049,2959,1
-9778,-621,12202,2960,1
-9747,-392,12259,2966,1
-9927,-595,12070,2960,1
-9742,-612,12220,2968,1
-9711,-399,12299,2966,1
-9885,-624,12067,2952,1
-9699,-523,12278,2960,1
-9796,-396,12219,2960,1
-9869,-632,12069,2962,1
-9740,-485,12276,2976,1
-9797,-402,12215,2964,1
-9785,-633,12098,2960,1
-9733,-502,12283,2958,1
-9851,-446,12128,2961,1
-9884,-667,12133,2956,1
-9724,-427,12363,2964,1
-9874,-450,12132,2966,1
-9836,-614,12135,2961,1
-9735,-449,12345,2959,1
-9887,-508,12096,2956,1
-9823,-641,12148,2964,1
-9741,-391,12292,2963,1
-9892,-569,12036,2967,1
-9782,-628,12220,2966,1
-9694,-400,12322,2959,1
-9930,-573,12011,2950,1
-9775,-595,12241,2956,1
-9761,-396,12290,2950,1
-9928,-535,12049,2956,1
-9734,-570,12253,2959,1
-9735,-404,12275,2964,1
-9869,-619,12089,2960,1
-9747,-541,12281,2964,1
-9811,-386,12245,2958,1
-9896,-642,12095,2956,1
-9752,-488,12291,2969,1
-9820,-393,12236,2971,1
-9851,-621,12083,2957,1
-9732,-492,12296,2957,1
-9880,-432,12157,2952,1
-9853,-625,12104,2948,1
-9746,-469,12298,2965,1
-9854,-456,12112,2964,1
-9818,-651,12135,2963,1
-9691,-416,12331,2962,1
-9902,-499,12100,2968,1
-9814,-629,12157,2955,1
-9733,-420,12321,2960,1
-9929,-513,12088,2961,1
-9799,-597,12160,2964,1
-9696,-399,12346,2964,1
-9907,-553,12094,2963,1
-9770,-613,12189,2963,1
-9758,-415,12302,2955,1
-9762,-617,12216,2956,1
-9754,-402,12289,2964,1
-9869,-626,12119,2967,1
-9720,-550,12241,2958,1
-9767,-423,12303,2965,1
-9875,-606,12058,2949,1
-9708,-560,12252,2952,1
-9793,-417,12225,2947,1
-9831,-642,12105,2967,1
-9706,-479,12291,2960,1
-9822,-437,12206,2972,1
-9841,-642,12159,2964,1
-9730,-475,12267,2955,1
-9887,-441,12124,2957,1
-9828,-634,12125,2960,1
-9685,-402,12330,2956,1
-9859,-474,12136,2969,1
-9814,-617,12186,2971,1
-9695,-412,12302,2963,1
-9921,-511,12077,2952,1
-9827,-625,12170,2959,1
-9693,-419,12385,2958,1
-9903,-541,12078,2967,1
-9801,-594,12226,2965,1
-9757,-374,12298,2962,1
-9898,-582,12026,2962,1
-9787,-565,12193,2949,1
-9758,-395,12300,2956,1
-9890,-600,12086,2952,1
-9718,-554,12231,2956,1
-9782,-405,12208,2966,1
-9900,-623,12042,2966,1
-9754,-494,12262,2961,1
-9795,-379,12181,2954,1
-9868,-626,12137,2957,1
-9724,-487,12292,2959,1
-9822,-425,12190,2963,1
-9822,-661,12090,2970,1
-9714,-477,12291,2957,1
-9901,-447,12133,2960,1
-9851,-648,12139,2956,1
-9724,-443,12352,2956,1
-9853,-500,12169,2961,1
-9827,-655,12131,2959,1
-9711,-414,12302,2963,1
-9923,-504,12092,2971,1
-9818,-630,12164,2963,1
-9733,-410,12336,2958,1
-9900,-548,12047,2952,1
-9791,-608,12178,2951,1
-9750,-392,12313,2960,1
-9903,-559,12036,2960,1
-9789,-590,12187,2965,1
-9746,-393,12268,2960,1
-9940,-570,12012,2950,1
-9735,-561,12261,2943,1
-9776,-395,12291,2959,1
-9882,-587,12047,2957,1
-9789,-546,12307,2963,1
-9814,-396,12198,2964,1
-9898,-646,12095,2959,1
-9734,-515,12322,2947,1
-9849,-435,12192,2964,1
-9821,-640,12096,2953,1
-9769,-500,12289,2953,1
-9879,-430,12110,2962,1
-9872,-639,12118,2966,1
-9718,-471,12350,2959,1
-9880,-488,12116,2963,1
-9808,-629,12149,2958,1
-9742,-444,12323,2959,1
-9916,-506,12074,2961,1
-9833,-650,12137,2967,1
-9740,-396,12317,2961,1
-9906,-541,12061,2957,1
-9803,-587,12172,2953,1
-9733,-412,12330,2950,1
-9959,-544,12018,2957,1
-9810,-610,12223,2957,1
-9755,-416,12272,2967,1
-9893,-622,12081,2968,1
-9753,-590,12226,2959,1
-9779,-381,12272,2960,1
-9910,-607,12050,2956,1
-9711,-550,12256,2958,1
-9812,-406,12206,2961,1
-9891,-643,12076,2964,1
-9729,-519,12274,2965,1
-9810,-442,12210,2964,1
-9825,-649,12061,2959,1
-9739,-501,12317,2953,1
-9853,-459,12146,2962,1
-9854,-656,12091,2962,1
-9702,-452,12327,2952,1
-9890,-449,12164,2965,1
-9818,-618,12185,2965,1
-9721,-415,12303,2956,1
-9902,-522,12080,2959,1
-9861,-669,12146,2961,1
-9725,-427,12325,2955,1
-9914,-546,12048,2964,1
-9778,-596,12241,2964,1
-9722,-406,12301,2951,1
-9932,-542,12074,2950,1
-9801,-606,12173,2952,1
-9747,-385,12262,2956,1
-9933,-568,12048,2959,1
-9716,-566,12265,2960,1
-9710,-382,12292,2965,1
-9881,-581,12068,2964,1
-9732,-558,12275,2958,1
-9786,-386,12206,2956,1
-9876,-618,12061,2954,1
-9727,-494,12251,2955,1
-9810,-413,12248,2967,1
-9852,-634,12087,2966,1
-9707,-469,12312,2961,1
-9878,-449,12162,2961,1
-9848,-662,12117,2952,1
-9755,-453,12303,2948,1
-9864,-496,12130,2958,1
-9838,-623,12123,2956,1
-9695,-416,12322,2961,1
-9921,-491,12139,2957,1
-9823,-623,12143,2958,1
-9752,-422,12297,2952,1
-9900,-539,12095,2956,1
-9792,-627,12221,2953,1
-9688,-406,12337,2965,1
-9917,-569,12103,2969,1
-9761,-602,12240,2952,1
-9749,-396,12278,2958,1
-9935,-542,12032,2960,1
-9780,-601,12237,2950,1
-9736,-385,12327,2965,1
-9861,-606,12099,2960,1
-9748,-529,12246,2966,1
-9800,-432,12249,2961,1
-9900,-644,12117,2959,1
-9711,-510,12290,2959,1
-9829,-412,12236,2962,1
-9787,-630,12129,2962,1
-9722,-488,12315,2963,1
-9835,-414,12150,2958,1
-9848,-647,12077,2956,1
-9724,-462,12302,2955,1
-9892,-464,12120,2963,1
-9808,-645,12177,2954,1
-9695,-420,12348,2958,1
-9870,-500,12065,2965,1
-9809,-639,12163,2962,1
-9720,-406,12291,2956,1
-9917,-519,12079,2955,1
-9827,-629,12162,2953,1
-9700,-394,12346,2951,1
-9906,-532,12069,2962,1
-9763,-590,12201,2958,1
-9742,-419,12305,2963,1
-9917,-573,12050,2959,1
-9788,-575,12222,2957,1
-9747,-387,12324,2962,1
-9916,-611,12053,2961,1
-9706,-556,12246,2962,1
-9787,-386,12188,2969,1
-9889,-601,12057,2960,1
-9742,-527,12235,2956,1
-9818,-395,12219,2960,1
-9857,-626,12095,2960,1
-9723,-477,12316,2954,1
-9868,-433,12150,2961,1
-9823,-602,12096,2965,1
-9726,-466,12266,2964,1
-9880,-442,12133,2960,1
-9845,-639,12113,2955,1
-9693,-428,12347,2954,1
-9862,-493,12109,2959,1
-9835,-645,12147,2969,1
-9712,-432,12291,2960,1
-9951,-520,12043,2969,1
-9821,-609,12198,2959,1
-9728,-405,12330,2954,1
-9889,-540,12096,2954,1
-9825,-589,12174,2957,1
-9747,-409,12281,2962,1
-9932,-576,12033,2969,1
-9782,-595,12204,2952,1
-9756,-401,12268,2960,1
-9895,-593,12089,2960,1
-9715,-575,12273,2955,1
-9780,-404,12274,2960,1
-9913,-614,12067,2967,1
-9765,-529,12281,2966,1
-9831,-394,12208,2968,1
-9862,-639,12098,2959,1
-9715,-495,12295,2950,1
-9879,-428,12191,2956,1
-9827,-658,12110,2959,1
-9748,-491,12279,2958,1
-9870,-460,12136,2965,1
-9852,-659,12103,2959,1
-9700,-436,12330,2953,1
-9894,-479,12127,2961,1
-9833,-638,12148,2954,1
-9715,-419,12315,2955,1
-9921,-518,12049,2963,1
-9831,-632,12117,2964,1
-9708,-422,12264,2957,1
-9884,-554,12043,2962,1
-9802,-589,12182,2961,1
-9738,-385,12283,2952,1
-9927,-576,12028,2951,1
-9796,-604,12203,2961,1
-9774,-373,12255,2962,1
-9905,-578,12054,2959,1
-9726,-573,12281,2954,1
-9764,-419,12244,2954,1
-9869,-622,12052,2959,1
-9733,-557,12284,2956,1
-9828,-398,12212,2953,1
-9863,-671,12080,2955,1
-9723,-519,12341,2964,1
-9821,-403,12165,2956,1
-9858,-637,12093,2958,1
-9705,-486,12327,2948,1
-9877,-451,12124,2960,1
-9847,-636,12103,2964,1
-9729,-433,12335,2965,1
-9879,-467,12117,2959,1
-9838,-659,12143,2959,1
-9724,-417,12301,2943,1
-9908,-499,12043,2960,1
-9848,-621,12204,2962,1
-9723,-380,12350,2956,1
-9909,-512,12024,2968,1
-9792,-628,12188,2961,1
-9749,-401,12314,2953,1
-9917,-576,12068,2957,1
-9761,-610,12221,2956,1
-9761,-389,12268,2956,1
-9908,-608,12057,2961,1
-9700,-563,12329,2963,1
-9795,-425,12284,2961,1
-9908,-588,12088,2952,1
-9754,-544,12298,2955,1
-9807,-362,12198,2949,1
-9864,-674,12070,2955,1
-9720,-488,12322,2959,1
-9818,-441,12190,2967,1
-9817,-625,12107,2956,1
-9703,-479,12294,2954,1
-9875,-429,12134,2960,1
-9842,-647,12152,2958,1
-9703,-433,12328,2960,1
-9861,-469,12152,2964,1
-9837,-659,12166,2964,1
-9711,-446,12365,2957,1
-9921,-526,12061,2960,1
-9843,-641,12151,2958,1
-9706,-434,12313,2954,1
-9876,-546,12087,2962,1
-9794,-634,12211,2963,1
-9742,-419,12356,2960,1
-9921,-566,12059,2958,1
-9765,-584,12228,2955,1
-9767,-403,12296,2960,1
-9898,-596,12100,2961,1
-9731,-550,12286,2965,1
-9770,-399,12275,2967,1
-9866,-638,12083,2965,1
-9730,-532,12286,2952,1
-9798,-407,12238,2953,1
-9844,-606,12072,2960,1
-9710,-476,12316,2957,1
-9850,-399,12188,2961,1
-9822,-650,12100,2964,1
-9735,-485,12311,2960,1
-9891,-460,12122,2961,1
-9807,-648,12102,2958,1
-9681,-429,12353,2956,1
-9846,-486,12103,2965,1
-9810,-654,12164,2961,1
-9720,-442,12287,2967,1
-9890,-499,12043,2961,1
-9843,-596,12174,2953,1
-9700,-403,12307,2957,1
-9895,-546,12067,2963,1
-9770,-586,12176,2966,1
-9718,-391,12281,2963,1
-9929,-573,12007,2970,1
-9772,-602,12201,2962,1
-9773,-369,12291,2957,1
-9927,-597,12063,2960,1
-9721,-543,12258,2961,1
-9761,-377,12281,2957,1
-9894,-606,12076,2968,1
-9735,-528,12278,2964,1
-9819,-414,12187,2959,1
-9849,-659,12087,2956,1
-9725,-514,12245,2962,1
-9821,-426,12205,2953,1
-9849,-647,12094,2958,1
-9740,-471,12284,2961,1
-9881,-421,12095,2964,1
-9831,-663,12130,2962,1
-9732,-433,12332,2949,1
-9875,-484,12132,2958,1
-9849,-646,12167,2958,1
-9719,-415,12307,2959,1
-9936,-520,12027,2963,1
-9831,-634,12162,2969,1
-9747,-385,12281,2960,1
-9908,-511,12088,2960,1
-9795,-629,12223,2958,1
-9715,-378,12337,2954,1
-9921,-562,11989,2959,1
-9791,-600,12207,2966,1
-9778,-375,12266,2957,1
-9926,-610,12006,2957,1
-9744,-596,12292,2957,1
-9746,-406,12264,2953,1
-9891,-586,12082,2958,1
-9736,-559,12257,2959,1
-9808,-402,12227,2961,1
-9902,-662,12045,2967,1
-9705,-505,12280,2960,1
-9836,-427,12203,2964,1
-9813,-647,12085,2951,1
-9756,-495,12294,2972,1
-9880,-449,12119,2959,1
-9872,-656,12091,2963,1
-9714,-439,12307,2964,1
-9884,-472,12120,2960,1
-9822,-612,12162,2964,1
-9728,-415,12324,2953,1
-9913,-510,12103,2955,1
-9848,-651,12181,2956,1
-9743,-422,12332,2959,1
-9912,-530,12040,2969,1
-9806,-600,12145,2959,1
-9707,-392,12346,2958,1
-9953,-541,12030,2957,1
-9787,-590,12214,2952,1
-9770,-373,12266,2954,1
-9929,-589,12026,2964,1
-9753,-577,12257,2966,1
-9711,-391,12305,2955,1
-9915,-617,12027,2961,1
-9722,-548,12287,2948,1
-9807,-412,12224,2954,1
-9884,-612,12071,2958,1
-9725,-510,12251,2958,1
-9792,-401,12209,2963,1
-9841,-631,12116,2963,1
-9721,-481,12348,2960,1
-9881,-420,12151,2947,1
-9849,-640,12103,2958,1
-9724,-479,12312,2955,1
-9869,-483,12144,2963,1
-9823,-639,12137,2959,1
-9702,-434,12350,2958,1
-9893,-510,12126,2962,1
-9810,-635,12147,2959,1
-9720,-449,12314,2950,1
-9931,-544,12070,2959,1
-9849,-628,12172,2960,1
-9728,-399,12346,2960,1
-9873,-552,12112,2955,1
-9817,-619,12203,2958,1
-9717,-390,12341,2952,1
-9931,-552,12034,2958,1
-9779,-603,12220,2964,1
-9738,-404,12240,2959,1
-9880,-592,12094,2969,1
-9723,-583,12251,2960,1
-9778,-431,12280,2957,1
-9877,-623,12083,2961,1
-9735,-533,12239,2959,1
-9816,-405,12208,2961,1
-9870,-660,12090,2964,1
-9739,-487,12341,2953,1
-9839,-423,12160,2959,1
-9822,-664,12129,2966,1
-9728,-494,12327,2957,1
-9872,-469,12161,2953,1
-9831,-624,12122,2957,1
-9686,-408,12331,2954,1
-9857,-489,12124,2963,1
-9804,-629,12168,2962,1
-9730,-387,12341,2961,1
-9876,-521,12082,2973,1
-9829,-631,12138,2962,1
-9711,-409,12315,2952,1
-9910,-547,12118,2960,1
-9758,-603,12201,2965,1
-9733,-401,12343,2965,1
-9950,-562,12038,2965,1
-9811,-615,12205,2954,1
-9751,-387,12274,2951,1
-9915,-617,12064,2954,1
-9729,-569,12252,2960,1
-9757,-407,12285,2963,1
-9873,-635,12084,2973,1
-9714,-550,12303,2963,1
-9843,-378,12209,2958,1
-9889,-653,12093,2956,1
-9716,-496,12267,2958,1
-9810,-406,12205,2956,1
-9836,-635,12093,2965,1
-9701,-480,12319,2963,1
-9878,-408,12110,2963,1
-9832,-654,12118,2959,1
-9730,-444,12293,2959,1
-9868,-477,12160,2954,1
-9860,-624,12161,2959,1
-9697,-460,12301,2969,1
-9929,-524,12065,2966,1
-9859,-642,12150,2960,1
-9747,-391,12322,2956,1
-9913,-508,12017,2951,1
-9783,-627,12182,2964,1
-9737,-410,12312,2960,1
-9899,-578,12057,2969,1
-9792,-626,12187,2967,1
-9767,-408,12253,2958,1
-9938,-575,12037,2954,1
-9693,-584,12311,2959,1
-9793,-356,12257,2947,1
-9914,-571,12036,2956,1
-9769,-517,12270,2965,1
-9830,-370,12203,2962,1
-9905,-642,12048,2968,1
-9728,-503,12297,2957,1
-9850,-431,12199,2953,1
-9801,-637,12092,2960,1
-9743,-510,12284,2961,1
-9887,-421,12120,2960,1
-9869,-666,12134,2965,1
-9699,-437,12286,2958,1
-9860,-470,12168,2957,1
-9829,-643,12190,2957,1
-9744,-441,12331,2953,1
-9926,-503,12060,2964,1
-9843,-620,12133,2967,1
-9741,-421,12269,2962,1
-9909,-542,12083,2959,1
-9815,-622,12198,2957,1
-9703,-393,12335,2955,1
-9966,-554,12051,2960,1
-9766,-570,12226,2959,1
-9777,-417,12294,2963,1
-9922,-596,12087,2959,1
-9770,-595,12239,2964,1
-9741,-378,12308,2952,1
-9915,-611,12089,2958,1
-9751,-543,12254,2956,1
-9814,-421,12250,2952,1
-9886,-627,12040,2965,1
-9739,-481,12282,2962,1
-9790,-399,12212,2953,1
-9802,-629,12129,2957,1
-9742,-483,12297,2939,1
-9884,-475,12139,2959,1
-9850,-644,12101,2958,1
-9735,-443,12343,2961,1
-9880,-472,12108,2967,1
-9820,-598,12180,2957,1
-9727,-412,12332,2955,1
-9899,-509,12103,2949,1
-9848,-633,12139,2952,1
-9732,-406,12318,2958,1
-9930,-536,12070,2971,1
-9803,-608,12198,2963,1
-9709,-415,12336,2961,1
-9926,-581,12060,2952,1
-9795,-608,12216,2956,1
-9743,-396,12278,2958,1
-9895,-581,12035,2957,1
-9752,-563,12262,2968,1
-9740,-372,12311,2967,1
-9882,-595,12064,2964,1
-9708,-551,12274,2955,1
-9805,-390,12197,2956,1
-9916,-653,12073,2958,1
-9767,-496,12268,2963,1
-9804,-392,12225,2959,1
-9822,-626,12076,2967,1
-9718,-484,12263,2954,1
-9860,-401,12140,2963,1
-9839,-645,12116,2954,1
-9757,-459,12254,2956,1
-9889,-460,12135,2962,1
-9835,-671,12180,2961,1
-9687,-423,12321,2958,1
-9894,-518,12105,2964,1
-9830,-647,12179,2956,1
-9743,-441,12309,2961,1
-9944,-521,12042,2953,1
-9807,-614,12175,2955,1
-9708,-397,12364,2960,1
-9895,-569,12072,2967,1
-9770,-596,12220,2969,1
-9706,-384,12336,2955,1
-9942,-580,12049,2955,1
-9746,-582,12264,2958,1
-9767,-377,12280,2958,1
-9874,-613,12086,2970,1
-9728,-556,12242,2966,1
-9784,-376,12265,2961,1
-9876,-629,12048,2963,1
-9721,-519,12313,2952,1
-9809,-403,12214,2948,1
-9802,-638,12118,2961,1
-9731,-502,12330,2965,1
-9842,-433,12187,2959,1
-9835,-666,12126,2962,1
-9724,-467,12340,2961,1
-9878,-465,12131,2952,1
-9825,-633,12100,2954,1
-9692,-446,12359,2961,1
-9885,-475,12131,2962,1
-9822,-652,12150,2967,1
-9700,-427,12355,2966,1
-9929,-523,12078,2952,1
-9798,-638,12197,2957,1
-9665,-380,12364,2954,1
-9918,-532,12096,2962,1
-9777,-568,12222,2963,1
-9750,-380,12315,2965,1
-9930,-535,12059,2973,1
-9804,-592,12196,2963,1
-9723,-384,12287,2951,1
-9881,-610,12064,2959,1
-9732,-556,12237,2956,1
-9777,-439,12300,2959,1
-9869,-603,12088,2965,1
-9745,-506,12242,2965,1
-9820,-372,12229,2956,1
-9859,-652,12075,2956,1
-9712,-486,12297,2958,1
-9831,-428,12170,2953,1
-9810,-528,12165,2953,0
-9798,-504,12189,2946,0
-9788,-527,12187,2955,0
-9808,-506,12220,2946,0
-9792,-512,12174,2943,0
-9797,-513,12185,2954,0
-9814,-501,12202,2943,0
-9819,-501,12187,2976,0
-9783,-526,12200,2941,0
-9832,-521,12194,2940,0
-9815,-496,12150,2941,0
-9826,-480,12183,2945,0
-9780,-501,12211,2948,0
-9813,-523,12169,2941,0
-9813,-546,12205,2943,0
-9788,-500,12206,2936,0
-9801,-501,12197,2951,0
-9796,-502,12214,3001,0
-9847,-522,12172,2935,0
-9798,-514,12200,2941,0
-9800,-508,12170,2943,0
-9816,-499,12182,2936,0
-9799,-522,12189,2949,0
-9809,-513,12209,2944,0
-9803,-507,12178,2938,0
-9805,-523,12185,2953,0
-9783,-520,12171,2935,0
-9810,-511,12230,2949,0
-9806,-531,12179,2952,0
-9804,-517,12167,2936,0
-9815,-522,12178,2931,0
-9819,-507,12180,2935,0
-9808,-518,12203,2939,0
-9812,-495,12208,2936,0
-9781,-501,12205,2935,0
-9807,-485,12213,2941,0
-9777,-511,12213,2935,0
-9783,-503,12217,2970,0
-9784,-517,12229,2945,0
-9802,-493,12228,2941,0
-9804,-494,12206,2929,0
-9801,-514,12159,2935,0
-9802,-521,12221,2943,0
-9805,-506,12186,2936,0
-9838,-525,12209,2926,0
-9792,-541,12161,2943,0
-9811,-517,12188,2930,0
-9802,-510,12153,2952,0
-9788,-512,12179,2928,0
-9789,-520,12166,2942,0
-9806,-498,12161,2939,0
-9805,-502,12189,2941,0
-9799,-491,12174,2967,0
-9795,-529,12185,2953,0
-9779,-499,12199,2943,0
-9803,-509,12186,2944,0
-9803,-505,12216,2941,0
-9804,-535,12208,2942,0
-9792,-509,12181,2952,0
-9825,-506,12182,2941,0
-9787,-507,12178,2939,0
-9776,-534,12177,2934,0
-9806,-503,12183,2950,0
-9823,-505,12167,2937,0
-9798,-531,12182,2938,0
-9781,-494,12196,2927,0
-9796,-501,12157,2930,0
-9813,-492,12181,2943,0
-9808,-502,12190,2930,0
-9809,-520,12215,2925,0
-9819,-514,12203,2924,0
-9799,-510,12173,2934,0
-9796,-520,12170,2951,0
-9808,-521,12179,2938,0
-9798,-523,12189,2940,0
-9793,-520,12167,2939,0
-9779,-503,12180,2927,0
-9800,-543,12226,2938,0
-9808,-512,12194,2939,0
-9806,-518,12190,2928,0
-9789,-515,12187,2933,0
-9814,-514,12200,2941,0
-9807,-488,12205,2948,0
-9780,-497,12236,2939,0
-9813,-523,12202,2930,0
-9791,-509,12167,2939,0
-9776,-521,12207,2944,0
-9796,-491,12211,2944,0
-9799,-507,12191,2933,0
-9794,-527,12214,2936,0
-9786,-505,12210,2946,0
-9797,-498,12192,2933,0
-9801,-533,12213,2954,0
-9814,-524,12193,2951,0
-9818,-535,12174,2937,0
-9811,-522,12201,2957,0
-9808,-516,12196,2937,0
-9823,-502,12212,2964,0
-9814,-498,12168,2940,0
-9785,-493,12161,2954,0
-9799,-492,12167,2935,0
-9806,-512,12183,2942,0
-9780,-518,12184,2941,0
-9803,-552,12191,2929,0
-9831,-508,12165,2940,0
-9809,-512,12143,2940,0
-9816,-507,12165,2943,0
-9807,-539,12208,2953,0
-9813,-520,12199,2937,0
-9808,-507,12183,2939,0
-9806,-514,12170,2929,0
-9798,-523,12185,2939,0
-9801,-510,12204,2951,0
-9792,-507,12201,2934,0
-9815,-502,12161,2935,0
-9811,-511,12194,2939,0
-9805,-507,12198,2939,0
-9802,-520,12195,2937,0
-9817,-517,12202,2951,0
-9802,-518,12172,2931,0
-9803,-511,12183,2936,0
-9808,-526,12195,2929,0
-9792,-511,12163,2943,0
-9797,-508,12234,2933,0
-9796,-508,12191,2935,0
-9804,-516,12197,2946,0
-9788,-534,12185,2945,0
-9837,-527,12139,2944,0
-9790,-537,12154,2920,0
-9799,-515,12215,2935,0
-9803,-508,12208,2942,0
-9828,-509,12225,2933,0
-9835,-500,12219,2936,0
-9803,-526,12206,2936,0
-9816,-519,12166,2936,0
-9808,-517,12180,2933,0
-9808,-496,12158,2920,0
-9797,-538,12193,2938,0
-9789,-503,12161,2935,0
-9794,-523,12176,2934,0
-9795,-514,12210,2931,0
-9790,-513,12196,2941,0
-9801,-509,12165,2954,0
-9786,-509,12188,2925,0
-9806,-513,12204,2937,0
-9781,-524,12171,2934,0
-9823,-515,12235,2940,0
-9809,-512,12180,2939,0
-9787,-530,12186,2926,0
-9804,-525,12206,2926,0
-9797,-496,12190,2929,0
-9784,-523,12187,2931,0
-9794,-512,12212,2936,0
-9784,-500,12179,2929,0
-9806,-507,12202,2933,0
-9796,-521,12201,2933,0
-9824,-540,12205,2927,0
-9792,-517,12215,2954,0
-9793,-528,12190,2929,0
-9811,-535,12192,2932,0
-9802,-509,12184,2923,0
-9782,-508,12272,2932,0
-9787,-534,12198,2938,0
-9788,-513,12223,2941,0
-9786,-496,12227,2926,0
-9788,-522,12190,2918,0
-9788,-520,12218,2925,0
-9807,-540,12202,2939,0
-9786,-506,12207,2927,0
-9774,-521,12195,2936,0
-9809,-534,12192,2926,0
-9794,-528,12214,2937,0
-9791,-514,12194,2940,0
-9797,-510,12225,2925,0
-9797,-509,12197,2924,0
-9813,-498,12198,2929,0
-9804,-519,12202,2940,0
-9832,-519,12183,2933,0
-9786,-531,12179,2918,0
-9797,-516,12213,2927,0
-9806,-499,12224,2917,0
-9803,-521,12193,2929,0
-9814,-518,12195,2944,0
-9810,-529,12188,2937,0
-9814,-500,12216,2939,0
-9801,-508,12178,2930,0
-9825,-514,12192,2936,0
-9829,-510,12237,2944,0
-9826,-519,12234,2929,0
-9805,-500,12214,2939,0
-9814,-503,12168,2939,0
-9830,-501,12185,2946,0
-9796,-526,12205,2944,0
-9807,-534,12197,2934,0
-9795,-507,12187,2927,0
-9803,-516,12192,2930,0
-9800,-510,12237,2936,0
-9805,-527,12196,2941,0
-9788,-512,12256,2936,0
-9800,-511,12218,2942,0
-9803,-512,12237,2937,0
-9819,-527,12221,2933,0
-9829,-543,12164,2948,0
-9782,-508,12190,2934,0
-9789,-519,12201,2936,0
-9778,-526,12205,2934,0
-9796,-518,12189,2934,0
-9824,-491,12167,2932,0
-9797,-523,12219,2931,0
-9805,-514,12204,2927,0
-9799,-495,12231,2936,0
-9828,-517,12205,2937,0
-9792,-511,12174,2934,0
-9785,-516,12167,2932,0
-9798,-526,12187,2935,0
-9782,-489,12207,2931,0
-9813,-527,12212,2930,0
-9797,-508,12206,2939,0
-9804,-511,12182,2933,0
-9793,-503,12213,2935,0
-9787,-494,12167,2939,0
-9784,-526,12181,2934,0
-9809,-532,12199,2928,0
-9808,-493,12182,2929,0
-9795,-505,12188,2930,0
-9787,-498,12194,2925,0
-9804,-536,12203,2926,0
-9800,-512,12210,2932,0
-9779,-491,12213,2934,0
-9807,-505,12227,2928,0
-9788,-500,12227,2929,0
-9801,-489,12211,2928,0
-9774,-505,12210,2935,0
-9787,-518,12183,2932,0
-9783,-524,12224,2929,0
-9783,-531,12195,2921,0
-9798,-526,12223,2931,0
-9809,-514,12228,2928,0
-9786,-493,12213,2926,0
-9815,-503,12205,2928,0
-9814,-523,12192,2918,0
-9806,-537,12183,2921,0
-9790,-507,12211,2926,0
-9802,-482,12196,2926,0
-9801,-498,12223,2928,0
-9792,-516,12198,2925,0
-9803,-516,12225,2924,0
-9802,-521,12222,2925,0
-9792,-497,12168,2925,0
-9784,-503,12194,2919,0
-9805,-511,12193,2924,0
-9822,-518,12217,2928,0
-9796,-508,12203,2934,0
-9787,-508,12195,2926,0
-9787,-495,12195,2930,0
-9789,-517,12206,2926,0
-9807,-501,12208,2933,0
-9784,-480,12207,2933,0
-9804,-514,12201,2929,0
-9772,-497,12236,2931,0
-9784,-527,12207,2929,0
-9805,-498,12234,2936,0
-9807,-503,12200,2930,0
-9790,-519,12191,2925,0
-9811,-526,12185,2922,0
-9803,-518,12235,2921,0
-9793,-491,12223,2925,0
-9802,-511,12226,2929,0
-9790,-513,12214,2920,0
-9793,-503,12167,2929,0
-9803,-516,12212,2931,0
-9822,-496,12181,2925,0
-9800,-521,12184,2924,0
-9788,-504,12195,2928,0
-9813,-518,12158,2928,0
-9806,-501,12182,2929,0
-9801,-511,12233,2928,0
-9800,-505,12242,2931,0
-9814,-512,12200,2928,0
-9815,-537,12167,2930,0
-9801,-508,12186,2922,0
-9809,-518,12182,2933,0
-9808,-511,12197,2925,0
-9822,-502,12181,2926,0
-9797,-523,12174,2926,0
-9806,-521,12219,2933,0
-9812,-500,12233,2932,0
-9823,-543,12213,2933,0
-9808,-530,12205,2926,0
-9811,-500,12218,2938,0
-9800,-519,12176,2939,0
-9790,-516,12185,2936,0
-9807,-522,12194,2940,0
-9787,-517,12176,2940,0
-9795,-521,12191,2930,0
-9806,-511,12221,2931,0
-9796,-492,12224,2931,0
-9808,-500,12180,2933,0
-9798,-504,12193,2934,0
-9807,-502,12191,2934,0
-9803,-499,12217,2930,0
-9807,-497,12232,2928,0
-9787,-522,12213,2946,0
-9800,-507,12226,2938,0
-9817,-541,12191,2932,0
-9777,-503,12175,2934,0
-9799,-512,12183,2934,0
-9827,-527,12200,2931,0
-9796,-513,12188,2934,0
-9817,-495,12211,2924,0
-9796,-512,12200,2932,0
-9792,-532,12153,2934,0
-9787,-516,12225,2934,0
-9791,-504,12204,2926,0
-9807,-523,12197,2917,0
-9784,-487,12201,2928,0
-9792,-509,12258,2935,0
-9800,-497,12168,2935,0
-9803,-514,12203,2929,0
-9805,-518,12182,2925,0
-9786,-499,12167,2929,0
-9804,-497,12187,2936,0
-9807,-519,12196,2933,0
-9780,-496,12184,2927,0
-9818,-503,12181,2927,0
-9798,-500,12201,2931,0
-9780,-529,12225,2932,0
-9776,-507,12219,2935,0
-9790,-508,12190,2933,0
-9784,-517,12186,2933,0
-9787,-516,12213,2939,0
-9795,-518,12227,2931,0
-9800,-506,12215,2937,0
-9810,-509,12210,2935,0
-9787,-516,12198,2931,0
-9801,-524,12196,2928,0
-9806,-543,12203,2929,0
-9792,-519,12208,2933,0
-9802,-516,12213,2929,0
-9796,-505,12191,2933,0
-9805,-496,12190,2926,0
-9793,-518,12207,2936,0
-9788,-519,12216,2936,0
-9825,-497,12211,2928,0
-9793,-517,12155,2923,0
-9770,-504,12228,2919,0
-9811,-527,12138,2930,0
-9794,-500,12225,2926,0
-9787,-512,12194,2929,0
-9802,-517,12188,2933,0
-9785,-510,12201,2933,0
-9797,-507,12193,2937,0
-9780,-525,12190,2930,0
-9791,-521,12182,2929,0
-9781,-491,12231,2930,0
-9792,-501,12203,2930,0
-9809,-496,12174,2929,0
-9774,-514,12198,2934,0
-9803,-515,12180,2930,0
-9796,-528,12192,2931,0
-9786,-528,12201,2930,0
-9805,-522,12212,2931,0
-9794,-521,12162,2931,0
-9821,-517,12208,2930,0
-9774,-504,12219,2928,0
-9798,-522,12228,2928,0
-9785,-524,12204,2931,0
-9804,-507,12177,2921,0
-9835,-497,12199,2929,0
-9792,-523,12160,2923,0
-9793,-509,12214,2948,0
-9803,-520,12178,2929,0
-9780,-508,12219,2931,0
-9806,-526,12201,2924,0
-9819,-515,12199,2926,0
-9797,-521,12197,2930,0
-9780,-485,12203,2931,0
-9802,-500,12216,2928,0
-9817,-529,12244,2929,0
-9792,-537,12223,2922,0
-9808,-520,12190,2924,0
-9813,-522,12190,2931,0
-9803,-540,12226,2934,0
-9814,-527,12194,2926,0
-9803,-512,12157,2924,0
-9796,-506,12206,2930,0
-9799,-508,12225,2932,0
-9784,-517,12161,2929,0
-9802,-526,12192,2922,0
-9780,-521,12195,2928,0
-9795,-527,12215,2925,0
-9773,-505,12224,2927,0
-9805,-492,12202,2931,0
-9801,-507,12165,2928,0
-9797,-506,12197,2922,0
-9794,-518,12187,2926,0
-9792,-505,12208,2928,0
-9795,-517,12192,2934,0
-9794,-524,12183,2927,0
-9793,-530,12206,2924,0
-9784,-506,12197,2926,0
-9810,-490,12208,2928,0
-9799,-497,12211,2927,0
-9779,-506,12181,2925,0
-9782,-538,12206,2923,0
-9780,-513,12189,2926,0
-9795,-522,12208,2926,0
-9811,-507,12174,2933,0
-9810,-525,12188,2931,0
-9811,-523,12170,2927,0
-9814,-487,12224,2922,0
-9812,-509,12199,2941,0
-9799,-529,12167,2934,0
-9809,-506,12194,2927,0
-9792,-524,12213,2928,0
-9795,-518,12210,2927,0
-9821,-510,12200,2921,0
-9797,-545,12206,2926,0
-9788,-496,12204,2933,0
-9813,-515,12202,2931,0
-9800,-514,12200,2927,0
-9818,-518,12175,2941,0
-9794,-513,12186,2941,0
-9796,-529,12194,2935,0
-9798,-510,12169,2931,0
-9801,-542,12201,2936,0
-9803,-525,12187,2936,0
-9791,-499,12219,2929,0
-9816,-517,12195,2927,0
-9800,-525,12252,2928,0
-9810,-501,12206,2926,0
-9795,-503,12177,2931,0
-9818,-490,12214,2929,0
-9781,-501,12182,2929,0
-9811,-515,12165,2926,0
-9814,-517,12197,2933,0
-9786,-515,12180,2938,0
-9784,-540,12195,2936,0
-9795,-516,12174,2929,0
-9794,-509,12216,2936,0
-9806,-528,12208,2935,0
-9789,-518,12173,2936,0
-9804,-522,12196,2933,0
-9790,-527,12203,2932,0
-9803,-506,12197,2942,0
-9786,-504,12194,2943,0
-9817,-528,12207,2942,0
-9800,-497,12193,2941,0
-9806,-506,12205,2931,0
-9809,-513,12218,2932,0
-9820,-515,12216,2926,0
-9820,-522,12186,2938,0
-9804,-516,12185,2933,0
-9789,-513,12227,2929,0
-9799,-519,12198,2928,0
-9792,-492,12182,2931,0
-9808,-527,12208,2931,0
-9795,-496,12213,2935,0
-9798,-510,12251,2926,0
-9799,-500,12230,2934,0
-9828,-519,12184,2925,0
-9813,-518,12189,2935,0
-9809,-510,12216,2930,0
-9822,-518,12218,2928,0
-9797,-531,12205,2919,0
-9789,-534,12206,2927,0
-9797,-540,12246,2931,0
-9803,-518,12144,2931,0
-9812,-500,12186,2928,0
-9822,-537,12223,2926,0
-9806,-521,12176,2933,0
-9814,-534,12184,2932,0
-9798,-519,12209,2936,0
-9825,-494,12217,2927,0
-9824,-529,12162,2932,0
-9799,-524,12192,2924,0
-9819,-527,12190,2923,0
-9810,-511,12189,2932,0
-9809,-506,12224,2937,0
-9801,-529,12197,2928,0
-9813,-517,12176,2924,0
-9817,-530,12193,2924,0
-9804,-516,12165,2937,0
-9801,-514,12243,2933,0
-9809,-525,12191,2933,0
-9813,-525,12187,2932,0
-9789,-536,12200,2936,0
-9796,-504,12186,2937,0
-9801,-507,12202,2925,0
-9769,-510,12202,2927,0
-9784,-513,12198,2931,0
-9787,-522,12191,2925,0
-9792,-508,12145,2932,0
-9801,-509,12194,2927,0
-9812,-526,12179,2924,0
-9793,-524,12192,2926,0
-9820,-502,12187,2935,0
-9820,-510,12177,2935,0
-9856,-495,12190,2937,0
-9812,-500,12227,2929,0
-9803,-534,12221,2933,0
-9802,-506,12203,2932,0
-9810,-506,12166,2928,0
-9788,-517,12211,2929,0
-9785,-525,12229,2923,0
-9799,-526,12157,2930,0
-9804,-507,12185,2935,0
-9808,-527,12205,2932,0
-9794,-515,12176,2936,0
-9808,-508,12216,2928,0
-9785,-501,12225,2930,0
-9793,-527,12230,2924,0
-9814,-520,12220,2940,0
-9807,-528,12189,2928,0
-9813,-515,12198,2930,0
-9821,-515,12196,2934,0
-9794,-520,12191,2926,0
-9833,-519,12195,2931,0
-9841,-501,12197,2933,0
-9819,-523,12190,2931,0
-9814,-527,12177,2922,0
-9786,-522,12210,2934,0
-9781,-495,12211,2927,0
-9813,-529,12213,2929,0
-9798,-512,12218,2924,0
-9804,-513,12208,2930,0
-9794,-524,12194,2922,0
-9803,-496,12206,2931,0
-9795,-516,12196,2931,0
-9816,-515,12195,2922,0
-9802,-527,12187,2926,0
-9797,-505,12191,2925,0
-9806,-524,12213,2931,0
-9804,-528,12217,2933,0
-9813,-522,12229,2922,0
-9809,-501,12198,2929,0
-9803,-512,12155,2928,0
-9818,-517,12181,2926,0
-9811,-500,12193,2923,0
-9807,-501,12185,2929,0
-9816,-537,12163,2936,0
-9804,-499,12177,2932,0
-9798,-470,12173,2933,0
-9794,-518,12163,2934,0
-9811,-508,12217,2928,0
-9793,-518,12182,2932,0
-9814,-518,12209,2929,0
-9816,-528,12198,2928,0
-9804,-498,12192,2934,0
-9789,-505,12181,2921,0
-9808,-504,12230,2929,0
-9826,-494,12191,2925,0
-9821,-523,12177,2937,0
-9786,-513,12197,2930,0
-9813,-515,12172,2932,0
-9809,-514,12207,2940,0
-9786,-507,12173,2929,0
-9806,-510,12169,2931,0
-9821,-513,12204,2934,0
-9831,-518,12202,2925,0
-9798,-518,12179,2928,0
-9808,-516,12175,2927,0
-9806,-513,12206,2933,0
-9784,-510,12201,2934,0
-9824,-523,12171,2924,0
-9792,-496,12208,2927,0
-9785,-499,12206,2928,0
-9792,-491,12168,2929,0
-9798,-523,12172,2935,0
-9770,-504,12181,2928,0
-9816,-490,12236,2928,0
-9804,-508,12210,2934,0
-9818,-513,12158,2939,0
-9813,-510,12164,2931,0
-9808,-506,12179,2931,0
-9802,-495,12236,2930,0
-9809,-495,12178,2927,0
-9798,-496,12220,2936,0
-9801,-490,12200,2931,0
-9804,-521,12201,2925,0
-9803,-514,12205,2929,0
-9803,-508,12205,2928,0
-9804,-504,12196,2937,0
-9824,-524,12179,2924,0
-9814,-514,12213,2932,0
-9812,-521,12212,2925,0
-9805,-488,12230,2928,0
-9823,-481,12196,2940,0
-9825,-497,12198,2922,0
-9806,-500,12178,2917,0
-9796,-516,12205,2933,0
-9800,-510,12200,2924,0
-9797,-498,12199,2927,0
-9833,-513,12192,2930,0
-9813,-497,12198,2930,0
-9795,-501,12177,2929,0
-9813,-508,12203,2932,0
-9795,-485,12195,2948,0
-9813,-529,12208,2935,0
-9794,-497,12187,2926,0
-9822,-506,12219,2929,0
-9800,-523,12187,2931,0
-9803,-516,12183,2925,0
-9808,-531,12192,2929,0
-9794,-503,12215,2931,0
-9815,-513,12176,2935,0
-9812,-536,12186,2923,0
-9816,-513,12207,2929,0
-9801,-519,12186,2932,0
-9807,-504,12202,2934,0
-9808,-521,12201,2926,0
-9806,-507,12187,2935,0
-9800,-512,12170,2935,0
-9797,-519,12177,2931,0
-9805,-534,12208,2934,0
-9795,-501,12205,2925,0
-9809,-508,12203,2926,0
-9807,-524,12177,2926,0
-9816,-488,12162,2922,0
-9807,-507,12206,2922,0
-9820,-516,12200,2928,0
-9788,-521,12199,2932,0
-9794,-520,12229,2923,0
-9815,-544,12188,2930,0
-9808,-519,12181,2920,0
-9784,-502,12209,2931,0
-9809,-487,12178,2922,0
-9818,-513,12208,2928,0
-9816,-505,12187,2927,0
-9794,-541,12232,2929,0
-9797,-540,12188,2935,0
-9802,-514,12157,2927,0
-9805,-514,12163,2923,0
-9798,-540,12185,2929,0
-9822,-513,12180,2923,0
-9789,-508,12156,2930,0
-9786,-506,12200,2924,0
-9775,-496,12204,2928,0
-9822,-504,12226,2927,0
-9801,-520,12202,2925,0
-9796,-491,12221,2944,0
-9822,-532,12178,2920,0
-9842,-490,12158,2929,0
-9802,-505,12204,2929,0
-9796,-539,12177,2921,0
-9792,-508,12179,2950,0
-9820,-516,12245,2925,0
-9797,-548,12224,2924,0
-9798,-515,12175,2923,0
-9795,-522,12196,2925,0
-9805,-516,12193,2923,0
-9815,-525,12215,2928,0
-9788,-530,12201,2931,0
-9797,-518,12175,2928,0
-9807,-505,12207,2927,0
-9809,-507,12202,2924,0
-9789,-479,12214,2927,0
-9812,-510,12191,2927,0
-9808,-503,12196,2924,0
-9802,-512,12190,2928,0
-9810,-519,12166,2924,0
-9790,-501,12179,2918,0
-9792,-508,12215,2929,0
-9780,-513,12176,2925,0
-9797,-520,12241,2929,0
-9826,-492,12212,2932,0
-9814,-526,12178,2925,0
-9810,-521,12190,2927,0
-9824,-505,12197,2928,0
-9785,-512,12200,2926,0
-9808,-523,12219,2927,0
-9801,-521,12201,2927,0
-9803,-520,12225,2935,0
-9806,-498,12228,2929,0
-9789,-510,12235,2932,0
-9811,-499,12190,2928,0
-9791,-514,12185,2933,0
-9792,-520,12213,2926,0
-9807,-490,12217,2927,0
-9782,-521,12216,2936,0
-9791,-543,12236,2932,0
-9803,-526,12193,2924,0
-9802,-540,12225,2929,0
-9818,-530,12177,2929,0
-9801,-507,12174,2926,0
-9782,-498,12212,2934,0
-9804,-497,12223,2935,0
-9826,-512,12176,2928,0
-9808,-489,12192,2931,0
-9807,-497,12202,2926,0
-9819,-500,12217,2927,0
-9806,-538,12179,2930,0
-9813,-542,12220,2932,0
-9804,-531,12218,2928,0
-9819,-497,12231,2928,0
-9817,-509,12188,2927,0
-9806,-513,12174,2927,0
-9806,-514,12211,2923,0
-9795,-507,12202,2926,0
-9790,-513,12209,2926,0
-9822,-510,12229,2925,0
-9785,-528,12171,2928,0
-9805,-553,12185,2926,0
-9811,-506,12210,2923,0
-9802,-502,12223,2917,0
-9790,-501,12204,2918,0
-9774,-520,12202,2930,0
-9806,-519,12186,2925,0
-9785,-512,12215,2931,0
-9817,-519,12212,2927,0
-9799,-522,12211,2927,0
-9824,-521,12217,2928,0
-9792,-512,12199,2933,0
-9802,-504,12198,2932,0
-9800,-532,12184,2922,0
-9813,-522,12181,2929,0
-9823,-518,12207,2923,0
-9829,-503,12197,2918,0
-9799,-518,12179,2917,0
-9791,-515,12203,2928,0
-9802,-490,12224,2922,0
-9827,-516,12177,2932,0
-9811,-515,12175,2932,0
-9811,-506,12200,2932,0
-9797,-505,12179,2929,0
-9811,-543,12195,2928,0
-9812,-530,12179,2926,0
-9809,-516,12206,2930,0
-9810,-500,12194,2928,0
-9767,-490,12210,2934,0
-9805,-531,12214,2929,0
-9792,-510,12209,2930,0
-9816,-521,12181,2923,0
-9792,-515,12190,2928,0
-9794,-524,12170,2927,0
-9793,-508,12207,2929,0
-9819,-509,12208,2937,0
-9797,-514,12191,2925,0
-9799,-538,12184,2928,0
-9792,-526,12238,2932,0
-9809,-533,12201,2926,0
-9796,-496,12222,2930,0
-9780,-506,12177,2932,0
-9807,-490,12214,2934,0
-9784,-502,12216,2932,0
-9799,-510,12232,2926,0
-9795,-519,12209,2925,0
-9806,-518,12225,2938,0
-9788,-497,12197,2928,0
-9811,-510,12206,2926,0
-9785,-538,12183,2936,0
-9807,-521,12212,2922,0
-9814,-506,12221,2928,0
-9831,-509,12215,2925,0
-9812,-503,12188,2931,0
-9800,-514,12209,2928,0
-9783,-520,12182,2931,0
-9785,-507,12218,2936,0
-9780,-506,12203,2930,0
-9799,-496,12205,2931,0
-9790,-530,12196,2925,0
-9825,-509,12201,2930,0
-9831,-515,12213,2932,0
-9795,-511,12195,2931,0
-9793,-497,12142,2930,0
-9802,-503,12153,2932,0
-9805,-503,12155,2928,0
-9799,-517,12215,2932,0
-9798,-501,12191,2927,0
-9816,-502,12210,2932,0
-9801,-520,12187,2924,0
-9804,-502,12170,2934,0
-9801,-521,12190,2932,0
-9811,-516,12180,2927,0
-9804,-499,12172,2925,0
-9802,-507,12204,2930,0
-9789,-508,12211,2932,0
-9797,-522,12218,2935,0
-9811,-505,12223,2926,0
-9811,-507,12213,2934,0
-9804,-508,12207,2931,0
-9796,-508,12206,2925,0
-9801,-507,12210,2932,0
-9829,-511,12237,2926,0
-9797,-506,12214,2931,0
-9817,-519,12193,2936,0
-9801,-523,12179,2927,0
-9811,-499,12202,2930,0
-9790,-497,12197,2932,0
-9804,-522,12222,2923,0
-9787,-514,12224,2925,0
-9790,-486,12211,2927,0
-9778,-488,12191,2935,0
-9811,-514,12215,2928,0
-9799,-517,12220,2923,0
-9813,-542,12182,2928,0
-9809,-506,12172,2926,0
-9821,-499,12174,2932,0
-9812,-503,12214,2929,0
-9797,-498,12218,2925,0
-9810,-512,12194,2929,0
-9790,-513,12167,2925,0
-9810,-520,12213,2925,0
-9795,-518,12161,2922,0
-9779,-525,12201,2929,0
-9806,-503,12175,2930,0
-9805,-510,12234,2931,0
-9822,-506,12201,2929,0
-9798,-522,12207,2926,0
-9796,-517,12220,2926,0
-9792,-530,12214,2921,0
-9800,-483,12185,2926,0
-9816,-525,12207,2931,0
-9809,-511,12200,2929,0
-9797,-505,12237,2932,0
-9779,-510,12200,2932,0
-9809,-513,12221,2929,0
-9822,-502,12184,2931,0
-9779,-522,12216,2933,0
-9808,-513,12171,2925,0
-9813,-505,12197,2928,0
-9817,-504,12196,2929,0
-9813,-534,12178,2925,0
-9799,-486,12173,2926,0
-9799,-522,12194,2931,0
-9807,-511,12202,2928,0
-9793,-525,12211,2925,0
-9811,-498,12230,2931,0
-9782,-537,12233,2922,0
-9799,-525,12184,2920,0
-9817,-496,12155,2925,0
-9807,-532,12176,2930,0
-9801,-530,12202,2922,0
-9801,-526,12209,2924,0
-9811,-507,12198,2931,0
-9818,-539,12199,2911,0
-9802,-511,12195,2923,0
-9789,-535,12179,2918,0
-9816,-510,12198,2921,0
-9802,-511,12219,2921,0
-9790,-518,12204,2921,0
-9798,-510,12216,2923,0
-9795,-518,12231,2927,0
-9811,-520,12220,2930,0
-9797,-499,12224,2931,0
-9806,-528,12191,2934,0
-9799,-522,12216,2937,0
-9781,-507,12213,2933,0
-9799,-525,12223,2927,0
-9818,-510,12203,2927,0
-9810,-497,12243,2929,0
-9822,-515,12190,2925,0
-9818,-513,12194,2934,0
-9799,-512,12218,2932,0
-9784,-524,12175,2929,0
-9806,-529,12190,2932,0
-9818,-509,12236,2930,0
-9793,-488,12187,2928,0
-9812,-509,12211,2936,0
-9799,-504,12186,2929,0
-9799,-501,12167,2935,0
-9809,-524,12182,2935,0
-9818,-510,12207,2938,0
-9788,-498,12185,2939,0
-9795,-507,12165,2934,0
-9807,-489,12165,2932,0
-9806,-528,12209,2933,0
-9808,-505,12210,2931,0
-9785,-523,12156,2929,0
-9790,-501,12193,2930,0
-9798,-537,12198,2931,0
-9787,-510,12206,2931,0
-9805,-500,12188,2927,0
-9796,-515,12197,2930,0
-9810,-516,12196,2928,0
-9806,-509,12200,2931,0
-9832,-506,12226,2933,0
-9822,-490,12209,2932,0
-9814,-496,12160,2930,0
-9795,-511,12191,2929,0
-9802,-505,12229,2929,0
-9790,-517,12200,2940,0
-9800,-510,12208,2925,0
-9798,-497,12205,2929,0
-9821,-507,12186,2928,0
-9799,-526,12187,2924,0
-9806,-500,12231,2924,0
-9807,-500,12184,2922,0
-9813,-517,12201,2919,0
-9803,-517,12167,2926,0
-9801,-536,12187,2938,0
-9799,-527,12174,2930,0
-9802,-506,12194,2930,0
-9815,-518,12159,2928,0
-9795,-517,12183,2923,0
-9792,-526,12245,2930,0
-9800,-520,12194,2924,0
-9807,-542,12259,2922,0
-9795,-506,12196,2927,0
-9785,-511,12197,2925,0
-9812,-535,12188,2929,0
-9804,-498,12156,2931,0
-9810,-500,12225,2922,0
-9801,-523,12228,2925,0
-9818,-514,12184,2926,0
-9818,-527,12176,2921,0
-9810,-511,12199,2923,0
-9813,-505,12205,2917,0
-9804,-513,12210,2927,0
-9811,-514,12227,2921,0
-9785,-530,12192,2922,0
-9809,-500,12181,2928,0
-9802,-507,12199,2919,0
-9817,-501,12177,2922,0
-9817,-511,12199,2923,0
-9799,-533,12198,2921,0
-9825,-530,12171,2923,0
-9795,-500,12176,2925,0
-9787,-509,12219,2923,0
-9821,-514,12217,2924,0
-9786,-530,12186,2926,0
-9806,-503,12206,2925,0
-9794,-508,12196,2929,0
-9818,-519,12215,2919,0
-9791,-524,12199,2920,0
-9817,-523,12186,2926,0
-9799,-515,12214,2925,0
-9816,-513,12191,2927,0
-9814,-504,12191,2922,0
-9805,-517,12181,2919,0
-9801,-496,12182,2919,0
-9799,-493,12156,2929,0
-9800,-487,12199,2928,0
-9790,-499,12214,2923,0
-9801,-501,12170,2921,0
-9805,-500,12207,2925,0
-9798,-501,12188,2926,0
-9799,-517,12190,2925,0
-9811,-491,12197,2924,0
-9797,-500,12175,2925,0
-9808,-529,12227,2922,0
-9808,-509,12215,2930,0
-9804,-523,12183,2926,0
-9838,-504,12231,2927,0
-9777,-514,12207,2928,0
-9810,-521,12191,2947,0
-9833,-511,12209,2923,0
-9793,-508,12217,2927,0
-9776,-505,12172,2923,0
-9796,-496,12177,2923,0
-9795,-517,12188,2923,0
-9793,-518,12185,2922,0
-9804,-499,12191,2927,0
-9813,-506,12186,2920,0
-9798,-505,12204,2922,0
-9807,-533,12194,2918,0
-9776,-530,12193,2929,0
-9794,-495,12231,2929,0
-9793,-507,12193,2925,0
-9781,-503,12176,2924,0
-9767,-505,12210,2927,0
-9793,-510,12199,2919,0
-9814,-510,12209,2923,0
-9807,-518,12224,2920,0
-9813,-521,12189,2924,0
-9796,-503,12171,2925,0
-9808,-532,12216,2929,0
-9796,-529,12186,2919,0
-9804,-519,12188,2923,0
-9818,-498,12180,2921,0
-9799,-509,12179,2918,0
-9786,-517,12184,2918,0
-9801,-520,12255,2922,0
-9789,-512,12205,2930,0
-9815,-518,12205,2921,0
-9797,-494,12190,2922,0
-9804,-512,12203,2924,0
-9809,-506,12204,2924,0
-9809,-512,12207,2922,0
-9781,-512,12195,2918,0
-9808,-508,12173,2918,0
-9814,-517,12178,2925,0
-9809,-515,12218,2925,0
-9812,-518,12195,2922,0
-9786,-546,12176,2921,0
-9803,-524,12206,2916,0
-9800,-529,12182,2926,0
-9807,-528,12172,2918,0
-9805,-507,12170,2921,0
-9818,-512,12200,2922,0
-9796,-517,12188,2918,0
-9795,-491,12246,2921,0
-9813,-525,12173,2927,0
-9802,-505,12178,2922,0
-9808,-492,12159,2923,0
-9791,-515,12191,2920,0
-9786,-507,12190,2920,0
-9818,-504,12209,2924,0
-9784,-491,12182,2922,0
-9806,-547,12186,2923,0
-9795,-532,12210,2917,0
-9813,-528,12212,2922,0
-9783,-508,12197,2921,0
-9807,-495,12175,2923,0
-9813,-524,12178,2920,0
-9812,-514,12187,2923,0
-9802,-503,12150,2920,0
-9786,-504,12192,2922,0
-9817,-509,12232,2922,0
-9809,-511,12169,2923,0
-9820,-515,12156,2922,0
-9814,-512,12201,2924,0
-9812,-499,12175,2917,0
-9786,-521,12214,2921,0
-9788,-516,12193,2920,0
-9816,-511,12220,2921,0
-9799,-534,12199,2927,0
-9805,-531,12174,2929,0
-9799,-511,12192,2926,0
-9782,-522,12214,2923,0
-9799,-530,12240,2922,0
-9784,-530,12170,2925,0
-9811,-536,12214,2922,0
-9796,-528,12189,2917,0
-9817,-504,12203,2925,0
-9792,-515,12211,2924,0
-9795,-517,12194,2923,0
-9831,-513,12210,2926,0
-9807,-514,12163,2917,0
-9807,-509,12194,2915,0
-9825,-501,12208,2921,0
-9787,-512,12181,2914,0
-9803,-525,12214,2926,0
-9806,-517,12216,2920,0
-9826,-512,12204,2932,0
-9790,-528,12187,2919,0
-9791,-520,12188,2922,0
-9792,-520,12167,2922,0
-9792,-518,12163,2911,0
-9796,-513,12201,2918,0
-9815,-506,12199,2914,0
-9826,-516,12228,2917,0
-9798,-491,12190,2915,0
-9806,-491,12214,2918,0
-9793,-527,12220,2925,0
-9795,-513,12197,2927,0
-9810,-519,12183,2922,0
-9795,-515,12191,2922,0
-9804,-546,12208,2917,0
-9779,-522,12170,2914,0
-9794,-491,12183,2927,0
-9792,-510,12190,2924,0
-9789,-494,12238,2920,0
-9791,-515,12201,2917,0
-9807,-525,12205,2922,0
-9820,-511,12224,2919,0
-9819,-511,12173,2917,0
-9809,-512,12185,2925,0
-9780,-516,12177,2920,0
-9811,-529,12178,2920,0
-9795,-506,12192,2919,0
-9800,-510,12200,2920,0
-9823,-524,12192,2915,0
-9824,-524,12175,2917,0
-9809,-506,12186,2917,0
-9818,-514,12177,2915,0
-9813,-509,12175,2919,0
-9803,-511,12200,2919,0
-9809,-537,12212,2919,0
-9782,-525,12176,2923,0
-9799,-535,12174,2925,0
-9796,-514,12211,2918,0
-9796,-478,12219,2921,0
-9784,-519,12223,2916,0
-9803,-519,12216,2917,0
-9814,-512,12225,2917,0
-9782,-508,12176,2922,0
-9813,-529,12202,2919,0
-9820,-520,12210,2921,0
-9821,-523,12172,2914,0
-9792,-511,12178,2921,0
-9809,-497,12193,2917,0
-9805,-511,12185,2921,0
-9819,-511,12186,2920,0
-9794,-516,12195,2916,0
-9787,-501,12173,2915,0
-9797,-517,12204,2921,0
-9776,-497,12199,2913,0
-9775,-520,12193,2920,0
-9801,-529,12230,2920,0
-9802,-517,12257,2921,0
-9811,-518,12217,2921,0
-9827,-518,12194,2920,0
-9795,-515,12172,2918,0
-9798,-512,12193,2917,0
-9793,-531,12211,2917,0
-9788,-525,12221,2918,0
-9822,-519,12214,2922,0
-9807,-523,12218,2923,0
-9819,-491,12232,2915,0
-9800,-522,12170,2916,0
-9790,-517,12241,2921,0
-9819,-501,12195,2916,0
-9782,-502,12223,2918,0
-9819,-509,12228,2914,0
-9826,-505,12184,2916,0
-9806,-492,12214,2910,0
-9818,-485,12209,2913,0
-9805,-512,12222,2914,0
-9805,-513,12195,2914,0
-9784,-531,12190,2919,0
-9779,-549,12194,2911,0
-9816,-536,12237,2916,0
-9792,-523,12189,2915,0
-9819,-493,12200,2916,0
-9821,-502,12246,2936,0
-9803,-511,12184,2916,0
-9820,-517,12220,2916,0
-9797,-502,12210,2908,0
-9809,-533,12179,2909,0
-9809,-507,12195,2912,0
-9798,-479,12169,2914,0
-9810,-506,12234,2918,0
-9802,-508,12195,2916,0
-9804,-501,12189,2915,0
-9795,-508,12203,2913,0
-9798,-520,12175,2914,0
-9804,-509,12178,2915,0
-9829,-520,12200,2912,0
-9800,-516,12202,2913,0
-9811,-530,12202,2917,0
-9815,-485,12231,2914,0
-9824,-508,12202,2919,0
-9791,-508,12188,2912,0
-9794,-504,12198,2913,0
-9815,-502,12183,2916,0
-9788,-510,12221,2915,0
-9794,-516,12225,2909,0
-9795,-508,12219,2913,0
-9813,-517,12195,2920,0
-9802,-528,12193,2909,0
-9804,-507,12199,2917,0
-9803,-501,12208,2918,0
-9802,-518,12223,2916,0
-9815,-517,12195,2912,0
-9801,-504,12180,2908,0
-9808,-504,12213,2915,0
-9792,-504,12184,2916,0
-9822,-519,12170,2914,0
-9800,-522,12190,2921,0
-9776,-517,12218,2911,0
-9806,-493,12232,2912,0
-9818,-500,12220,2915,0
-9796,-526,12196,2916,0
-9780,-517,12204,2913,0
-9799,-510,12186,2914,0
-9814,-518,12235,2913,0
-9813,-508,12230,2915,0
-9813,-519,12191,2915,0
-9811,-530,12152,2913,0
-9788,-514,12206,2914,0
-9832,-515,12177,2914,0
-9836,-507,12175,2917,0
-9795,-531,12195,2923,0
-9798,-531,12190,2914,0
-9806,-534,12216,2918,0
-9810,-523,12197,2918,0
-9790,-518,12206,2914,0
-9801,-518,12198,2925,0
-9808,-496,12183,2922,0
-9802,-521,12202,2920,0
-9792,-502,12207,2920,0
-9815,-519,12209,2916,0
-9808,-509,12194,2918,0
-9796,-524,12194,2912,0
-9793,-516,12156,2914,0
-9797,-518,12190,2923,0
-9801,-523,12225,2922,0
-9791,-509,12191,2918,0
-9826,-488,12186,2919,0
-9808,-542,12225,2921,0
-9797,-523,12205,2924,0
-9784,-540,12193,2918,0
-9798,-509,12191,2922,0
-9802,-527,12212,2921,0
-9801,-533,12189,2916,0
-9793,-523,12203,2925,0
-9800,-487,12217,2918,0
-9816,-506,12225,2923,0
-9797,-510,12199,2919,0
-9808,-525,12207,2921,0
-9820,-529,12200,2921,0
-9809,-504,12179,2927,0
-9800,-501,12227,2917,0
-9826,-493,12212,2921,0
-9828,-512,12173,2917,0
-9808,-532,12202,2920,0
-9817,-473,12191,2923,0
-9809,-505,12203,2921,0
-9799,-493,12241,2918,0
-9820,-497,12240,2917,0
-9831,-526,12188,2923,0
-9810,-488,12175,2920,0
-9792,-530,12185,2918,0
-9803,-526,12208,2917,0
-9813,-523,12238,2919,0
-9793,-512,12175,2926,0
-9787,-507,12200,2921,0
-9792,-495,12199,2916,0
-9789,-522,12205,2915,0
-9808,-505,12199,2915,0
-9794,-497,12183,2924,0
-9804,-515,12119,2913,0
-9791,-506,12196,2917,0
-9809,-508,12196,2916,0
-9809,-503,12206,2921,0
-9813,-525,12178,2918,0
-9809,-530,12187,2915,0
-9796,-514,12196,2917,0
-9806,-525,12198,2927,0
-9804,-510,12200,2920,0
-9814,-517,12214,2924,0
-9788,-486,12257,2933,0
-9795,-513,12218,2923,0
-9810,-489,12174,2926,0
-9785,-514,12217,2928,0
-9800,-518,12185,2929,0
-9790,-502,12208,2919,0
-9793,-517,12200,2921,0
-9809,-522,12201,2926,0
-9810,-490,12165,2918,0
-9816,-500,12204,2925,0
-9792,-504,12201,2922,0
-9793,-520,12221,2922,0
-9819,-532,12164,2915,0
-9805,-546,12239,2924,0
-9823,-526,12209,2918,0
-9822,-510,12215,2924,0
-9801,-493,12190,2925,0
-9799,-510,12204,2923,0
-9791,-538,12205,2923,0
-9796,-512,12191,2921,0
-9828,-507,12198,2929,0
-9805,-512,12211,2919,0
-9809,-531,12223,2922,0
-9780,-518,12216,2924,0
-9794,-504,12165,2916,0
-9793,-501,12229,2920,0
-9804,-533,12178,2913,0
-9790,-520,12187,2912,0
-9796,-495,12203,2909,0
-9807,-483,12186,2912,0
-9815,-510,12189,2919,0
-9790,-517,12218,2912,0
-9816,-536,12205,2916,0
-9794,-503,12191,2918,0
-9808,-491,12237,2915,0
-9797,-512,12198,2915,0
-9773,-517,12196,2920,0
-9808,-517,12190,2910,0
-9787,-521,12188,2912,0
-9830,-504,12213,2913,0
-9787,-494,12181,2922,0
-9816,-519,12207,2912,0
-9829,-520,12162,2911,0
-9821,-525,12178,2918,0
-9780,-514,12173,2915,0
-9811,-514,12206,2909,0
-9804,-503,12201,2909,0
-9801,-515,12204,2916,0
-9786,-507,12224,2916,0
-9819,-519,12173,2922,0
-9828,-517,12195,2918,0
-9822,-484,12176,2917,0
-9815,-496,12182,2918,0
-9804,-522,12215,2913,0
-9809,-510,12203,2918,0
-9808,-517,12205,2914,0
-9802,-511,12181,2913,0
-9827,-531,12229,2910,0
-9817,-509,12213,2909,0
-9790,-499,12227,2923,0
-9803,-520,12194,2913,0
-9795,-505,12209,2917,0
-9802,-517,12225,2907,0
-9802,-526,12240,2914,0
-9818,-513,12221,2912,0
-9787,-549,12185,2912,0
-9796,-507,12194,2916,0
-9802,-526,12231,2911,0
-9782,-525,12216,2913,0
-9808,-520,12198,2923,0
-9820,-527,12246,2914,0
-9804,-520,12242,2917,0
-9809,-524,12218,2915,0
-9808,-507,12228,2912,0
-9811,-485,12184,2917,0
-9792,-526,12196,2914,0
-9808,-518,12200,2912,0
-9790,-517,12217,2919,0
-9801,-495,12196,2915,0
-9818,-483,12189,2916,0
-9816,-513,12207,2912,0
-9805,-515,12197,2912,0
-9815,-499,12169,2914,0
-9818,-506,12208,2915,0
-9812,-527,12201,2916,0
-9836,-514,12225,2914,0
-9797,-529,12220,2908,0
-9817,-529,12203,2901,0
-9818,-510,12205,2912,0
-9819,-520,12179,2911,0
-9799,-513,12216,2920,0
-9798,-508,12189,2917,0
-9790,-529,12194,2913,0
-9810,-507,12194,2916,0
-9836,-514,12173,2916,0
-9816,-508,12194,2916,0
-9805,-514,12183,2914,0
-9813,-523,12183,2912,0
-9804,-520,12194,2915,0
-9804,-523,12219,2912,0
-9809,-510,12199,2915,0
-9813,-536,12222,2910,0
-9804,-497,12186,2910,0
-9805,-514,12159,2914,0
-9804,-533,12214,2914,0
-9799,-512,12185,2916,0
-9779,-506,12239,2916,0
-9795,-528,12204,2919,0
-9793,-535,12159,2913,0
-9826,-491,12180,2917,0
-9804,-522,12196,2920,0
-9810,-503,12210,2913,0
-9814,-510,12219,2912,0
-9804,-507,12213,2915,0
-9816,-486,12217,2914,0
-9797,-521,12204,2916,0
-9812,-513,12186,2913,0
-9792,-513,12206,2915,0
-9806,-506,12224,2916,0
-9808,-514,12228,2914,0
-9812,-509,12195,2912,0
-9803,-502,12201,2908,0
-9813,-511,12208,2914,0
-9790,-534,12216,2911,0
-9805,-517,12180,2912,0
-9812,-509,12186,2929,0
-9790,-498,12223,2918,0
-9818,-493,12193,2916,0
-9814,-520,12224,2913,0
-9818,-503,12235,2915,0
-9808,-518,12176,2912,0
-9805,-530,12187,2911,0
-9808,-512,12191,2916,0
-9805,-511,12203,2921,0
-9812,-488,12192,2906,0
-9799,-517,12189,2918,0
-9824,-516,12222,2914,0
-9806,-523,12201,2923,0
-9823,-517,12179,2914,0
-9817,-518,12193,2918,0
-9813,-501,12205,2923,0
-9803,-521,12175,2920,0
-9820,-531,12228,2920,0
-9802,-519,12192,2912,0
-9798,-495,12220,2914,0
-9800,-505,12179,2913,0
-9804,-500,12199,2912,0
-9794,-517,12192,2915,0
-9798,-508,12202,2915,0
-9816,-515,12237,2914,0
-9809,-490,12197,2926,0
-9818,-521,12201,2917,0
-9798,-510,12191,2910,0
-9800,-497,12182,2915,0
-9815,-509,12208,2919,0
-9825,-504,12212,2920,0
-9801,-526,12184,2922,0
-9810,-518,12209,2912,0
-9805,-497,12204,2915,0
-9786,-512,12224,2922,0
-9816,-527,12223,2923,0
-9791,-508,12227,2922,0
-9809,-522,12215,2917,0
-9786,-504,12193,2915,0
-9813,-479,12219,2923,0
-9794,-481,12200,2918,0
-9798,-516,12181,2915,0
-9830,-515,12198,2913,0
-9811,-520,12202,2912,0
-9797,-512,12210,2915,0
-9801,-512,12238,2923,0
-9791,-506,12197,2916,0
-9795,-515,12200,2914,0
-9805,-532,12187,2925,0
-9815,-523,12170,2927,0
-9814,-504,12175,2928,0
-9805,-513,12223,2920,0
-9805,-516,12213,2918,0
-9801,-512,12194,2923,0
-9810,-531,12194,2917,0
-9787,-529,12221,2921,0
-9796,-514,12182,2915,0
-9826,-518,12236,2914,0
-9780,-527,12257,2915,0
-9811,-513,12180,2921,0
-9799,-516,12205,2912,0
-9805,-494,12212,2918,0
-9785,-519,12191,2921,0
-9789,-519,12185,2916,0
-9797,-513,12179,2918,0
-9811,-509,12181,2921,0
-9810,-501,12191,2918,0
-9799,-514,12215,2914,0
-9786,-519,12218,2919,0
-9810,-531,12158,2921,0
-9808,-511,12214,2920,0
-9807,-488,12203,2913,0
-9815,-514,12168,2918,0
-9809,-518,12192,2925,0
-9788,-541,12193,2919,0
-9797,-493,12216,2915,0
-9804,-490,12215,2915,0
-9802,-523,12209,2920,0
-9802,-514,12202,2917,0
-9791,-495,12215,2921,0
-9803,-551,12195,2917,0
-9806,-516,12210,2913,0
-9807,-544,12232,2916,0
-9785,-517,12213,2914,0
-9825,-495,12192,2919,0
-9808,-504,12189,2914,0
-9806,-521,12160,2914,0
-9804,-518,12204,2917,0
-9792,-494,12230,2913,0
-9805,-512,12192,2917,0
-9813,-514,12210,2915,0
-9806,-508,12204,2917,0
-9791,-513,12209,2916,0
-9789,-496,12174,2915,0
-9806,-493,12180,2917,0
-9775,-512,12198,2918,0
-9800,-505,12203,2921,0
-9821,-508,12177,2919,0
-9805,-506,12197,2917,0
-9807,-507,12174,2919,0
-9801,-515,12154,2915,0
-9798,-500,12218,2908,0
-9797,-500,12176,2918,0
-9816,-516,12211,2917,0
-9814,-507,12227,2917,0
-9795,-532,12207,2918,0
-9806,-534,12218,2917,0
-9800,-508,12197,2913,0
-9790,-506,12193,2910,0
-9804,-545,12175,2914,0
-9785,-530,12181,2912,0
-9805,-513,12178,2917,0
-9819,-510,12219,2913,0
-9795,-507,12214,2922,0
-9808,-526,12190,2927,0
-9778,-521,12209,2922,0
-9792,-505,12202,2916,0
-9812,-519,12231,2914,0
-9806,-501,12223,2921,0
-9829,-518,12221,2910,0
-9792,-509,12217,2922,0
-9787,-517,12192,2918,0
-9811,-513,12229,2912,0
-9782,-521,12216,2913,0
-9785,-515,12166,2911,0
-9784,-521,12194,2914,0
-9797,-514,12205,2919,0
-9804,-498,12215,2917,0
-9812,-522,12226,2910,0
-9811,-506,12219,2917,0
-9812,-495,12173,2917,0
-9793,-536,12200,2913,0
-9797,-515,12219,2916,0
-9786,-509,12186,2912,0
-9802,-517,12216,2917,0
-9812,-509,12172,2911,0
-9808,-499,12196,2916,0
-9828,-489,12229,2917,0
-9798,-489,12179,2916,0
-9827,-507,12214,2911,0
-9789,-516,12188,2922,0
-9799,-515,12196,2921,0
-9802,-511,12208,2916,0
-9800,-507,12192,2917,0
-9800,-505,12202,2918,0
-9813,-502,12185,2917,0
-9808,-518,12233,2917,0
-9800,-518,12194,2916,0
-9787,-507,12228,2914,0
-9794,-509,12243,2917,0
-9822,-509,12231,2916,0
-9847,-514,12212,2918,0
-9804,-500,12172,2917,0
-9809,-523,12186,2914,0
-9793,-518,12184,2918,0
-9801,-504,12202,2916,0
-9807,-509,12196,2915,0
-9799,-521,12188,2911,0
-9787,-557,12179,2911,0
-9801,-513,12171,2913,0
-9776,-508,12208,2916,0
-9815,-506,12204,2917,0
-9795,-520,12207,2907,0
-9798,-503,12180,2912,0
-9792,-510,12200,2916,0
-9809,-523,12167,2916,0
-9788,-501,12189,2914,0
-9803,-514,12214,2910,0
-9820,-507,12199,2922,0
-9809,-477,12169,2920,0
-9807,-486,12205,2923,0
-9815,-521,12198,2915,0
-9803,-493,12205,2916,0
-9823,-492,12232,2915,0
-9791,-520,12205,2917,0
-9821,-496,12209,2917,0
-9823,-529,12208,2911,0
-9824,-514,12232,2917,0
-9816,-488,12218,2915,0
-9822,-487,12216,2912,0
-9801,-499,12182,2914,0
-9803,-498,12188,2914,0
-9811,-503,12177,2910,0
-9802,-496,12197,2910,0
-9804,-520,12207,2919,0
-9792,-500,12171,2907,0
-9804,-508,12236,2914,0
-9786,-494,12206,2915,0
-9788,-496,12195,2911,0
-9802,-503,12238,2911,0
-9812,-510,12194,2916,0
-9811,-511,12169,2913,0
-9800,-515,12196,2908,0
-9773,-517,12214,2913,0
-9825,-504,12205,2913,0
-9791,-513,12202,2912,0
-9807,-507,12193,2912,0
-9802,-500,12187,2917,0
-9786,-514,12204,2913,0
-9786,-514,12219,2910,0
-9792,-520,12198,2915,0
-9801,-498,12211,2918,0
-9789,-499,12206,2910,0
-9790,-499,12192,2909,0
-9799,-515,12181,2918,0
-9806,-509,12164,2922,0
-9815,-517,12202,2925,0
-9806,-517,12179,2924,0
-9800,-494,12217,2923,0
-9797,-518,12226,2917,0
-9803,-508,12180,2918,0
-9809,-507,12178,2917,0
-9812,-522,12209,2921,0
-9800,-506,12248,2919,0
-9792,-520,12221,2921,0
-9800,-520,12194,2925,0
-9794,-532,12184,2922,0
-9810,-517,12196,2919,0
-9811,-515,12196,2923,0
-9801,-516,12186,2919,0
-9792,-545,12203,2922,0
-9810,-517,12244,2921,0
-9792,-508,12191,2916,0
-9810,-514,12180,2922,0
-9804,-528,12188,2922,0
-9812,-509,12238,2922,0
-9799,-481,12205,2923,0
-9798,-501,12197,2923,0
-9809,-534,12235,2926,0
-9806,-522,12223,2915,0
-9785,-509,12219,2918,0
-9806,-491,12192,2919,0
-9805,-525,12209,2916,0
-9788,-498,12195,2919,0
-9813,-527,12261,2926,0
-9786,-505,12184,2919,0
-9790,-509,12177,2928,0
-9803,-513,12177,2917,0
-9797,-528,12187,2918,0
-9788,-516,12216,2916,0
-9818,-515,12194,2920,0
-9807,-508,12191,2920,0
-9800,-527,12209,2923,0
-9797,-510,12168,2913,0
-9799,-497,12179,2916,0
-9802,-518,12190,2914,0
-9813,-509,12193,2910,0
-9807,-519,12199,2915,0
-9794,-534,12184,2915,0
-9811,-549,12232,2915,0
-9813,-523,12198,2920,0
-9784,-515,12175,2914,0
-9814,-511,12167,2914,0
-9802,-497,12187,2910,0
-9815,-519,12230,2918,0
-9787,-506,12206,2912,0
-9817,-491,12194,2915,0
-9803,-507,12193,2916,0
-9802,-499,12210,2914,0
-9805,-514,12214,2918,0
-9811,-528,12172,2919,0
-9788,-536,12194,2917,0
-9800,-505,12176,2922,0
-9809,-515,12192,2907,0
-9791,-497,12173,2915,0
-9809,-524,12208,2917,0
-9795,-517,12175,2911,0
-9822,-520,12172,2909,0
-9810,-512,12177,2923,0
-9790,-531,12166,2913,0
-9796,-502,12199,2914,0
-9815,-525,12184,2916,0
-9807,-491,12175,2917,0
-9801,-504,12215,2915,0
-9782,-491,12220,2920,0
-9784,-485,12230,2916,0
-9790,-523,12219,2913,0
-9799,-516,12241,2916,0
-9811,-518,12200,2915,0
-9783,-508,12196,2911,0
-9799,-510,12175,2921,0
-9800,-497,12176,2914,0
-9780,-519,12216,2913,0
-9774,-497,12174,2913,0
-9797,-513,12174,2918,0
-9790,-507,12201,2920,0
-9806,-520,12198,2918,0
-9776,-516,12191,2913,0
-9806,-503,12173,2911,0
-9790,-512,12235,2914,0
-9793,-498,12206,2909,0
-9767,-517,12180,2914,0
-9786,-483,12203,2911,0
-9812,-512,12191,2912,0
-9792,-496,12203,2915,0
-9797,-503,12219,2911,0
-9834,-515,12168,2905,0
-9804,-513,12163,2911,0
-9797,-508,12187,2910,0
-9796,-501,12156,2912,0
-9796,-499,12184,2911,0
-9787,-502,12218,2907,0
-9799,-523,12215,2907,0
-9778,-493,12198,2909,0
-9806,-532,12183,2915,0
-9819,-515,12194,2913,0
-9817,-514,12218,2911,0
-9821,-509,12186,2911,0
-9800,-515,12197,2908,0
-9807,-502,12169,2906,0
-9807,-512,12217,2913,0
-9821,-506,12223,2909,0
-9788,-485,12192,2910,0
-9786,-514,12184,2910,0
-9802,-521,12207,2910,0
-9790,-516,12224,2910,0
-9820,-518,12203,2906,0
-9817,-510,12205,2902,0
-9809,-516,12202,2914,0
-9815,-518,12171,2905,0
-9816,-516,12252,2909,0
-9803,-487,12227,2907,0
-9796,-489,12213,2913,0
-9808,-521,12211,2915,0
-9806,-498,12207,2918,0
-9807,-510,12205,2925,0
-9786,-522,12191,2919,0
-9791,-508,12167,2916,0
-9794,-511,12192,2917,0
-9795,-501,12200,2918,0
-9814,-513,12181,2911,0
-9813,-516,12189,2920,0
-9788,-513,12212,2908,0
-9800,-519,12188,2906,0
-9794,-536,12184,2911,0
-9808,-515,12184,2914,0
-9802,-531,12222,2915,0
-9813,-543,12215,2907,0
-9811,-536,12191,2913,0
-9795,-503,12208,2911,0
-9809,-532,12152,2918,0
-9793,-509,12183,2909,0
-9812,-505,12209,2911,0
-9811,-503,12227,2912,0
-9804,-492,12164,2912,0
-9801,-492,12177,2921,0
-9809,-521,12214,2909,0
-9801,-521,12195,2913,0
-9814,-526,12232,2908,0
-9806,-504,12186,2911,0
-9788,-508,12212,2912,0
-9797,-498,12233,2912,0
-9800,-517,12229,2909,0
-9807,-514,12183,2910,0
-9803,-528,12182,2909,0
-9797,-527,12211,2920,0
-9801,-515,12192,2908,0
-9808,-516,12181,2912,0
-9787,-533,12145,2912,0
-9796,-488,12214,2910,0
-9810,-514,12200,2918,0
-9797,-495,12188,2917,0
-9784,-509,12211,2909,0
-9796,-519,12207,2910,0
-9802,-487,12179,2912,0
-9798,-491,12198,2921,0
-9797,-510,12176,2919,0
-9797,-512,12188,2910,0
-9793,-534,12152,2913,0
-9797,-517,12184,2910,0
-9793,-515,12192,2914,0
-9798,-517,12163,2917,0
-9797,-524,12204,2913,0
-9786,-490,12205,2910,0
-9823,-506,12203,2908,0
-9814,-503,12224,2914,0
-9796,-482,12189,2918,0
-9793,-508,12172,2913,0
-9829,-524,12179,2915,0
-9795,-523,12221,2910,0
-9799,-491,12220,2918,0
-9821,-503,12182,2916,0
-9784,-524,12211,2918,0
-9793,-511,12203,2908,0
-9798,-510,12164,2919,0
-9797,-517,12182,2916,0
-9783,-498,12208,2919,0
-9815,-512,12212,2917,0
-9815,-525,12188,2913,0
-9819,-533,12202,2914,0
-9799,-513,12213,2915,0
-9795,-533,12215,2914,0
-9795,-503,12212,2918,0
-9815,-495,12226,2919,0
-9802,-522,12175,2910,0
-9803,-498,12196,2920,0
-9803,-511,12222,2911,0
-9807,-514,12215,2914,0
-9791,-498,12202,2914,0
-9814,-535,12205,2909,0
-9814,-507,12191,2912,0
-9805,-522,12187,2910,0
-9799,-505,12168,2912,0
-9816,-528,12195,2913,0
-9808,-487,12151,2909,0
-9818,-506,12192,2916,0
-9804,-496,12205,2916,0
-9808,-466,12177,2912,0
-9806,-528,12219,2912,0
-9823,-500,12201,2915,0
-9772,-526,12226,2917,0
-9812,-517,12206,2911,0
-9800,-503,12163,2912,0
-9809,-522,12200,2909,0
-9806,-508,12180,2916,0
-9815,-519,12212,2913,0
-9793,-521,12209,2911,0
-9827,-516,12218,2909,0
-9796,-501,12202,2913,0
-9811,-503,12194,2903,0
-9805,-523,12203,2912,0
-9825,-511,12198,2915,0
-9818,-516,12203,2911,0
-9798,-512,12196,2918,0
-9803,-527,12237,2911,0
-9790,-511,12213,2915,0
-9810,-511,12225,2908,0
-9819,-515,12210,2910,0
-9807,-516,12203,2903,0
-9807,-511,12212,2910,0
-9800,-503,12181,2916,0
-9810,-518,12151,2917,0
-9792,-508,12205,2908,0
-9820,-500,12226,2906,0
-9790,-535,12160,2914,0
-9786,-522,12174,2909,0
-9812,-499,12172,2915,0
-9804,-515,12204,2906,0
-9801,-523,12247,2923,0
-9777,-512,12216,2906,0
-9809,-515,12222,2909,0
-9800,-526,12204,2911,0
-9799,-505,12209,2913,0
-9824,-517,12198,2919,0
-9778,-501,12238,2910,0
-9795,-509,12197,2919,0
-9810,-527,12217,2901,0
-9814,-501,12198,2914,0
-9817,-517,12206,2915,0
-9813,-501,12183,2915,0
-9795,-512,12193,2910,0
-9817,-524,12186,2913,0
-9821,-530,12186,2910,0
-9811,-499,12187,2915,0
-9810,-506,12173,2916,0
-9796,-505,12180,2910,0
-9790,-514,12208,2915,0
-9785,-492,12193,2908,0
-9816,-540,12183,2913,0
-9809,-533,12193,2908,0
-9826,-526,12228,2907,0
-9795,-547,12191,2910,0
-9785,-501,12200,2910,0
-9803,-518,12249,2908,0
-9802,-520,12187,2913,0
-9802,-535,12197,2912,0
-9812,-494,12196,2903,0
-9812,-509,12201,2909,0
-9810,-501,12222,2910,0
-9800,-505,12198,2908,0
-9797,-503,12221,2914,0
-9810,-518,12212,2914,0
-9787,-506,12160,2913,0
-9799,-532,12247,2914,0
-9809,-483,12183,2915,0
-9828,-511,12200,2916,0
-9794,-482,12178,2915,0
-9800,-519,12210,2905,0
-9788,-486,12230,2909,0
-9804,-515,12226,2916,0
-9795,-510,12224,2916,0
-9814,-504,12197,2911,0
-9795,-510,12227,2911,0
-9823,-509,12213,2907,0
-9789,-519,12211,2911,0
-9803,-504,12218,2911,0
-9797,-522,12189,2909,0
-9793,-474,12193,2912,0
-9793,-503,12207,2916,0
-9802,-499,12176,2912,0
-9800,-524,12198,2919,0
-9810,-506,12194,2925,0
-9785,-525,12179,2905,0
-9805,-520,12214,2911,0
-9799,-521,12190,2915,0
-9773,-511,12183,2910,0
-9802,-495,12197,2914,0
-9793,-512,12180,2914,0
-9815,-526,12189,2912,0
-9785,-507,12211,2912,0
-9818,-526,12171,2915,0
-9799,-519,12179,2914,0
-9793,-511,12182,2907,0
-9824,-497,12159,2914,0
-9829,-522,12220,2916,0
-9786,-494,12195,2931,0
-9813,-492,12216,2911,0
-9792,-494,12232,2915,0
-9802,-479,12175,2918,0
-9811,-508,12211,2912,0
-9795,-529,12205,2910,0
-9792,-509,12233,2918,0
-9807,-499,12203,2912,0
-9794,-519,12187,2906,0
-9796,-505,12204,2916,0
-9807,-527,12181,2916,0
-9817,-508,12201,2915,0
-9807,-507,12197,2911,0
-9807,-530,12203,2915,0
-9795,-500,12208,2910,0
-9790,-506,12226,2914,0
-9805,-513,12190,2910,0
-9796,-465,12171,2906,0
-9801,-488,12184,2907,0
-9805,-498,12224,2912,0
-9795,-517,12179,2913,0
-9827,-542,12171,2907,0
-9807,-519,12188,2910,0
-9803,-521,12164,2906,0
-9828,-510,12159,2915,0
-9794,-518,12176,2911,0
-9835,-519,12216,2913,0
-9810,-508,12200,2911,0
-9819,-516,12189,2916,0
-9806,-505,12169,2909,0
-9811,-511,12181,2916,0
-9806,-496,12198,2908,0
-9804,-498,12226,2915,0
-9795,-492,12180,2912,0
-9811,-491,12172,2911,0
-9800,-504,12194,2915,0
-9799,-523,12198,2912,0
-9785,-487,12201,2912,0
-9809,-527,12200,2913,0
-9796,-507,12197,2912,0
-9794,-508,12209,2910,0
-9802,-541,12144,2916,0
-9808,-514,12201,2913,0
-9827,-530,12216,2914,0
-9798,-499,12219,2906,0
-9807,-496,12179,2911,0
-9803,-502,12193,2909,0
-9786,-523,12167,2916,0
-9817,-535,12216,2910,0
-9810,-513,12199,2919,0
-9814,-520,12185,2910,0
-9787,-517,12238,2917,0
-9789,-490,12195,2908,0
-9796,-511,12209,2907,0
-9797,-527,12178,2914,0
-9769,-505,12231,2913,0
-9798,-499,12200,2917,0
-9793,-495,12208,2909,0
-9784,-503,12172,2911,0
-9812,-515,12193,2910,0
-9800,-518,12236,2912,0
-9801,-513,12218,2911,0
-9808,-527,12235,2910,0
-9795,-495,12194,2913,0
-9781,-504,12223,2913,0
-9817,-536,12193,2913,0
-9820,-529,12208,2914,0
-9799,-519,12199,2912,0
-9800,-503,12216,2911,0
-9827,-534,12186,2911,0
-9798,-509,12154,2914,0
-9782,-528,12215,2914,0
-9805,-529,12186,2911,0
-9799,-524,12200,2918,0
-9832,-506,12194,2913,0
-9784,-524,12232,2913,0
-9812,-516,12207,2911,0
-9801,-505,12202,2916,0
-9809,-499,12190,2913,0
-9815,-508,12188,2916,0
-9791,-491,12191,2911,0
-9797,-503,12216,2911,0
-9810,-503,12190,2910,0
-9813,-492,12187,2914,0
-9794,-524,12215,2915,0
-9783,-521,12190,2912,0
-9797,-518,12192,2917,0
-9789,-485,12209,2916,0
-9788,-500,12200,2907,0
-9814,-514,12204,2930,0
-9805,-525,12205,2916,0
-9812,-505,12200,2915,0
-9813,-536,12213,2910,0
-9816,-521,12266,2912,0
-9805,-496,12208,2916,0
-9792,-511,12205,2905,0
-9815,-497,12213,2914,0
-9814,-520,12192,2915,0
-9812,-499,12162,2912,0
-9827,-504,12188,2919,0
-9790,-526,12223,2913,0
-9807,-517,12194,2915,0
-9810,-526,12178,2921,0
-9821,-515,12182,2910,0
-9806,-513,12218,2909,0
-9814,-496,12227,2911,0
-9818,-516,12162,2911,0
-9816,-525,12196,2908,0
-9802,-513,12180,2911,0
-9796,-500,12213,2910,0
-9804,-518,12172,2913,0
-9783,-508,12221,2912,0
-9805,-532,12188,2914,0
-9805,-508,12193,2911,0
-9786,-533,12219,2912,0
-9813,-500,12183,2912,0
-9798,-536,12213,2915,0
-9774,-509,12190,2914,0
-9784,-504,12207,2913,0
-9794,-522,12213,2913,0
-9801,-504,12191,2913,0
-9791,-511,12195,2908,0
-9782,-512,12199,2905,0
-9788,-512,12227,2911,0
-9784,-497,12216,2912,0
-9783,-506,12197,2910,0
-9804,-534,12203,2916,0
-9790,-526,12178,2911,0
-9802,-523,12176,2905,0
-9801,-524,12165,2909,0
-9807,-534,12178,2915,0
-9813,-518,12185,2914,0
-9778,-511,12184,2911,0
-9809,-525,12205,2912,0
-9793,-509,12202,2906,0
-9814,-501,12226,2908,0
-9810,-512,12209,2906,0
-9789,-510,12186,2916,0
-9801,-536,12209,2911,0
-9796,-512,12235,2913,0
-9798,-507,12216,2914,0
-9781,-507,12193,2922,0
-9796,-499,12233,2914,0
-9777,-518,12229,2911,0
-9811,-511,12198,2920,0
-9821,-519,12205,2905,0
-9823,-499,12156,2917,0
-9783,-511,12202,2911,0
-9787,-540,12162,2913,0
-9798,-490,12168,2913,0
-9807,-484,12205,2912,0
-9807,-532,12178,2917,0
-9797,-525,12209,2914,0
-9824,-513,12205,2912,0
-9809,-510,12235,2917,0
-9821,-497,12202,2915,0
-9806,-511,12205,2920,0
-9813,-496,12205,2909,0
-9808,-512,12203,2912,0
-9824,-517,12217,2923,0
-9812,-522,12193,2920,0
-9799,-486,12202,2924,0
-9788,-508,12203,2914,0
-9813,-500,12177,2914,0
-9820,-485,12178,2913,0
-9785,-502,12216,2917,0
-9780,-512,12174,2920,0
-9789,-509,12178,2913,0
-9800,-500,12174,2914,0
-9799,-494,12193,2921,0
-9807,-524,12220,2917,0
-9808,-495,12214,2920,0
-9804,-533,12221,2921,0
-9811,-502,12188,2917,0
-9793,-506,12220,2915,0
-9804,-509,12205,2926,0
-9817,-524,12185,2921,0
-9782,-505,12220,2919,0
-9790,-499,12168,2922,0
-9802,-486,12194,2917,0
-9806,-547,12195,2919,0
-9804,-525,12202,2922,0
-9787,-519,12227,2929,0
-9801,-540,12203,2922,0
-9803,-516,12200,2917,0
-9804,-532,12181,2920,0
-9775,-522,12229,2922,0
-9790,-506,12188,2918,0
-9787,-512,12187,2914,0
-9808,-519,12203,2923,0
-9827,-517,12230,2922,0
-9810,-517,12161,2925,0
-9792,-533,12177,2912,0
-9809,-540,12195,2916,0
-9796,-537,12222,2916,0
-9826,-505,12211,2921,0
-9827,-505,12214,2923,0
-9808,-506,12192,2926,0
-9831,-515,12197,2922,0
-9829,-492,12189,2919,0
-9809,-502,12171,2925,0
-9800,-536,12146,2923,0
-9785,-524,12203,2918,0
-9803,-517,12194,2915,0
-9797,-507,12246,2917,0
-9782,-482,12172,2916,0
-9800,-506,12196,2924,0
-9787,-531,12182,2923,0
-9827,-510,12228,2920,0
-9813,-497,12206,2916,0
-9800,-516,12211,2916,0
-9799,-495,12211,2919,0
-9802,-514,12182,2921,0
-9789,-496,12212,2923,0
-9795,-515,12188,2921,0
-9786,-524,12227,2920,0
-9795,-507,12181,2922,0
-9799,-509,12209,2914,0
-9791,-518,12208,2917,0
-9790,-511,12219,2922,0
-9790,-534,12174,2920,0
-9787,-502,12237,2922,0
-9792,-547,12225,2916,0
-9788,-521,12183,2915,0
-9813,-521,12168,2911,0
-9799,-510,12224,2915,0
-9790,-521,12190,2917,0
-9806,-511,12214,2921,0
-9790,-522,12219,2913,0
-9806,-522,12244,2918,0
-9799,-505,12210,2917,0
-9829,-485,12232,2919,0
-9800,-497,12194,2917,0
-9789,-523,12215,2918,0
-9796,-492,12176,2917,0
-9813,-514,12173,2914,0
-9825,-514,12190,2921,0
-9805,-525,12210,2916,0
-9808,-512,12197,2916,0
-9813,-502,12202,2922,0
-9796,-496,12192,2917,0
-9787,-513,12199,2919,0
-9791,-528,12192,2926,0
-9809,-505,12198,2920,0
-9806,-510,12231,2918,0
-9821,-503,12201,2910,0
-9809,-508,12195,2920,0
-9807,-537,12214,2914,0
-9818,-519,12215,2915,0
-9801,-525,12170,2914,0
-9814,-514,12222,2919,0
-9810,-511,12196,2921,0
-9794,-506,12241,2917,0
-9813,-491,12184,2919,0
-9809,-501,12196,2908,0
-9792,-525,12187,2920,0
-9805,-509,12202,2920,0
-9799,-501,12205,2919,0
-9803,-509,12176,2920,0
-9813,-501,12211,2916,0
-9809,-507,12194,2923,0
-9814,-531,12217,2919,0
-9834,-503,12206,2917,0
-9803,-516,12192,2914,0
-9809,-518,12182,2914,0
-9777,-514,12218,2917,0
-9809,-521,12208,2918,0
-9804,-518,12207,2913,0
-9811,-522,12199,2917,0
-9809,-534,12184,2912,0
-9815,-509,12210,2916,0
-9817,-531,12204,2919,0
-9801,-530,12204,2916,0
-9798,-500,12193,2916,0
-9796,-532,12212,2916,0
-9782,-529,12186,2912,0
-9801,-530,12189,2922,0
-9799,-472,12212,2924,0
-9785,-523,12171,2914,0
-9816,-516,12189,2919,0
-9816,-519,12207,2920,0
-9777,-522,12188,2915,0
-9813,-523,12193,2916,0
-9807,-510,12210,2918,0
-9798,-530,12222,2923,0
-9783,-517,12188,2938,0
-9790,-509,12166,2924,0
-9791,-512,12191,2919,0
-9801,-533,12209,2916,0
-9798,-520,12214,2915,0
-9804,-535,12164,2919,0
-9819,-520,12231,2910,0
-9792,-501,12171,2920,0
-9788,-507,12229,2917,0
-9786,-529,12200,2921,0
-9813,-535,12206,2914,0
-9802,-502,12200,2923,0
-9811,-496,12201,2924,0
-9804,-523,12185,2922,0
-9803,-553,12186,2923,0
-9800,-509,12230,2919,0
-9809,-511,12194,2922,0
-9803,-506,12197,2921,0
-9809,-515,12199,2927,0
-9798,-513,12192,2921,0
-9800,-525,12202,2931,0
-9805,-517,12217,2922,0
-9811,-483,12206,2917,0
-9796,-528,12197,2912,0
-9817,-503,12203,2913,0
-9794,-515,12194,2916,0
-9800,-513,12202,2924,0
-9784,-510,12163,2918,0
-9825,-502,12183,2921,0
-9819,-520,12184,2918,0
-9791,-518,12190,2913,0
-9800,-521,12210,2920,0
-9804,-518,12215,2922,0
-9842,-507,12210,2927,0
-9816,-514,12204,2915,0
-9799,-506,12161,2921,0
-9797,-521,12198,2918,0
-9813,-499,12231,2917,0
-9799,-499,12209,2923,0
-9807,-503,12205,2919,0
-9789,-513,12210,2920,0
-9808,-509,12209,2917,0
-9815,-501,12199,2923,0
-9794,-526,12201,2919,0
-9801,-529,12234,2918,0
-9804,-528,12207,2924,0
-9790,-523,12235,2920,0
-9808,-519,12186,2915,0
-9806,-527,12228,2920,0
-9817,-528,12213,2919,0
-9788,-481,12186,2920,0
-9786,-508,12221,2922,0
-9817,-531,12187,2915,0
-9779,-522,12206,2920,0
-9784,-524,12243,2919,0
-9799,-518,12170,2919,0
-9808,-532,12162,2918,0
-9804,-523,12183,2918,0
-9798,-515,12202,2915,0
-9806,-513,12234,2915,0
-9782,-528,12176,2919,0
-9801,-519,12218,2918,0
-9819,-504,12210,2918,0
-9781,-514,12206,2922,0
-9779,-514,12201,2915,0
-9772,-513,12178,2917,0
-9782,-501,12202,2917,0
-9796,-511,12203,2914,0
-9811,-506,12203,2918,0
-9792,-516,12244,2920,0
-9798,-527,12208,2919,0
-9807,-518,12193,2915,0
-9796,-504,12184,2921,0
-9794,-505,12213,2918,0
-9792,-506,12181,2914,0
-9791,-518,12176,2923,0
-9800,-521,12186,2916,0
-9797,-512,12206,2933,0
-9826,-530,12170,2920,0
-9821,-508,12176,2917,0
-9786,-527,12170,2910,0
-9796,-517,12177,2923,0
-9794,-517,12190,2920,0
-9817,-513,12201,2919,0
-9801,-511,12183,2921,0
-9798,-519,12176,2921,0
-9797,-504,12208,2925,0
-9791,-510,12213,2924,0
-9791,-509,12198,2921,0
-9815,-523,12198,2919,0
-9806,-512,12206,2915,0
-9795,-515,12236,2920,0
-9792,-512,12231,2923,0
-9810,-533,12225,2920,0
-9809,-535,12188,2918,0
-9783,-507,12188,2921,0
-9807,-535,12218,2922,0
-9792,-518,12215,2929,0
-9819,-508,12190,2924,0
-9806,-500,12177,2922,0
-9802,-504,12201,2920,0
-9796,-544,12199,2916,0
-9796,-518,12188,2922,0
-9798,-533,12219,2922,0
-9831,-521,12182,2921,0
-9800,-521,12178,2925,0
-9794,-493,12200,2915,0
-9794,-509,12208,2920,0
-9799,-508,12195,2923,0
-9808,-497,12165,2925,0
-9797,-495,12212,2919,0
-9812,-504,12176,2921,0
-9814,-522,12240,2920,0
-9801,-522,12211,2917,0
-9804,-486,12203,2916,0
-9790,-524,12179,2919,0
-9819,-508,12192,2922,0
-9813,-532,12193,2920,0
-9797,-526,12171,2916,0
-9811,-508,12197,2921,0
-9792,-511,12159,2923,0
-9824,-522,12203,2922,0
-9815,-501,12187,2921,0
-9817,-522,12192,2916,0
-9784,-513,12221,2917,0
-9814,-521,12184,2925,0
-9793,-519,12186,2923,0
-9792,-529,12193,2920,0
-9800,-530,12187,2919,0
-9795,-518,12219,2922,0
-9800,-529,12191,2920,0
-9781,-522,12209,2919,0
-9797,-495,12218,2919,0
-9800,-502,12223,2916,0
-9799,-502,12189,2919,0
-9779,-518,12206,2914,0
-9808,-516,12198,2929,0
-9813,-532,12210,2922,0
-9804,-507,12201,2912,0
-9815,-524,12180,2920,0
-9807,-518,12203,2917,0
-9817,-512,12198,2921,0
-9817,-523,12205,2922,0
-9825,-507,12206,2922,0
-9813,-504,12200,2917,0
-9795,-519,12198,2919,0
-9808,-506,12215,2919,0
-9795,-489,12233,2929,0
-9791,-491,12199,2920,0
-9821,-504,12214,2916,0
-9813,-503,12208,2921,0
-9808,-521,12231,2923,0
-9809,-518,12213,2919,0
-9821,-516,12218,2921,0
-9814,-512,12214,2915,0
-9800,-519,12234,2928,0
-9830,-517,12194,2926,0
-9794,-521,12194,2923,0
-9798,-526,12212,2912,0
-9815,-508,12191,2921,0
-9811,-507,12172,2919,0
-9789,-496,12194,2923,0
-9802,-540,12199,2923,0
-9798,-507,12201,2921,0
-9804,-507,12222,2923,0
-9802,-511,12188,2925,0
-9808,-500,12160,2923,0
-9778,-509,12212,2929,0
-9790,-494,12201,2922,0
-9818,-528,12182,2923,0
-9790,-503,12194,2921,0
-9799,-529,12215,2920,0
-9782,-505,12215,2923,0
-9807,-522,12211,2920,0
-9797,-527,12195,2920,0
-9814,-540,12180,2926,0
-9794,-507,12235,2920,0
-9807,-519,12207,2922,0
-9783,-528,12225,2917,0
-9797,-510,12234,2917,0
-9807,-511,12209,2916,0
-9808,-510,12221,2919,0
-9802,-511,12197,2920,0
-9796,-522,12160,2917,0
-9802,-509,12207,2920,0
-9806,-503,12188,2915,0
-9824,-512,12194,2924,0
-9823,-503,12175,2929,0
-9799,-528,12205,2923,0
-9814,-516,12223,2916,0
-9822,-501,12213,2917,0
-9811,-513,12221,2920,0
-9832,-508,12211,2925,0
-9819,-516,12198,2919,0
-9821,-532,12208,2915,0
-9801,-523,12163,2918,0
-9786,-521,12197,2923,0
-9796,-523,12197,2924,0
-9805,-504,12209,2918,0
-9796,-497,12217,2919,0
-9803,-529,12211,2925,0
-9791,-521,12237,2928,0
-9804,-499,12176,2922,0
-9814,-490,12179,2925,0
-9827,-501,12207,2914,0
-9801,-498,12224,2923,0
-9769,-520,12213,2923,0
-9802,-507,12178,2921,0
-9796,-533,12210,2920,0
-9796,-524,12238,2916,0
-9805,-537,12197,2923,0
-9834,-522,12229,2924,0
-9810,-535,12204,2923,0
-9797,-528,12217,2918,0
-9813,-520,12199,2926,0
-9795,-514,12163,2925,0
-9800,-492,12204,2925,0
-9813,-506,12193,2922,0
-9799,-505,12186,2918,0
-9765,-529,12224,2921,0
-9814,-520,12211,2921,0
-9828,-505,12206,2918,0
-9814,-513,12200,2921,0
-9797,-505,12240,2922,0
-9796,-517,12202,2920,0
-9800,-493,12183,2922,0
-9788,-534,12204,2925,0
-9798,-525,12227,2927,0
-9813,-497,12216,2920,0
-9790,-490,12196,2921,0
-9798,-515,12125,2913,0
-9806,-513,12195,2926,0
-9799,-509,12178,2929,0
-9809,-520,12216,2923,0
-9794,-510,12186,2918,0
-9812,-492,12231,2916,0
-9816,-520,12174,2922,0
-9802,-505,12210,2928,0
-9794,-520,12226,2920,0
-9792,-518,12184,2919,0
-9791,-491,12206,2921,0
-9801,-504,12200,2923,0
-9802,-504,12205,2924,0
-9784,-511,12219,2923,0
-9797,-503,12155,2920,0
-9785,-497,12189,2922,0
-9813,-533,12224,2922,0
-9777,-534,12191,2922,0
-9820,-530,12197,2920,0
-9789,-514,12148,2918,0
-9796,-528,12217,2919,0
-9808,-511,12214,2923,0
-9815,-505,12180,2923,0
-9798,-495,12200,2918,0
-9797,-511,12199,2917,0
-9807,-513,12191,2919,0
-9810,-533,12197,2923,0
-9789,-522,12232,2923,0
-9808,-498,12209,2925,0
-9827,-513,12191,2921,0
-9823,-511,12204,2922,0
-9822,-528,12193,2922,0
-9788,-546,12216,2918,0
-9814,-517,12184,2922,0
-9799,-533,12197,2933,0
-9820,-538,12200,2924,0
-9804,-526,12195,2923,0
-9810,-528,12190,2929,0
-9791,-532,12205,2920,0
-9787,-535,12194,2923,0
-9796,-505,12185,2919,0
-9803,-531,12213,2919,0
-9819,-513,12205,2930,0
-9808,-516,12148,2922,0
-9811,-522,12195,2926,0
-9812,-515,12197,2919,0
-9800,-535,12143,2924,0
-9792,-535,12212,2928,0
-9801,-513,12201,2928,0
-9830,-531,12173,2924,0
-9810,-512,12163,2924,0
-9805,-519,12175,2922,0
-9805,-498,12192,2918,0
-9811,-498,12198,2924,0
-9824,-513,12215,2920,0
-9814,-535,12205,2924,0
-9804,-531,12210,2919,0
-9808,-486,12209,2926,0
-9810,-514,12209,2929,0
-9792,-497,12238,2924,0
-9804,-503,12233,2925,0
-9813,-526,12192,2926,0
-9787,-509,12160,2926,0
-9802,-502,12204,2922,0
-9816,-515,12177,2915,0
-9808,-511,12171,2921,0
-9802,-522,12220,2924,0
-9789,-517,12165,2926,0
-9799,-530,12210,2920,0
-9795,-539,12197,2925,0
-9790,-502,12200,2921,0
-9804,-523,12172,2914,0
-9801,-537,12204,2922,0
-9795,-519,12165,2925,0
-9786,-532,12154,2919,0
-9803,-532,12202,2916,0
-9831,-510,12175,2916,0
-9790,-533,12221,2918,0
-9798,-525,12219,2917,0
-9810,-506,12156,2919,0
-9791,-498,12170,2922,0
-9811,-501,12206,2925,0
-9810,-498,12189,2925,0
-9810,-494,12210,2924,0
-9797,-511,12230,2918,0
-9812,-527,12188,2916,0
-9827,-509,12194,2917,0
-9824,-532,12189,2922,0
-9804,-517,12217,2919,0
-9805,-520,12205,2925,0
-9802,-538,12232,2916,0
-9790,-522,12240,2918,0
-9810,-517,12222,2925,0
-9813,-532,12218,2916,0
-9826,-535,12151,2922,0
-9808,-510,12213,2917,0
-9805,-510,12196,2923,0
-9812,-488,12202,2921,0
-9824,-510,12222,2922,0
-9795,-521,12176,2921,0
-9806,-524,12199,2917,0
-9799,-536,12186,2921,0
-9812,-527,12184,2920,0
-9800,-531,12228,2926,0
-9827,-520,12192,2919,0
-9799,-526,12180,2922,0
-9810,-506,12216,2918,0
-9809,-483,12217,2924,0
-9803,-516,12230,2920,0
-9819,-508,12191,2921,0
-9796,-510,12203,2919,0
-9809,-534,12188,2921,0
-9801,-529,12204,2921,0
-9793,-526,12195,2926,0
-9788,-529,12199,2917,0
-9808,-491,12183,2920,0
-9816,-514,12194,2925,0
-9814,-521,12170,2922,0
-9792,-521,12185,2923,0
-9797,-493,12178,2923,0
-9830,-505,12214,2918,0
-9804,-531,12217,2923,0
-9790,-489,12186,2921,0
-9811,-501,12204,2922,0
-9827,-517,12223,2918,0
-9797,-514,12184,2920,0
-9805,-519,12256,2923,0
-9797,-509,12203,2920,0
-9810,-533,12199,2923,0
-9811,-516,12249,2924,0
-9788,-524,12211,2924,0
-9798,-501,12237,2921,0
-9821,-502,12208,2919,0
-9802,-534,12230,2920,0
-9812,-504,12214,2919,0
-9814,-524,12218,2920,0
-9803,-523,12193,2924,0
-9816,-504,12214,2923,0
-9796,-520,12228,2927,0
-9816,-513,12216,2914,0
-9809,-497,12242,2924,0
-9811,-514,12209,2926,0
-9809,-541,12181,2921,0
-9809,-529,12221,2926,0
-9812,-516,12167,2921,0
-9793,-499,12175,2920,0
-9796,-527,12222,2924,0
-9816,-492,12203,2922,0
-9807,-518,12197,2921,0
-9805,-516,12176,2924,0
-9815,-503,12207,2919,0
-9806,-522,12192,2922,0
-9802,-498,12206,2932,0
-9805,-508,12209,2926,0
-9810,-529,12156,2923,0
-9790,-514,12202,2922,0
-9807,-512,12186,2928,0
-9802,-526,12218,2925,0
-9820,-512,12236,2926,0
-9823,-532,12186,2923,0
-9820,-534,12199,2925,0
-9811,-502,12229,2918,0
-9811,-510,12205,2921,0
-9797,-497,12211,2918,0
-9830,-534,12192,2921,0
-9805,-486,12202,2924,0
-9819,-488,12177,2921,0
-9803,-517,12199,2920,0
-9804,-497,12185,2926,0
-9809,-526,12221,2920,0
-9826,-524,12183,2921,0
-9825,-538,12239,2923,0
-9815,-504,12201,2925,0
-9812,-503,12203,2922,0
-9797,-514,12159,2922,0
-9798,-520,12209,2931,0
-9819,-516,12175,2927,0
-9778,-521,12170,2929,0
-9803,-512,12145,2923,0
-9792,-517,12220,2923,0
-9815,-507,12196,2922,0
-9818,-499,12207,2924,0
-9838,-501,12222,2924,0
-9797,-514,12174,2920,0
-9813,-498,12163,2923,0
-9803,-504,12201,2923,0
-9839,-513,12169,2911,0
-9809,-515,12220,2927,0
-9806,-523,12203,2919,0
-9809,-482,12211,2924,0
-9806,-527,12201,2910,0
-9832,-537,12207,2924,0
-9791,-518,12207,2917,0
-9803,-526,12194,2920,0
-9794,-513,12194,2917,0
-9820,-531,12191,2910,0
-9777,-517,12197,2921,0
-9822,-528,12185,2926,0
-9814,-514,12168,2922,0
-9826,-531,12169,2918,0
-9799,-527,12185,2917,0
-9810,-524,12201,2915,0
-9819,-501,12170,2918,0
-9820,-518,12189,2930,0
-9812,-504,12195,2919,0
-9816,-520,12202,2916,0
-9800,-516,12217,2924,0
-9797,-529,12216,2923,0
-9820,-521,12199,2925,0
-9827,-530,12227,2923,0
-9809,-531,12214,2921,0
-9798,-524,12169,2920,0
-9802,-538,12199,2964,0
-9813,-519,12211,2923,0
-9801,-526,12177,2920,0
-9811,-521,12193,2926,0
-9799,-516,12191,2927,0
-9793,-509,12182,2924,0
-9792,-518,12181,2923,0
-9801,-507,12192,2924,0
-9835,-514,12198,2927,0
-9794,-519,12211,2923,0
-9792,-518,12200,2926,0
-9800,-522,12217,2920,0
-9814,-512,12238,2919,0
-9807,-517,12213,2921,0
-9808,-509,12177,2923,0
-9816,-512,12214,2925,0
-9789,-477,12191,2926,0
-9780,-485,12215,2926,0
-9804,-525,12208,2919,0
-9800,-526,12226,2924,0
-9791,-515,12207,2926,0
-9794,-533,12184,2923,0
-9778,-524,12220,2925,0
-9811,-512,12192,2925,0
-9804,-512,12214,2921,0
-9798,-523,12218,2925,0
-9800,-505,12181,2930,0
-9822,-531,12196,2927,0
-9806,-508,12258,2927,0
-9817,-519,12183,2931,0
-9784,-509,12187,2923,0
-9788,-519,12232,2928,0
-9791,-505,12195,2917,0
-9808,-504,12175,2923,0
-9804,-496,12165,2927,0
-9798,-504,12160,2926,0
-9820,-511,12213,2931,0
-9801,-516,12196,2921,0
-9804,-519,12182,2925,0
-9815,-527,12191,2924,0
-9804,-534,12177,2924,0
-9809,-512,12196,2928,0
-9822,-524,12217,2928,0
-9807,-497,12206,2926,0
-9790,-502,12206,2927,0
-9799,-489,12243,2921,0
-9811,-510,12182,2926,0
-9807,-508,12172,2923,0
-9818,-503,12184,2931,0
-9830,-514,12207,2917,0
-9830,-514,12190,2919,0
-9811,-518,12179,2924,0
-9799,-498,12199,2925,0
-9797,-515,12163,2920,0
-9809,-511,12193,2928,0
-9801,-500,12184,2922,0
-9819,-530,12187,2923,0
-9817,-505,12196,2926,0
-9789,-524,12203,2932,0
-9819,-516,12209,2914,0
-9795,-525,12177,2924,0
-9812,-525,12166,2923,0
-9823,-531,12192,2925,0
-9814,-530,12221,2928,0
-9818,-528,12220,2926,0
-9810,-543,12196,2931,0
-9820,-501,12207,2930,0
-9789,-494,12204,2926,0
-9804,-512,12214,2922,0
-9798,-526,12188,2924,0
-9789,-516,12179,2927,0
-9796,-525,12181,2932,0
-9811,-528,12202,2922,0
-9801,-498,12197,2922,0
-9803,-521,12242,2926,0
-9821,-519,12223,2923,0
-9814,-508,12198,2928,0
-9801,-508,12201,2928,0
-9780,-489,12206,2924,0
-9805,-531,12226,2932,0
-9799,-527,12197,2926,0
-9793,-482,12204,2924,0
-9804,-524,12159,2931,0
-9788,-512,12188,2929,0
-9810,-527,12199,2927,0
-9794,-512,12209,2935,0
-9789,-491,12196,2930,0
-9817,-500,12229,2926,0
-9817,-505,12170,2932,0
-9808,-502,12185,2922,0
-9775,-517,12173,2923,0
-9775,-520,12203,2933,0
-9793,-509,12171,2928,0
-9817,-517,12205,2931,0
-9812,-522,12202,2926,0
-9814,-533,12188,2930,0
-9834,-504,12229,2934,0
-9830,-507,12225,2925,0
-9817,-512,12155,2925,0
-9788,-511,12203,2930,0
-9799,-517,12165,2930,0
-9799,-517,12196,2928,0
-9793,-515,12156,2925,0
-9802,-485,12146,2929,0
-9811,-511,12199,2922,0
-9787,-521,12162,2924,0
-9827,-515,12217,2928,0
-9823,-510,12212,2929,0
-9796,-522,12210,2929,0
-9822,-516,12209,2929,0
-9802,-496,12180,2925,0
-9816,-520,12208,2922,0
-9815,-519,12224,2927,0
-9825,-509,12240,2919,0
-9805,-510,12201,2915,0
-9791,-483,12187,2922,0
-9807,-505,12173,2923,0
-9820,-528,12211,2925,0
-9806,-503,12207,2927,0
-9809,-515,12219,2934,0
-9799,-505,12201,2926,0
-9803,-531,12187,2930,0
-9791,-511,12180,2920,0
-9819,-515,12189,2924,0
-9819,-523,12188,2920,0
-9801,-533,12183,2926,0
-9818,-517,12161,2925,0
-9805,-509,12195,2926,0
-9799,-512,12218,2925,0
-9805,-525,12197,2928,0
-9803,-516,12203,2922,0
-9795,-520,12211,2930,0
-9779,-499,12223,2928,0
-9793,-518,12196,2925,0
-9810,-509,12223,2928,0
-9792,-524,12209,2924,0
-9790,-539,12188,2928,0
-9798,-513,12214,2927,0
-9796,-512,12225,2930,0
-9789,-507,12200,2925,0
-9789,-504,12233,2920,0
-9791,-509,12176,2928,0
-9809,-530,12203,2925,0
-9808,-513,12235,2925,0
-9802,-523,12192,2925,0
-9812,-505,12182,2933,0
-9794,-507,12196,2933,0
-9793,-503,12165,2929,0
-9816,-515,12190,2925,0
-9805,-530,12211,2929,0
-9814,-517,12191,2925,0
-9821,-533,12196,2924,0
-9806,-508,12206,2926,0
-9786,-524,12201,2929,0
-9812,-527,12224,2927,0
-9801,-500,12237,2923,0
-9832,-519,12164,2928,0
-9808,-522,12187,2926,0
-9802,-502,12191,2922,0
-9801,-514,12164,2925,0
-9802,-512,12174,2924,0
-9814,-499,12192,2924,0
-9797,-520,12208,2929,0
-9815,-523,12200,2927,0
-9820,-501,12231,2929,0
-9817,-509,12183,2925,0
-9810,-499,12237,2932,0
-9811,-508,12185,2930,0
-9800,-497,12202,2928,0
-9803,-526,12227,2936,0
-9798,-519,12201,2926,0
-9823,-523,12207,2930,0
-9802,-528,12212,2929,0
-9783,-507,12189,2925,0
-9786,-533,12182,2928,0
-9816,-486,12183,2926,0
-9800,-500,12225,2931,0
-9809,-523,12206,2928,0
-9797,-520,12212,2926,0
-9790,-514,12166,2933,0
-9809,-510,12154,2924,0
-9805,-508,12177,2932,0
-9804,-487,12194,2929,0
-9820,-502,12205,2931,0
-9794,-510,12209,2919,0
-9825,-506,12215,2927,0
-9836,-530,12193,2929,0
-9817,-510,12205,2931,0
-9792,-522,12204,2923,0
-9802,-514,12181,2926,0
-9785,-497,12199,2926,0
-9795,-502,12166,2932,0
-9805,-510,12224,2926,0
-9787,-503,12200,2932,0
-9792,-506,12209,2928,0
-9826,-513,12244,2927,0
-9825,-507,12196,2929,0
-9822,-512,12191,2926,0
-9793,-501,12198,2929,0
-9828,-487,12202,2925,0
-9799,-525,12196,2926,0
-9801,-530,12184,2931,0
-9785,-527,12178,2928,0
-9811,-522,12208,2929,0
-9778,-505,12200,2932,0
-9800,-537,12219,2932,0
-9803,-516,12173,2928,0
-9798,-513,12220,2929,0
-9814,-518,12203,2929,0
-9801,-528,12184,2929,0
-9810,-527,12230,2929,0
-9819,-506,12219,2933,0
-9817,-502,12198,2925,0
-9798,-505,12215,2933,0
-9823,-504,12213,2933,0
-9790,-515,12208,2928,0
-9811,-512,12210,2934,0
-9797,-513,12192,2927,0
-9804,-510,12196,2927,0
-9820,-522,12229,2925,0
-9805,-526,12213,2930,0
-9791,-506,12194,2933,0
-9805,-515,12207,2928,0
-9806,-471,12191,2930,0
-9808,-497,12195,2933,0
-9809,-525,12211,2930,0
-9816,-504,12199,2924,0
-9794,-511,12172,2927,0
-9820,-499,12193,2934,0
-9821,-517,12169,2932,0
-9804,-511,12193,2925,0
-9808,-494,12195,2933,0
-9801,-496,12194,2928,0
-9812,-517,12183,2926,0
-9808,-507,12197,2931,0
-9797,-490,12223,2927,0
-9813,-527,12215,2932,0
-9791,-513,12207,2931,0
-9780,-494,12193,2936,0
-9795,-490,12174,2938,0
-9796,-529,12200,2929,0
-9808,-499,12208,2925,0
-9796,-513,12194,2924,0
-9812,-515,12201,2928,0
-9785,-516,12211,2930,0
-9807,-509,12216,2932,0
-9819,-502,12223,2933,0
-9811,-513,12200,2927,0
-9791,-515,12212,2929,0
-9810,-497,12199,2926,0
-9806,-505,12154,2928,0
-9795,-523,12161,2940,0
-9806,-518,12179,2933,0
-9782,-516,12191,2930,0
-9805,-511,12222,2927,0
-9813,-522,12195,2927,0
-9818,-528,12205,2939,0
-9818,-519,12219,2927,0
-9814,-517,12213,2930,0
-9794,-528,12215,2927,0
-9788,-492,12191,2932,0
-9815,-512,12207,2934,0
-9818,-523,12193,2926,0
-9794,-514,12189,2931,0
-9797,-510,12210,2953,0
-9784,-503,12175,2930,0
-9807,-499,12212,2933,0
-9816,-522,12185,2937,0
-9812,-540,12229,2934,0
-9814,-506,12223,2929,0
-9806,-463,12203,2932,0
-9795,-488,12186,2935,0
-9799,-512,12229,2929,0
-9809,-518,12204,2933,0
-9799,-526,12217,2932,0
-9801,-519,12209,2928,0
-9818,-498,12181,2937,0
-9809,-500,12250,2939,0
-9803,-539,12176,2937,0
-9811,-511,12219,2932,0
-9809,-503,12182,2935,0
-9795,-492,12202,2937,0
-9799,-519,12169,2934,0
-9781,-507,12178,2939,0
-9793,-503,12208,2937,0
-9807,-511,12206,2931,0
-9786,-501,12183,2937,0
-9810,-536,12243,2936,0
-9788,-505,12171,2937,0
-9816,-524,12211,2935,0
-9834,-495,12214,2937,0
-9794,-475,12188,2932,0
-9791,-532,12197,2945,0
-9808,-521,12203,2933,0
-9816,-500,12250,2941,0
-9782,-513,12242,2935,0
-9778,-506,12172,2942,0
-9790,-498,12196,2933,0
-9809,-514,12192,2940,0
-9794,-509,12200,2929,0
-9783,-510,12159,2945,0
-9755,-513,12196,2938,0
-9780,-508,12166,2939,0
-9809,-514,12205,2939,0
-9793,-490,12216,2939,0
-9820,-488,12208,2945,0
-9795,-526,12222,2934,0
-9792,-507,12193,2938,0
-9798,-505,12221,2930,0
-9801,-536,12206,2937,0
-9831,-524,12181,2937,0
-9797,-547,12193,2935,0
-9827,-514,12176,2932,0
-9786,-509,12177,2942,0
-9790,-530,12157,2936,0
-9787,-513,12168,2934,0
-9788,-503,12226,2940,0
-9838,-501,12225,2934,0
-9791,-510,12185,2934,0
-9817,-516,12161,2935,0
-9811,-518,12166,2937,0
-9813,-529,12190,2933,0
-9796,-519,12194,2933,0
-9812,-523,12203,2938,0
-9820,-516,12179,2923,0
-9793,-484,12196,2937,0
-9819,-506,12211,2940,0
-9771,-537,12216,2941,0
-9787,-520,12197,2934,0
-9797,-515,12225,2930,0
-9811,-518,12209,2936,0
-9809,-513,12177,2938,0
-9817,-532,12240,2943,0
-9801,-502,12222,2940,0
-9802,-507,12221,2935,0
-9804,-517,12207,2940,0
-9824,-520,12191,2940,0
-9809,-502,12218,2937,0
-9791,-508,12232,2938,0
-9792,-528,12181,2937,0
-9792,-514,12207,2937,0
-9804,-511,12205,2939,0
-9798,-519,12213,2942,0
-9798,-520,12195,2937,0
-9796,-510,12196,2933,0
-9804,-503,12208,2936,0
-9806,-502,12191,2944,0
-9800,-524,12205,2941,0
-9786,-523,12200,2937,0
-9801,-504,12164,2939,0
-9801,-518,12212,2931,0
-9800,-507,12221,2941,0
-9816,-494,12245,2938,0
-9788,-514,12203,2940,0
-9815,-511,12221,2936,0
-9816,-486,12186,2943,0
-9815,-506,12189,2940,0
-9816,-504,12134,2944,0
-9784,-476,12194,2941,0
-9781,-493,12225,2940,0
-9794,-518,12221,2939,0
-9814,-503,12201,2941,0
-9822,-511,12207,2936,0
-9809,-496,12167,2944,0
-9832,-504,12205,2939,0
-9834,-495,12188,2941,0
-9805,-502,12194,2941,0
-9810,-511,12212,2941,0
-9786,-526,12198,2937,0
-9794,-493,12206,2938,0
-9800,-508,12175,2935,0
-9816,-517,12160,2946,0
-9817,-511,12172,2940,0
-9815,-507,12214,2940,0
-9807,-509,12210,2937,0
-9808,-487,12197,2940,0
-9794,-499,12213,2941,0
-9786,-506,12196,2939,0
-9804,-535,12212,2943,0
-9802,-494,12201,2938,0
-9807,-497,12202,2944,0
-9804,-499,12205,2949,0
-9797,-528,12197,2940,0
-9794,-489,12241,2940,0
-9805,-512,12137,2943,0
-9811,-505,12205,2948,0
-9794,-515,12184,2941,0
-9805,-507,12214,2945,0
-9808,-512,12210,2936,0
-9807,-504,12193,2941,0
-9798,-500,12182,2936,0
-9788,-517,12185,2943,0
-9794,-536,12217,2944,0
-9810,-519,12191,2935,0
-9794,-535,12223,2939,0
-9812,-521,12152,2941,0
-9801,-525,12209,2944,0
-9787,-523,12218,2956,0
-9799,-497,12192,2941,0
-9813,-516,12174,2939,0
-9795,-524,12160,2944,0
-9820,-513,12200,2947,0
-9785,-530,12201,2940,0
-9830,-523,12202,2941,0
-9824,-511,12187,2942,0
-9793,-500,12176,2937,0
-9830,-496,12177,2950,0
-9784,-485,12203,2946,0
-9783,-491,12236,2944,0
-9787,-506,12196,2940,0
-9798,-497,12183,2945,0
-9804,-496,12207,2942,0
-9779,-500,12223,2938,0
-9788,-526,12234,2942,0
-9810,-488,12211,2939,0
-9805,-503,12187,2946,0
-9792,-512,12210,2944,0
-9829,-513,12208,2942,0
-9800,-486,12210,2941,0
-9791,-514,12189,2945,0
-9811,-509,12172,2941,0
-9804,-490,12178,2946,0
-9815,-483,12157,2940,0
-9816,-509,12204,2943,0
-9817,-508,12181,2930,0
-9801,-509,12181,2938,0
-9791,-508,12216,2944,0
-9800,-503,12185,2936,0
-9798,-511,12202,2941,0
-9817,-493,12187,2947,0
-9792,-526,12192,2939,0
-9810,-526,12227,2949,0
-9815,-543,12221,2948,0
-9821,-507,12205,2944,0
-9809,-509,12167,2938,0
-9818,-498,12205,2941,0
-9800,-499,12214,2947,0
-9804,-514,12223,2941,0
-9789,-494,12213,2945,0
-9796,-520,12199,2940,0
-9769,-521,12205,2939,0
-9801,-499,12151,2941,0
-9793,-508,12178,2940,0
-9799,-521,12182,2938,0
-9777,-503,12198,2936,0
-9781,-509,12207,2946,0
-9794,-517,12165,2944,0
-9814,-497,12211,2947,0
-9803,-532,12222,2945,0
-9798,-507,12214,2945,0
-9801,-521,12226,2937,0
-9811,-505,12186,2945,0
-9784,-495,12198,2950,0
-9788,-481,12223,2947,0
-9784,-498,12222,2939,0
-9811,-494,12196,2943,0
-9806,-533,12180,2950,0
-9798,-502,12173,2949,0
-9816,-510,12199,2941,0
-9810,-502,12213,2945,0
-9815,-483,12206,2935,0
-9809,-511,12206,2948,0
-9800,-495,12219,2945,0
-9810,-502,12199,2939,0
-9823,-519,12208,2940,0
-9822,-520,12192,2942,0
-9815,-501,12207,2941,0
-9804,-502,12166,2940,0
-9803,-518,12192,2945,0
-9810,-512,12196,2937,0
-9811,-513,12202,2942,0
-9838,-490,12226,2948,0
-9792,-524,12194,2942,0
-9813,-503,12209,2944,0
-9789,-511,12196,2938,0
-9814,-514,12163,2944,0
-9815,-498,12221,2941,0
-9797,-483,12204,2941,0
-9788,-532,12188,2946,0
-9805,-507,12223,2943,0
-9790,-496,12204,2941,0
-9788,-523,12230,2948,0
-9804,-500,12192,2940,0
-9798,-536,12226,2944,0
-9814,-513,12195,2948,0
-9795,-531,12191,2947,0
-9827,-502,12200,2950,0
-9790,-511,12214,2944,0
-9813,-484,12215,2939,0
-9801,-526,12190,2939,0
-9825,-518,12225,2940,0
-9790,-509,12223,2946,0
-9771,-498,12199,2940,0
-9792,-504,12174,2943,0
-9811,-509,12166,2940,0
-9805,-514,12182,2944,0
-9815,-508,12226,2945,0
-9835,-526,12191,2946,0
-9792,-511,12243,2935,0
-9797,-503,12217,2943,0
-9805,-516,12243,2930,0
-9813,-525,12206,2942,0
-9821,-525,12182,2941,0
-9825,-528,12187,2940,0
-9818,-496,12180,2943,0
-9805,-518,12227,2947,0
-9820,-500,12217,2943,0
-9806,-514,12197,2947,0
-9803,-526,12194,2942,0
-9833,-492,12199,2952,0
-9812,-511,12190,2944,0
-9816,-487,12191,2946,0
-9803,-497,12194,2944,0
-9809,-501,12228,2942,0
-9796,-518,12243,2939,0
-9811,-489,12208,2943,0
-9795,-512,12180,2946,0
-9800,-511,12194,2941,0
-9808,-518,12190,2939,0
-9805,-510,12183,2936,0
-9813,-508,12183,2959,0
-9797,-512,12190,2952,0
-9794,-496,12206,2947,0
-9791,-510,12210,2934,0
-9793,-505,12211,2935,0
-9816,-499,12186,2943,0
-9819,-526,12191,2947,0
-9806,-515,12179,2941,0
-9806,-522,12198,2935,0
-9817,-508,12190,2951,0
-9797,-519,12190,2942,0
-9802,-523,12199,2948,0
-9819,-524,12180,2941,0
-9800,-520,12198,2943,0
-9805,-505,12213,2935,0
-9820,-522,12195,2950,0
-9795,-512,12215,2941,0
-9813,-534,12197,2946,0
-9808,-520,12193,2936,0
-9815,-518,12201,2936,0
-9791,-501,12177,2934,0
-9793,-516,12229,2941,0
-9809,-511,12181,2935,0
-9803,-514,12194,2932,0
-9801,-517,12180,2941,0
-9810,-510,12225,2943,0
-9813,-494,12231,2942,0
-9801,-514,12195,2940,0
-9790,-533,12239,2944,0
-9813,-501,12210,2942,0
-9807,-511,12209,2943,0
-9807,-530,12182,2945,0
-9796,-515,12215,2937,0
-9816,-519,12209,2945,0
-9796,-496,12218,2926,0
-9809,-518,12181,2938,0
-9826,-518,12194,2946,0
-9786,-520,12189,2947,0
-9819,-528,12149,2938,0
-9778,-530,12186,2938,0
-9783,-490,12187,2941,0
-9805,-502,12213,2946,0
-9803,-512,12211,2940,0
-9790,-496,12186,2934,0
-9808,-511,12195,2937,0
-9821,-517,12175,2942,0
-9791,-518,12210,2941,0
-9815,-528,12211,2938,0
-9787,-499,12205,2939,0
-9791,-505,12219,2934,0
-9801,-510,12201,2939,0
-9809,-508,12162,2940,0
-9831,-520,12207,2937,0
-9801,-518,12231,2939,0
-9793,-509,12193,2940,0
-9811,-523,12217,2939,0
-9789,-526,12198,2945,0
-9810,-513,12201,2942,0
-9813,-526,12186,2941,0
-9806,-506,12242,2936,0
-9826,-518,12241,2939,0
-9794,-503,12228,2938,0
-9808,-512,12192,2934,0
-9782,-524,12184,2937,0
-9809,-498,12224,2929,0
-9790,-530,12198,2933,0
-9806,-525,12187,2935,0
-9802,-529,12214,2964,0
-9829,-527,12220,2939,0
-9800,-492,12206,2934,0
-9815,-514,12225,2935,0
-9814,-514,12197,2944,0
-9800,-497,12188,2943,0
-9818,-512,12197,2943,0
-9827,-507,12224,2931,0
-9804,-545,12171,2939,0
-9819,-506,12211,2938,0
-9807,-509,12183,2938,0
-9825,-530,12213,2937,0
-9815,-517,12208,2941,0
-9804,-493,12228,2944,0
-9809,-492,12188,2942,0
-9813,-531,12203,2947,0
-9782,-519,12193,2942,0
-9807,-496,12210,2936,0
-9798,-527,12193,2939,0
-9775,-501,12173,2939,0
-9785,-482,12181,2939,0
-9782,-550,12203,2941,0
-9811,-512,12219,2944,0
-9800,-519,12237,2937,0
-9821,-520,12204,2942,0
-9801,-541,12194,2941,0
-9822,-516,12220,2937,0
-9808,-515,12201,2941,0
-9792,-537,12198,2937,0
-9783,-507,12206,2941,0
-9815,-520,12203,2937,0
-9815,-487,12218,2945,0
-9786,-519,12206,2936,0
-9793,-525,12203,2943,0
-9820,-498,12202,2940,0
-9824,-525,12173,2940,0
-9816,-514,12171,2945,0
-9814,-505,12220,2937,0
-9801,-503,12178,2947,0
-9805,-507,12227,2936,0
-9817,-512,12205,2949,0
-9814,-532,12173,2935,0
-9839,-534,12195,2937,0
-9793,-518,12189,2944,0
-9827,-519,12172,2939,0
-9801,-504,12194,2936,0
-9810,-520,12181,2946,0
-9825,-521,12199,2938,0
-9811,-518,12185,2948,0
-9817,-506,12230,2946,0
-9805,-497,12222,2942,0
-9792,-524,12224,2933,0
-9798,-514,12212,2942,0
-9820,-520,12185,2944,0
-9797,-529,12201,2944,0
-9805,-502,12218,2937,0
-9812,-512,12165,2944,0
-9808,-510,12185,2942,0
-9787,-503,12211,2943,0
-9802,-505,12209,2941,0
-9803,-528,12235,2943,0
-9799,-526,12188,2941,0
-9805,-531,12176,2943,0
-9788,-530,12218,2939,0
-9797,-524,12204,2947,0
-9806,-520,12192,2942,0
-9804,-549,12212,2939,0
-9808,-522,12145,2936,0
-9812,-510,12202,2941,0
-9795,-491,12179,2943,0
-9790,-530,12211,2934,0
-9793,-507,12205,2939,0
-9802,-512,12217,2937,0
-9812,-495,12204,2966,0
-9795,-512,12222,2948,0
-9796,-530,12182,2938,0
-9789,-500,12200,2943,0
-9823,-512,12222,2939,0
-9827,-509,12191,2941,0
-9819,-517,12182,2951,0
-9806,-535,12196,2945,0
-9792,-524,12191,2938,0
-9817,-506,12172,2943,0
-9796,-531,12188,2939,0
-9797,-504,12159,2943,0
-9806,-526,12203,2943,0
-9796,-497,12229,2945,0
-9794,-523,12202,2943,0
-9818,-524,12227,2939,0
-9800,-522,12218,2945,0
-9809,-512,12202,2942,0
-9808,-523,12168,2948,0
-9814,-506,12182,2933,0
-9817,-513,12214,2948,0
-9810,-531,12193,2950,0
-9804,-518,12176,2948,0
-9814,-523,12196,2946,0
-9789,-549,12203,2948,0
-9799,-526,12197,2942,0
-9819,-512,12228,2942,0
-9783,-554,12224,2946,0
-9799,-492,12160,2942,0
-9789,-506,12184,2945,0
-9795,-500,12211,2944,0
-9828,-503,12175,2948,0
-9799,-491,12202,2941,0
-9811,-497,12145,2937,0
-9804,-518,12162,2941,0
-9820,-516,12172,2943,0
-9796,-503,12209,2947,0
-9822,-517,12193,2948,0
-9829,-475,12181,2938,0
-9805,-507,12212,2938,0
-9780,-511,12216,2947,0
-9822,-505,12178,2949,0
-9829,-501,12214,2949,0
-9790,-496,12211,2940,0
-9796,-516,12208,2939,0
-9812,-501,12201,2941,0
-9813,-526,12197,2944,0
-9810,-525,12242,2945,0
-9805,-530,12204,2944,0
-9827,-507,12203,2943,0
-9793,-524,12240,2946,0
-9814,-525,12193,2938,0
-9810,-503,12205,2941,0
-9804,-520,12229,2930,0
-9804,-524,12196,2939,0
-9797,-520,12195,2936,0
-9810,-530,12205,2942,0
-9791,-515,12223,2938,0
-9804,-520,12178,2943,0
-9820,-508,12211,2945,0
-9807,-531,12192,2942,0
-9810,-510,12189,2936,0
-9813,-492,12200,2939,0
-9813,-523,12173,2936,0
-9808,-504,12211,2940,0
-9805,-529,12198,2931,0
-9809,-534,12180,2940,0
-9814,-503,12199,2942,0
-9797,-517,12207,2941,0
-9777,-512,12218,2938,0
-9792,-513,12189,2939,0
-9791,-534,12174,2946,0
-9803,-529,12143,2940,0
-9811,-513,12198,2937,0
-9821,-503,12182,2936,0
-9775,-527,12187,2937,0
-9814,-497,12213,2937,0
-9825,-501,12199,2943,0
-9811,-509,12235,2941,0
-9795,-533,12198,2934,0
-9810,-525,12204,2939,0
-9841,-514,12228,2942,0
-9801,-524,12186,2964,0
-9799,-522,12174,2936,0
-9806,-525,12197,2938,0
-9816,-544,12202,2924,0
-9824,-531,12210,2942,0
-9822,-498,12190,2936,0
-9826,-514,12178,2938,0
-9818,-535,12214,2935,0
-9802,-520,12192,2939,0
-9802,-525,12211,2941,0
-9825,-493,12212,2944,0
-9820,-525,12174,2942,0
-9807,-530,12146,2944,0
-9797,-504,12239,2942,0
-9799,-517,12233,2946,0
-9790,-515,12186,2944,0
-9809,-500,12165,2940,0
-9790,-509,12164,2946,0
-9799,-506,12190,2940,0
-9812,-503,12203,2948,0
-9801,-535,12239,2943,0
-9794,-521,12205,2944,0
-9812,-492,12157,2938,0
-9797,-520,12166,2944,0
-9804,-510,12175,2943,0
-9816,-518,12189,2942,0
-9798,-511,12171,2944,0
-9806,-509,12195,2948,0
-9812,-527,12190,2948,0
-9821,-535,12187,2947,0
-9783,-509,12214,2944,0
-9796,-503,12245,2944,0
-9813,-542,12181,2945,0
-9809,-516,12178,2945,0
-9820,-516,12197,2939,0
-9822,-518,12189,2945,0
-9814,-519,12217,2942,0
-9812,-524,12215,2943,0
-9811,-524,12188,2945,0
-9812,-531,12222,2946,0
-9803,-513,12210,2944,0
-9800,-544,12226,2945,0
-9804,-506,12199,2944,0
-9800,-488,12190,2943,0
-9789,-501,12231,2947,0
-9806,-537,12175,2946,0
-9806,-509,12227,2945,0
-9799,-506,12160,2947,0
-9808,-527,12225,2944,0
-9776,-474,12261,2947,0
-9819,-514,12211,2937,0
-9814,-527,12241,2941,0
-9809,-498,12208,2947,0
-9804,-529,12189,2945,0
-9806,-533,12180,2939,0
-9809,-517,12199,2941,0
-9802,-494,12191,2938,0
-9787,-492,12208,2936,0
-9802,-510,12199,2940,0
-9826,-533,12206,2949,0
-9810,-492,12163,2942,0
-9822,-490,12186,2946,0
-9817,-505,12201,2945,0
-9797,-483,12208,2945,0
-9818,-497,12164,2947,0
-9822,-509,12181,2940,0
-9799,-506,12212,2946,0
-9817,-504,12203,2947,0
-9827,-524,12218,2944,0
-9791,-504,12215,2948,0
-9793,-508,12182,2938,0
-9813,-507,12182,2946,0
-9818,-508,12165,2938,0
-9820,-504,12220,2947,0
-9814,-521,12209,2944,0
-9783,-529,12188,2940,0
-9803,-481,12171,2945,0
-9811,-509,12154,2942,0
-9773,-515,12173,2945,0
-9807,-520,12190,2942,0
-9816,-522,12180,2945,0
-9809,-523,12236,2944,0
-9807,-518,12228,2942,0
-9790,-546,12184,2948,0
-9806,-538,12172,2943,0
-9812,-515,12196,2949,0
-9807,-499,12139,2942,0
-9790,-496,12165,2944,0
-9798,-533,12214,2945,0
-9823,-508,12180,2947,0
-9816,-526,12158,2945,0
-9824,-511,12213,2944,0
-9810,-502,12176,2949,0
-9807,-527,12191,2948,0
-9798,-509,12180,2943,0
-9795,-528,12194,2949,0
-9805,-514,12201,2944,0
-9794,-509,12211,2945,0
-9791,-515,12205,2943,0
-9815,-485,12187,2941,0
-9805,-508,12155,2948,0
-9794,-516,12216,2951,0
-9817,-502,12183,2947,0
-9823,-514,12201,2944,0
-9817,-513,12197,2942,0
-9808,-514,12210,2960,0
-9822,-538,12192,2944,0
-9775,-507,12222,2948,0
-9817,-498,12203,2944,0
-9814,-508,12186,2948,0
-9800,-531,12201,2943,0
-9810,-523,12181,2943,0
-9813,-546,12180,2947,0
-9798,-509,12189,2945,0
-9802,-511,12202,2948,0
-9828,-523,12181,2943,0
-9820,-512,12191,2947,0
-9802,-529,12185,2942,0
-9814,-530,12178,2944,0
-9816,-526,12200,2940,0
-9804,-520,12183,2942,0
-9801,-551,12189,2946,0
-9800,-526,12226,2940,0
-9792,-512,12179,2945,0
-9809,-501,12162,2949,0
-9793,-516,12184,2947,0
-9805,-495,12204,2941,0
-9822,-515,12196,2946,0
-9814,-519,12177,2944,0
-9813,-499,12170,2951,0
-9820,-525,12165,2940,0
-9816,-518,12195,2944,0
-9781,-520,12203,2947,0
-9805,-510,12194,2947,0
-9819,-508,12195,2947,0
-9792,-518,12187,2944,0
-9791,-540,12221,2942,0
-9788,-518,12203,2940,0
-9807,-507,12185,2972,0
-9798,-518,12193,2950,0
-9792,-517,12177,2942,0
-9801,-521,12234,2944,0
-9786,-517,12183,2944,0
-9810,-520,12201,2947,0
-9811,-539,12190,2947,0
-9794,-514,12181,2946,0
-9808,-518,12211,2936,0
-9798,-512,12191,2944,0
-9814,-519,12209,2943,0
-9812,-530,12207,2946,0
-9795,-502,12203,2940,0
-9812,-533,12177,2944,0
-9793,-496,12207,2942,0
-9825,-509,12215,2944,0
-9809,-514,12181,2946,0
-9809,-511,12202,2941,0
-9792,-506,12200,2946,0
-9803,-496,12178,2947,0
-9805,-530,12185,2941,0
-9802,-522,12179,2945,0
-9818,-512,12182,2946,0
-9816,-500,12225,2947,0
-9803,-494,12203,2947,0
-9797,-511,12162,2947,0
-9833,-489,12155,2940,0
-9796,-520,12166,2944,0
-9795,-533,12156,2945,0
-9806,-519,12172,2941,0
-9832,-499,12194,2943,0
-9798,-504,12172,2955,0
-9796,-515,12167,2949,0
-9805,-515,12205,2944,0
-9821,-517,12181,2947,0
-9823,-523,12229,2948,0
-9788,-533,12206,2949,0
-9801,-522,12199,2944,0
-9806,-496,12184,2947,0
-9795,-512,12188,2947,0
-9800,-535,12211,2938,0
-9822,-539,12177,2946,0
-9815,-522,12169,2945,0
-9792,-544,12163,2945,0
-9807,-527,12193,2940,0
-9813,-517,12216,2948,0
-9827,-530,12197,2956,0
-9819,-511,12204,2945,0
-9815,-534,12233,2947,0
-9813,-517,12191,2946,0
-9809,-515,12187,2949,0
-9801,-521,12177,2945,0
-9799,-518,12196,2946,0
-9797,-522,12174,2947,0
-9799,-524,12208,2945,0
-9815,-519,12200,2942,0
-9801,-523,12212,2947,0
-9828,-519,12205,2943,0
-9820,-519,12222,2941,0
-9812,-499,12172,2943,0
-9794,-533,12215,2942,0
-9810,-523,12183,2950,0
-9794,-528,12186,2946,0
-9792,-487,12196,2941,0
-9788,-509,12203,2936,0
-9810,-510,12153,2949,0
-9807,-544,12200,2945,0
-9799,-529,12214,2945,0
-9796,-530,12200,2943,0
-9800,-527,12199,2951,0
-9791,-525,12210,2942,0
-9814,-510,12185,2948,0
-9795,-515,12204,2947,0
-9794,-523,12208,2942,0
-9800,-489,12209,2940,0
-9785,-510,12190,2945,0
-9786,-528,12206,2946,0
-9808,-523,12197,2944,0
-9796,-499,12197,2945,0
-9795,-499,12185,2946,0
-9789,-529,12194,2946,0
-9812,-525,12171,2949,0
-9806,-534,12229,2947,0
-9820,-511,12206,2946,0
-9800,-503,12189,2950,0
-9799,-504,12210,2947,0
-9799,-507,12182,2950,0
-9794,-506,12176,2952,0
-9820,-488,12227,2945,0
-9818,-498,12204,2945,0
-9809,-505,12198,2950,0
-9800,-527,12177,2954,0
-9798,-520,12209,2945,0
-9801,-511,12191,2946,0
-9809,-519,12199,2951,0
-9813,-525,12191,2943,0
-9798,-524,12187,2947,0
-9818,-526,12166,2950,0
-9805,-515,12207,2947,0
-9811,-481,12191,2950,0
-9809,-523,12213,2951,0
-9792,-515,12181,2946,0
-9810,-523,12222,2947,0
-9803,-508,12178,2947,0
-9828,-502,12158,2949,0
-9814,-530,12175,2968,0
-9826,-524,12158,2946,0
-9799,-517,12205,2947,0
-9796,-528,12179,2942,0
-9808,-517,12233,2946,0
-9821,-504,12178,2946,0
-9801,-521,12176,2947,0
-9809,-491,12210,2949,0
-9801,-507,12165,2946,0
-9822,-531,12167,2950,0
-9798,-514,12215,2948,0
-9816,-503,12195,2956,0
-9795,-517,12204,2945,0
-9798,-520,12215,2942,0
-9818,-527,12204,2948,0
-9799,-502,12204,2945,0
-9814,-520,12172,2957,0
-9823,-507,12204,2954,0
-9792,-518,12219,2947,0
-9816,-527,12180,2949,0
-9819,-502,12202,2949,0
-9835,-499,12229,2946,0
-9816,-527,12194,2952,0
-9789,-512,12206,2953,0
-9792,-506,12212,2945,0
-9797,-517,12230,2950,0
-9795,-517,12202,2951,0
-9804,-523,12179,2948,0
-9814,-514,12193,2949,0
-9817,-531,12178,2948,0
-9802,-510,12228,2949,0
-9805,-523,12189,2940,0
-9788,-508,12192,2934,0
-9809,-493,12181,2948,0
-9793,-513,12194,2945,0
-9822,-518,12159,2945,0
-9817,-519,12163,2947,0
-9801,-524,12202,2943,0
-9799,-532,12181,2944,0
-9806,-494,12184,2947,0
-9800,-518,12216,2948,0
-9793,-516,12202,2949,0
-9802,-508,12152,2943,0
-9813,-532,12166,2944,0
-9788,-513,12151,2942,0
-9815,-503,12218,2946,0
-9822,-476,12195,2952,0
-9779,-481,12194,2947,0
-9804,-505,12229,2950,0
-9808,-512,12190,2947,0
-9804,-503,12223,2943,0
-9801,-500,12210,2953,0
-9808,-529,12210,2950,0
-9825,-516,12202,2947,0
-9816,-498,12178,2943,0
-9817,-495,12179,2943,0
-9796,-525,12201,2943,0
-9815,-526,12219,2950,0
-9794,-505,12209,2945,0
-9798,-489,12192,2944,0
-9813,-486,12173,2950,0
-9796,-502,12237,2954,0
-9803,-496,12211,2952,0
-9811,-528,12185,2948,0
-9827,-516,12194,2946,0
-9802,-511,12171,2949,0
-9808,-520,12215,2944,0
-9775,-522,12212,2953,0
-9797,-502,12242,2945,0
-9799,-526,12221,2940,0
-9811,-515,12222,2944,0
-9808,-517,12192,2942,0
-9813,-533,12183,2954,0
-9813,-526,12174,2943,0
-9814,-519,12180,2947,0
-9809,-530,12177,2942,0
-9805,-517,12186,2947,0
-9808,-512,12238,2945,0
-9815,-534,12219,2946,0
-9794,-518,12226,2943,0
-9789,-518,12193,2951,0
-9799,-527,12179,2949,0
-9798,-501,12180,2946,0
-9803,-504,12198,2947,0
-9814,-513,12201,2943,0
-9806,-501,12182,2956,0
-9802,-509,12200,2947,0
-9814,-525,12188,2944,0
-9805,-542,12194,2951,0
-9775,-500,12179,2945,0
-9815,-536,12219,2951,0
-9806,-509,12206,2942,0
-9798,-522,12162,2948,0
-9821,-489,12170,2945,0
-9801,-511,12198,2942,0
-9813,-499,12185,2948,0
-9786,-526,12204,2945,0
-9789,-533,12191,2956,0
-9774,-520,12204,2947,0
-9795,-497,12194,2946,0
-9790,-520,12176,2942,0
-9798,-510,12188,2955,0
-9775,-514,12150,2950,0
-9814,-520,12192,2947,0
-9813,-512,12203,2952,0
-9800,-513,12212,2945,0
-9809,-522,12213,2951,0
-9804,-532,12212,2949,0
-9814,-484,12203,2949,0
-9810,-506,12205,2947,0
-9805,-502,12192,2941,0
-9812,-514,12176,2950,0
-9805,-494,12217,2944,0
-9810,-501,12168,2952,0
-9805,-497,12170,2946,0
-9799,-530,12178,2964,0
-9822,-512,12219,2945,0
-9809,-527,12150,2936,0
-9807,-529,12173,2938,0
-9800,-516,12159,2941,0
-9806,-531,12182,2950,0
-9802,-545,12186,2949,0
-9800,-505,12222,2952,0
-9804,-518,12177,2943,0
-9802,-488,12208,2947,0
-9788,-529,12185,2953,0
-9796,-481,12153,2950,0
-9792,-521,12198,2949,0
-9808,-529,12165,2946,0
-9799,-510,12184,2941,0
-9787,-480,12165,2943,0
-9804,-510,12175,2942,0
-9799,-518,12219,2951,0
-9775,-518,12167,2947,0
-9772,-505,12155,2938,0
-9802,-495,12176,2944,0
-9798,-510,12176,2949,0
-9796,-508,12219,2946,0
-9807,-518,12185,2945,0
-9797,-509,12180,2941,0
-9813,-501,12190,2943,0
-9809,-501,12196,2944,0
-9785,-508,12177,2949,0
-9801,-538,12200,2943,0
-9808,-515,12183,2947,0
-9812,-513,12171,2951,0
-9812,-529,12157,2939,0
-9805,-507,12216,2945,0
-9817,-499,12173,2949,0
-9802,-517,12193,2940,0
-9805,-498,12179,2940,0
-9804,-507,12207,2951,0
-9809,-511,12172,2946,0
-9803,-518,12231,2945,0
-9809,-508,12207,2953,0
-9801,-497,12176,2951,0
-9793,-519,12160,2947,0
-9783,-511,12192,2948,0
-9774,-495,12157,2951,0
-9796,-506,12204,2955,0
-9796,-497,12222,2956,0
-9794,-511,12188,2950,0
-9792,-493,12187,2952,0
-9791,-512,12201,2950,0
-9815,-510,12188,2956,0
-9826,-521,12187,2949,0
-9811,-513,12149,2951,0
-9793,-500,12168,2954,0
-9799,-475,12190,2956,0
-9784,-498,12207,2948,0
-9801,-500,12234,2955,0
-9794,-498,12197,2955,0
-9778,-503,12181,2957,0
-9789,-491,12174,2950,0
-9804,-500,12196,2956,0
-9809,-521,12224,2955,0
-9808,-515,12204,2956,0
-9805,-515,12163,2955,0
-9804,-488,12183,2954,0
-9802,-500,12208,2956,0
-9802,-504,12185,2953,0
-9815,-494,12203,2956,0
-9823,-506,12198,2958,0
-9785,-520,12192,2954,0
-9837,-528,12197,2949,0
-9818,-530,12176,2949,0
-9779,-522,12231,2960,0
-9801,-510,12203,2959,0
-9807,-517,12197,2954,0
-9800,-516,12209,2951,0
-9785,-516,12204,2957,0
-9787,-505,12190,2956,0
-9798,-512,12163,2957,0
-9784,-512,12182,2952,0
-9804,-502,12199,2952,0
-9817,-519,12191,2963,0
-9799,-530,12204,2965,0
-9820,-509,12220,2957,0
-9828,-526,12185,2955,0
-9801,-516,12203,2971,0
-9817,-514,12224,2970,0
-9801,-504,12215,2966,0
-9810,-497,12203,2965,0
-9819,-498,12218,2961,0
-9810,-534,12197,2965,0
-9796,-519,12208,2959,0
-9791,-527,12203,2956,0
-9821,-507,12184,2963,0
-9808,-508,12208,2955,0
-9816,-518,12185,2956,0
-9789,-519,12166,2955,0
-9812,-528,12198,2955,0
-9791,-510,12211,2962,0
-9811,-508,12213,2958,0
-9836,-503,12168,2960,0
-9795,-518,12168,2959,0
-9805,-503,12205,2955,0
-9814,-508,12218,2952,0
-9800,-505,12206,2963,0
-9824,-513,12169,2953,0
-9801,-507,12172,2953,0
-9781,-527,12180,2956,0
-9803,-499,12186,2961,0
-9807,-517,12193,2961,0
-9775,-512,12207,2958,0
-9791,-501,12203,2956,0
-9801,-508,12226,2956,0
-9818,-503,12196,2955,0
-9789,-512,12217,2964,0
-9813,-497,12211,2951,0
-9827,-514,12234,2957,0
-9789,-507,12203,2952,0
-9812,-516,12220,2960,0
-9797,-520,12207,2952,0
-9808,-520,12198,2955,0
-9817,-506,12197,2965,0
-9804,-504,12191,2952,0
-9800,-495,12212,2964,0
-9808,-517,12187,2964,0
-9808,-533,12199,2956,0
-9806,-492,12190,2956,0
-9813,-524,12185,2959,0
-9816,-495,12151,2958,0
-9811,-501,12192,2963,0
-9819,-494,12205,2958,0
-9775,-520,12193,2955,0
-9786,-507,12197,2969,0
-9801,-494,12188,2961,0
-9813,-504,12162,2954,0
-9824,-525,12187,2953,0
-9805,-529,12194,2961,0
-9819,-497,12212,2957,0
-9788,-526,12185,2955,0
-9808,-504,12182,2952,0
-9820,-502,12209,2957,0
-9792,-513,12208,2950,0
-9797,-509,12242,2955,0
-9815,-526,12203,2956,0
-9806,-534,12195,2954,0
-9798,-521,12171,2957,0
-9797,-505,12202,2952,0
-9804,-517,12181,2959,0
-9800,-514,12196,2963,0
-9842,-510,12205,2963,0
-9818,-503,12192,2958,0
-9806,-539,12216,2963,0
-9821,-522,12180,2959,0
-9829,-524,12210,2967,0
-9809,-526,12201,2959,0
-9818,-523,12237,2955,0
-9798,-510,12182,2960,0
-9806,-518,12192,2964,0
-9803,-514,12158,2958,0
-9803,-493,12206,2957,0
-9804,-515,12186,2961,0
-9780,-520,12199,2963,0
-9787,-523,12173,2965,0
-9800,-488,12190,2957,0
-9805,-484,12198,2957,0
-9809,-524,12187,2963,0
-9805,-528,12177,2961,0
-9799,-513,12203,2960,0
-9794,-511,12197,2952,0
-9800,-512,12212,2959,0
-9816,-521,12212,2960,0
-9810,-510,12236,2959,0
-9826,-500,12206,2957,0
-9803,-498,12222,2961,0
-9779,-530,12161,2959,0
-9788,-504,12178,2958,0
-9797,-509,12186,2954,0
-9809,-510,12173,2961,0
-9793,-520,12167,2957,0
-9788,-506,12190,2957,0
-9796,-515,12172,2956,0
-9777,-510,12207,2958,0
-9810,-491,12209,2960,0
-9810,-515,12205,2958,0
-9811,-487,12229,2954,0
-9806,-491,12205,2957,0
-9811,-500,12188,2959,0
-9785,-495,12193,2957,0
-9792,-507,12204,2964,0
-9818,-513,12181,2962,0
-9813,-480,12169,2956,0
-9795,-514,12162,2956,0
-9810,-502,12202,2959,0
-9822,-497,12203,2960,0
-9784,-515,12225,2960,0
-9799,-512,12171,2960,0
-9823,-510,12186,2959,0
-9806,-508,12212,2957,0
-9787,-517,12226,2961,0
-9805,-516,12233,2956,0
-9811,-484,12199,2957,0
-9831,-480,12165,2962,0
-9815,-520,12181,2950,0
-9832,-529,12206,2956,0
-9820,-505,12177,2955,0
-9807,-502,12150,2955,0
-9807,-500,12188,2957,0
-9821,-523,12186,2962,0
-9793,-526,12219,2954,0
-9790,-506,12222,2956,0
-9797,-490,12195,2954,0
-9785,-503,12156,2955,0
-9811,-492,12187,2957,0
-9803,-501,12166,2958,0
-9806,-499,12192,2959,0
-9808,-519,12167,2956,0
-9798,-487,12215,2959,0
-9808,-494,12191,2956,0
-9778,-501,12171,2957,0
-9782,-520,12197,2951,0
-9788,-522,12187,2953,0
-9767,-507,12179,2958,0
-9788,-528,12214,2955,0
-9796,-518,12206,2959,0
-9796,-528,12168,2961,0
-9807,-507,12190,2958,0
-9803,-522,12186,2958,0
-9794,-514,12231,2957,0
-9771,-505,12170,2955,0
-9812,-493,12200,2960,0
-9812,-523,12193,2956,0
-9828,-509,12177,2956,0
-9796,-520,12176,2953,0
-9806,-509,12180,2959,0
-9790,-524,12222,2956,0
-9812,-527,12200,2956,0
-9805,-496,12193,2959,0
-9795,-526,12169,2956,0
-9805,-507,12221,2963,0
-9816,-523,12173,2956,0
-9802,-527,12190,2954,0
-9804,-516,12233,2961,0
-9804,-492,12192,2956,0
-9808,-502,12164,2954,0
-9827,-535,12177,2951,0
-9799,-499,12218,2951,0
-9803,-522,12229,2957,0
-9798,-487,12195,2954,0
-9782,-496,12196,2952,0
-9794,-537,12170,2957,0
-9806,-504,12203,2956,0
-9805,-508,12206,2953,0
-9812,-509,12219,2958,0
-9803,-514,12167,2959,0
-9782,-515,12200,2953,0
-9788,-505,12202,2956,0
-9800,-520,12162,2956,0
-9810,-522,12186,2958,0
-9803,-516,12187,2951,0
-9821,-522,12210,2954,0
-9808,-486,12196,2953,0
-9792,-503,12185,2954,0
-9796,-501,12192,2950,0
-9794,-507,12197,2952,0
-9796,-508,12185,2954,0
-9801,-489,12207,2956,0
-9807,-494,12206,2961,0
-9795,-504,12204,2951,0
-9793,-532,12160,2959,0
-9811,-495,12165,2960,0
-9789,-509,12167,2967,0
-9799,-539,12202,2956,0
-9780,-515,12220,2953,0
-9818,-538,12223,2959,0
-9808,-522,12212,2954,0
-9790,-510,12190,2951,0
-9813,-510,12207,2956,0
-9783,-513,12212,2950,0
-9813,-528,12192,2959,0
-9795,-520,12230,2951,0
-9791,-495,12180,2956,0
-9783,-531,12207,2953,0
-9823,-531,12217,2959,0
-9804,-500,12199,2956,0
-9809,-510,12202,2951,0
-9826,-500,12168,2953,0
-9807,-513,12210,2958,0
-9797,-515,12185,2955,0
-9821,-508,12183,2961,0
-9811,-501,12218,2958,0
-9811,-514,12228,2957,0
-9794,-510,12218,2955,0
-9809,-510,12196,2958,0
-9818,-516,12199,2958,0
-9796,-523,12208,2958,0
-9823,-519,12155,2957,0
-9808,-511,12196,2956,0
-9812,-501,12185,2954,0
-9818,-486,12202,2955,0
-9797,-518,12213,2951,0
-9818,-527,12188,2959,0
-9787,-506,12205,2955,0
-9803,-509,12207,2960,0
-9809,-497,12199,2951,0
-9800,-508,12147,2955,0
-9786,-499,12191,2953,0
-9798,-506,12197,2954,0
-9792,-526,12188,2961,0
-9800,-494,12195,2956,0
-9797,-516,12182,2954,0
-9785,-505,12212,2957,0
-9800,-505,12187,2958,0
-9814,-541,12212,2952,0
-9807,-520,12220,2957,0
-9801,-533,12169,2948,0
-9791,-518,12196,2954,0
-9810,-503,12203,2951,0
-9803,-511,12182,2956,0
-9811,-489,12229,2956,0
-9805,-521,12233,2955,0
-9807,-506,12197,2961,0
-9797,-527,12194,2956,0
-9786,-508,12182,2954,0
-9800,-512,12173,2957,0
-9787,-521,12238,2954,0
-9811,-517,12204,2964,0
-9812,-522,12195,2956,0
-9822,-521,12233,2962,0
-9815,-516,12163,2952,0
-9784,-526,12205,2962,0
-9809,-512,12224,2960,0
-9801,-494,12223,2954,0
-9789,-488,12183,2951,0
-9815,-511,12248,2954,0
-9823,-514,12220,2959,0
-9807,-504,12215,2953,0
-9802,-487,12218,2953,0
-9819,-528,12194,2958,0
-9824,-514,12218,2952,0
-9803,-507,12218,2956,0
-9817,-523,12214,2961,0
-9814,-513,12185,2955,0
-9790,-524,12204,2966,0
-9812,-507,12220,2959,0
-9813,-512,12240,2963,0
-9805,-529,12182,2953,0
-9793,-517,12245,2959,0
-9815,-515,12190,2953,0
-9804,-491,12182,2955,0
-9805,-512,12203,2961,0
-9805,-519,12221,2955,0
-9822,-503,12204,2955,0
-9812,-499,12177,2953,0
-9813,-504,12216,2949,0
-9809,-509,12213,2949,0
-9800,-504,12245,2953,0
-9824,-499,12188,2956,0
-9798,-520,12192,2950,0
-9800,-521,12195,2961,0
-9787,-508,12162,2955,0
-9794,-495,12229,2959,0
-9793,-502,12155,2949,0
-9791,-529,12182,2956,0
-9809,-517,12194,2960,0
-9794,-497,12218,2955,0
-9791,-495,12190,2957,0
-9808,-521,12215,2958,0
-9802,-508,12199,2954,0
-9794,-502,12198,2959,0
-9781,-525,12204,2954,0
-9793,-514,12220,2956,0
-9809,-512,12198,2950,0
-9801,-506,12206,2960,0
-9792,-506,12213,2962,0
-9788,-524,12176,2950,0
-9801,-544,12181,2956,0
-9810,-494,12220,2951,0
-9807,-502,12203,2943,0
-9793,-524,12181,2954,0
-9812,-519,12208,2954,0
-9811,-500,12206,2954,0
-9824,-529,12183,2953,0
-9792,-523,12197,2955,0
-9813,-519,12209,2957,0
-9796,-525,12197,2956,0
-9771,-522,12186,2966,0
-9779,-522,12188,2956,0
-9825,-518,12207,2957,0
-9783,-510,12208,2958,0
-9814,-499,12169,2957,0
-9804,-498,12219,2959,0
-9793,-514,12179,2955,0
-9801,-510,12220,2949,0
-9799,-514,12192,2956,0
-9803,-537,12204,2950,0
-9820,-526,12219,2953,0
-9807,-514,12201,2953,0
-9805,-518,12236,2963,0
-9791,-526,12239,2962,0
-9808,-515,12179,2953,0
-9802,-509,12213,2959,0
-9784,-522,12182,2955,0
-9795,-515,12195,2951,0
-9798,-512,12177,2956,0
-9795,-483,12194,2956,0
-9785,-518,12232,2956,0
-9803,-536,12200,2958,0
-9814,-507,12222,2959,0
-9807,-506,12220,2960,0
-9796,-527,12212,2957,0
-9806,-493,12210,2952,0
-9795,-526,12187,2958,0
-9818,-484,12240,2959,0
-9828,-521,12177,2955,0
-9796,-534,12181,2951,0
-9807,-536,12190,2946,0
-9788,-493,12215,2951,0
-9798,-527,12215,2950,0
-9813,-509,12220,2956,0
-9802,-528,12172,2958,0
-9795,-522,12190,2955,0
-9813,-499,12195,2962,0
-9823,-528,12231,2961,0
-9806,-520,12193,2961,0
-9797,-523,12224,2960,0
-9810,-525,12210,2963,0
-9830,-493,12211,2964,0
-9797,-524,12164,2961,0
-9809,-513,12179,2962,0
-9801,-519,12239,2964,0
-9811,-502,12231,2966,0
-9805,-504,12165,2967,0
-9790,-511,12190,2964,0
-9793,-507,12202,2958,0
-9817,-542,12212,2959,0
-9817,-508,12169,2965,0
-9828,-504,12201,2965,0
-9790,-498,12235,2957,0
-9823,-511,12242,2965,0
-9815,-497,12203,2957,0
-9805,-510,12197,2964,0
-9824,-526,12233,2968,0
-9816,-525,12182,2972,0
-9798,-506,12204,2964,0
-9806,-510,12166,2963,0
-9811,-510,12186,2965,0
-9795,-514,12223,2960,0
-9801,-487,12215,2966,0
-9794,-511,12200,2965,0
-9818,-516,12164,2961,0
-9792,-508,12193,2963,0
-9800,-533,12193,2964,0
-9809,-532,12157,2955,0
-9788,-532,12231,2962,0
-9818,-514,12178,2961,0
-9792,-511,12175,2961,0
-9801,-523,12184,2957,0
-9802,-516,12188,2957,0
-9802,-533,12178,2970,0
-9831,-516,12169,2955,0
-9805,-508,12158,2967,0
-9823,-514,12170,2964,0
-9785,-503,12183,2967,0
-9805,-527,12168,2971,0
-9800,-529,12181,2960,0
-9827,-507,12196,2958,0
-9783,-506,12216,2960,0
-9807,-511,12181,2960,0
-9822,-500,12194,2966,0
-9810,-495,12213,2959,0
-9811,-507,12193,2967,0
-9817,-500,12218,2958,0
-9812,-513,12215,2964,0
-9795,-494,12221,2969,0
-9804,-515,12199,2959,0
-9786,-497,12162,2962,0
-9807,-498,12183,2962,0
-9807,-515,12213,2959,0
-9790,-510,12215,2967,0
-9783,-519,12219,2960,0
-9783,-511,12188,2963,0
-9793,-519,12200,2964,0
-9800,-508,12182,2965,0
-9796,-501,12184,2971,0
-9800,-503,12191,2964,0
-9800,-532,12188,2961,0
-9814,-515,12223,2962,0
-9815,-490,12201,2964,0
-9797,-492,12220,2968,0
-9803,-517,12228,2964,0
-9804,-507,12194,2962,0
-9782,-495,12187,2956,0
-9798,-500,12193,2964,0
-9782,-510,12165,2961,0
-9814,-511,12139,2961,0
-9801,-515,12197,2960,0
-9801,-503,12211,2956,0
-9792,-534,12214,2955,0
-9802,-516,12177,2961,0
-9793,-506,12204,2964,0
-9809,-505,12196,2957,0
-9800,-507,12168,2959,0
-9823,-505,12206,2964,0
-9782,-486,12199,2961,0
-9802,-492,12210,2974,0
-9827,-512,12173,2962,0
-9821,-535,12183,2960,0
-9786,-514,12167,2962,0
-9789,-505,12206,2966,0
-9820,-528,12172,2969,0
-9791,-514,12194,2967,0
-9792,-516,12224,2963,0
-9801,-525,12219,2960,0
-9816,-514,12235,2955,0
-9795,-517,12196,2964,0
-9783,-496,12174,2959,0
-9801,-509,12208,2964,0
-9803,-503,12180,2963,0
-9813,-519,12196,2958,0
-9804,-521,12175,2963,0
-9791,-523,12210,2965,0
-9786,-515,12236,2963,0
-9792,-519,12193,2962,0
-9801,-524,12198,2966,0
-9802,-526,12193,2969,0
-9820,-522,12206,2964,0
-9810,-506,12243,2967,0
-9793,-519,12213,2962,0
-9806,-522,12172,2963,0
-9785,-502,12202,2962,0
-9814,-521,12215,2958,0
-9793,-526,12187,2964,0
-9815,-529,12228,2966,0
-9801,-517,12219,2969,0
-9787,-518,12188,2968,0
-9809,-494,12233,2964,0
-9817,-516,12212,2964,0
-9821,-504,12166,2961,0
-9812,-514,12193,2971,0
-9790,-515,12198,2969,0
-9805,-529,12227,2968,0
-9808,-533,12150,2960,0
-9811,-524,12201,2960,0
-9806,-503,12193,2968,0
-9839,-511,12157,2967,0
-9815,-519,12175,2962,0
-9789,-528,12200,2960,0
-9788,-522,12189,2960,0
-9806,-510,12207,2973,0
-9807,-528,12191,2965,0
-9789,-518,12215,2965,0
-9813,-523,12194,2964,0
-9807,-510,12217,2967,0
-9809,-504,12197,2967,0
-9799,-529,12203,2968,0
-9809,-514,12191,2973,0
-9792,-506,12213,2962,0
-9785,-545,12193,2970,0
-9778,-537,12202,2969,0
-9818,-521,12213,2965,0
-9803,-521,12207,2962,0
-9826,-507,12225,2965,0
-9815,-526,12211,2963,0
-9812,-506,12176,2973,0
-9812,-538,12212,2970,0
-9809,-542,12195,2964,0
-9794,-506,12180,2962,0
-9810,-508,12173,2967,0
-9774,-533,12192,2964,0
-9798,-516,12184,2964,0
-9816,-496,12239,2963,0
-9809,-491,12199,2961,0
-9821,-507,12220,2969,0
-9800,-522,12216,2954,0
-9800,-509,12199,2960,0
-9795,-489,12205,2960,0
-9783,-497,12223,2961,0
-9807,-526,12199,2962,0
-9807,-519,12212,2958,0
-9816,-505,12213,2963,0
-9789,-514,12182,2954,0
-9805,-518,12185,2959,0
-9796,-519,12190,2959,0
-9802,-498,12188,2962,0
-9812,-483,12220,2959,0
-9806,-526,12167,2958,0
-9800,-522,12180,2959,0
-9803,-512,12193,2957,0
-9795,-505,12196,2966,0
-9821,-494,12174,2957,0
-9826,-483,12179,2963,0
-9787,-505,12216,2958,0
-9784,-489,12187,2962,0
-9813,-499,12188,2961,0
-9826,-513,12200,2954,0
-9792,-494,12207,2961,0
-9829,-510,12186,2962,0
-9801,-508,12174,2964,0
-9803,-497,12195,2961,0
-9807,-500,12184,2961,0
-9827,-496,12224,2958,0
-9806,-508,12214,2958,0
-9807,-520,12203,2975,0
-9821,-529,12199,2961,0
-9803,-522,12224,2959,0
-9821,-528,12227,2956,0
-9824,-512,12214,2961,0
-9804,-497,12169,2961,0
-9801,-506,12177,2961,0
-9811,-509,12198,2962,0
-9832,-504,12171,2963,0
-9826,-508,12212,2965,0
-9791,-507,12197,2971,0
-9776,-507,12189,2965,0
-9819,-524,12226,2965,0
-9785,-530,12171,2957,0
-9801,-485,12152,2968,0
-9809,-507,12190,2959,0
-9824,-499,12233,2967,0
-9805,-499,12249,2963,0
-9800,-516,12223,2968,0
-9798,-488,12201,2972,0
-9789,-483,12233,2962,0
-9799,-516,12227,2956,0
-9775,-516,12198,2962,0
-9797,-528,12174,2968,0
-9800,-507,12213,2965,0
-9793,-507,12173,2958,0
-9796,-510,12207,2963,0
-9821,-519,12198,2965,0
-9828,-498,12217,2965,0
-9839,-518,12181,2959,0
-9815,-515,12228,2963,0
-9798,-503,12209,2965,0
-9777,-512,12214,2967,0
-9811,-477,12185,2968,0
-9816,-503,12184,2963,0
-9802,-514,12221,2963,0
-9808,-512,12188,2964,0
-9800,-516,12186,2968,0
-9822,-509,12225,2964,0
-9809,-502,12184,2965,0
-9817,-517,12170,2970,0
-9823,-504,12206,2971,0
-9799,-496,12216,2966,0
-9798,-508,12215,2967,0
-9799,-504,12221,2961,0
-9810,-533,12180,2967,0
-9793,-507,12171,2968,0
-9796,-492,12161,2974,0
-9777,-516,12230,2968,0
-9804,-503,12212,2968,0
-9792,-500,12195,2966,0
-9791,-505,12184,2966,0
-9799,-513,12205,2971,0
-9791,-539,12188,2967,0
-9813,-511,12215,2970,0
-9806,-511,12219,2967,0
-9804,-501,12162,2964,0
-9817,-530,12210,2968,0
-9791,-519,12212,2967,0
-9787,-511,12176,2969,0
-9818,-492,12167,2962,0
-9797,-499,12213,2965,0
-9799,-525,12168,2979,0
-9809,-491,12142,2968,0
-9805,-512,12191,2962,0
-9782,-504,12225,2965,0
-9794,-522,12234,2969,0
-9802,-521,12208,2972,0
-9819,-507,12201,2955,0
-9761,-494,12193,2961,0
-9802,-508,12167,2964,0
-9808,-517,12181,2967,0
-9803,-513,12176,2968,0
-9811,-505,12194,2974,0
-9807,-508,12190,2968,0
-9814,-505,12215,2970,0
-9807,-535,12161,2961,0
-9817,-508,12211,2965,0
-9819,-518,12219,2962,0
-9794,-516,12239,2967,0
-9820,-526,12167,2965,0
-9813,-493,12171,2965,0
-9810,-545,12222,2967,0
-9818,-512,12195,2966,0
-9812,-511,12194,2964,0
-9800,-502,12179,2969,0
-9793,-514,12197,2965,0
-9812,-500,12202,2965,0
-9808,-511,12211,2963,0
-9817,-499,12183,2968,0
-9831,-513,12228,2964,0
-9820,-513,12184,2958,0
-9803,-508,12195,2967,0
-9810,-507,12201,2958,0
-9813,-514,12224,2967,0
-9796,-497,12183,2957,0
-9814,-513,12213,2959,0
-9800,-529,12198,2959,0
-9819,-507,12197,2960,0
-9803,-518,12220,2956,0
-9808,-491,12189,2986,0
-9798,-505,12186,2952,0
-9785,-493,12191,2968,0
-9808,-494,12227,2965,0
-9800,-511,12186,2965,0
-9793,-528,12189,2960,0
-9803,-511,12225,2963,0
-9806,-492,12197,2963,0
-9817,-521,12168,2961,0
-9808,-512,12176,2960,0
-9816,-528,12194,2969,0
-9807,-521,12177,2965,0
-9796,-502,12211,2970,0
-9800,-510,12188,2957,0
-9802,-512,12179,2962,0
-9829,-531,12187,2962,0
-9810,-509,12213,2965,0
-9823,-528,12223,2970,0
-9826,-487,12202,2966,0
-9813,-518,12145,2959,0
-9791,-519,12221,2958,0
-9794,-520,12180,2962,0
-9813,-502,12186,2963,0
-9802,-493,12231,2964,0
-9798,-510,12185,2961,0
-9801,-514,12179,2971,0
-9810,-517,12144,2961,0
-9810,-492,12167,2961,0
-9789,-516,12173,2970,0
-9807,-505,12200,2958,0
-9802,-511,12157,2964,0
-9809,-503,12204,2955,0
-9796,-496,12213,2961,0
-9811,-522,12194,2962,0
-9828,-516,12254,2966,0
-9790,-503,12187,2968,0
-9777,-502,12196,2967,0
-9830,-495,12181,2965,0
-9799,-493,12224,2957,0
-9798,-504,12175,2966,0
-9791,-531,12208,2961,0
-9831,-495,12189,2958,0
-9796,-514,12236,2954,0
-9798,-526,12234,2960,0
-9804,-523,12163,2959,0
-9797,-536,12180,2986,0
-9821,-518,12207,2956,0
-9833,-513,12211,2953,0
-9796,-498,12182,2959,0
-9787,-526,12195,2949,0
-9800,-529,12217,2960,0
-9818,-517,12179,2958,0
-9818,-510,12177,2956,0
-9807,-517,12175,2959,0
-9812,-513,12184,2954,0
-9791,-509,12197,2964,0
-9796,-521,12171,2954,0
-9784,-515,12201,2959,0
-9798,-498,12192,2960,0
-9804,-474,12200,2952,0
-9794,-494,12190,2959,0
-9787,-493,12223,2957,0
-9765,-507,12207,2958,0
-9806,-515,12224,2965,0
-9822,-511,12188,2958,0
-9791,-500,12199,2953,0
-9814,-535,12152,2957,0
-9789,-511,12194,2956,0
-9792,-502,12192,2955,0
-9794,-513,12166,2961,0
-9778,-511,12177,2970,0
-9792,-523,12158,2962,0
-9791,-497,12184,2958,0
-9809,-506,12208,2951,0
-9785,-535,12153,2960,0
-9820,-523,12180,2962,0
-9796,-525,12218,2972,0
-9813,-503,12181,2956,0
-9790,-501,12189,2965,0
-9790,-515,12184,2960,0
-9809,-528,12178,2958,0
-9810,-510,12207,2965,0
-9804,-502,12212,2959,0
-9788,-505,12181,2963,0
-9798,-527,12212,2963,0
-9788,-503,12200,2954,0
-9785,-521,12172,2962,0
-9796,-529,12231,2967,0
-9814,-544,12236,2960,0
-9784,-503,12194,2960,0
-9799,-515,12225,2965,0
-9796,-506,12215,2958,0
-9805,-514,12194,2965,0
-9800,-507,12187,2958,0
-9797,-513,12188,2965,0
-9822,-519,12193,2957,0
-9798,-534,12200,2950,0
-9817,-523,12181,2968,0
-9822,-503,12186,2963,0
-9805,-503,12208,2956,0
-9800,-502,12206,2965,0
-9816,-485,12218,2955,0
-9804,-525,12195,2963,0
-9797,-537,12201,2961,0
-9801,-523,12190,2956,0
-9790,-536,12225,2962,0
-9805,-521,12196,2968,0
-9810,-510,12220,2961,0
-9817,-497,12205,2962,0
-9803,-519,12166,2964,0
-9793,-518,12190,2962,0
-9788,-514,12205,2965,0
-9804,-485,12187,2962,0
-9789,-533,12197,2967,0
-9822,-505,12199,2972,0
-9800,-532,12211,2964,0
-9804,-535,12176,2963,0
-9807,-542,12210,2968,0
-9793,-510,12195,2965,0
-9812,-522,12202,2961,0
-9824,-508,12177,2970,0
-9814,-523,12220,2963,0
-9798,-499,12183,2970,0
-9786,-499,12170,2969,0
-9811,-504,12187,2968,0
-9790,-504,12203,2974,0
-9802,-526,12208,2957,0
-9791,-521,12206,2965,0
-9793,-515,12182,2966,0
-9810,-525,12178,2972,0
-9795,-479,12197,2969,0
-9806,-508,12191,2974,0
-9802,-505,12222,2977,0
-9798,-492,12150,2969,0
-9803,-511,12224,2965,0
-9813,-530,12215,2964,0
-9813,-499,12214,2971,0
-9809,-516,12232,2980,0
-9804,-545,12192,2973,0
-9803,-527,12197,2965,0
-9814,-528,12173,2972,0
-9821,-515,12198,2968,0
-9798,-524,12218,2975,0
-9804,-509,12201,2972,0
-9814,-493,12201,2974,0
-9820,-514,12224,2961,0
-9825,-530,12214,2975,0
-9803,-494,12238,2978,0
-9790,-505,12209,2965,0
-9800,-516,12186,2964,0
-9797,-520,12165,2965,0
-9785,-532,12209,2969,0
-9790,-510,12197,2968,0
-9797,-516,12235,2967,0
-9792,-507,12208,2966,0
-9785,-516,12182,2968,0
-9812,-521,12209,2972,0
-9809,-522,12198,2973,0
-9807,-508,12200,2973,0
-9806,-526,12184,2969,0
-9799,-531,12198,2973,0
-9806,-508,12206,2975,0
-9806,-515,12210,2972,0
-9812,-503,12192,2971,0
-9812,-497,12208,2971,0
-9808,-514,12199,2970,0
-9799,-498,12196,2973,0
-9817,-503,12194,2967,0
-9827,-510,12206,2970,0
-9816,-529,12199,2963,0
-9804,-511,12222,2965,0
-9817,-503,12190,2971,0
-9816,-531,12221,2966,0
-9818,-527,12204,2965,0
-9816,-518,12178,2964,0
-9812,-504,12171,2961,0
-9813,-533,12225,2972,0
-9807,-500,12175,2970,0
-9783,-500,12171,2980,0
-9826,-510,12204,2969,0
-9808,-527,12194,2969,0
-9782,-489,12208,2978,0
-9803,-523,12195,2969,0
-9791,-519,12199,2980,0
-9782,-508,12189,2975,0
-9802,-494,12201,2969,0
-9812,-517,12177,2971,0
-9823,-528,12220,2972,0
-9820,-486,12221,2968,0
-9804,-530,12187,2969,0
-9793,-541,12179,2970,0
-9793,-526,12185,2981,0
-9789,-523,12195,2976,0
-9809,-502,12201,2974,0
-9798,-525,12244,2976,0
-9797,-518,12184,2974,0
-9809,-527,12187,2984,0
-9791,-509,12182,2973,0
-9793,-500,12157,2974,0
-9803,-512,12131,2973,0
-9804,-508,12199,2961,0
-9798,-523,12220,2967,0
-9816,-523,12220,2973,0
-9799,-520,12184,2976,0
-9821,-491,12184,2972,0
-9806,-530,12206,2971,0
-9805,-489,12198,2967,0
-9784,-523,12187,2973,0
-9799,-505,12194,2971,0
-9839,-514,12207,2967,0
-9776,-508,12186,2961,0
-9794,-507,12168,2964,0
-9795,-517,12208,2972,0
-9785,-523,12217,2973,0
-9798,-517,12226,2966,0
-9802,-531,12180,2970,0
-9817,-511,12205,2981,0
-9787,-539,12212,2977,0
-9821,-517,12205,2973,0
-9841,-515,12213,2964,0
-9791,-525,12197,2977,0
-9796,-528,12181,2972,0
-9805,-514,12252,2971,0
-9809,-517,12211,2965,0
-9822,-516,12171,2970,0
-9819,-496,12194,2968,0
-9823,-523,12163,2973,0
-9820,-518,12184,2973,0
-9830,-486,12197,2969,0
-9821,-522,12186,2964,0
-9813,-519,12222,2965,0
-9781,-521,12176,2968,0
-9805,-500,12206,2982,0
-9792,-514,12186,2975,0
-9817,-508,12175,2964,0
-9801,-513,12165,2965,0
-9815,-528,12204,2968,0
-9805,-505,12221,2968,0
-9774,-513,12175,2966,0
-9795,-529,12187,2969,0
-9806,-502,12174,2971,0
-9803,-503,12174,2963,0
-9783,-539,12162,2972,0
-9812,-501,12164,2961,0
-9792,-543,12214,2972,0
-9831,-531,12162,2965,0
-9808,-524,12171,2964,0
-9803,-519,12218,2970,0
-9820,-521,12211,2969,0
-9814,-520,12173,2967,0
-9804,-510,12196,2982,0
-9796,-526,12154,2966,0
-9804,-512,12181,2976,0
-9790,-502,12219,2971,0
-9786,-518,12211,2967,0
-9808,-521,12221,2963,0
-9804,-504,12172,2984,0
-9803,-525,12209,2974,0
-9807,-493,12193,2969,0
-9805,-508,12192,2970,0
-9806,-523,12190,2968,0
-9813,-512,12199,2973,0
-9790,-513,12233,2972,0
-9796,-513,12203,2976,0
-9811,-497,12178,2974,0
-9805,-518,12185,2967,0
-9812,-499,12166,2978,0
-9812,-507,12190,2975,0
-9821,-499,12207,2966,0
-9781,-511,12207,2965,0
-9808,-519,12238,2968,0
-9787,-524,12181,2967,0
-9808,-521,12192,2977,0
-9803,-543,12213,2970,0
-9805,-518,12224,2971,0
-9803,-507,12203,2963,0
-9814,-520,12189,2979,0
-9812,-525,12164,2980,0
-9817,-506,12208,2973,0
-9800,-516,12205,2974,0
-9794,-512,12219,2965,0
-9807,-501,12198,2969,0
-9818,-502,12223,2971,0
-9798,-499,12197,2968,0
-9806,-504,12217,2961,0
-9778,-503,12212,2964,0
-9812,-502,12159,2962,0
-9807,-527,12205,2975,0
-9801,-520,12213,2958,0
-9805,-518,12180,2963,0
-9782,-509,12196,2964,0
-9811,-519,12193,2968,0
-9820,-512,12205,2978,0
-9794,-537,12212,2963,0
-9802,-525,12177,2969,0
-9814,-505,12221,2966,0
-9827,-526,12251,2971,0
-9790,-516,12229,2972,0
-9811,-524,12238,2966,0
-9797,-515,12236,2969,0
-9807,-515,12200,2967,0
-9791,-519,12209,2967,0
-9797,-501,12212,2975,0
-9807,-503,12201,2973,0
-9810,-507,12172,2965,0
-9804,-525,12185,2959,0
-9778,-527,12194,2966,0
-9796,-522,12212,2965,0
-9815,-517,12204,2963,0
-9793,-517,12210,2968,0
-9785,-535,12205,2965,0
-9789,-505,12209,2968,0
-9817,-522,12197,2966,0
-9795,-517,12182,2974,0
-9793,-525,12174,2964,0
-9796,-515,12200,2959,0
-9788,-483,12213,2969,0
-9811,-501,12223,2973,0
-9807,-530,12182,2966,0
-9812,-520,12168,2964,0
-9787,-506,12180,2974,0
-9819,-509,12185,2961,0
-9805,-530,12214,2968,0
-9821,-500,12176,2970,0
-9791,-512,12195,2959,0
-9791,-492,12208,2966,0
-9811,-524,12180,2964,0
-9795,-524,12198,2965,0
-9803,-495,12218,2967,0
-9814,-522,12229,2961,0
-9804,-510,12189,2977,0
-9824,-502,12191,2961,0
-9818,-511,12200,2966,0
-9830,-486,12180,2965,0
-9813,-469,12198,2963,0
-9801,-490,12187,2968,0
-9780,-514,12190,2965,0
-9818,-518,12142,2967,0
-9812,-492,12172,2965,0
-9821,-486,12219,2963,0
-9795,-509,12215,2966,0
-9791,-525,12186,2957,0
-9824,-508,12200,2968,0
-9809,-521,12194,2973,0
-9804,-527,12235,2954,0
-9821,-501,12213,2963,0
-9806,-508,12202,2977,0
-9807,-492,12179,2962,0
-9818,-509,12223,2986,0
-9801,-510,12207,2964,0
-9788,-514,12206,2954,0
-9812,-518,12201,2968,0
-9827,-519,12194,2966,0
-9807,-507,12194,2964,0
-9800,-533,12188,2962,0
-9815,-538,12175,2957,0
-9817,-488,12203,2958,0
-9803,-501,12215,2965,0
-9807,-516,12226,2971,0
-9801,-518,12185,2970,0
-9802,-519,12223,2966,0
-9791,-494,12176,2966,0
-9796,-484,12197,2965,0
-9804,-493,12229,2966,0
-9817,-523,12199,2968,0
-9795,-512,12216,2965,0
-9801,-514,12193,2973,0
-9796,-519,12204,2977,0
-9800,-506,12202,2968,0
-9792,-527,12210,2967,0
-9809,-522,12152,2968,0
-9788,-492,12212,2968,0
-9782,-514,12214,2974,0
-9810,-501,12210,2971,0
-9817,-510,12164,2968,0
-9822,-520,12166,2969,0
-9801,-516,12174,2968,0
-9787,-511,12204,2985,0
-9801,-508,12197,2985,0
-9799,-525,12206,2982,0
-9794,-522,12214,2980,0
-9800,-517,12206,2989,0
-9784,-520,12202,2984,0
-9807,-514,12198,2983,0
-9803,-541,12210,2981,0
-9800,-509,12170,2985,0
-9807,-528,12220,2980,0
-9810,-500,12211,2993,0
-9818,-521,12181,2991,0
-9814,-542,12193,2984,0
-9812,-527,12172,2982,0
-9817,-508,12210,2986,0
-9825,-515,12194,2980,0
-9787,-523,12194,2981,0
-9792,-500,12186,2984,0
-9822,-522,12195,2975,0
-9817,-515,12234,2973,0
-9783,-514,12202,2971,0
-9786,-530,12188,2971,0
-9809,-511,12229,2977,0
-9806,-523,12191,2977,0
-9805,-498,12193,2970,0
-9817,-519,12216,2976,0
-9791,-526,12177,2971,0
-9830,-523,12189,2971,0
-9807,-500,12190,2957,0
-9777,-531,12223,2964,0
-9806,-524,12217,2970,0
-9801,-516,12207,2968,0
-9810,-507,12183,2977,0
-9802,-520,12184,2955,0
-9820,-488,12224,2968,0
-9799,-502,12209,2970,0
-9812,-512,12192,2962,0
-9792,-509,12191,2959,0
-9805,-512,12207,2956,0
-9802,-522,12214,2963,0
-9800,-499,12178,2967,0
-9801,-516,12226,2967,0
-9795,-518,12197,2966,0
-9803,-523,12199,2959,0
-9779,-519,12205,2983,0
-9789,-488,12192,2966,0
-9793,-519,12196,2962,0
-9820,-514,12183,2954,0
-9805,-526,12205,2960,0
-9805,-535,12186,2980,0
-9782,-523,12167,2961,0
-9782,-496,12162,2956,0
-9799,-529,12217,2963,0
-9781,-505,12224,2957,0
-9809,-511,12173,2965,0
-9806,-489,12218,2962,0
-9812,-521,12185,2995,0
-9782,-534,12234,2985,0
-9785,-501,12193,2986,0
-9817,-512,12214,2984,0
-9807,-525,12163,2983,0
-9821,-521,12194,2987,0
-9791,-527,12190,2961,0
-9781,-498,12171,2959,0
-9806,-493,12199,2967,0
-9801,-508,12207,2970,0
-9808,-516,12204,2957,0
-9795,-510,12199,2958,0
-9804,-539,12197,2961,0
-9809,-485,12221,2960,0
-9792,-494,12186,2972,0
-9817,-491,12178,2968,0
-9790,-525,12188,2957,0
-9810,-524,12169,2966,0
-9792,-532,12179,2960,0
-9803,-518,12188,2964,0
-9815,-512,12229,2984,0
-9787,-496,12208,2961,0
-9814,-506,12225,2970,0
-9804,-520,12218,2972,0
-9770,-511,12209,2974,0
-9799,-536,12173,2964,0
-9790,-530,12153,2964,0
-9819,-517,12192,2969,0
-9814,-501,12192,2966,0
-9815,-504,12184,2970,0
-9793,-497,12176,2967,0
-9791,-514,12214,2962,0
-9797,-506,12194,2963,0
-9816,-499,12227,2974,0
-9794,-523,12222,2972,0
-9803,-529,12216,2970,0
-9810,-513,12207,2966,0
-9813,-500,12190,2961,0
-9794,-517,12196,2966,0
-9800,-519,12221,2967,0
-9817,-516,12192,2972,0
-9803,-506,12183,2965,0
-9840,-533,12200,2964,0
-9815,-526,12184,2970,0
-9819,-487,12181,2971,0
-9824,-522,12184,2967,0
-9822,-510,12154,2962,0
-9847,-516,12200,2957,0
-9823,-533,12208,2971,0
-9801,-506,12211,2973,0
-9806,-532,12241,2978,0
-9792,-526,12218,2967,0
-9783,-513,12198,2966,0
-9795,-524,12215,2972,0
-9799,-512,12212,2970,0
-9798,-529,12191,2961,0
-9804,-500,12201,2969,0
-9797,-515,12195,2969,0
-9801,-497,12219,2965,0
-9803,-507,12198,2969,0
-9819,-507,12212,2968,0
-9813,-502,12195,2965,0
-9806,-529,12173,2965,0
-9793,-524,12165,2967,0
-9802,-528,12199,2974,0
-9786,-514,12194,2964,0
-9831,-501,12208,2961,0
-9832,-484,12202,2973,0
-9787,-495,12205,2964,0
-9782,-524,12207,2977,0
-9794,-517,12200,2971,0
-9810,-500,12206,2968,0
-9794,-520,12184,2962,0
-9792,-505,12167,2966,0
-9805,-505,12204,2963,0
-9793,-519,12223,2969,0
-9815,-510,12185,2960,0
-9788,-498,12219,2962,0
-9807,-501,12192,2970,0
-9813,-494,12187,2968,0
-9804,-520,12187,2975,0
-9785,-504,12188,2968,0
-9786,-516,12205,2962,0
-9803,-498,12176,2969,0
-9820,-534,12208,2969,0
-9819,-526,12200,2966,0
-9807,-500,12188,2971,0
-9771,-502,12198,2970,0
-9814,-515,12184,2968,0
-9802,-513,12197,2971,0
-9792,-504,12192,2975,0
-9800,-515,12209,2975,0
-9808,-514,12193,2968,0
-9796,-518,12178,2969,0
-9802,-533,12185,2975,0
-9828,-515,12202,2978,0
-9820,-512,12191,2966,0
-9820,-489,12215,2964,0
-9822,-497,12202,2969,0
-9807,-523,12202,2967,0
-9811,-509,12198,2976,0
-9820,-493,12227,2969,0
-9795,-520,12253,2965,0
-9806,-506,12190,2967,0
-9797,-510,12186,2963,0
-9794,-498,12206,2972,0
-9799,-522,12210,2966,0
-9826,-521,12155,2965,0
-9798,-514,12232,2964,0
-9792,-499,12214,2969,0
-9811,-500,12211,2978,0
-9799,-522,12214,2973,0
-9799,-507,12231,2959,0
-9802,-541,12213,2951,0
-9785,-504,12197,2971,0
-9812,-504,12181,2968,0
-9802,-513,12208,2973,0
-9780,-517,12228,2965,0
-9797,-508,12137,2965,0
-9817,-489,12175,2968,0
-9788,-514,12186,2963,0
-9799,-510,12175,2965,0
-9800,-529,12201,2979,0
-9801,-509,12190,2967,0
-9801,-512,12220,2971,0
-9799,-502,12197,2967,0
-9794,-494,12225,2961,0
-9787,-523,12208,2966,0
-9793,-497,12236,2952,0
-9797,-509,12223,2972,0
-9774,-512,12206,2970,0
-9797,-512,12207,2961,0
-9810,-527,12175,2963,0
-9802,-530,12176,2966,0
-9799,-499,12203,2970,0
-9803,-512,12196,2972,0
-9830,-501,12179,2968,0
-9793,-499,12162,2974,0
-9785,-531,12190,2967,0
-9796,-522,12242,2967,0
-9804,-485,12188,2969,0
-9822,-508,12207,2966,0
-9824,-514,12192,2964,0
-9803,-517,12192,2968,0
-9799,-534,12197,2965,0
-9804,-499,12232,2967,0
-9806,-509,12210,2965,0
-9767,-507,12140,2962,0
-9815,-523,12181,2969,0
-9810,-501,12166,2968,0
-9804,-530,12184,2965,0
-9806,-516,12186,2968,0
-9816,-491,12211,2958,0
-9810,-508,12181,2971,0
-9794,-503,12220,2967,0
-9771,-513,12186,2967,0
-9805,-498,12230,2964,0
-9791,-512,12221,2970,0
-9804,-536,12167,2964,0
-9803,-534,12236,2967,0
-9823,-519,12236,2965,0
-9808,-494,12210,2963,0
-9809,-492,12213,2969,0
-9804,-506,12184,2959,0
-9807,-505,12211,2966,0
-9806,-509,12160,2974,0
-9794,-503,12190,2964,0
-9787,-512,12187,2967,0
-9769,-522,12188,2972,0
-9814,-539,12231,2960,0
-9817,-515,12196,2968,0
-9802,-521,12217,2973,0
-9806,-516,12214,2965,0
-9802,-504,12163,2971,0
-9809,-511,12190,2974,0
-9811,-500,12198,2971,0
-9816,-524,12189,2971,0
-9801,-515,12192,2966,0
-9794,-515,12186,2969,0
-9803,-514,12159,2971,0
-9802,-486,12191,2965,0
-9819,-515,12208,2970,0
-9810,-512,12187,2972,0
-9792,-483,12197,2963,0
-9804,-511,12219,2965,0
-9801,-494,12203,2975,0
-9807,-518,12139,2971,0
-9797,-490,12167,2967,0
-9822,-514,12186,2968,0
-9800,-513,12177,2979,0
-9802,-540,12193,2972,0
-9795,-516,12190,2964,0
-9821,-512,12232,2968,0
-9802,-528,12192,2965,0
-9817,-504,12192,2963,0
-9815,-494,12184,2993,0
-9788,-507,12155,2962,0
-9801,-506,12190,2964,0
-9789,-506,12190,2968,0
-9797,-511,12219,2969,0
-9814,-539,12200,2970,0
-9813,-516,12174,2966,0
-9775,-507,12209,2969,0
-9809,-522,12205,2963,0
-9792,-539,12182,2977,0
-9809,-516,12168,2978,0
-9767,-517,12221,2969,0
-9783,-527,12216,2962,0
-9818,-530,12199,2969,0
-9809,-516,12227,2972,0
-9810,-541,12211,2975,0
-9790,-506,12215,2973,0
-9790,-512,12213,2963,0
-9801,-507,12211,2962,0
-9796,-522,12153,2969,0
-9816,-509,12176,2977,0
-9816,-517,12205,2964,0
-9807,-502,12179,2967,0
-9819,-512,12195,2976,0
-9777,-506,12200,2970,0
-9795,-526,12197,2970,0
-9811,-499,12202,2981,0
-9812,-515,12213,2960,0
-9800,-520,12191,2964,0
-9808,-508,12186,2972,0
-9791,-539,12190,2968,0
-9816,-515,12176,2971,0
-9795,-514,12182,2973,0
-9803,-523,12189,2968,0
-9820,-507,12198,2959,0
-9821,-512,12149,2978,0
-9826,-523,12126,2968,0
-9824,-497,12186,2961,0
-9782,-511,12194,2966,0
-9796,-511,12171,2967,0
-9805,-511,12187,2972,0
-9787,-506,12165,2963,0
-9794,-503,12194,2965,0
-9801,-514,12216,2976,0
-9798,-511,12234,2971,0
-9816,-505,12232,2970,0
-9838,-520,12195,2968,0
-9785,-511,12214,2965,0
-9801,-523,12196,2966,0
-9791,-523,12161,2975,0
-9800,-525,12206,2974,0
-9809,-498,12201,2970,0
-9797,-499,12173,2966,0
-9793,-525,12241,2974,0
-9801,-523,12182,2973,0
-9804,-501,12194,2976,0
-9797,-521,12181,2972,0
-9826,-529,12195,2963,0
-9799,-493,12210,2961,0
-9812,-511,12178,2966,0
-9781,-524,12220,2966,0
-9793,-509,12198,2963,0
-9791,-503,12184,2964,0
-9818,-508,12202,2962,0
-9806,-521,12190,2971,0
-9844,-519,12217,2975,0
-9820,-511,12205,2957,0
-9797,-523,12182,2972,0
-9800,-534,12220,2963,0
-9803,-518,12195,2964,0
-9782,-480,12207,2977,0
-9794,-494,12206,2965,0
-9775,-513,12203,2962,0
-9829,-513,12181,2964,0
-9795,-511,12190,2967,0
-9812,-506,12171,2972,0
-9789,-511,12195,2952,0
-9810,-522,12161,2977,0
-9798,-500,12187,2955,0
-9819,-544,12233,2968,0
-9808,-521,12198,2979,0
-9809,-531,12184,2959,0
-9806,-505,12192,2962,0
-9822,-501,12160,2964,0
-9799,-535,12199,2963,0
-9813,-506,12228,2971,0
-9822,-498,12200,2966,0
-9799,-505,12216,2958,0
-9815,-519,12191,2975,0
-9802,-488,12167,2975,0
-9810,-474,12215,2979,0
-9817,-489,12203,2974,0
-9809,-496,12211,2966,0
-9816,-495,12167,2962,0
-9815,-497,12184,2983,0
-9819,-504,12170,2973,0
-9826,-494,12181,2981,0
-9830,-531,12192,2972,0
-9803,-508,12197,2974,0
-9791,-510,12174,2981,0
-9803,-516,12211,2974,0
-9792,-507,12182,2964,0
-9814,-494,12242,2977,0
-9790,-513,12200,2966,0
-9809,-497,12172,2974,0
-9810,-506,12203,2977,0
-9795,-495,12202,2990,0
-9821,-508,12220,2970,0
-9801,-526,12202,2961,0
-9807,-513,12187,2981,0
-9800,-500,12218,2976,0
-9787,-477,12187,2971,0
-9794,-516,12193,2965,0
-9784,-503,12166,2977,0
-9790,-501,12195,2973,0
-9807,-517,12205,2971,0
-9804,-523,12230,2977,0
-9817,-514,12163,2976,0
-9798,-493,12202,2980,0
-9781,-519,12208,2982,0
-9817,-522,12205,2976,0
-9807,-510,12228,2972,0
-9794,-529,12212,2964,0
-9814,-506,12214,2970,0
-9793,-495,12213,2969,0
-9800,-515,12188,2972,0
-9790,-515,12164,2972,0
-9835,-512,12168,2973,0
-9808,-503,12223,2973,0
-9781,-512,12183,2981,0
-9797,-513,12189,2979,0
-9823,-523,12236,2972,0
-9796,-508,12195,2984,0
-9797,-509,12206,2975,0
-9799,-497,12191,2978,0
-9784,-508,12162,2983,0
-9809,-519,12194,2972,0
-9801,-532,12212,2966,0
-9806,-507,12223,2972,0
-9798,-526,12191,2973,0
-9811,-497,12159,2976,0
-9802,-509,12175,2978,0
-9810,-549,12164,2975,0
-9796,-538,12181,2978,0
-9818,-521,12216,2977,0
-9822,-502,12208,2971,0
-9816,-520,12212,2985,0
-9818,-495,12222,2972,0
-9814,-513,12225,2972,0
-9790,-516,12190,2970,0
-9818,-525,12205,2977,0
-9817,-532,12154,2974,0
-9785,-512,12207,2974,0
-9789,-531,12148,2971,0
-9813,-510,12184,2974,0
-9792,-513,12225,2979,0
-9819,-516,12200,2975,0
-9822,-516,12231,2982,0
-9805,-521,12225,2954,0
-9818,-514,12182,2967,0
-9791,-507,12183,2980,0
-9811,-542,12212,2983,0
-9792,-506,12167,2983,0
-9789,-505,12182,2980,0
-9800,-524,12174,2972,0
-9810,-519,12170,2979,0
-9825,-508,12207,2981,0
-9805,-526,12191,2972,0
-9822,-504,12193,2974,0
-9831,-491,12212,2964,0
-9819,-495,12195,2983,0
-9813,-516,12184,2978,0
-9816,-487,12205,2973,0
-9808,-485,12215,2968,0
-9810,-489,12207,2974,0
-9801,-526,12215,2973,0
-9797,-517,12193,2966,0
-9774,-521,12209,2976,0
-9781,-521,12155,2966,0
-9787,-506,12187,2966,0
-9803,-526,12177,2976,0
-9787,-516,12158,2970,0
-9811,-503,12195,2964,0
-9782,-529,12176,2962,0
-9801,-503,12202,2971,0
-9820,-498,12229,2973,0
-9816,-526,12220,2971,0
-9824,-500,12169,2982,0
-9803,-510,12155,2969,0
-9783,-517,12192,2958,0
-9810,-488,12208,2966,0
-9791,-512,12175,2963,0
-9782,-516,12205,2968,0
-9811,-507,12179,2971,0
-9788,-519,12181,2970,0
-9811,-500,12178,2977,0
-9781,-510,12220,2977,0
-9811,-503,12189,2972,0
-9807,-506,12185,2966,0
-9784,-490,12219,2963,0
-9789,-494,12206,2968,0
-9798,-499,12208,2976,0
-9806,-500,12230,2960,0
-9802,-520,12184,2966,0
-9812,-496,12232,2971,0
-9817,-497,12191,2970,0
-9815,-494,12179,2969,0
-9816,-515,12202,2966,0
-9815,-544,12187,2968,0
-9809,-517,12176,2971,0
-9824,-507,12219,2978,0
-9823,-523,12150,2970,0
-9805,-496,12176,2967,0
-9796,-510,12207,2975,0
-9814,-495,12175,2975,0
-9804,-507,12204,2978,0
-9809,-515,12197,2968,0
-9797,-523,12208,2964,0
-9802,-477,12185,2968,0
-9811,-513,12212,2956,0
-9798,-532,12227,2965,0
-9787,-522,12182,2976,0
-9815,-497,12218,2971,0
-9786,-490,12162,2959,0
-9802,-518,12178,2967,0
-9792,-517,12157,2974,0
-9803,-504,12183,2966,0
-9790,-511,12176,2974,0
-9803,-517,12170,2964,0
-9822,-526,12185,2972,0
-9804,-512,12218,2972,0
-9813,-523,12207,2973,0
-9796,-498,12166,2962,0
-9806,-509,12196,2962,0
-9799,-508,12160,2964,0
-9812,-519,12186,2957,0
-9795,-507,12140,2965,0
-9803,-512,12176,2968,0
-9797,-515,12169,2959,0
-9816,-509,12211,2967,0
-9849,-520,12187,2965,0
-9787,-526,12187,2966,0
-9808,-512,12187,2965,0
-9812,-504,12212,2960,0
-9803,-534,12221,2964,0
-9817,-510,12194,2968,0
-9813,-506,12213,2953,0
-9772,-506,12185,2959,0
-9808,-490,12212,2958,0
-9790,-515,12200,2957,0
-9798,-488,12176,2962,0
-9809,-505,12229,2966,0
-9802,-477,12223,2972,0
-9796,-514,12175,2970,0
-9778,-522,12225,2960,0
-9806,-521,12223,2957,0
-9790,-532,12172,2969,0
-9794,-510,12194,2964,0
-9793,-525,12221,2964,0
-9807,-511,12199,2964,0
-9790,-497,12187,2958,0
-9813,-509,12169,2965,0
-9795,-499,12189,2975,0
-9799,-499,12217,2965,0
-9797,-509,12211,2962,0
-9782,-530,12191,2966,0
-9791,-528,12187,2959,0
-9800,-497,12218,2958,0
-9784,-508,12203,2964,0
-9799,-531,12218,2965,0
-9793,-509,12216,2960,0
-9788,-498,12204,2970,0
-9807,-520,12186,2963,0
-9789,-501,12205,2963,0
-9791,-506,12157,2952,0
-9812,-523,12182,2962,0
-9809,-502,12196,2965,0
-9812,-518,12200,2956,0
-9818,-492,12199,2955,0
-9804,-502,12185,2956,0
-9808,-507,12203,2957,0
-9788,-504,12174,2967,0
-9799,-509,12224,2966,0
-9802,-509,12172,2968,0
-9837,-516,12219,2972,0
-9817,-510,12198,2965,0
-9802,-493,12218,2975,0
-9791,-519,12184,2956,0
-9808,-544,12189,2960,0
-9785,-506,12189,2957,0
-9805,-512,12209,2966,0
-9789,-505,12215,2972,0
-9799,-508,12199,2965,0
-9804,-542,12179,2968,0
-9810,-519,12185,2954,0
-9822,-519,12228,2966,0
-9811,-521,12171,2966,0
-9802,-562,12155,2961,0
-9797,-530,12174,2951,0
-9810,-528,12182,2964,0
-9790,-510,12182,2964,0
-9809,-502,12199,2956,0
-9793,-524,12207,2958,0
-9809,-519,12214,2959,0
-9804,-514,12216,2976,0
-9797,-493,12175,2973,0
-9839,-515,12200,2971,0
-9809,-517,12223,2973,0
-9835,-498,12225,2958,0
-9808,-491,12178,2964,0
-9773,-517,12227,2963,0
-9813,-529,12190,2985,0
-9779,-532,12193,2963,0
-9789,-503,12186,2964,0
-9804,-498,12219,2971,0
-9806,-527,12189,2969,0
-9810,-520,12192,2970,0
-9804,-528,12178,2969,0
-9808,-517,12189,2970,0
-9808,-504,12195,2966,0
-9792,-516,12196,2962,0
-9801,-497,12196,2974,0
-9801,-504,12181,2964,0
-9837,-504,12190,2964,0
-9816,-512,12161,2976,0
-9807,-511,12173,2968,0
-9787,-518,12160,2955,0
-9816,-514,12187,2966,0
-9799,-509,12195,2963,0
-9793,-517,12210,2962,0
-9798,-509,12198,2958,0
-9799,-502,12162,2962,0
-9789,-532,12205,2965,0
-9798,-506,12172,2968,0
-9809,-511,12195,2965,0
-9806,-519,12201,2970,0
-9786,-512,12221,2965,0
-9787,-538,12204,2968,0
-9800,-544,12180,2973,0
-9793,-512,12200,2960,0
-9812,-504,12210,2963,0
-9798,-536,12199,2963,0
-9802,-508,12214,2949,0
-9812,-509,12163,2967,0
-9827,-510,12178,2964,0
-9820,-514,12216,2966,0
-9808,-540,12219,2961,0
-9790,-524,12201,2961,0
-9805,-510,12207,2956,0
-9814,-525,12181,2962,0
-9813,-510,12244,2959,0
-9809,-498,12224,2971,0
-9810,-502,12192,2956,0
-9825,-513,12161,2958,0
-9809,-528,12208,2951,0
-9830,-518,12189,2970,0
-9806,-525,12182,2969,0
-9794,-536,12194,2958,0
-9803,-508,12171,2958,0
-9792,-515,12190,2968,0
-9799,-538,12207,2965,0
-9809,-528,12197,2964,0
-9810,-538,12206,2967,0
-9813,-536,12192,2954,0
-9786,-513,12190,2963,0
-9802,-528,12199,2964,0
-9810,-498,12204,2961,0
-9792,-517,12199,2972,0
-9801,-499,12181,2959,0
-9813,-511,12220,2966,0
-9803,-541,12172,2966,0
-9810,-527,12207,2964,0
-9792,-494,12200,2964,0
-9814,-484,12237,2967,0
-9793,-501,12168,2971,0
-9797,-515,12191,2961,0
-9798,-502,12190,2969,0
-9804,-495,12227,2965,0
-9810,-518,12181,2970,0
-9817,-510,12230,2967,0
-9802,-524,12183,2969,0
-9793,-524,12190,2970,0
-9831,-522,12215,2970,0
-9804,-526,12196,2965,0
-9820,-513,12184,2969,0
-9793,-534,12217,2960,0
-9805,-498,12225,2965,0
-9791,-528,12249,2965,0
-9781,-503,12213,2962,0
-9804,-516,12206,2975,0
-9820,-492,12198,2972,0
-9808,-521,12203,2970,0
-9808,-531,12182,2974,0
-9806,-500,12198,2975,0
-9818,-522,12183,2964,0
-9795,-492,12171,2970,0
-9825,-503,12215,2975,0
-9796,-493,12191,2963,0
-9820,-509,12218,2968,0
-9799,-512,12192,2970,0
-9808,-518,12187,2970,0
-9817,-514,12187,2968,0
-9788,-537,12230,2969,0
-9809,-497,12179,2964,0
-9783,-499,12202,2966,0
-9802,-495,12223,2971,0
-9808,-493,12183,2974,0
-9817,-532,12175,2966,0
-9797,-493,12165,2975,0
-9819,-493,12170,2969,0
-9794,-502,12225,2972,0
-9832,-537,12196,2968,0
-9804,-508,12229,2968,0
-9809,-509,12212,2977,0
-9823,-503,12176,2969,0
-9811,-504,12191,2973,0
-9813,-504,12209,2976,0
-9818,-512,12223,2962,0
-9807,-502,12206,2978,0
-9781,-497,12164,2975,0
-9786,-499,12194,2978,0
-9805,-518,12192,2972,0
-9793,-510,12204,2985,0
-9809,-529,12196,2967,0
-9795,-536,12195,2966,0
-9797,-518,12214,2972,0
-9809,-515,12205,2985,0
-9808,-498,12195,2975,0
-9794,-524,12188,2973,0
-9794,-509,12196,2974,0
-9794,-500,12188,2976,0
-9828,-507,12186,2985,0
-9813,-534,12157,2972,0
-9774,-510,12189,2978,0
-9797,-498,12157,2975,0
-9799,-500,12194,2977,0
-9804,-511,12183,2982,0
-9801,-499,12159,2972,0
-9796,-516,12203,2979,0
-9788,-511,12183,2968,0
-9783,-515,12210,2974,0
-9784,-522,12221,2973,0
-9789,-510,12205,2969,0
-9814,-514,12171,2966,0
-9788,-536,12195,2969,0
-9813,-517,12194,2984,0
-9811,-517,12198,2971,0
-9800,-534,12188,2973,0
-9818,-502,12168,2970,0
-9816,-494,12190,2967,0
-9816,-523,12183,2982,0
-9796,-521,12186,2978,0
-9835,-517,12169,2974,0
-9800,-519,12180,2976,0
-9795,-528,12189,2968,0
-9786,-521,12149,2975,0
-9804,-526,12201,2984,0
-9798,-511,12182,2970,0
-9816,-518,12209,2964,0
-9829,-543,12220,2963,0
-9823,-544,12197,2979,0
-9808,-505,12200,2969,0
-9821,-519,12205,2960,0
-9802,-510,12173,2964,0
-9824,-510,12205,2971,0
-9811,-496,12184,2967,0
-9810,-517,12205,2955,0
-9802,-535,12233,2975,0
-9813,-528,12164,2968,0
-9797,-512,12220,2968,0
-9814,-505,12167,2968,0
-9799,-509,12159,2973,0
-9809,-524,12197,2968,0
-9803,-512,12198,2961,0
-9805,-506,12216,2980,0
-9801,-521,12208,2973,0
-9797,-514,12194,2968,0
-9801,-519,12190,2972,0
-9817,-515,12197,2967,0
-9813,-514,12225,2967,0
-9809,-506,12186,2978,0
-9812,-518,12191,2986,0
-9819,-530,12189,2974,0
-9800,-512,12244,2960,0
-9820,-513,12213,2971,0
-9807,-518,12203,2967,0
-9797,-510,12180,2979,0
-9805,-498,12203,2960,0
-9816,-513,12161,2964,0
-9802,-508,12191,2975,0
-9810,-501,12156,2973,0
-9799,-520,12171,2974,0
-9806,-498,12178,2964,0
-9804,-495,12187,2968,0
-9799,-521,12192,2976,0
-9789,-517,12208,2970,0
-9781,-515,12237,2970,0
-9809,-522,12207,2968,0
-9804,-523,12171,2972,0
-9795,-516,12194,2957,0
-9805,-481,12203,2968,0
-9818,-506,12174,2975,0
-9807,-515,12209,2973,0
-9805,-525,12193,2969,0
-9790,-510,12179,2966,0
-9816,-513,12222,2962,0
-9790,-515,12206,2970,0
-9824,-501,12210,2975,0
-9803,-500,12220,2966,0
-9788,-501,12199,2968,0
-9813,-523,12191,2966,0
-9809,-511,12192,2964,0
-9786,-540,12197,2966,0
-9819,-518,12182,2967,0
-9799,-503,12212,2960,0
-9790,-514,12199,2973,0
-9793,-527,12172,2972,0
-9819,-511,12180,2973,0
-9806,-522,12223,2968,0
-9816,-493,12186,2960,0
-9787,-497,12198,2969,0
-9786,-523,12211,2975,0
-9796,-516,12163,2973,0
-9811,-519,12193,2965,0
-9786,-503,12220,2960,0
-9797,-510,12178,2966,0
-9794,-515,12191,2969,0
-9818,-517,12178,2966,0
-9799,-515,12217,2963,0
-9806,-513,12208,2972,0
-9783,-509,12199,2960,0
-9818,-549,12195,2973,0
-9813,-516,12215,2979,0
-9791,-516,12204,2969,0
-9799,-499,12184,2970,0
-9802,-518,12193,2970,0
-9783,-521,12210,2979,0
-9807,-492,12199,2967,0
-9802,-529,12194,2972,0
-9794,-513,12227,2977,0
-9810,-511,12202,2970,0
-9777,-497,12203,2977,0
-9796,-501,12215,2976,0
-9773,-513,12217,2964,0
-9797,-519,12224,2963,0
-9814,-514,12199,2968,0
-9800,-519,12234,2970,0
-9798,-499,12187,2970,0
-9814,-518,12221,2971,0
-9792,-511,12243,2967,0
-9817,-514,12221,2966,0
-9794,-515,12180,2969,0
-9787,-533,12188,2976,0
-9815,-549,12190,2962,0
-9796,-500,12207,2961,0
-9811,-504,12182,2967,0
-9800,-507,12229,2972,0
-9799,-505,12207,2962,0
-9803,-531,12227,2962,0
-9780,-529,12193,2965,0
-9805,-481,12222,2970,0
-9796,-528,12194,2974,0
-9817,-528,12230,2961,0
-9798,-506,12175,2964,0
-9802,-499,12198,2959,0
-9796,-500,12197,2968,0
-9803,-517,12176,2962,0
-9808,-517,12229,2965,0
-9796,-495,12218,2961,0
-9808,-535,12190,2962,0
-9779,-505,12176,2965,0
-9796,-505,12171,2971,0
-9796,-485,12204,2967,0
-9819,-509,12194,2963,0
-9806,-506,12182,2962,0
-9807,-514,12236,2965,0
-9813,-533,12182,2972,0
-9788,-509,12194,2967,0
-9816,-501,12193,2966,0
-9799,-517,12208,2962,0
-9779,-515,12218,2962,0
-9806,-535,12183,2977,0
-9804,-528,12193,2973,0
-9818,-505,12220,2968,0
-9811,-536,12180,2962,0
-9800,-528,12200,2969,0
-9828,-495,12226,2972,0
-9804,-514,12221,2976,0
-9812,-522,12165,2968,0
-9792,-503,12146,2967,0
-9812,-519,12199,2964,0
-9786,-531,12156,2968,0
-9818,-528,12175,2975,0
-9815,-531,12223,2968,0
-9822,-518,12181,2966,0
-9824,-535,12213,2968,0
-9801,-499,12186,2970,0
-9801,-493,12186,2970,0
-9793,-519,12194,2962,0
-9807,-514,12157,2968,0
-9803,-516,12211,2969,0
-9816,-519,12206,2974,0
-9802,-510,12223,2965,0
-9811,-519,12234,2975,0
-9802,-511,12167,2970,0
-9802,-506,12217,2970,0
-9803,-501,12201,2971,0
-9805,-532,12183,2976,0
-9832,-526,12192,2970,0
-9794,-514,12217,2972,0
-9808,-512,12226,2973,0
-9801,-490,12169,2978,0
-9794,-523,12214,2961,0
-9802,-504,12213,2964,0
-9795,-517,12204,2974,0
-9801,-534,12241,2978,0
-9806,-537,12224,2972,0
-9803,-501,12205,2966,0
-9800,-534,12190,2977,0
-9798,-518,12197,2968,0
-9830,-521,12192,2968,0
-9833,-509,12202,2969,0
-9805,-510,12203,2971,0
-9808,-512,12197,2968,0
-9807,-513,12206,2968,0
-9797,-503,12197,2969,0
-9815,-517,12213,2979,0
-9795,-502,12173,2973,0
-9813,-528,12157,2966,0
-9817,-513,12223,2962,0
-9792,-503,12209,2975,0
-9785,-517,12217,2976,0
-9785,-506,12218,2966,0
-9773,-525,12167,2970,0
-9816,-533,12193,2962,0
-9819,-531,12195,2970,0
-9805,-512,12199,2974,0
-9805,-529,12195,2966,0
-9794,-514,12209,2969,0
-9802,-497,12196,2966,0
-9808,-500,12193,2965,0
-9815,-508,12196,2964,0
-9814,-498,12206,2972,0
-9816,-510,12164,2964,0
-9807,-494,12165,2970,0
-9796,-510,12183,2969,0
-9807,-508,12190,2978,0
-9787,-502,12182,2971,0
-9792,-484,12212,2969,0
-9802,-502,12198,2966,0
-9786,-505,12181,2973,0
-9817,-504,12200,2974,0
-9810,-514,12207,2979,0
-9792,-513,12207,2964,0
-9808,-517,12225,2963,0
-9815,-513,12205,2971,0
-9793,-514,12182,2968,0
-9805,-506,12204,2970,0
-9796,-517,12193,2964,0
-9806,-525,12229,2963,0
-9790,-517,12210,2965,0
-9811,-489,12176,2967,0
-9804,-516,12231,2970,0
-9805,-520,12201,2967,0
-9812,-518,12171,2971,0
-9829,-501,12186,2963,0
-9798,-513,12173,2968,0
-9787,-517,12170,2970,0
-9791,-516,12191,2965,0
-9800,-517,12192,2969,0
-9806,-509,12188,2964,0
-9820,-514,12185,2971,0
-9796,-508,12191,2973,0
-9812,-500,12194,2972,0
-9790,-508,12232,2970,0
-9815,-486,12219,2973,0
-9798,-505,12187,2972,0
-9776,-488,12198,2976,0
-9809,-513,12141,2967,0
-9816,-497,12175,2970,0
-9820,-512,12163,2973,0
-9799,-503,12163,2973,0
-9815,-524,12207,2976,0
-9806,-525,12191,2971,0
-9844,-504,12190,2961,0
-9818,-503,12197,2980,0
-9800,-518,12232,2980,0
-9796,-504,12218,2972,0
-9803,-515,12183,2977,0
-9805,-482,12183,2967,0
-9804,-492,12196,2972,0
-9796,-496,12169,2978,0
-9802,-486,12184,2970,0
-9816,-490,12179,2981,0
-9785,-507,12185,2983,0
-9813,-505,12194,2969,0
-9815,-513,12182,2976,0
-9794,-517,12171,2969,0
-9802,-535,12228,2972,0
-9808,-544,12167,2969,0
-9820,-523,12161,2970,0
-9804,-512,12197,2976,0
-9824,-523,12197,2978,0
-9808,-487,12176,2968,0
-9807,-520,12198,2973,0
-9797,-513,12198,2971,0
-9816,-533,12191,2975,0
-9797,-501,12190,2984,0
-9841,-495,12205,2974,0
-9776,-529,12218,2976,0
-9810,-514,12180,2975,0
-9772,-505,12205,2974,0
-9801,-522,12195,2976,0
-9784,-517,12197,2976,0
-9815,-503,12180,2972,0
-9827,-526,12159,2967,0
-9820,-524,12215,2975,0
-9787,-510,12193,2976,0
-9815,-514,12176,2970,0
-9779,-521,12209,2967,0
-9794,-514,12176,2973,0
-9799,-481,12148,2970,0
-9827,-489,12177,2972,0
-9802,-537,12180,2970,0
-9805,-525,12228,2970,0
-9789,-519,12194,2974,0
-9818,-522,12211,2973,0
-9807,-522,12181,2976,0
-9816,-519,12196,2974,0
-9799,-491,12218,2971,0
-9823,-482,12233,2971,0
-9827,-482,12213,2959,0
-9818,-502,12205,2974,0
-9812,-506,12139,2970,0
-9826,-519,12171,2974,0
-9795,-522,12149,2968,0
-9810,-517,12216,2972,0
-9820,-508,12192,2973,0
-9821,-517,12157,2971,0
-9808,-523,12212,2972,0
-9836,-529,12182,2970,0
-9801,-503,12214,2977,0
-9812,-536,12193,2974,0
-9803,-538,12248,2974,0
-9806,-542,12195,2969,0
-9793,-515,12191,2970,0
-9817,-510,12196,2967,0
-9818,-510,12197,2984,0
-9806,-536,12219,2972,0
-9801,-502,12207,2968,0
-9802,-512,12204,2975,0
-9813,-488,12204,2970,0
-9786,-509,12185,2980,0
-9800,-501,12189,2979,0
-9818,-479,12226,2973,0
-9823,-493,12171,2975,0
-9812,-494,12211,2973,0
-9810,-503,12155,2976,0
-9802,-518,12154,2971,0
-9827,-540,12209,2967,0
-9799,-515,12244,2970,0
-9807,-512,12189,2979,0
-9828,-504,12176,2977,0
-9807,-498,12187,2969,0
-9796,-493,12177,2972,0
-9802,-513,12219,2973,0
-9797,-518,12230,2976,0
-9816,-523,12205,2978,0
-9821,-527,12229,2972,0
-9799,-533,12222,2975,0
-9820,-517,12196,2970,0
-9801,-518,12173,2974,0
-9820,-542,12187,2978,0
-9790,-525,12191,2974,0
-9813,-533,12218,2968,0
-9797,-496,12239,2970,0
-9807,-508,12207,2968,0
-9819,-513,12164,2975,0
-9817,-511,12224,2967,0
-9806,-534,12180,2970,0
-9823,-553,12191,2977,0
-9814,-528,12169,2977,0
-9779,-520,12196,2974,0
-9804,-508,12211,2975,0
-9797,-515,12221,2971,0
-9799,-516,12186,2973,0
-9844,-512,12183,2979,0
-9805,-508,12179,2988,0
-9789,-522,12180,2970,0
-9805,-508,12212,2971,0
-9812,-496,12211,2975,0
-9801,-506,12189,2978,0
-9816,-500,12190,2979,0
-9809,-513,12138,2976,0
-9829,-498,12204,2976,0
-9814,-503,12180,2977,0
-9801,-520,12179,2974,0
-9812,-514,12207,2975,0
-9826,-522,12196,2978,0
-9808,-502,12173,2975,0
-9801,-500,12231,2972,0
-9800,-509,12190,2978,0
-9806,-515,12201,2977,0
-9822,-506,12184,2974,0
-9787,-520,12195,2972,0
-9793,-512,12193,2972,0
-9789,-522,12185,2977,0
-9801,-514,12198,2980,0
-9799,-515,12178,2981,0
-9813,-522,12203,2984,0
-9785,-538,12204,2978,0
-9816,-504,12212,2979,0
-9782,-517,12212,2978,0
-9815,-502,12202,2972,0
-9809,-522,12178,2972,0
-9784,-500,12199,2980,0
-9807,-510,12190,2976,0
-9823,-520,12196,2973,0
-9798,-503,12183,2975,0
-9795,-490,12196,2976,0
-9790,-507,12209,2975,0
-9818,-497,12209,2977,0
-9794,-502,12139,2978,0
-9791,-505,12187,2977,0
-9806,-503,12179,2977,0
-9790,-508,12194,2979,0
-9806,-518,12207,2977,0
-9789,-497,12189,2980,0
-9805,-510,12198,2974,0
-9797,-514,12203,2977,0
-9792,-510,12169,2977,0
-9782,-501,12173,2981,0
-9786,-518,12238,2980,0
-9796,-505,12203,2973,0
-9810,-520,12155,2978,0
-9807,-479,12187,2974,0
-9798,-510,12185,2985,0
-9803,-509,12191,2971,0
-9805,-490,12195,2977,0
-9826,-531,12196,2981,0
-9794,-506,12170,2978,0
-9804,-506,12208,2982,0
-9790,-518,12198,2977,0
-9808,-493,12224,2973,0
-9792,-524,12184,2976,0
-9801,-514,12191,2979,0
-9808,-521,12176,2979,0
-9831,-521,12177,2981,0
-9796,-508,12210,2977,0
-9765,-515,12201,2976,0
-9781,-479,12234,2984,0
-9796,-491,12225,2976,0
-9814,-504,12198,2980,0
-9802,-509,12224,2969,0
-9792,-506,12207,2975,0
-9811,-542,12197,2972,0
-9792,-522,12169,2971,0
-9816,-527,12218,2983,0
-9798,-526,12217,2976,0
-9788,-509,12181,2982,0
-9799,-503,12166,2979,0
-9810,-508,12201,2983,0
-9784,-495,12209,2983,0
-9808,-506,12191,2986,0
-9778,-527,12164,2983,0
-9793,-516,12173,2981,0
-9782,-522,12181,2980,0
-9827,-517,12213,2982,0
-9801,-494,12217,2979,0
-9811,-506,12174,2981,0
-9821,-508,12191,2976,0
-9814,-514,12191,2979,0
-9795,-529,12185,2973,0
-9806,-523,12234,2980,0
-9806,-522,12196,2984,0
-9797,-511,12205,2979,0
-9787,-529,12201,2977,0
-9804,-525,12215,2982,0
-9804,-521,12188,2981,0
-9799,-534,12212,2982,0
-9826,-496,12202,2976,0
-9794,-509,12224,2979,0
-9806,-519,12195,2992,0
-9827,-497,12189,2982,0
-9813,-513,12169,2993,0
-9809,-502,12197,2978,0
-9820,-506,12193,2981,0
-9799,-506,12209,2990,0
-9806,-515,12156,2984,0
-9790,-517,12215,2986,0
-9783,-521,12178,2982,0
-9792,-521,12154,2983,0
-9793,-513,12200,2980,0
-9796,-516,12186,2983,0
-9813,-516,12206,2977,0
-9824,-511,12178,2981,0
-9786,-517,12208,2986,0
-9814,-529,12173,2993,0
-9808,-497,12184,2989,0
-9804,-501,12205,2985,0
-9800,-501,12215,2989,0
-9795,-533,12155,2978,0
-9819,-533,12159,2984,0
-9803,-522,12174,2989,0
-9807,-502,12219,2979,0
-9798,-513,12186,2977,0
-9797,-493,12215,2981,0
-9788,-529,12221,2977,0
-9797,-510,12182,2991,0
-9802,-504,12212,2987,0
-9796,-509,12177,2985,0
-9792,-506,12264,2979,0
-9818,-495,12185,2994,0
-9816,-523,12208,2980,0
-9822,-538,12207,2984,0
-9816,-513,12194,2983,0
-9805,-531,12190,2987,0
-9811,-501,12205,2982,0
-9813,-514,12194,2977,0
-9791,-495,12203,2990,0
-9814,-510,12187,2984,0
-9806,-502,12160,2988,0
-9797,-510,12158,2992,0
-9827,-516,12179,2984,0
-9808,-498,12202,2980,0
-9825,-507,12189,2982,0
-9805,-503,12217,2983,0
-9799,-513,12194,2995,0
-9808,-517,12180,2987,0
-9823,-505,12238,2977,0
-9792,-517,12160,2976,0
-9786,-510,12193,2978,0
-9820,-516,12175,2987,0
-9800,-500,12146,2992,0
-9811,-511,12194,2985,0
-9812,-529,12201,2978,0
-9818,-522,12162,2982,0
-9814,-498,12192,2995,0
-9805,-535,12182,2994,0
-9784,-493,12209,2988,0
-9799,-514,12168,2983,0
-9798,-516,12185,2989,0
-9814,-498,12212,2990,0
-9789,-515,12216,2989,0
-9787,-524,12183,2986,0
-9818,-509,12176,2986,0
-9784,-530,12176,2985,0
-9790,-517,12167,2987,0
-9819,-522,12202,2976,0
-9803,-499,12204,2982,0
-9817,-516,12200,2990,0
-9815,-523,12209,2988,0
-9803,-525,12165,2994,0
-9802,-518,12223,2990,0
-9792,-528,12197,2982,0
-9785,-521,12222,2982,0
-9801,-530,12219,2999,0
-9802,-523,12181,2991,0
-9801,-486,12200,2981,0
-9810,-511,12158,2977,0
-9821,-509,12181,2984,0
-9775,-496,12191,2991,0
-9788,-502,12189,2989,0
-9801,-515,12169,2980,0
-9798,-528,12174,2982,0
-9796,-509,12158,2982,0
-9797,-520,12202,2983,0
-9811,-527,12168,2987,0
-9803,-512,12204,2988,0
-9797,-514,12217,2982,0
-9822,-520,12233,2983,0
-9799,-520,12192,2985,0
-9812,-492,12172,2988,0
-9800,-502,12207,2988,0
-9792,-486,12201,2977,0
-9795,-521,12224,2988,0
-9796,-511,12198,2985,0
-9817,-519,12194,2993,0
-9813,-518,12236,2986,0
-9800,-508,12202,2987,0
-9807,-516,12204,2977,0
-9793,-504,12187,2981,0
-9803,-509,12217,2990,0
-9797,-492,12160,2986,0
-9818,-509,12235,2977,0
-9797,-493,12240,2987,0
-9785,-525,12215,2996,0
-9802,-512,12153,2994,0
-9807,-531,12166,2990,0
-9796,-531,12175,2984,0
-9803,-514,12224,2975,0
-9816,-514,12188,2991,0
-9809,-511,12175,2987,0
-9815,-505,12188,2984,0
-9803,-516,12192,2995,0
-9812,-505,12191,2984,0
-9796,-527,12167,2987,0
-9801,-523,12203,2989,0
-9807,-505,12171,2984,0
-9815,-519,12212,2988,0
-9798,-513,12171,2980,0
-9820,-510,12172,2983,0
-9797,-504,12205,2989,0
-9821,-508,12207,2983,0
-9811,-497,12160,2989,0
-9794,-505,12161,2985,0
-9786,-522,12243,2979,0
-9806,-514,12185,3000,0
-9816,-515,12187,2987,0
-9806,-526,12208,2982,0
-9823,-522,12194,2988,0
-9809,-515,12185,2981,0
-9807,-510,12217,2992,0
-9787,-498,12175,2992,0
-9808,-496,12161,2991,0
-9805,-530,12172,2990,0
-9791,-512,12199,2984,0
-9796,-498,12176,2997,0
-9795,-546,12222,2981,0
-9805,-526,12197,2984,0
-9814,-521,12185,2989,0
-9804,-499,12179,2978,0
-9812,-509,12196,2983,0
-9806,-510,12198,2990,0
-9812,-516,12169,2977,0
-9812,-523,12205,2982,0
-9798,-526,12212,2984,0
-9795,-505,12164,3003,0
-9808,-532,12175,2987,0
-9801,-514,12169,2988,0
-9818,-523,12190,2993,0
-9786,-518,12202,2993,0
-9816,-509,12194,2993,0
-9798,-522,12163,2992,0
-9802,-496,12183,2995,0
-9791,-507,12217,2993,0
-9807,-511,12198,2984,0
-9791,-501,12157,2996,0
-9815,-532,12182,2994,0
-9817,-520,12207,2986,0
-9795,-529,12204,2981,0
-9817,-518,12171,2989,0
-9812,-519,12171,2995,0
-9811,-514,12164,2990,0
-9799,-496,12184,2989,0
-9802,-514,12208,2989,0
-9799,-498,12190,2982,0
-9778,-522,12178,2987,0
-9802,-516,12227,2992,0
-9804,-518,12183,2989,0
-9819,-500,12196,2989,0
-9808,-487,12165,2984,0
-9789,-512,12184,3009,0
-9807,-502,12202,2986,0
-9806,-510,12184,2988,0
-9812,-506,12188,2990,0
-9789,-500,12186,2992,0
-9784,-507,12177,2994,0
-9805,-489,12192,2985,0
-9796,-510,12174,2989,0
-9792,-524,12145,2991,0
-9794,-539,12200,2995,0
-9815,-523,12196,3002,0
-9819,-514,12162,2989,0
-9806,-529,12203,2989,0
-9822,-517,12191,2984,0
-9809,-510,12188,2989,0
-9818,-513,12238,2994,0
-9785,-522,12208,2988,0
-9795,-503,12234,2987,0
-9804,-496,12207,2995,0
-9817,-494,12227,2986,0
-9798,-509,12166,2992,0
-9786,-506,12181,2998,0
-9787,-519,12190,2993,0
-9787,-526,12192,2987,0
-9804,-518,12169,2997,0
-9793,-495,12223,2993,0
-9793,-529,12164,2990,0
-9798,-497,12167,2988,0
-9803,-516,12204,2991,0
-9793,-512,12166,3001,0
-9794,-497,12183,2997,0
-9802,-493,12167,2994,0
-9767,-501,12207,2988,0
-9812,-505,12180,2992,0
-9809,-519,12213,2993,0
-9802,-504,12203,2996,0
-9808,-508,12193,2993,0
-9811,-506,12175,2989,0
-9784,-524,12178,2989,0
-9781,-518,12177,2989,0
-9801,-518,12187,2992,0
-9811,-506,12186,2991,0
-9808,-502,12181,2989,0
-9798,-505,12186,2987,0
-9812,-529,12215,2988,0
-9792,-519,12154,3000,0
-9795,-508,12190,2990,0
-9808,-512,12210,2994,0
-9804,-512,12197,2986,0
-9813,-534,12188,2997,0
-9811,-526,12201,2999,0
-9815,-523,12192,3003,0
-9795,-511,12189,2988,0
-9800,-503,12195,2990,0
-9802,-537,12189,2989,0
-9811,-523,12172,2999,0
-9814,-510,12175,2980,0
-9804,-534,12170,2989,0
-9821,-508,12179,2996,0
-9811,-507,12183,2991,0
-9809,-530,12146,2992,0
-9800,-528,12206,3002,0
-9816,-520,12182,2993,0
-9801,-529,12194,2992,0
-9810,-513,12183,2989,0
-9780,-506,12192,2999,0
-9803,-534,12200,2990,0
-9802,-518,12215,2985,0
-9833,-497,12183,2985,0
-9822,-488,12208,2992,0
-9803,-505,12217,2992,0
-9825,-513,12199,2999,0
-9822,-524,12198,2991,0
-9812,-548,12211,2991,0
-9782,-533,12179,2995,0
-9800,-515,12192,2982,0
-9801,-521,12203,2999,0
-9812,-507,12164,2995,0
-9818,-503,12214,2988,0
-9811,-505,12176,2993,0
-9795,-515,12200,2996,0
-9813,-511,12171,2989,0
-9788,-504,12208,2991,0
-9807,-509,12209,2985,0
-9806,-520,12165,2982,0
-9808,-504,12177,2998,0
-9803,-530,12155,2985,0
-9797,-518,12152,2990,0
-9830,-511,12168,2989,0
-9820,-500,12150,2993,0
-9782,-528,12225,2988,0
-9793,-500,12202,2992,0
-9793,-521,12190,2993,0
-9794,-509,12212,2985,0
-9813,-546,12175,3001,0
-9821,-536,12166,2992,0
-9783,-530,12199,2995,0
-9807,-508,12187,2982,0
-9808,-511,12199,2989,0
-9784,-513,12182,2991,0
-9818,-505,12193,3012,0
-9798,-509,12229,2993,0
-9816,-506,12214,2988,0
-9808,-510,12227,2994,0
-9810,-512,12216,2993,0
-9811,-509,12221,2997,0
-9819,-513,12187,2988,0
-9809,-521,12193,2991,0
-9818,-512,12176,2992,0
-9818,-514,12232,2993,0
-9795,-522,12198,3000,0
-9801,-503,12169,2987,0
-9798,-513,12177,2989,0
-9813,-506,12187,2989,0
-9810,-510,12185,2987,0
-9799,-523,12161,2998,0
-9805,-527,12181,2986,0
-9793,-523,12169,2989,0
-9800,-501,12178,2982,0
-9822,-508,12208,2985,0
-9781,-512,12233,2993,0
-9805,-534,12187,2995,0
-9766,-511,12163,2989,0
-9792,-517,12194,2990,0
-9807,-494,12204,2992,0
-9804,-512,12219,3002,0
-9820,-532,12224,2997,0
-9793,-512,12203,3006,0
-9793,-517,12209,3004,0
-9802,-496,12183,3003,0
-9816,-500,12212,3011,0
-9810,-496,12145,3000,0
-9798,-515,12228,2987,0
-9805,-520,12192,2991,0
-9804,-511,12197,2996,0
-9805,-519,12201,2998,0
-9809,-503,12193,2994,0
-9802,-496,12196,2988,0
-9809,-508,12212,2991,0
-9821,-527,12211,2987,0
-9805,-535,12177,2995,0
-9814,-507,12247,2992,0
-9799,-548,12194,2986,0
-9813,-533,12163,2986,0
-9809,-525,12230,2989,0
-9799,-527,12175,2994,0
-9815,-528,12209,2993,0
-9801,-520,12233,2999,0
-9827,-518,12193,3009,0
-9790,-497,12203,3005,0
-9817,-502,12215,3010,0
-9816,-506,12182,3006,0
-9796,-514,12196,2999,0
-9810,-518,12196,2993,0
-9783,-517,12165,2999,0
-9827,-523,12189,3008,0
-9803,-537,12190,2997,0
-9797,-522,12217,3003,0
-9803,-515,12132,2999,0
-9801,-525,12155,2998,0
-9819,-525,12216,3005,0
-9811,-500,12218,2999,0
-9797,-488,12214,2995,0
-9800,-471,12171,2993,0
-9816,-500,12165,2996,0
-9795,-513,12210,2998,0
-9818,-499,12203,2992,0
-9782,-504,12184,2988,0
-9822,-521,12197,2993,0
-9793,-527,12206,2995,0
-9806,-531,12246,3001,0
-9796,-514,12206,2991,0
-9789,-513,12212,2994,0
-9798,-524,12198,2989,0
-9796,-523,12187,2994,0
-9819,-504,12179,2992,0
-9805,-508,12218,3004,0
-9793,-531,12181,3013,0
-9796,-524,12158,3007,0
-9768,-522,12188,2996,0
-9798,-536,12169,2994,0
-9791,-504,12201,2999,0
-9805,-492,12173,2995,0
-9794,-534,12139,2997,0
-9804,-527,12197,2994,0
-9796,-529,12148,2997,0
-9802,-530,12174,2994,0
-9786,-518,12185,2996,0
-9778,-523,12177,2994,0
-9811,-504,12198,2999,0
-9821,-522,12194,3000,0
-9791,-545,12188,3006,0
-9782,-539,12191,2990,0
-9813,-532,12198,2992,0
-9787,-512,12172,2999,0
-9842,-514,12207,2989,0
-9810,-511,12160,2997,0
-9796,-532,12161,2993,0
-9810,-506,12176,2992,0
-9794,-499,12179,3000,0
-9798,-501,12200,2997,0
-9789,-523,12171,3001,0
-9790,-512,12191,2996,0
-9804,-519,12170,2995,0
-9774,-532,12210,3017,0
-9803,-529,12186,3006,0
-9807,-523,12186,3006,0
-9767,-525,12216,3001,0
-9797,-525,12213,2995,0
-9810,-535,12193,3001,0
-9817,-500,12204,3002,0
-9803,-523,12201,2998,0
-9808,-509,12202,2997,0
-9791,-511,12188,2996,0
-9783,-519,12176,2993,0
-9803,-546,12183,2999,0
-9798,-509,12169,2993,0
-9777,-501,12185,2998,0
-9798,-532,12165,2992,0
-9807,-544,12169,2996,0
-9809,-545,12227,2999,0
-9823,-515,12203,3001,0
-9784,-520,12128,2997,0
-9818,-510,12157,2995,0
-9805,-487,12185,2992,0
-9819,-512,12173,3004,0
-9809,-522,12196,2997,0
-9791,-515,12162,2995,0
-9797,-532,12176,3002,0
-9803,-512,12198,3000,0
-9795,-522,12196,3006,0
-9812,-502,12185,2999,0
-9812,-497,12201,2996,0
-9779,-532,12199,2996,0
-9795,-527,12156,2995,0
-9830,-523,12199,3001,0
-9823,-523,12176,2997,0
-9778,-520,12208,2992,0
-9801,-496,12166,3000,0
-9774,-511,12179,2998,0
-9776,-538,12198,2994,0
-9812,-516,12229,2995,0
-9801,-492,12209,2997,0
-9797,-534,12200,2995,0
-9805,-532,12209,2994,0
-9804,-532,12182,2995,0
-9797,-512,12154,2991,0
-9806,-522,12182,2995,0
-9830,-523,12176,2992,0
-9794,-528,12211,2999,0
-9785,-532,12202,3002,0
-9817,-519,12164,2994,0
-9820,-510,12215,3001,0
-9797,-536,12182,2999,0
-9790,-518,12196,3002,0
-9811,-514,12194,2999,0
-9816,-516,12209,2999,0
-9793,-514,12203,2996,0
-9783,-518,12178,2993,0
-9792,-515,12184,2999,0
-9803,-529,12166,3007,0
-9806,-506,12186,2999,0
-9815,-538,12183,2989,0
-9793,-509,12214,2995,0
-9791,-504,12198,2994,0
-9797,-498,12181,3000,0
-9788,-515,12201,2996,0
-9782,-524,12182,2998,0
-9823,-508,12150,2998,0
-9799,-505,12164,2995,0
-9815,-516,12202,2999,0
-9816,-522,12198,2994,0
-9799,-530,12197,2991,0
-9798,-518,12223,2993,0
-9776,-493,12196,2999,0
-9804,-515,12190,2999,0
-9834,-530,12153,2995,0
-9818,-526,12175,2997,0
-9800,-516,12181,3002,0
-9806,-483,12186,2997,0
-9801,-491,12236,3003,0
-9804,-516,12192,3002,0
-9829,-517,12210,3001,0
-9811,-514,12196,2994,0
-9823,-510,12188,2997,0
-9798,-500,12192,3002,0
-9816,-504,12185,2998,0
-9798,-528,12195,3003,0
-9800,-516,12170,2992,0
-9783,-524,12177,3003,0
-9779,-515,12204,3001,0
-9796,-513,12163,2999,0
-9815,-503,12214,3002,0
-9819,-524,12182,3000,0
-9782,-516,12201,3002,0
-9789,-509,12195,2996,0
-9791,-517,12190,2999,0
-9812,-515,12178,3002,0
-9794,-522,12201,3009,0
-9818,-512,12222,3006,0
-9789,-512,12217,2999,0
-9791,-517,12185,3005,0
-9825,-533,12183,2998,0
-9785,-497,12198,3002,0
-9783,-500,12210,3001,0
-9773,-490,12212,3006,0
-9796,-499,12214,3004,0
-9793,-516,12198,3002,0
-9826,-520,12198,2999,0
-9790,-495,12195,3002,0
-9801,-533,12181,3008,0
-9791,-504,12209,3006,0
-9795,-494,12186,2996,0
-9786,-493,12156,2999,0
-9796,-537,12186,3004,0
-9822,-519,12173,3006,0
-9792,-516,12180,3001,0
-9805,-480,12169,2997,0
-9796,-511,12189,2994,0
-9784,-508,12228,2989,0
-9804,-519,12177,3003,0
-9802,-485,12215,3002,0
-9802,-505,12176,3003,0
-9810,-495,12193,2997,0
-9800,-534,12172,2997,0
-9777,-507,12183,2999,0
-9821,-521,12186,2994,0
-9810,-502,12145,2991,0
-9787,-498,12184,2996,0
-9809,-509,12185,2992,0
-9783,-517,12177,3001,0
-9808,-511,12153,2997,0
-9797,-492,12177,2993,0
-9794,-517,12158,2994,0
-9792,-517,12199,2998,0
-9792,-483,12191,2998,0
-9808,-509,12204,2997,0
-9783,-511,12184,2996,0
-9794,-499,12176,2993,0
-9822,-522,12199,2991,0
-9811,-497,12187,3000,0
-9788,-530,12210,2999,0
-9803,-536,12217,2992,0
-9801,-517,12181,2997,0
-9814,-503,12196,2991,0
-9796,-516,12208,2993,0
-9794,-508,12202,2995,0
-9826,-500,12175,2991,0
-9802,-512,12190,2991,0
-9791,-522,12191,3001,0
-9783,-513,12201,2998,0
-9798,-499,12178,3000,0
-9800,-509,12245,2998,0
-9797,-515,12187,2997,0
-9807,-518,12193,2993,0
-9828,-534,12214,2997,0
-9801,-493,12191,2991,0
-9817,-516,12210,2996,0
-9796,-504,12203,3003,0
-9788,-528,12202,2996,0
-9808,-518,12193,3001,0
-9790,-489,12183,2995,0
-9789,-497,12213,2993,0
-9802,-513,12174,2996,0
-9784,-524,12206,2991,0
-9800,-525,12194,2997,0
-9818,-532,12187,2993,0
-9821,-506,12175,2996,0
-9797,-524,12199,2991,0
-9817,-523,12225,2993,0
-9817,-518,12159,2996,0
-9799,-496,12163,2997,0
-9803,-509,12188,2988,0
-9834,-491,12199,2988,0
-9821,-500,12235,2989,0
-9855,-523,12178,2994,0
-9800,-489,12172,2993,0
-9795,-526,12162,2990,0
-9790,-507,12221,2995,0
-9782,-526,12231,2994,0
-9788,-519,12219,2995,0
-9805,-506,12231,2992,0
-9790,-519,12209,2990,0
-9779,-512,12203,2993,0
-9812,-503,12204,2994,0
-9806,-495,12209,3000,0
-9787,-524,12204,2996,0
-9783,-498,12197,2996,0
-9790,-497,12216,2992,0
-9833,-503,12170,2993,0
-9804,-511,12188,2997,0
-9799,-506,12208,2993,0
-9793,-510,12233,2994,0
-9797,-509,12195,2996,0
-9811,-529,12232,2997,0
-9823,-510,12198,2994,0
-9811,-499,12191,2989,0
-9822,-520,12178,2990,0
-9798,-515,12164,2994,0
-9797,-496,12183,2989,0
-9803,-524,12210,2993,0
-9793,-525,12234,2989,0
-9799,-515,12196,2990,0
-9781,-526,12185,2989,0
-9785,-519,12189,2991,0
-9806,-502,12209,2990,0
-9825,-480,12205,3019,0
-9796,-526,12177,2983,0
-9796,-511,12167,2987,0
-9788,-520,12197,2987,0
-9826,-496,12208,2996,0
-9816,-540,12189,2991,0
-9788,-514,12208,2989,0
-9790,-491,12221,2987,0
-9806,-512,12207,2990,0
-9791,-511,12209,2992,0
-9798,-500,12204,2989,0
-9799,-496,12221,2987,0
-9794,-529,12216,2986,0
-9784,-500,12195,2990,0
-9795,-511,12215,2988,0
-9798,-506,12180,2991,0
-9790,-518,12188,2988,0
-9798,-523,12196,2990,0
-9806,-498,12210,2992,0
-9803,-518,12186,2992,0
-9812,-520,12223,2990,0
-9817,-496,12185,2990,0
-9802,-522,12202,2991,0
-9819,-478,12196,3000,0
-9820,-495,12203,2996,0
-9804,-516,12172,2994,0
-9811,-537,12236,2988,0
-9788,-527,12179,2986,0
-9789,-502,12205,2990,0
-9793,-496,12238,2992,0
-9792,-502,12221,2985,0
-9805,-505,12206,2988,0
-9781,-519,12183,2985,0
-9798,-518,12186,2988,0
-9810,-518,12188,2994,0
-9808,-517,12166,2987,0
-9825,-526,12188,2990,0
-9802,-497,12194,2992,0
-9801,-527,12195,2989,0
-9807,-507,12190,2992,0
-9790,-486,12208,2997,0
-9813,-497,12160,2987,0
-9812,-532,12171,2991,0
-9789,-506,12204,2989,0
-9810,-523,12172,2989,0
-9797,-514,12175,2986,0
-9813,-499,12174,2995,0
-9798,-517,12192,2984,0
-9809,-504,12161,2987,0
-9783,-493,12200,2989,0
-9809,-501,12200,2993,0
-9796,-499,12186,2986,0
-9816,-524,12179,2990,0
-9810,-531,12218,2984,0
-9820,-518,12192,2987,0
-9793,-473,12154,2990,0
-9825,-500,12197,2985,0
-9814,-502,12207,2984,0
-9794,-514,12190,2991,0
-9796,-511,12235,2987,0
-9829,-513,12206,2989,0
-9787,-506,12199,2986,0
-9812,-507,12209,2985,0
-9794,-516,12173,2980,0
-9809,-506,12175,2988,0
-9810,-526,12189,2991,0
-9820,-504,12180,2987,0
-9819,-505,12214,2985,0
-9816,-501,12214,2979,0
-9808,-529,12210,2991,0
-9807,-510,12218,2993,0
-9824,-511,12201,2985,0
-9822,-496,12235,2985,0
-9798,-524,12195,2988,0
-9805,-516,12173,2988,0
-9803,-490,12157,2988,0
-9818,-519,12236,2988,0
-9835,-493,12184,2985,0
-9818,-531,12148,2986,0
-9831,-528,12211,2988,0
-9819,-522,12192,2990,0
-9809,-521,12182,2991,0
-9828,-513,12224,2982,0
-9811,-515,12170,2993,0
-9791,-521,12198,2988,0
-9827,-504,12208,2993,0
-9802,-524,12213,2988,0
-9803,-520,12214,2980,0
-9797,-514,12199,2986,0
-9787,-529,12241,2987,0
-9797,-515,12172,2983,0
-9818,-514,12190,2984,0
-9805,-511,12202,2982,0
-9795,-516,12175,2990,0
-9820,-511,12203,2992,0
-9770,-545,12193,2982,0
-9811,-521,12215,2985,0
-9799,-501,12201,2983,0
-9815,-522,12211,2992,0
-9822,-502,12182,2992,0
-9814,-486,12216,2984,0
-9816,-511,12201,2985,0
-9819,-501,12167,2985,0
-9819,-520,12196,2980,0
-9820,-521,12178,2986,0
-9800,-502,12199,2980,0
-9789,-502,12186,2980,0
-9796,-495,12231,2982,0
-9797,-493,12227,2987,0
-9803,-482,12184,2985,0
-9804,-518,12196,2982,0
-9824,-515,12221,2984,0
-9821,-485,12169,2985,0
-9822,-515,12207,3001,0
-9802,-509,12189,2984,0
-9800,-506,12223,2987,0
-9795,-507,12161,2986,0
-9795,-506,12209,2992,0
-9809,-494,12172,2986,0
-9831,-508,12200,2993,0
-9799,-509,12192,2988,0
-9823,-505,12176,2990,0
-9767,-514,12202,2985,0
-9822,-489,12183,2990,0
-9818,-541,12216,2996,0
-9789,-526,12174,2993,0
-9825,-502,12217,2989,0
-9791,-517,12178,2987,0
-9813,-496,12170,2991,0
-9798,-488,12180,2991,0
-9810,-506,12164,3003,0
-9788,-496,12216,2987,0
-9790,-501,12204,2988,0
-9814,-520,12197,2981,0
-9805,-519,12200,2990,0
-9800,-505,12184,2991,0
-9815,-519,12198,2988,0
-9808,-487,12253,2986,0
-9792,-508,12206,2978,0
-9815,-519,12207,2989,0
-9792,-528,12150,2986,0
-9782,-514,12194,2988,0
-9801,-508,12217,2986,0
-9791,-500,12235,2987,0
-9785,-512,12173,2992,0
-9801,-510,12176,2988,0
-9797,-500,12152,2983,0
-9800,-499,12187,2985,0
-9769,-517,12200,2986,0
-9792,-515,12194,2981,0
-9790,-527,12153,2985,0
-9795,-519,12227,2989,0
-9797,-525,12213,2982,0
-9822,-520,12194,2981,0
-9819,-516,12195,2983,0
-9814,-508,12189,2986,0
-9796,-510,12176,2985,0
-9788,-520,12198,2983,0
-9794,-525,12187,2974,0
-9783,-508,12185,2987,0
-9794,-520,12179,2986,0
-9795,-525,12173,2982,0
-9828,-540,12189,2981,0
-9808,-541,12206,2988,0
-9815,-518,12186,2986,0
-9811,-523,12171,2988,0
-9798,-491,12187,2985,0
-9809,-514,12218,2981,0
-9805,-499,12192,2984,0
-9809,-481,12183,2988,0
-9778,-513,12194,2985,0
-9776,-516,12209,2981,0
-9793,-519,12204,2991,0
-9809,-525,12207,2980,0
-9813,-519,12164,2989,0
-9805,-511,12192,2985,0
-9806,-504,12173,2985,0
-9785,-504,12199,2984,0
-9810,-530,12161,2983,0
-9809,-513,12170,2984,0
-9787,-535,12200,2985,0
-9791,-509,12218,2994,0
-9794,-523,12235,2979,0
-9805,-522,12201,2982,0
-9799,-511,12221,2986,0
-9798,-511,12183,2983,0
-9793,-512,12215,2984,0
-9813,-516,12194,2981,0
-9810,-517,12188,2982,0
-9811,-533,12219,2988,0
-9806,-513,12200,2990,0
-9815,-524,12218,2981,0
-9818,-512,12179,2985,0
-9810,-514,12189,2985,0
-9813,-534,12204,2983,0
-9796,-520,12187,2981,0
-9813,-525,12197,2978,0
-9793,-500,12242,2982,0
-9815,-509,12167,2989,0
-9811,-506,12192,2983,0
-9795,-517,12205,2982,0
-9797,-524,12188,2984,0
-9796,-519,12194,2976,0
-9796,-522,12180,2982,0
-9809,-541,12181,2987,0
-9821,-515,12175,2984,0
-9815,-508,12236,2964,0
-9785,-493,12208,2985,0
-9798,-494,12227,2980,0
-9785,-526,12218,2981,0
-9792,-515,12175,2981,0
-9824,-511,12194,2983,0
-9800,-531,12173,2977,0
-9801,-497,12190,2981,0
-9787,-517,12212,2990,0
-9791,-523,12220,2986,0
-9791,-550,12248,2981,0
-9789,-523,12218,2985,0
-9802,-514,12183,2976,0
-9805,-512,12186,2985,0
-9801,-518,12200,2984,0
-9807,-515,12196,2987,0
-9811,-519,12212,2983,0
-9808,-511,12226,2981,0
-9809,-526,12180,2980,0
-9802,-527,12192,2989,0
-9803,-532,12188,2982,0
-9813,-531,12186,2989,0
-9790,-510,12209,2988,0
-9803,-508,12203,2979,0
-9806,-514,12204,2986,0
-9827,-501,12166,2980,0
-9807,-505,12208,2981,0
-9801,-529,12194,2985,0
-9773,-510,12193,2974,0
-9812,-514,12210,2981,0
-9819,-518,12153,2982,0
-9829,-514,12212,2981,0
-9807,-506,12191,3005,0
-9786,-508,12174,2986,0
-9794,-508,12185,2984,0
-9813,-531,12208,2981,0
-9809,-506,12204,2976,0
-9796,-505,12196,2983,0
-9789,-518,12185,2984,0
-9787,-517,12204,2982,0
-9809,-502,12225,2981,0
-9794,-521,12198,2976,0
-9787,-506,12188,2977,0
-9800,-504,12217,2980,0
-9782,-525,12234,2983,0
-9781,-494,12192,2982,0
-9797,-515,12171,2986,0
-9823,-528,12175,2982,0
-9794,-505,12198,2984,0
-9801,-511,12202,2984,0
-9783,-537,12229,2981,0
-9808,-504,12204,2979,0
-9826,-513,12191,2984,0
-9826,-501,12203,2984,0
-9797,-507,12201,2988,0
-9805,-497,12172,2983,0
-9811,-500,12201,2983,0
-9821,-512,12201,2972,0
-9844,-517,12198,2984,0
-9800,-510,12193,2982,0
-9817,-505,12201,2988,0
-9803,-518,12203,2981,0
-9790,-528,12197,2979,0
-9818,-521,12192,2984,0
-9812,-523,12190,2983,0
-9822,-514,12206,2979,0
-9783,-494,12207,2982,0
-9803,-482,12219,2988,0
-9806,-494,12212,2976,0
-9807,-495,12151,2984,0
-9823,-538,12176,2982,0
-9799,-503,12178,2979,0
-9820,-495,12207,2978,0
-9802,-512,12224,2984,0
-9802,-513,12224,2979,0
-9808,-525,12189,2978,0
-9802,-496,12180,2986,0
-9814,-495,12218,2970,0
-9803,-512,12216,2982,0
-9798,-520,12201,2983,0
-9797,-512,12177,2980,0
-9807,-534,12152,2985,0
-9796,-518,12179,2981,0
-9803,-501,12222,2985,0
-9787,-494,12193,2986,0
-9796,-511,12163,2986,0
-9793,-506,12214,2984,0
-9803,-514,12205,2980,0
-9810,-520,12185,2984,0
-9780,-520,12173,2987,0
-9795,-502,12180,2984,0
-9834,-473,12188,2977,0
-9799,-513,12165,2985,0
-9788,-516,12181,2984,0
-9786,-522,12215,2986,0
-9816,-503,12201,2967,0
-9800,-499,12193,2993,0
-9797,-507,12177,2979,0
-9825,-527,12167,2987,0
-9800,-499,12233,2987,0
-9817,-512,12172,2983,0
-9813,-533,12203,2978,0
-9785,-503,12194,2984,0
-9814,-498,12227,2984,0
-9806,-514,12236,2985,0
-9798,-508,12208,2982,0
-9790,-520,12226,2983,0
-9812,-533,12219,2978,0
-9826,-504,12206,2977,0
-9796,-503,12204,2983,0
-9797,-501,12205,2984,0
-9773,-488,12181,2985,0
-9799,-502,12188,2986,0
-9818,-493,12197,2986,0
-9805,-508,12202,2984,0
-9813,-502,12189,2977,0
-9802,-505,12206,2985,0
-9798,-487,12200,2987,0
-9789,-525,12222,2981,0
-9812,-529,12215,2986,0
-9810,-518,12208,2978,0
-9802,-513,12196,2975,0
-9789,-488,12192,2980,0
-9806,-519,12170,2979,0
-9786,-506,12178,2980,0
-9804,-483,12225,2981,0
-9806,-505,12242,2983,0
-9814,-502,12208,2980,0
-9810,-503,12193,2988,0
-9771,-520,12186,2988,0
-9786,-539,12187,2982,0
-9812,-505,12197,2979,0
-9800,-515,12193,2982,0
-9805,-510,12197,2984,0
-9811,-509,12162,2989,0
-9808,-505,12139,2978,0
-9813,-503,12185,2982,0
-9797,-504,12179,2983,0
-9782,-490,12188,2979,0
-9789,-499,12191,2983,0
-9799,-511,12188,3004,0
-9817,-497,12181,2984,0
-9801,-512,12193,2984,0
-9803,-520,12226,2981,0
-9799,-521,12200,2982,0
-9792,-506,12213,2974,0
-9817,-513,12192,2980,0
-9822,-508,12213,2981,0
-9797,-520,12183,2988,0
-9781,-518,12163,2990,0
-9788,-540,12200,2992,0
-9790,-504,12197,2992,0
-9809,-489,12176,2997,0
-9791,-494,12186,2995,0
-9811,-502,12215,2991,0
-9801,-514,12192,2995,0
-9795,-516,12221,2995,0
-9819,-529,12138,2991,0
-9835,-513,12203,2995,0
-9801,-526,12201,2990,0
-9813,-508,12195,2991,0
-9807,-496,12204,2990,0
-9811,-528,12212,2987,0
-9812,-529,12173,2984,0
-9819,-532,12186,2995,0
-9812,-523,12244,2988,0
-9791,-499,12189,2984,0
-9807,-542,12201,2982,0
-9794,-499,12171,2991,0
-9797,-494,12206,2987,0
-9809,-497,12193,2979,0
-9802,-520,12229,2982,0
-9811,-511,12231,2984,0
-9786,-510,12179,2991,0
-9802,-495,12215,2984,0
-9810,-505,12215,2988,0
-9832,-519,12179,2980,0
-9819,-514,12191,2983,0
-9798,-524,12198,2991,0
-9816,-514,12188,2986,0
-9815,-536,12217,2986,0
-9793,-518,12183,2978,0
-9808,-537,12208,2984,0
-9789,-513,12155,2978,0
-9789,-516,12209,2987,0
-9826,-514,12198,2986,0
-9778,-510,12196,2981,0
-9809,-527,12186,2981,0
-9788,-488,12199,2980,0
-9792,-516,12192,2986,0
-9806,-499,12218,2983,0
-9812,-502,12166,2987,0
-9801,-519,12178,2988,0
-9782,-483,12199,2975,0
-9803,-494,12209,2982,0
-9806,-517,12212,2976,0
-9796,-527,12201,2980,0
-9806,-501,12159,3000,0
-9800,-510,12194,2984,0
-9786,-517,12201,2985,0
-9816,-509,12189,2985,0
-9776,-502,12212,2984,0
-9814,-471,12216,2976,0
-9806,-515,12171,2981,0
-9800,-539,12206,2986,0
-9823,-517,12189,2980,0
-9812,-498,12142,2983,0
-9817,-498,12223,2981,0
-9817,-494,12212,2983,0
-9799,-517,12190,2984,0
-9816,-506,12164,2981,0
-9777,-515,12218,2979,0
-9820,-485,12161,2973,0
-9773,-539,12157,2980,0
-9804,-511,12196,2989,0
-9804,-514,12185,2982,0
-9816,-506,12189,2979,0
-9784,-506,12192,2985,0
-9801,-485,12217,2980,0
-9815,-511,12220,2988,0
-9811,-517,12191,2989,0
-9810,-523,12185,2985,0
-9799,-506,12228,2977,0
-9798,-501,12216,2983,0
-9771,-512,12210,2985,0
-9812,-514,12203,2984,0
-9764,-499,12173,2983,0
-9801,-518,12185,2979,0
-9792,-515,12171,2981,0
-9811,-509,12246,2985,0
-9819,-502,12210,2984,0
-9786,-528,12177,2980,0
-9795,-516,12183,2980,0
-9794,-506,12190,2980,0
-9817,-520,12165,2984,0
-9810,-518,12166,2986,0
-9810,-529,12206,2977,0
-9816,-523,12164,2979,0
-9791,-522,12204,2982,0
-9802,-504,12197,2988,0
-9813,-492,12195,2985,0
-9788,-517,12203,2982,0
-9779,-528,12198,2981,0
-9806,-533,12183,2979,0
-9811,-517,12210,2980,0
-9800,-497,12178,2989,0
-9794,-522,12222,2984,0
-9810,-523,12178,2978,0
-9799,-470,12193,2976,0
-9814,-514,12204,2988,0
-9811,-491,12206,2986,0
-9791,-501,12206,2982,0
-9789,-496,12228,2982,0
-9786,-533,12203,2981,0
-9797,-506,12187,2979,0
-9817,-509,12227,2978,0
-9790,-499,12222,2980,0
-9818,-521,12198,2987,0
-9813,-539,12139,2978,0
-9782,-530,12182,2986,0
-9818,-501,12213,2981,0
-9793,-530,12173,2981,0
-9789,-518,12192,2977,0
-9791,-508,12192,2980,0
-9816,-506,12156,2981,0
-9825,-509,12194,2983,0
-9803,-495,12206,2977,0
-9821,-502,12210,2983,0
-9834,-497,12194,2979,0
-9795,-499,12192,2984,0
-9817,-512,12180,2979,0
-9816,-527,12176,2984,0
-9804,-519,12204,2980,0
-9800,-502,12201,2983,0
-9802,-511,12215,2985,0
-9808,-517,12239,2984,0
-9819,-498,12197,2980,0
-9802,-502,12189,2977,0
-9816,-504,12215,2978,0
-9799,-512,12225,2974,0
-9822,-507,12194,2982,0
-9795,-521,12174,2980,0
-9792,-510,12171,2977,0
-9821,-520,12166,2982,0
-9797,-501,12193,2984,0
-9802,-504,12213,2984,0
-9809,-490,12232,2985,0
-9798,-511,12219,2982,0
-9809,-500,12193,2999,0
-9781,-509,12193,2984,0
-9775,-525,12164,2988,0
-9797,-510,12173,2985,0
-9796,-501,12173,2978,0
-9785,-511,12177,2982,0
-9790,-515,12165,2980,0
-9800,-525,12201,2980,0
-9808,-514,12171,2984,0
-9795,-488,12176,2983,0
-9800,-517,12209,2990,0
-9801,-506,12214,2986,0
-9796,-506,12187,2978,0
-9798,-517,12179,2983,0
-9800,-519,12209,2984,0
-9790,-493,12190,2982,0
-9806,-531,12181,2992,0
-9808,-520,12162,2986,0
-9805,-514,12187,2978,0
-9800,-528,12176,2977,0
-9810,-501,12204,2986,0
-9798,-504,12179,2986,0
-9778,-493,12152,2983,0
-9786,-506,12209,2983,0
-9786,-509,12204,2985,0
-9807,-511,12204,2976,0
-9826,-533,12176,2983,0
-9800,-499,12188,2985,0
-9794,-508,12162,2981,0
-9825,-514,12228,2985,0
-9798,-519,12193,2985,0
-9780,-522,12183,2978,0
-9822,-506,12198,2982,0
-9790,-530,12185,2981,0
-9790,-526,12220,2974,0
-9803,-509,12213,2985,0
-9783,-510,12190,2989,0
-9801,-515,12220,2991,0
-9816,-510,12187,2984,0
-9809,-537,12210,2982,0
-9802,-515,12200,2988,0
-9793,-514,12197,2981,0
-9819,-519,12203,2985,0
-9789,-502,12176,2983,0
-9800,-517,12183,2979,0
-9791,-538,12175,2983,0
-9796,-491,12179,2988,0
-9799,-499,12204,2980,0
-9823,-528,12225,2991,0
-9795,-510,12203,2986,0
-9797,-509,12174,2985,0
-9816,-526,12185,2988,0
-9813,-515,12222,2990,0
-9815,-518,12191,2984,0
-9805,-511,12196,2986,0
-9800,-509,12180,2978,0
-9781,-510,12233,3000,0
-9787,-501,12160,2993,0
-9790,-525,12222,2987,0
-9798,-503,12183,2982,0
-9810,-500,12213,2991,0
-9796,-531,12208,2985,0
-9797,-516,12177,2990,0
-9818,-490,12184,2985,0
-9804,-522,12204,2980,0
-9809,-515,12203,2982,0
-9812,-525,12177,2991,0
-9794,-544,12220,2990,0
-9818,-510,12202,2982,0
-9820,-493,12196,2986,0
-9794,-510,12228,2993,0
-9814,-497,12196,2988,0
-9807,-497,12196,2983,0
-9796,-507,12220,2985,0
-9799,-511,12180,2986,0
-9803,-508,12195,2988,0
-9797,-513,12198,2982,0
-9819,-541,12199,2987,0
-9808,-525,12172,2986,0
-9804,-516,12198,2984,0
-9793,-494,12202,2989,0
-9776,-502,12218,2985,0
-9821,-509,12214,2982,0
-9809,-469,12200,2990,0
-9795,-517,12244,2985,0
-9789,-494,12206,2978,0
-9799,-517,12176,2985,0
-9781,-524,12203,2984,0
-9801,-526,12190,2982,0
-9798,-518,12215,2980,0
-9779,-535,12204,2988,0
-9779,-529,12191,2981,0
-9805,-498,12200,2984,0
-9814,-487,12208,2984,0
-9801,-500,12192,2984,0
-9805,-505,12205,2988,0
-9777,-488,12202,2986,0
-9796,-508,12220,2987,0
-9816,-517,12196,2989,0
-9792,-490,12182,2989,0
-9813,-507,12176,2994,0
-9780,-505,12230,2983,0
-9791,-554,12215,2986,0
-9791,-499,12219,2983,0
-9804,-487,12175,2981,0
-9827,-509,12208,2982,0
-9790,-517,12177,2986,0
-9806,-488,12209,2987,0
-9787,-506,12178,2985,0
-9809,-527,12182,2980,0
-9809,-504,12209,2985,0
-9804,-518,12179,2984,0
-9812,-517,12201,2990,0
-9793,-495,12184,2986,0
-9800,-520,12218,2984,0
-9812,-526,12188,2977,0
-9820,-515,12191,2987,0
-9822,-508,12219,2994,0
-9796,-510,12199,2994,0
-9810,-482,12154,2979,0
-9787,-515,12150,2987,0
-9821,-520,12181,2983,0
-9820,-543,12201,2995,0
-9806,-517,12166,2990,0
-9804,-520,12178,2985,0
-9811,-498,12202,2987,0
-9806,-526,12205,2990,0
-9797,-524,12214,2994,0
-9797,-511,12213,2990,0
-9816,-524,12225,2988,0
-9800,-507,12182,2989,0
-9801,-515,12181,2994,0
-9819,-501,12187,2987,0
-9807,-511,12213,2976,0
-9797,-516,12201,2984,0
-9778,-515,12213,2986,0
-9803,-520,12203,2985,0
-9825,-509,12249,2993,0
-9821,-505,12228,2987,0
-9815,-527,12189,2985,0
-9801,-492,12198,2988,0
-9827,-517,12183,2985,0
-9790,-510,12203,2986,0
-9801,-524,12221,2987,0
-9800,-511,12232,2984,0
-9797,-510,12248,2988,0
-9766,-545,12182,2985,0
-9819,-525,12196,2992,0
-9796,-503,12186,2981,0
-9808,-536,12187,2989,0
-9797,-529,12203,2991,0
-9803,-546,12186,2984,0
-9811,-485,12212,2990,0
-9809,-523,12214,2987,0
-9794,-534,12207,2981,0
-9797,-511,12191,2975,0
-9841,-502,12182,2987,0
-9818,-521,12212,2988,0
-9832,-515,12184,2985,0
-9789,-499,12197,2988,0
-9803,-501,12195,2979,0
-9794,-518,12202,2982,0
-9791,-515,12196,2990,0
-9798,-498,12242,2986,0
-9799,-503,12193,2985,0
-9799,-532,12191,2985,0
-9798,-517,12193,2996,0
-9795,-509,12214,2996,0
-9803,-518,12195,2987,0
-9801,-509,12193,2987,0
-9807,-519,12182,2988,0
-9820,-508,12196,2989,0
-9805,-519,12219,2990,0
-9795,-520,12187,2986,0
-9789,-532,12235,2987,0
-9817,-494,12196,2990,0
-9808,-520,12183,2985,0
-9806,-497,12188,2992,0
-9811,-511,12176,2986,0
-9801,-522,12208,2988,0
-9788,-540,12219,3005,0
-9808,-491,12198,3006,0
-9811,-523,12225,2993,0
-9799,-517,12192,2994,0
-9807,-506,12219,2984,0
-9819,-493,12192,2988,0
-9801,-503,12162,2986,0
-9782,-513,12202,2987,0
-9785,-499,12221,2972,0
-9794,-507,12190,2981,0
-9783,-514,12225,2982,0
-9793,-524,12176,2985,0
-9794,-526,12189,2987,0
-9801,-528,12189,2988,0
-9808,-503,12184,2984,0
-9819,-516,12196,2985,0
-9797,-536,12216,2989,0
-9803,-524,12201,2985,0
-9792,-500,12217,2982,0
-9806,-525,12181,2985,0
-9814,-509,12216,2986,0
-9826,-517,12253,2982,0
-9805,-522,12198,2986,0
-9793,-506,12221,2986,0
-9813,-532,12215,2985,0
-9807,-506,12177,2986,0
-9813,-505,12204,2987,0
-9796,-498,12194,2986,0
-9820,-528,12231,2985,0
-9808,-528,12203,2988,0
-9802,-493,12187,2984,0
-9799,-511,12222,2984,0
-9800,-518,12215,2987,0
-9784,-514,12207,2983,0
-9795,-507,12159,2980,0
-9802,-513,12187,2984,0
-9816,-506,12180,2985,0
-9822,-506,12172,2986,0
-9802,-500,12178,2987,0
-9793,-502,12193,2984,0
-9813,-504,12210,2992,0
-9797,-507,12176,2982,0
-9798,-526,12201,2993,0
-9833,-533,12206,2988,0
-9812,-503,12237,2983,0
-9817,-519,12179,2981,0
-9836,-535,12240,2983,0
-9810,-502,12194,2988,0
-9812,-503,12187,2986,0
-9796,-505,12156,2982,0
-9801,-519,12177,2984,0
-9809,-507,12178,2989,0
-9807,-526,12204,2986,0
-9791,-507,12175,2985,0
-9799,-518,12212,2980,0
-9817,-518,12220,2986,0
-9792,-517,12211,2984,0
-9825,-529,12190,2984,0
-9814,-518,12212,2983,0
-9808,-516,12207,2980,0
-9803,-506,12203,2977,0
-9805,-505,12169,2984,0
-9803,-501,12190,2985,0
-9822,-511,12230,2984,0
-9782,-515,12194,2982,0
-9832,-508,12185,2980,0
-9779,-539,12210,2980,0
-9816,-527,12187,2986,0
-9803,-520,12188,2980,0
-9822,-519,12168,2984,0
-9811,-523,12148,2979,0
-9819,-545,12151,2984,0
-9827,-538,12219,2985,0
-9792,-507,12235,2988,0
-9809,-520,12244,2981,0
-9812,-518,12167,2985,0
-9781,-500,12176,2989,0
-9821,-501,12210,2987,0
-9804,-513,12201,2985,0
-9795,-537,12174,2974,0
-9795,-523,12182,2978,0
-9810,-531,12200,2984,0
-9807,-499,12202,2983,0
-9833,-525,12194,2988,0
-9811,-505,12224,2981,0
-9796,-505,12206,2982,0
-9784,-507,12197,2978,0
-9794,-522,12196,2982,0
-9787,-511,12168,2984,0
-9799,-519,12163,2984,0
-9801,-489,12215,2978,0
-9819,-524,12204,2989,0
-9800,-489,12167,2983,0
-9782,-522,12180,2988,0
-9796,-524,12212,2983,0
-9811,-510,12204,2983,0
-9809,-529,12161,2978,0
-9802,-519,12200,2989,0
-9806,-512,12172,2995,0
-9814,-503,12179,2987,0
-9811,-509,12171,2977,0
-9792,-506,12186,3000,0
-9804,-492,12218,2989,0
-9799,-498,12220,2985,0
-9815,-505,12192,2987,0
-9807,-511,12155,2985,0
-9809,-504,12199,2987,0
-9826,-519,12213,2989,0
-9806,-521,12207,2981,0
-9821,-512,12211,2987,0
-9801,-507,12183,2984,0
-9825,-513,12174,2984,0
-9812,-489,12183,2988,0
-9813,-491,12181,2982,0
-9803,-520,12215,2981,0
-9816,-503,12197,2984,0
-9811,-499,12205,2979,0
-9810,-494,12234,2980,0
-9803,-515,12217,2981,0
-9799,-502,12210,2985,0
-9810,-519,12233,2985,0
-9788,-520,12188,2983,0
-9796,-513,12238,2987,0
-9812,-515,12197,2985,0
-9802,-522,12188,2982,0
-9815,-516,12204,2982,0
-9811,-536,12186,2985,0
-9798,-523,12185,2984,0
-9794,-512,12167,2987,0
-9790,-524,12175,2982,0
-9826,-515,12163,2986,0
-9808,-508,12187,2988,0
-9789,-489,12190,2983,0
-9796,-522,12208,2983,0
-9781,-517,12220,2983,0
-9810,-480,12182,2982,0
-9815,-509,12181,2980,0
-9782,-526,12207,2985,0
-9801,-521,12203,2981,0
-9792,-519,12178,2980,0
-9804,-535,12221,2984,0
-9801,-507,12224,2980,0
-9801,-495,12219,2986,0
-9808,-508,12218,2982,0
-9796,-507,12226,2981,0
-9812,-499,12233,2986,0
-9798,-516,12172,2982,0
-9792,-521,12196,2984,0
-9796,-515,12169,2987,0
-9807,-500,12195,2983,0
-9799,-512,12198,2983,0
-9816,-494,12168,2987,0
-9805,-522,12220,2981,0
-9797,-506,12208,2985,0
-9791,-511,12194,2983,0
-9807,-499,12211,2986,0
-9804,-507,12187,2984,0
-9813,-503,12173,2985,0
-9794,-495,12209,2985,0
-9794,-496,12186,2981,0
-9802,-511,12165,2985,0
-9783,-532,12216,2991,0
-9796,-495,12200,2986,0
-9807,-507,12181,2991,0
-9812,-511,12184,2987,0
-9815,-500,12211,2989,0
-9823,-504,12180,2987,0
-9813,-528,12210,2984,0
-9789,-513,12201,2991,0
-9800,-503,12168,2983,0
-9786,-497,12186,2978,0
-9788,-531,12158,2989,0
-9817,-515,12200,2987,0
-9790,-521,12188,2991,0
-9789,-511,12194,2986,0
-9810,-515,12163,2980,0
-9815,-519,12198,2980,0
-9800,-510,12161,2984,0
-9786,-515,12200,2984,0
-9792,-495,12196,2986,0
-9805,-514,12203,2987,0
-9810,-500,12207,2989,0
-9789,-492,12172,2985,0
-9793,-516,12154,2985,0
-9816,-500,12189,2985,0
-9779,-528,12194,2986,0
-9785,-508,12208,2986,0
-9810,-520,12162,2989,0
-9782,-517,12215,2989,0
-9797,-511,12216,2985,0
-9800,-525,12203,2987,0
-9795,-512,12202,2993,0
-9794,-509,12196,2988,0
-9794,-512,12129,2988,0
-9830,-510,12189,2984,0
-9798,-506,12226,2990,0
-9819,-516,12226,2991,0
-9820,-517,12206,2986,0
-9803,-520,12242,2982,0
-9786,-505,12212,2985,0
-9792,-534,12195,2988,0
-9785,-508,12208,2987,0
-9823,-512,12197,2985,0
-9779,-494,12188,2990,0
-9817,-497,12190,2987,0
-9794,-490,12203,2983,0
-9780,-515,12188,2992,0
-9770,-518,12215,2988,0
-9800,-494,12211,2986,0
-9794,-505,12188,2987,0
-9807,-516,12203,2988,0
-9773,-509,12235,2987,0
-9795,-531,12230,2987,0
-9803,-510,12203,2990,0
-9817,-509,12222,2986,0
-9813,-508,12207,2984,0
-9807,-514,12149,2983,0
-9799,-496,12184,2979,0
-9811,-523,12202,2991,0
-9812,-484,12181,2984,0
-9824,-504,12184,2987,0
-9772,-517,12202,2984,0
-9801,-515,12202,2986,0
-9778,-544,12207,2985,0
-9795,-495,12199,2985,0
-9808,-518,12182,2982,0
-9783,-505,12177,2989,0
-9810,-501,12250,2983,0
-9792,-509,12169,2987,0
-9809,-516,12175,2986,0
-9782,-548,12211,2981,0
-9789,-511,12183,2996,0
-9817,-483,12169,2988,0
-9807,-527,12202,2986,0
-9780,-508,12194,2990,0
-9801,-540,12217,2979,0
-9789,-529,12187,2983,0
-9802,-509,12211,2986,0
-9816,-515,12192,2984,0
-9815,-534,12202,2980,0
-9786,-529,12207,2986,0
-9789,-517,12219,2979,0
-9801,-509,12198,2986,0
-9785,-525,12185,2987,0
-9788,-520,12211,2993,0
-9817,-519,12194,2986,0
-9809,-516,12187,2982,0
-9807,-524,12176,2986,0
-9824,-533,12172,2981,0
-9787,-503,12160,2984,0
-9795,-506,12215,2984,0
-9799,-506,12194,2981,0
-9805,-503,12236,2980,0
-9819,-509,12174,2981,0
-9788,-505,12215,2986,0
-9811,-482,12181,2977,0
-9798,-515,12211,2978,0
-9803,-524,12231,2979,0
-9788,-515,12203,2984,0
-9796,-522,12202,2978,0
-9786,-522,12190,2982,0
-9802,-527,12180,2985,0
-9824,-530,12210,2986,0
-9792,-508,12230,2986,0
-9815,-521,12187,2983,0
-9814,-514,12208,2981,0
-9813,-536,12199,2987,0
-9782,-500,12185,2980,0
-9823,-525,12203,2985,0
-9795,-519,12162,2980,0
-9810,-529,12185,2986,0
-9819,-515,12203,2979,0
-9807,-522,12195,2982,0
-9820,-496,12189,2984,0
-9814,-516,12195,2985,0
-9789,-517,12193,2985,0
-9788,-531,12197,2979,0
-9801,-513,12174,2984,0
-9802,-499,12182,2981,0
-9808,-510,12218,2983,0
-9776,-518,12178,2974,0
-9800,-540,12201,2978,0
-9801,-504,12191,2985,0
-9797,-496,12178,2986,0
-9823,-509,12203,2986,0
-9809,-507,12163,2982,0
-9817,-499,12181,2978,0
-9802,-519,12205,2988,0
-9796,-531,12208,2979,0
-9791,-514,12189,2980,0
-9806,-517,12189,2982,0
-9791,-510,12179,2982,0
-9798,-520,12161,2982,0
-9801,-539,12183,2985,0
-9798,-519,12190,2984,0
-9805,-508,12205,2988,0
-9788,-519,12210,2979,0
-9797,-517,12248,2989,0
-9789,-515,12196,2997,0
-9791,-502,12212,2983,0
-9780,-512,12209,2986,0
-9797,-502,12192,2988,0
-9813,-514,12183,2991,0
-9790,-548,12220,2982,0
-9789,-499,12189,2982,0
-9775,-512,12215,2988,0
-9810,-529,12186,2983,0
-9800,-528,12212,2980,0
-9796,-500,12189,2983,0
-9803,-513,12207,2987,0
-9772,-505,12194,2984,0
-9795,-522,12205,2985,0
-9794,-512,12185,2988,0
-9805,-529,12201,2983,0
-9821,-514,12213,2975,0
-9798,-548,12221,2986,0
-9795,-512,12196,2984,0
-9811,-519,12226,2982,0
-9804,-509,12161,2984,0
-9778,-513,12192,2982,0
-9803,-516,12207,2983,0
-9819,-525,12152,2984,0
-9821,-528,12178,2989,0
-9843,-522,12197,2986,0
-9808,-521,12194,2986,0
-9793,-511,12198,2978,0
-9798,-537,12208,2987,0
-9808,-511,12228,2982,0
-9828,-540,12180,2987,0
-9812,-522,12163,2988,0
-9794,-493,12152,2985,0
-9791,-508,12148,2983,0
-9788,-516,12199,2985,0
-9812,-521,12190,2984,0
-9794,-512,12220,2983,0
-9805,-523,12207,2976,0
-9801,-491,12182,2978,0
-9792,-530,12219,2981,0
-9803,-503,12189,2985,0
-9774,-521,12223,2979,0
-9784,-531,12178,2981,0
-9813,-478,12186,2985,0
-9786,-531,12163,2980,0
-9821,-527,12205,2991,0
-9804,-524,12212,3005,0
-9784,-513,12220,2978,0
-9797,-503,12183,2989,0
-9780,-504,12205,2985,0
-9805,-513,12206,2984,0
-9794,-493,12167,2984,0
-9824,-494,12178,2986,0
-9789,-508,12191,2982,0
-9806,-528,12180,2977,0
-9805,-534,12205,2983,0
-9794,-480,12181,2976,0
-9805,-503,12193,2982,0
-9780,-524,12214,2981,0
-9821,-524,12181,2986,0
-9804,-501,12195,2988,0
-9813,-492,12175,2981,0
-9799,-531,12200,2985,0
-9806,-538,12247,2979,0
-9765,-488,12197,2984,0
-9794,-511,12189,2981,0
-9811,-512,12186,2990,0
-9810,-509,12181,2984,0
-9807,-521,12201,2987,0
-9823,-509,12200,2986,0
-9811,-505,12214,2989,0
-9806,-512,12191,2984,0
-9802,-506,12235,2983,0
-9775,-538,12192,2985,0
-9841,-524,12192,2989,0
-9798,-513,12183,2983,0
-9825,-521,12192,2987,0
-9824,-512,12214,2986,0
-9812,-520,12180,2986,0
-9796,-501,12166,2984,0
-9813,-517,12196,2989,0
-9807,-518,12205,2979,0
-9810,-506,12199,2986,0
-9799,-529,12199,2977,0
-9808,-508,12199,2976,0
-9780,-516,12190,2989,0
-9782,-515,12216,2983,0
-9792,-513,12169,2985,0
-9791,-522,12193,2987,0
-9815,-537,12198,2981,0
-9825,-524,12234,2980,0
-9796,-515,12210,2981,0
-9799,-486,12182,2987,0
-9802,-515,12206,2983,0
-9794,-519,12196,2979,0
-9800,-514,12220,2988,0
-9800,-532,12173,2978,0
-9789,-505,12188,2981,0
-9815,-501,12163,2979,0
-9801,-508,12198,2991,0
-9801,-509,12201,2985,0
-9808,-526,12183,2983,0
-9829,-498,12185,2973,0
-9798,-515,12203,2985,0
-9799,-486,12187,2985,0
-9810,-536,12222,2986,0
-9805,-501,12214,2983,0
-9812,-521,12190,2986,0
-9816,-510,12167,2982,0
-9801,-522,12184,2982,0
-9821,-528,12186,2984,0
-9805,-517,12182,2982,0
-9795,-506,12243,2981,0
-9816,-515,12213,2985,0
-9814,-519,12182,2986,0
-9793,-530,12217,2988,0
-9800,-536,12227,2978,0
-9795,-519,12181,2984,0
-9815,-528,12188,2985,0
-9796,-510,12178,2990,0
-9818,-505,12204,2988,0
-9798,-516,12207,2984,0
-9799,-531,12169,2977,0
-9795,-511,12170,2989,0
-9804,-517,12215,2981,0
-9800,-502,12170,2985,0
-9800,-520,12210,2985,0
-9803,-522,12198,2984,0
-9803,-537,12176,2984,0
-9820,-532,12191,2983,0
-9816,-511,12232,2985,0
-9784,-517,12206,2980,0
-9840,-519,12182,2984,0
-9812,-518,12198,2984,0
-9785,-505,12178,2984,0
-9816,-521,12242,2989,0
-9809,-501,12187,2983,0
-9818,-508,12179,2986,0
-9805,-521,12215,2982,0
-9815,-523,12202,2984,0
-9809,-507,12195,2988,0
-9790,-522,12179,2983,0
-9824,-528,12175,2986,0
-9813,-535,12206,2984,0
-9797,-519,12195,2988,0
-9786,-523,12162,2987,0
-9812,-511,12205,2983,0
-9824,-530,12222,2979,0
-9785,-503,12188,2984,0
-9801,-531,12195,2985,0
-9792,-524,12200,2981,0
-9804,-517,12206,2984,0
-9824,-501,12171,2983,0
-9802,-510,12177,2990,0
-9790,-524,12231,2987,0
-9784,-510,12161,2983,0
-9797,-518,12189,2985,0
-9817,-529,12142,2976,0
-9800,-518,12204,2987,0
-9793,-486,12248,2979,0
-9813,-505,12178,2984,0
-9797,-510,12190,2985,0
-9778,-527,12213,2982,0
-9779,-520,12209,2978,0
-9788,-514,12192,2981,0
-9785,-504,12216,2984,0
-9808,-490,12187,2984,0
-9812,-518,12209,2978,0
-9810,-507,12173,2974,0
-9800,-498,12165,2981,0
-9800,-516,12180,2983,0
-9796,-521,12208,2980,0
-9816,-515,12211,2980,0
-9794,-524,12223,2979,0
-9808,-527,12203,2979,0
-9799,-498,12147,2988,0
-9794,-499,12186,2987,0
-9795,-511,12221,2979,0
-9815,-507,12201,2985,0
-9808,-528,12240,2979,0
-9820,-506,12215,2985,0
-9796,-508,12232,2988,0
-9790,-521,12224,2986,0
-9797,-496,12219,2978,0
-9801,-528,12181,2985,0
-9799,-502,12239,2992,0
-9801,-516,12229,2982,0
-9821,-527,12189,2979,0
-9774,-513,12198,2979,0
-9807,-518,12177,2982,0
-9801,-498,12225,2989,0
-9808,-515,12189,2983,0
-9795,-523,12207,2982,0
-9800,-521,12182,2986,0
-9832,-521,12196,2985,0
-9799,-534,12236,2992,0
-9825,-519,12207,2989,0
-9794,-526,12179,2990,0
-9796,-515,12208,2982,0
-9816,-508,12185,2984,0
-9798,-520,12221,2992,0
-9809,-495,12192,2988,0
-9814,-530,12195,2991,0
-9813,-513,12212,2985,0
-9804,-486,12198,2986,0
-9812,-510,12176,2989,0
-9820,-533,12210,2987,0
-9804,-533,12213,2985,0
-9798,-521,12139,2981,0
-9814,-529,12189,2987,0
-9810,-511,12169,2988,0
-9794,-521,12238,2983,0
-9794,-519,12187,2981,0
-9792,-521,12181,2982,0
-9815,-521,12182,2987,0
-9784,-515,12211,2987,0
-9792,-506,12171,2984,0
-9820,-525,12197,2978,0
-9804,-510,12178,2987,0
-9795,-527,12171,2982,0
-9808,-524,12212,2988,0
-9814,-512,12200,2984,0
-9797,-531,12212,2988,0
-9793,-496,12201,2983,0
-9805,-486,12201,2996,0
-9830,-514,12231,2988,0
-9817,-518,12206,2989,0
-9819,-544,12211,2992,0
-9787,-511,12210,2987,0
-9784,-504,12216,2983,0
-9793,-518,12216,2992,0
-9824,-528,12186,2986,0
-9787,-528,12196,2985,0
-9798,-511,12195,2981,0
-9801,-489,12222,2981,0
-9782,-515,12213,2989,0
-9819,-515,12174,2988,0
-9805,-521,12174,2986,0
-9811,-521,12181,2986,0
-9808,-522,12180,2988,0
-9818,-529,12184,2989,0
-9804,-517,12199,2990,0
-9795,-514,12199,2985,0
-9799,-517,12255,2989,0
-9790,-514,12164,2991,0
-9791,-506,12176,2986,0
-9810,-533,12189,2988,0
-9809,-497,12199,2981,0
-9827,-496,12196,2987,0
-9780,-513,12210,2986,0
-9792,-516,12237,2988,0
-9792,-502,12220,2985,0
-9792,-502,12188,2984,0
-9809,-504,12242,2982,0
-9808,-523,12205,2980,0
-9807,-504,12195,2990,0
-9803,-510,12184,2994,0
-9818,-510,12163,2983,0
-9792,-517,12168,2986,0
-9790,-529,12219,2986,0
-9782,-535,12176,2986,0
-9816,-506,12185,2984,0
-9818,-521,12191,2983,0
-9800,-520,12176,2988,0
-9806,-513,12174,2990,0
-9814,-498,12182,2984,0
-9809,-509,12196,2986,0
-9812,-515,12197,2980,0
-9821,-486,12197,2983,0
-9784,-514,12201,2980,0
-9792,-520,12182,2984,0
-9810,-504,12196,2990,0
-9815,-494,12194,2984,0
-9794,-525,12204,2985,0
-9805,-507,12181,2981,0
-9788,-506,12200,2984,0
-9787,-508,12178,2989,0
-9813,-486,12234,2982,0
-9822,-526,12226,2980,0
-9809,-531,12198,2984,0
-9799,-506,12196,2983,0
-9803,-494,12197,2982,0
-9797,-515,12228,2983,0
-9790,-494,12177,2981,0
-9804,-504,12204,2983,0
-9800,-520,12211,2979,0
-9813,-510,12181,2988,0
-9797,-504,12199,2983,0
-9788,-505,12185,2976,0
-9780,-494,12181,2979,0
-9789,-517,12198,2980,0
-9765,-549,12194,2981,0
-9800,-522,12199,2978,0
-9809,-515,12190,2977,0
-9810,-515,12192,2979,0
-9794,-533,12196,2982,0
-9787,-530,12164,2987,0
-9799,-500,12202,2983,0
-9794,-522,12254,2983,0
-9802,-513,12195,2980,0
-9786,-520,12192,2984,0
-9831,-517,12185,2981,0
-9827,-515,12181,2984,0
-9824,-532,12210,2980,0
-9808,-513,12178,2981,0
-9807,-522,12179,2985,0
-9799,-489,12206,2986,0
-9812,-508,12216,2984,0
-9809,-516,12184,2986,0
-9789,-519,12176,2977,0
-9781,-532,12219,2985,0
-9813,-517,12204,2997,0
-9790,-520,12190,2985,0
-9792,-526,12176,2987,0
-9795,-533,12206,2984,0
-9791,-525,12240,2982,0
-9824,-520,12190,2985,0
-9808,-522,12204,2997,0
-9813,-534,12186,2982,0
-9825,-503,12179,2978,0
-9839,-514,12217,2985,0
-9790,-511,12220,2985,0
-9798,-519,12178,2983,0
-9796,-506,12167,2984,0
-9805,-515,12188,2987,0
-9808,-505,12171,2982,0
-9833,-507,12193,2985,0
-9793,-502,12230,2979,0
-9805,-515,12203,2983,0
-9810,-521,12194,2981,0
-9809,-519,12157,2983,0
-9798,-521,12197,2982,0
-9810,-529,12220,2977,0
-9786,-517,12167,2984,0
-9796,-526,12180,2985,0
-9796,-513,12235,2982,0
-9804,-499,12178,2986,0
-9807,-513,12171,2986,0
-9797,-516,12198,2980,0
-9827,-536,12168,2979,0
-9822,-538,12172,2987,0
-9802,-527,12172,2987,0
-9831,-498,12155,2973,0
-9806,-502,12203,2979,0
-9802,-523,12222,3011,0
-9781,-499,12168,2987,0
-9797,-507,12184,2981,0
-9823,-525,12212,2986,0
-9801,-512,12226,2979,0
-9828,-526,12197,2983,0
-9809,-506,12200,2983,0
-9786,-533,12252,2990,0
-9803,-508,12200,2984,0
-9789,-517,12210,2989,0
-9812,-509,12187,2987,0
-9804,-497,12229,2989,0
-9819,-509,12202,2988,0
-9823,-525,12172,2985,0
-9790,-510,12169,2993,0
-9799,-530,12184,2975,0
-9791,-494,12205,2983,0
-9784,-507,12199,2984,0
-9808,-510,12189,2984,0
-9794,-539,12203,2988,0
-9778,-504,12182,2989,0
-9804,-496,12184,2985,0
-9809,-517,12174,2988,0
-9805,-500,12194,2986,0
-9783,-508,12206,2988,0
-9791,-505,12208,2988,0
-9825,-498,12184,2986,0
-9810,-513,12188,2992,0
-9820,-529,12220,2986,0
-9818,-519,12196,2983,0
-9833,-506,12204,2989,0
-9796,-498,12181,2990,0
-9790,-505,12206,2986,0
-9803,-517,12218,2983,0
-9812,-526,12190,2993,0
-9827,-523,12208,2988,0
-9815,-522,12202,2989,0
-9802,-520,12211,2990,0
-9821,-527,12205,2988,0
-9796,-508,12249,2987,0
-9794,-523,12170,2986,0
-9789,-493,12185,2995,0
-9830,-505,12208,2991,0
-9793,-544,12179,2986,0
-9807,-521,12184,2981,0
-9824,-501,12193,2988,0
-9803,-494,12197,2983,0
-9807,-516,12183,2989,0
-9783,-501,12226,2987,0
-9810,-499,12179,2987,0
-9813,-510,12229,2985,0
-9797,-530,12212,2989,0
-9812,-527,12221,2985,0
-9815,-493,12185,2988,0
-9815,-510,12209,2983,0
-9839,-503,12204,2982,0
-9806,-510,12203,2987,0
-9797,-511,12215,2989,0
-9793,-518,12206,2981,0
-9801,-513,12184,2981,0
-9825,-518,12209,2984,0
-9784,-516,12195,2985,0
-9798,-526,12174,2986,0
-9834,-496,12192,2986,0
-9818,-518,12196,2988,0
-9821,-535,12199,2981,0
-9813,-536,12188,2979,0
-9806,-515,12191,2988,0
-9819,-509,12213,2983,0
-9817,-532,12175,2987,0
-9797,-539,12238,2981,0
-9796,-538,12182,2989,0
-9808,-523,12221,2992,0
-9782,-505,12154,2986,0
-9774,-512,12181,2986,0
-9804,-497,12180,2985,0
-9813,-522,12179,2979,0
-9809,-504,12221,2994,0
-9836,-512,12184,2991,0
-9803,-507,12203,2986,0
-9831,-521,12179,2990,0
-9822,-502,12162,2994,0
-9816,-529,12199,2991,0
-9804,-531,12155,2989,0
-9822,-513,12181,2986,0
-9775,-513,12190,2982,0
-9800,-501,12179,2986,0
-9814,-497,12189,2984,0
-9802,-496,12189,2993,0
-9825,-525,12168,2986,0
-9792,-502,12201,2989,0
-9798,-494,12203,2985,0
-9801,-503,12200,2988,0
-9811,-512,12164,2988,0
-9797,-490,12178,2981,0
-9780,-509,12203,2987,0
-9809,-502,12208,2987,0
-9806,-519,12176,2994,0
-9787,-517,12205,2986,0
-9806,-526,12196,2990,0
-9800,-519,12178,2985,0
-9793,-534,12172,2994,0
-9794,-514,12198,2992,0
-9801,-533,12180,2987,0
-9797,-526,12205,2987,0
-9806,-512,12167,2982,0
-9809,-511,12215,2996,0
-9811,-511,12193,2989,0
-9805,-521,12160,2986,0
-9795,-509,12160,2983,0
-9791,-504,12187,2981,0
-9791,-509,12165,2987,0
-9831,-531,12212,2988,0
-9803,-515,12178,3009,0
-9814,-541,12196,2987,0
-9813,-525,12211,2987,0
-9791,-527,12194,2986,0
-9805,-500,12182,2989,0
-9811,-500,12193,2988,0
-9799,-502,12193,2984,0
-9784,-516,12166,2988,0
-9810,-525,12231,2986,0
-9775,-510,12187,2992,0
-9803,-488,12201,2985,0
-9785,-512,12208,2985,0
-9799,-526,12199,2993,0
-9811,-502,12209,2987,0
-9792,-515,12157,2991,0
-9809,-502,12126,2986,0
-9808,-513,12181,2984,0
-9817,-511,12163,2991,0
-9809,-508,12183,2988,0
-9788,-489,12199,2987,0
-9797,-492,12191,2985,0
-9798,-515,12209,2988,0
-9800,-515,12208,2985,0
-9820,-508,12183,2982,0
-9814,-504,12194,2989,0
-9813,-545,12171,2986,0
-9815,-522,12194,2989,0
-9820,-521,12187,2986,0
-9789,-501,12199,2985,0
-9800,-521,12190,2987,0
-9817,-508,12191,2981,0
-9802,-497,12214,2984,0
-9797,-516,12191,2986,0
-9803,-521,12245,2988,0
-9831,-530,12194,2987,0
-9814,-528,12205,2992,0
-9799,-538,12197,2981,0
-9799,-509,12165,2988,0
-9805,-522,12186,2985,0
-9783,-524,12191,2985,0
-9797,-525,12218,2984,0
-9813,-527,12209,2984,0
-9802,-519,12157,2983,0
-9802,-528,12194,2996,0
-9830,-511,12205,2987,0
-9820,-522,12188,2979,0
-9777,-484,12221,2991,0
-9799,-520,12198,2989,0
-9812,-511,12196,2988,0
-9784,-479,12173,2989,0
-9832,-507,12198,2987,0
-9790,-495,12156,2985,0
-9813,-504,12184,2982,0
-9818,-549,12200,3003,0
-9806,-527,12213,2991,0
-9808,-555,12206,2993,0
-9804,-519,12240,2985,0
-9816,-521,12159,2990,0
-9811,-496,12167,2988,0
-9805,-493,12197,2990,0
-9820,-503,12190,2985,0
-9820,-514,12225,2988,0
-9823,-504,12199,3000,0
-9800,-529,12163,2985,0
-9790,-505,12206,2993,0
-9809,-512,12201,2980,0
-9815,-516,12216,2983,0
-9810,-509,12227,2992,0
-9825,-507,12189,2989,0
-9792,-506,12200,2990,0
-9808,-516,12207,2984,0
-9810,-508,12182,2987,0
-9810,-508,12213,2987,0
-9793,-521,12198,2984,0
-9795,-530,12191,2991,0
-9808,-513,12155,2983,0
-9798,-500,12157,2989,0
-9799,-506,12226,2984,0
-9810,-546,12211,2982,0
-9789,-520,12176,2986,0
-9810,-512,12214,2982,0
-9816,-510,12179,2985,0
-9820,-510,12189,2984,0
-9816,-524,12227,2983,0
-9824,-522,12180,2992,0
-9821,-518,12205,2982,0
-9819,-526,12174,2983,0
-9828,-492,12178,2985,0
-9811,-492,12222,2983,0
-9790,-500,12152,2990,0
-9813,-518,12189,2983,0
-9824,-515,12223,2984,0
-9811,-527,12179,2990,0
-9795,-515,12181,2985,0
-9794,-506,12197,2989,0
-9798,-527,12175,2988,0
-9798,-497,12186,2985,0
-9811,-501,12181,2984,0
-9812,-509,12173,2978,0
-9813,-503,12192,2992,0
-9790,-520,12195,2993,0
-9791,-523,12181,2986,0
-9790,-518,12143,2985,0
-9808,-516,12197,2987,0
-9800,-525,12208,2988,0
-9810,-486,12178,2985,0
-9801,-536,12190,2987,0
-9791,-536,12157,2983,0
-9825,-514,12178,2988,0
-9827,-512,12181,2986,0
-9826,-511,12183,2986,0
-9834,-526,12180,2988,0
-9812,-512,12195,2987,0
-9809,-528,12191,2984,0
-9799,-519,12194,2986,0
-9800,-522,12186,2980,0
-9805,-494,12173,2987,0
-9799,-525,12219,2984,0
-9788,-510,12214,2985,0
-9815,-514,12184,2981,0
-9793,-498,12175,2975,0
-9818,-528,12202,2981,0
-9811,-502,12188,2981,0
-9812,-527,12225,2984,0
-9793,-523,12192,2985,0
-9822,-515,12213,2978,0
-9807,-514,12163,2981,0
-9807,-519,12200,2986,0
-9799,-519,12215,2984,0
-9799,-532,12222,2990,0
-9809,-495,12215,2983,0
-9780,-528,12204,2987,0
-9807,-515,12218,2982,0
-9793,-499,12181,2988,0
-9795,-531,12190,2984,0
-9811,-500,12213,2984,0
-9781,-536,12173,2984,0
-9811,-513,12200,2984,0
-9824,-514,12213,2982,0
-9798,-517,12176,2988,0
-9809,-523,12190,2986,0
-9786,-504,12185,2982,0
-9792,-528,12165,2980,0
-9794,-510,12181,2982,0
-9810,-512,12190,2984,0
-9797,-505,12230,2980,0
-9794,-515,12211,2982,0
-9815,-534,12192,2979,0
-9803,-513,12192,2980,0
-9814,-519,12182,2987,0
-9828,-505,12221,2984,0
-9795,-511,12233,2980,0
-9807,-501,12242,2978,0
-9818,-515,12193,2982,0
-9800,-504,12207,2985,0
-9798,-483,12175,2978,0
-9803,-501,12174,2984,0
-9795,-511,12203,2985,0
-9799,-534,12207,2978,0
-9817,-499,12183,2984,0
-9812,-517,12203,2978,0
-9815,-525,12216,2983,0
-9807,-513,12199,2976,0
-9798,-521,12217,2979,0
-9815,-530,12208,2989,0
-9813,-511,12179,2986,0
-9805,-510,12167,2983,0
-9804,-498,12184,2980,0
-9779,-523,12174,2979,0
-9837,-511,12180,2983,0
-9791,-501,12230,2974,0
-9829,-505,12250,2982,0
-9815,-505,12236,2985,0
-9811,-508,12178,2987,0
-9807,-529,12185,2985,0
-9826,-527,12180,2982,0
-9810,-509,12204,2980,0
-9826,-525,12157,2978,0
-9818,-530,12175,2985,0
-9797,-511,12191,2983,0
-9802,-520,12200,2982,0
-9819,-494,12157,2982,0
-9805,-522,12152,2983,0
-9798,-512,12201,2983,0
-9815,-492,12174,2986,0
-9828,-519,12217,2992,0
-9803,-525,12208,2980,0
-9811,-511,12229,2976,0
-9803,-526,12208,2975,0
-9810,-485,12165,2984,0
-9800,-523,12183,2979,0
-9800,-513,12187,2978,0
-9821,-508,12213,2983,0
-9800,-517,12172,2984,0
-9787,-520,12180,2986,0
-9793,-508,12188,2990,0
-9800,-495,12173,2988,0
-9830,-528,12208,2984,0
-9807,-521,12168,2987,0
-9812,-534,12226,2986,0
-9827,-520,12188,2976,0
-9786,-517,12173,2981,0
-9808,-508,12205,2981,0
-9826,-508,12210,2988,0
-9796,-514,12203,2985,0
-9783,-534,12192,2983,0
-9825,-522,12191,2983,0
-9775,-521,12168,2981,0
-9785,-513,12190,2983,0
-9807,-511,12238,2982,0
-9810,-536,12170,2986,0
-9813,-527,12208,2981,0
-9801,-510,12196,2985,0
-9797,-518,12187,2980,0
-9811,-496,12204,2984,0
-9777,-524,12218,2991,0
-9807,-520,12211,2982,0
-9798,-523,12176,2980,0
-9809,-514,12172,2989,0
-9790,-525,12227,2983,0
-9810,-527,12223,2979,0
-9794,-522,12148,2980,0
-9798,-496,12180,2987,0
-9818,-525,12197,2964,0
-9811,-517,12203,2989,0
-9811,-514,12181,2984,0
-9790,-503,12179,2985,0
-9823,-533,12172,2981,0
-9799,-506,12202,2981,0
-9825,-526,12197,2983,0
-9790,-526,12212,2985,0
-9811,-530,12214,2987,0
-9792,-526,12202,2977,0
-9802,-499,12200,2985,0
-9819,-545,12171,2979,0
-9776,-509,12161,2989,0
-9807,-497,12207,2986,0
-9804,-526,12197,2975,0
-9790,-527,12185,2980,0
-9800,-525,12220,2986,0
-9790,-523,12198,2985,0
-9815,-520,12167,2985,0
-9809,-507,12205,2978,0
-9807,-513,12180,2978,0
-9810,-510,12195,2980,0
-9799,-489,12195,2992,0
-9802,-482,12198,2986,0
-9814,-515,12194,2977,0
-9805,-540,12167,2982,0
-9799,-518,12155,2982,0
-9817,-492,12180,2975,0
-9812,-530,12193,2981,0
-9795,-522,12177,2985,0
-9807,-516,12202,2983,0
-9800,-503,12197,2978,0
-9812,-512,12204,2982,0
-9806,-519,12173,2978,0
-9811,-517,12185,2972,0
-9789,-521,12206,2988,0
-9790,-529,12214,2986,0
-9788,-513,12216,2975,0
-9791,-525,12174,2983,0
-9799,-536,12216,2979,0
-9798,-500,12188,2983,0
-9802,-519,12197,2983,0
-9804,-527,12196,2981,0
-9795,-512,12201,2977,0
-9797,-519,12180,2981,0
-9797,-531,12220,2983,0
-9820,-510,12204,2982,0
-9817,-518,12218,2979,0
-9799,-492,12191,2978,0
-9809,-511,12225,2975,0
-9804,-506,12212,2984,0
-9793,-510,12148,2981,0
-9808,-529,12196,2981,0
-9804,-538,12206,2979,0
-9808,-508,12158,2982,0
-9806,-517,12222,2980,0
-9821,-507,12197,2983,0
-9825,-513,12154,2980,0
-9810,-527,12210,2975,0
-9806,-511,12223,2982,0
-9817,-525,12201,2982,0
-9820,-506,12222,2981,0
-9795,-495,12193,2984,0
-9831,-510,12208,2984,0
-9824,-521,12206,2977,0
-9806,-514,12182,2977,0
-9807,-499,12168,2976,0
-9792,-505,12206,2983,0
-9801,-517,12163,2980,0
-9802,-508,12181,2977,0
-9790,-522,12186,2978,0
-9781,-532,12204,2984,0
-9835,-536,12178,2981,0
-9789,-524,12211,2982,0
-9793,-531,12206,2981,0
-9804,-546,12164,2979,0
-9792,-525,12178,2980,0
-9798,-528,12163,2977,0
-9773,-528,12161,2979,0
-9798,-534,12165,2974,0
-9822,-506,12193,2978,0
-9806,-513,12207,2984,0
-9823,-514,12157,2990,0
-9805,-524,12186,2980,0
-9798,-539,12201,2978,0
-9823,-518,12223,2983,0
-9769,-519,12193,2976,0
-9808,-522,12211,2981,0
-9789,-540,12207,2975,0
-9791,-537,12231,2982,0
-9807,-511,12215,2980,0
-9802,-528,12195,2982,0
-9794,-518,12213,2984,0
-9802,-500,12172,2978,0
-9802,-517,12191,2980,0
-9791,-535,12217,2984,0
-9802,-519,12177,2977,0
-9818,-501,12185,2979,0
-9815,-513,12199,2975,0
-9811,-508,12193,2977,0
-9797,-525,12189,2976,0
-9809,-510,12176,2979,0
-9792,-514,12183,2980,0
-9791,-519,12203,2975,0
-9804,-554,12186,2978,0
-9797,-514,12199,2984,0
-9815,-533,12210,2980,0
-9806,-506,12184,2982,0
-9815,-501,12189,2976,0
-9810,-512,12200,2978,0
-9801,-509,12177,2978,0
-9812,-508,12218,2986,0
-9826,-507,12203,2984,0
-9809,-523,12171,2975,0
-9791,-509,12176,2981,0
-9812,-488,12175,2982,0
-9803,-511,12226,2983,0
-9787,-511,12185,2985,0
-9813,-516,12213,2977,0
-9797,-511,12169,2979,0
-9812,-507,12191,2974,0
-9817,-505,12193,2980,0
-9809,-533,12180,2984,0
-9809,-499,12202,2973,0
-9831,-513,12196,2984,0
-9775,-511,12166,2977,0
-9798,-532,12181,2976,0
-9812,-542,12175,2980,0
-9802,-521,12204,2977,0
-9813,-536,12174,2972,0
-9790,-500,12195,2976,0
-9824,-504,12190,2975,0
-9791,-515,12245,2975,0
-9817,-505,12202,2978,0
-9799,-495,12207,2976,0
-9814,-498,12215,2977,0
-9809,-495,12203,2978,0
-9805,-492,12177,2980,0
-9804,-509,12176,2977,0
-9809,-511,12178,2975,0
-9805,-502,12169,2976,0
-9818,-513,12209,2985,0
-9806,-514,12204,2995,0
-9799,-490,12149,2981,0
-9800,-522,12183,2976,0
-9815,-514,12215,2973,0
-9817,-510,12170,2977,0
-9802,-516,12222,2984,0
-9804,-502,12205,2976,0
-9800,-515,12204,2975,0
-9828,-516,12192,2981,0
-9814,-534,12194,2971,0
-9794,-507,12198,2975,0
-9805,-484,12185,2975,0
-9813,-501,12192,2976,0
-9801,-524,12215,2980,0
-9810,-514,12206,2978,0
-9818,-533,12171,2984,0
-9801,-520,12212,2986,0
-9818,-520,12217,2981,0
-9813,-525,12180,2983,0
-9806,-521,12174,2975,0
-9817,-512,12175,2984,0
-9824,-528,12236,2976,0
-9806,-530,12156,2970,0
-9805,-508,12214,2975,0
-9811,-513,12184,2982,0
-9808,-510,12191,2979,0
-9791,-511,12203,2975,0
-9790,-528,12169,2978,0
-9805,-505,12202,2982,0
-9812,-498,12174,2979,0
-9820,-544,12203,2986,0
-9825,-510,12197,2976,0
-9776,-519,12223,2975,0
-9791,-525,12233,2983,0
-9790,-496,12177,2981,0
-9788,-504,12229,2975,0
-9785,-508,12225,2969,0
-9797,-515,12178,2977,0
-9784,-532,12200,2976,0
-9819,-517,12227,2990,0
-9819,-524,12223,2981,0
-9798,-527,12225,2978,0
-9814,-531,12206,2980,0
-9801,-517,12192,2974,0
-9802,-529,12190,2976,0
-9785,-508,12198,2984,0
-9805,-508,12200,2979,0
-9774,-525,12211,2983,0
-9792,-510,12205,2977,0
-9810,-518,12188,2981,0
-9789,-514,12188,2984,0
-9793,-503,12205,2978,0
-9796,-515,12186,2979,0
-9783,-511,12193,2981,0
-9813,-496,12187,2970,0
-9800,-506,12178,2980,0
-9800,-514,12204,2970,0
-9823,-510,12189,2975,0
-9824,-502,12190,2982,0
-9788,-513,12172,2978,0
-9790,-496,12182,2977,0
-9797,-511,12223,2973,0
-9818,-520,12188,2982,0
-9807,-521,12185,2978,0
-9794,-510,12179,2974,0
-9793,-522,12190,2981,0
-9824,-515,12208,2990,0
-9796,-512,12222,2977,0
-9780,-516,12220,2978,0
-9795,-505,12179,2976,0
-9790,-510,12195,2981,0
-9807,-532,12192,2977,0
-9811,-507,12206,2976,0
-9800,-500,12190,2976,0
-9790,-501,12180,2980,0
-9810,-500,12228,2977,0
-9810,-504,12176,2977,0
-9814,-514,12228,2978,0
-9807,-505,12197,2972,0
-9803,-526,12206,2975,0
-9805,-520,12221,2978,0
-9799,-509,12180,2976,0
-9803,-513,12197,2979,0
-9787,-524,12204,2976,0
-9824,-508,12175,2979,0
-9805,-498,12168,2988,0
-9808,-518,12197,2976,0
-9788,-530,12197,2976,0
-9821,-506,12188,2987,0
-9806,-510,12183,2982,0
-9834,-525,12154,2981,0
-9800,-495,12198,2974,0
-9793,-505,12230,2976,0
-9790,-509,12196,2975,0
-9811,-506,12187,2975,0
-9820,-514,12176,2978,0
-9807,-500,12194,2978,0
-9797,-501,12171,2973,0
-9791,-517,12186,2979,0
-9802,-506,12218,2979,0
-9808,-497,12179,2992,0
-9830,-508,12216,2976,0
-9812,-516,12199,2971,0
-9783,-533,12168,2972,0
-9821,-498,12196,2977,0
-9790,-517,12192,2974,0
-9785,-504,12171,2972,0
-9815,-524,12187,2973,0
-9824,-513,12161,2978,0
-9809,-528,12214,2974,0
-9789,-528,12233,2979,0
-9812,-526,12202,2972,0
-9805,-525,12210,2976,0
-9798,-519,12177,2974,0
-9806,-512,12191,2979,0
-9800,-518,12212,2982,0
-9806,-527,12219,2978,0
-9827,-527,12144,2975,0
-9818,-539,12201,2975,0
-9818,-537,12195,2976,0
-9801,-532,12186,2980,0
-9792,-525,12188,2978,0
-9801,-493,12186,2975,0
-9810,-495,12201,2980,0
-9804,-510,12206,2980,0
-9805,-526,12178,2983,0
-9807,-519,12190,2977,0
-9813,-520,12192,2974,0
-9807,-497,12251,2974,0
-9783,-504,12182,2978,0
-9793,-508,12205,2983,0
-9802,-559,12192,2980,0
-9806,-517,12211,2978,0
-9804,-538,12223,2971,0
-9813,-504,12159,2981,0
-9801,-514,12172,2978,0
-9804,-551,12201,2978,0
-9791,-534,12177,2979,0
-9793,-532,12143,2978,0
-9803,-525,12187,2974,0
-9800,-499,12215,2977,0
-9799,-517,12227,2976,0
-9819,-511,12193,2971,0
-9823,-498,12179,2973,0
-9798,-533,12209,2976,0
-9797,-545,12207,2979,0
-9789,-513,12223,2973,0
-9816,-550,12201,2976,0
-9799,-529,12201,2968,0
-9818,-509,12186,2975,0
-9814,-508,12159,2975,0
-9800,-533,12194,2975,0
-9804,-514,12212,2974,0
-9797,-547,12195,2977,0
-9792,-534,12195,2978,0
-9791,-521,12186,2983,0
-9820,-504,12158,2979,0
-9804,-538,12187,2975,0
-9796,-530,12196,2983,0
-9791,-517,12221,2972,0
-9812,-511,12195,2977,0
-9826,-521,12208,2973,0
-9814,-525,12202,2982,0
-9796,-521,12210,2974,0
-9809,-512,12187,2975,0
-9809,-526,12188,2982,0
-9814,-517,12200,2979,0
-9794,-490,12188,2976,0
-9784,-510,12199,2974,0
-9807,-514,12210,2983,0
-9809,-519,12172,2978,0
-9801,-515,12201,2977,0
-9814,-516,12206,2977,0
-9786,-511,12222,2979,0
-9794,-521,12173,2975,0
-9827,-520,12213,2975,0
-9804,-522,12178,2971,0
-9779,-523,12228,2979,0
-9801,-509,12209,2972,0
-9781,-541,12217,2977,0
-9793,-522,12232,2979,0
-9791,-526,12213,2972,0
-9794,-515,12257,2972,0
-9802,-512,12203,2972,0
-9812,-538,12186,2975,0
-9809,-533,12213,2975,0
-9782,-542,12204,2975,0
-9820,-543,12226,2977,0
-9825,-528,12181,2981,0
-9810,-521,12219,2979,0
-9802,-499,12189,2982,0
-9807,-535,12227,2975,0
-9805,-523,12196,2977,0
-9793,-541,12221,2976,0
-9806,-535,12212,2978,0
-9813,-528,12186,2976,0
-9798,-525,12194,2977,0
-9795,-500,12238,2976,0
-9783,-496,12157,2973,0
-9807,-503,12177,2977,0
-9792,-500,12197,2991,0
-9804,-502,12199,2976,0
-9800,-532,12205,2972,0
-9814,-529,12160,2980,0
-9842,-530,12225,2974,0
-9806,-525,12213,2974,0
-9782,-507,12197,2973,0
-9802,-524,12196,2977,0
-9791,-521,12159,2978,0
-9798,-527,12182,2980,0
-9798,-535,12209,2979,0
-9818,-510,12209,2974,0
-9812,-493,12191,2971,0
-9801,-515,12232,2977,0
-9810,-514,12206,2982,0
-9822,-520,12215,2982,0
-9791,-520,12198,2978,0
-9803,-502,12177,2975,0
-9810,-515,12192,2979,0
-9833,-502,12154,2981,0
-9817,-537,12201,2977,0
-9809,-508,12204,2985,0
-9802,-534,12188,2972,0
-9781,-529,12170,2993,0
-9809,-513,12178,2970,0
-9819,-504,12168,2981,0
-9811,-506,12222,2975,0
-9797,-519,12220,2975,0
-9809,-506,12187,2974,0
-9826,-500,12183,2975,0
-9826,-517,12237,2980,0
-9802,-522,12204,2978,0
-9790,-514,12169,2981,0
-9820,-528,12193,2972,0
-9776,-524,12180,2980,0
-9815,-507,12185,2989,0
-9817,-494,12192,2981,0
-9814,-521,12183,2975,0
-9822,-512,12168,2968,0
-9815,-517,12191,2971,0
-9805,-519,12210,2983,0
-9830,-500,12198,2974,0
-9832,-509,12212,2974,0
-9814,-526,12178,2972,0
-9795,-521,12200,2978,0
-9815,-521,12194,2977,0
-9814,-505,12194,2972,0
-9824,-509,12192,2975,0
-9798,-520,12216,2972,0
-9797,-521,12221,2976,0
-9823,-532,12207,2978,0
-9799,-502,12201,2971,0
-9808,-507,12173,2973,0
-9813,-513,12227,2977,0
-9791,-515,12217,2971,0
-9816,-497,12194,2983,0
-9792,-523,12186,2975,0
-9802,-526,12205,2972,0
-9822,-510,12198,2975,0
-9788,-537,12196,2978,0
-9819,-524,12202,2975,0
-9807,-514,12184,2969,0
-9801,-508,12178,2970,0
-9790,-509,12197,2970,0
-9787,-509,12203,2978,0
-9788,-510,12191,2972,0
-9804,-497,12164,2978,0
-9824,-509,12212,2970,0
-9824,-508,12155,2975,0
-9805,-515,12160,2977,0
-9804,-533,12234,2977,0
-9795,-538,12185,2978,0
-9803,-512,12202,2970,0
-9819,-549,12185,2969,0
-9812,-542,12188,2974,0
-9832,-546,12187,2977,0
-9798,-524,12171,2975,0
-9826,-527,12180,2970,0
-9803,-497,12191,2980,0
-9808,-499,12202,2980,0
-9805,-513,12183,2978,0
-9802,-498,12210,2980,0
-9807,-513,12162,2970,0
-9806,-524,12208,2970,0
-9779,-531,12186,2971,0
-9817,-548,12185,2985,0
-9789,-513,12209,2978,0
-9809,-511,12235,2973,0
-9817,-532,12211,2975,0
-9801,-520,12168,2974,0
-9807,-507,12211,2978,0
-9830,-502,12212,2976,0
-9805,-529,12212,2979,0
-9803,-525,12153,2973,0
-9792,-527,12201,2973,0
-9806,-508,12169,2974,0
-9803,-534,12212,2976,0
-9811,-497,12200,2973,0
-9799,-524,12203,2967,0
-9807,-531,12217,2973,0
-9817,-508,12174,2980,0
-9815,-516,12196,2978,0
-9793,-528,12197,2976,0
-9801,-511,12188,2975,0
-9803,-513,12191,2980,0
-9816,-526,12188,2977,0
-9814,-521,12198,2976,0
-9787,-510,12190,2973,0
-9823,-521,12188,2976,0
-9802,-531,12207,2977,0
-9828,-530,12196,2980,0
-9800,-517,12194,2990,0
-9805,-513,12177,2967,0
-9796,-515,12194,2977,0
-9800,-520,12200,2978,0
-9819,-523,12211,2975,0
-9835,-526,12183,2979,0
-9818,-518,12245,2978,0
-9805,-518,12210,2975,0
-9811,-505,12184,2974,0
-9808,-530,12159,2983,0
-9807,-539,12192,2969,0
-9788,-519,12196,2976,0
-9799,-522,12203,2974,0
-9826,-513,12166,2972,0
-9815,-508,12184,2979,0
-9818,-526,12173,2970,0
-9800,-483,12195,2971,0
-9785,-518,12188,2974,0
-9809,-521,12181,2976,0
-9792,-524,12176,2980,0
-9797,-499,12198,2973,0
-9791,-534,12180,2971,0
-9811,-507,12185,2970,0
-9821,-506,12219,2978,0
-9824,-517,12180,2980,0
-9806,-496,12207,2976,0
-9807,-538,12183,2976,0
-9827,-507,12196,2975,0
-9806,-499,12201,2973,0
-9820,-503,12203,2980,0
-9814,-513,12164,2974,0
-9814,-518,12215,2977,0
-9802,-516,12183,2976,0
-9797,-506,12206,2976,0
-9824,-519,12245,2979,0
-9804,-508,12163,2979,0
-9821,-508,12185,2977,0
-9793,-489,12199,2974,0
-9809,-515,12159,2976,0
-9799,-521,12202,2976,0
-9787,-501,12203,2972,0
-9817,-522,12193,2969,0
-9811,-508,12230,2974,0
-9793,-505,12190,2975,0
-9789,-523,12150,2980,0
-9808,-505,12163,2977,0
-9813,-514,12208,2979,0
-9797,-501,12246,2966,0
-9821,-528,12177,2973,0
-9822,-508,12196,2979,0
-9793,-515,12177,2971,0
-9810,-516,12153,2971,0
-9789,-536,12235,2973,0
-9823,-500,12198,2977,0
-9816,-514,12207,2981,0
-9812,-521,12184,2972,0
-9800,-507,12190,2979,0
-9786,-509,12217,2975,0
-9818,-511,12199,2976,0
-9823,-507,12183,2977,0
-9811,-525,12190,2975,0
-9803,-534,12181,2973,0
-9809,-498,12153,2973,0
-9799,-525,12219,2975,0
-9820,-481,12210,2984,0
-9791,-531,12176,2976,0
-9786,-534,12174,2978,0
-9812,-493,12192,2975,0
-9801,-513,12202,2978,0
-9806,-514,12170,2981,0
-9806,-547,12192,2979,0
-9810,-515,12196,2979,0
-9819,-516,12191,2973,0
-9810,-509,12186,2977,0
-9800,-549,12201,2980,0
-9801,-510,12222,2974,0
-9828,-512,12189,2976,0
-9799,-517,12193,2978,0
-9806,-515,12165,2979,0
-9796,-493,12216,2979,0
-9794,-525,12168,2970,0
-9796,-521,12218,2977,0
-9803,-527,12202,2970,0
-9846,-526,12195,2975,0
-9812,-519,12203,2977,0
-9807,-509,12208,2969,0
-9815,-530,12205,2974,0
-9809,-536,12180,2963,0
-9827,-530,12202,2973,0
-9821,-522,12212,2978,0
-9799,-549,12209,2976,0
-9801,-519,12214,2974,0
-9805,-546,12192,2979,0
-9836,-505,12183,2977,0
-9796,-513,12206,2976,0
-9800,-518,12196,2975,0
-9807,-507,12189,2976,0
-9793,-526,12147,2977,0
-9805,-526,12172,2979,0
-9831,-519,12149,2981,0
-9792,-529,12153,2972,0
-9801,-514,12193,2974,0
-9820,-510,12205,2975,0
-9826,-514,12234,2974,0
-9794,-506,12180,2974,0
-9797,-506,12175,2976,0
-9800,-511,12196,2973,0
-9812,-526,12168,2974,0
-9823,-517,12195,2972,0
-9819,-511,12185,2996,0
-9789,-529,12172,2974,0
-9786,-527,12198,2965,0
-9799,-540,12159,2976,0
-9800,-520,12177,2972,0
-9799,-533,12242,2970,0
-9799,-545,12246,2969,0
-9836,-508,12208,2973,0
-9793,-526,12202,2976,0
-9792,-504,12187,2977,0
-9803,-519,12236,2980,0
-9831,-532,12156,2977,0
-9792,-499,12185,2969,0
-9801,-496,12201,2969,0
-9795,-509,12186,2976,0
-9799,-507,12207,2978,0
-9805,-539,12183,2976,0
-9784,-510,12179,2970,0
-9788,-496,12182,2976,0
-9798,-530,12211,2978,0
-9795,-523,12178,2976,0
-9790,-535,12191,2974,0
-9795,-525,12204,2974,0
-9814,-530,12217,2974,0
-9809,-518,12186,2973,0
-9805,-499,12210,2973,0
-9816,-509,12164,2977,0
-9802,-530,12158,2978,0
-9787,-534,12235,2971,0
-9823,-525,12193,2974,0
-9797,-536,12175,2975,0
-9810,-495,12209,2974,0
-9790,-527,12187,2975,0
-9811,-504,12196,2969,0
-9788,-517,12209,2966,0
-9805,-512,12188,2976,0
-9773,-525,12177,2971,0
-9798,-508,12157,2966,0
-9789,-517,12193,2978,0
-9806,-527,12203,2977,0
-9809,-545,12208,2979,0
-9828,-513,12189,2972,0
-9793,-495,12179,2971,0
-9798,-534,12173,2973,0
-9805,-508,12196,2977,0
-9798,-514,12185,2979,0
-9809,-521,12196,2975,0
-9807,-531,12222,2970,0
-9806,-527,12216,2972,0
-9809,-528,12219,2977,0
-9769,-492,12177,2976,0
-9817,-518,12192,2973,0
-9802,-534,12205,2978,0
-9824,-544,12147,2975,0
-9793,-521,12169,2973,0
-9784,-533,12149,2978,0
-9795,-519,12188,2977,0
-9819,-520,12181,2972,0
-9811,-506,12177,2971,0
-9795,-523,12199,2976,0
-9781,-538,12187,2973,0
-9786,-510,12177,2984,0
-9798,-514,12198,2975,0
-9802,-526,12179,2976,0
-9788,-513,12200,2978,0
-9801,-513,12165,2977,0
-9795,-510,12201,2973,0
-9798,-503,12182,2975,0
-9786,-530,12208,2974,0
-9811,-509,12229,2974,0
-9792,-518,12166,2981,0
-9830,-556,12201,2977,0
-9801,-515,12180,2973,0
-9806,-521,12194,2972,0
-9782,-526,12208,2976,0
-9774,-499,12174,2981,0
-9821,-492,12171,2978,0
-9808,-516,12179,2982,0
-9795,-512,12178,2975,0
-9810,-495,12200,2977,0
-9816,-516,12194,2968,0
-9786,-500,12155,2975,0
-9822,-490,12167,2971,0
-9807,-529,12199,2979,0
-9801,-501,12194,2972,0
-9814,-512,12202,2970,0
-9834,-505,12174,2974,0
-9808,-516,12173,2979,0
-9809,-527,12209,2974,0
-9795,-523,12181,2974,0
-9801,-519,12200,2981,0
-9815,-509,12197,2978,0
-9828,-495,12195,2978,0
-9793,-528,12208,2972,0
-9799,-523,12168,2974,0
-9797,-536,12180,2979,0
-9792,-519,12203,2977,0
-9797,-515,12201,2974,0
-9798,-515,12218,2977,0
-9808,-525,12196,2974,0
-9813,-512,12205,2980,0
-9832,-515,12191,2976,0
-9811,-504,12237,2971,0
-9792,-495,12225,2971,0
-9822,-508,12211,2961,0
-9816,-497,12188,2972,0
-9802,-524,12202,2973,0
-9785,-525,12211,2980,0
-9816,-538,12189,2976,0
-9833,-522,12172,2977,0
-9837,-513,12217,2975,0
-9812,-510,12175,2979,0
-9810,-519,12194,2975,0
-9796,-478,12218,2971,0
-9805,-506,12172,2977,0
-9815,-515,12194,2981,0
-9817,-509,12220,2978,0
-9801,-527,12212,2975,0
-9803,-515,12189,2974,0
-9794,-507,12192,2975,0
-9797,-505,12151,2975,0
-9801,-515,12198,2977,0
-9781,-500,12202,2977,0
-9792,-523,12200,2974,0
-9804,-487,12202,2974,0
-9820,-511,12159,2975,0
-9812,-514,12179,2972,0
-9795,-537,12186,2974,0
-9804,-502,12187,2978,0
-9840,-516,12189,2974,0
-9787,-524,12214,2981,0
-9804,-504,12195,2981,0
-9785,-517,12209,2972,0
-9813,-504,12206,2976,0
-9825,-492,12181,2973,0
-9807,-530,12202,2981,0
-9802,-519,12212,2977,0
-9801,-511,12171,2977,0
-9814,-527,12211,2975,0
-9798,-502,12188,2977,0
-9806,-493,12225,2982,0
-9818,-518,12168,2976,0
-9813,-519,12155,2971,0
-9807,-509,12171,2979,0
-9808,-504,12208,2983,0
-9811,-525,12205,2984,0
-9803,-519,12164,2975,0
-9816,-522,12197,2976,0
-9804,-513,12215,2972,0
-9790,-517,12188,2977,0
-9804,-519,12209,2983,0
-9811,-532,12192,2979,0
-9807,-503,12206,2973,0
-9801,-505,12202,2982,0
-9814,-520,12181,2978,0
-9790,-521,12199,2976,0
-9808,-516,12182,2972,0
-9821,-515,12178,2973,0
-9812,-513,12187,2974,0
-9813,-506,12175,2976,0
-9797,-512,12181,2977,0
-9800,-513,12204,2972,0
-9797,-506,12181,2974,0
-9799,-511,12194,2973,0
-9815,-524,12172,2971,0
-9823,-510,12187,2978,0
-9820,-497,12186,2978,0
-9804,-494,12188,2972,0
-9816,-516,12186,2972,0
-9803,-497,12169,2973,0
-9778,-532,12192,2972,0
-9781,-514,12212,2977,0
-9806,-509,12183,2970,0
-9805,-518,12210,2974,0
-9820,-501,12206,2975,0
-9797,-536,12190,2987,0
-9817,-530,12166,2969,0
-9813,-516,12174,2976,0
-9803,-522,12201,2995,0
-9796,-526,12195,2973,0
-9817,-511,12209,2974,0
-9813,-510,12189,2978,0
-9789,-505,12195,2971,0
-9833,-513,12189,2972,0
-9807,-517,12206,2976,0
-9800,-511,12220,2981,0
-9848,-527,12195,2976,0
-9830,-520,12186,2973,0
-9833,-515,12182,2976,0
-9798,-505,12170,2979,0
-9801,-496,12224,2973,0
-9816,-504,12170,2979,0
-9812,-523,12163,2976,0
-9817,-520,12218,2974,0
-9783,-513,12179,2977,0
-9836,-540,12171,2982,0
-9789,-510,12220,2980,0
-9802,-496,12232,2976,0
-9818,-524,12207,2973,0
-9814,-526,12173,2976,0
-9799,-522,12171,2976,0
-9817,-525,12224,2980,0
-9817,-528,12170,2975,0
-9788,-503,12187,2973,0
-9810,-528,12176,2977,0
-9825,-518,12168,2984,0
-9828,-505,12171,2978,0
-9796,-506,12184,2978,0
-9840,-503,12216,2967,0
-9820,-506,12167,2977,0
-9813,-516,12232,2981,0
-9806,-514,12189,2980,0
-9798,-502,12218,2975,0
-9801,-506,12226,2974,0
-9803,-510,12197,2971,0
-9809,-496,12203,2979,0
-9807,-508,12180,2967,0
-9787,-526,12196,2963,0
-9801,-502,12215,2978,0
-9793,-510,12242,2970,0
-9799,-512,12199,2975,0
-9808,-542,12203,2979,0
-9813,-525,12186,2974,0
-9830,-527,12188,2971,0
-9814,-500,12209,2971,0
-9801,-517,12226,2978,0
-9784,-521,12186,2975,0
-9792,-510,12217,2980,0
-9812,-536,12156,2976,0
-9794,-522,12183,2974,0
-9811,-512,12202,2980,0
-9802,-504,12188,2971,0
-9809,-503,12198,2978,0
-9831,-519,12194,2971,0
-9801,-535,12178,2972,0
-9821,-513,12230,2971,0
-9808,-522,12185,2980,0
-9820,-501,12149,2978,0
-9823,-513,12177,2971,0
-9800,-504,12180,2974,0
-9809,-522,12207,2979,0
-9810,-525,12163,2976,0
-9787,-516,12193,2973,0
-9788,-511,12219,2976,0
-9806,-512,12216,2977,0
-9810,-511,12205,2974,0
-9815,-519,12204,2978,0
-9792,-487,12168,2972,0
-9795,-523,12191,2974,0
-9809,-526,12184,2977,0
-9796,-501,12195,2976,0
-9815,-517,12217,2975,0
-9802,-518,12225,2975,0
-9814,-516,12184,2973,0
-9802,-498,12186,2982,0
-9803,-533,12216,2978,0
-9802,-512,12197,2974,0
-9797,-522,12219,2972,0
-9803,-512,12161,2978,0
-9798,-515,12203,2974,0
-9808,-501,12175,2980,0
-9792,-511,12203,2978,0
-9796,-523,12196,2973,0
-9804,-518,12199,2973,0
-9817,-506,12207,2983,0
-9796,-511,12195,2977,0
-9801,-510,12200,2973,0
-9800,-523,12156,2972,0
-9830,-522,12199,2968,0
-9834,-493,12201,2974,0
-9829,-519,12160,2978,0
-9836,-497,12218,2975,0
-9808,-520,12213,2976,0
-9818,-521,12209,2977,0
-9832,-512,12202,2973,0
-9817,-516,12206,2980,0
-9819,-532,12204,2981,0
-9789,-500,12171,2976,0
-9809,-494,12194,2984,0
-9811,-513,12196,2978,0
-9794,-504,12216,2977,0
-9790,-512,12203,2976,0
-9804,-533,12187,2970,0
-9791,-537,12168,2974,0
-9800,-526,12189,2977,0
-9809,-503,12153,2979,0
-9805,-514,12190,2973,0
-9808,-513,12188,2974,0
-9807,-519,12203,2970,0
-9796,-531,12208,2976,0
-9802,-494,12205,2979,0
-9797,-489,12182,2979,0
-9816,-542,12205,2974,0
-9804,-509,12246,2976,0
-9804,-502,12202,2982,0
-9814,-513,12182,2975,0
-9810,-529,12189,2973,0
-9811,-499,12170,2975,0
-9812,-506,12184,2975,0
-9811,-532,12178,2970,0
-9814,-521,12186,2978,0
-9809,-526,12180,2977,0
-9814,-501,12157,2976,0
-9786,-519,12181,2970,0
-9806,-528,12200,2973,0
-9811,-500,12190,2978,0
-9792,-512,12186,2977,0
-9815,-513,12219,2975,0
-9804,-500,12204,2977,0
-9807,-526,12185,2982,0
-9804,-519,12180,2985,0
-9822,-522,12175,2977,0
-9837,-514,12189,2974,0
-9805,-511,12199,2971,0
-9811,-519,12196,2977,0
-9784,-514,12180,2979,0
-9802,-511,12178,2978,0
-9804,-519,12209,2971,0
-9801,-525,12199,2973,0
-9804,-507,12237,2973,0
-9800,-500,12233,2983,0
-9814,-529,12204,2976,0
-9805,-514,12224,2974,0
-9809,-528,12213,2972,0
-9802,-507,12218,2977,0
-9792,-518,12208,2975,0
-9826,-522,12205,2973,0
-9792,-499,12212,2975,0
-9807,-503,12204,2980,0
-9795,-530,12180,2970,0
-9800,-519,12197,2976,0
-9813,-500,12189,2978,0
-9815,-533,12184,2973,0
-9800,-535,12182,2973,0
-9803,-536,12189,2982,0
-9820,-526,12188,2982,0
-9804,-506,12187,2983,0
-9800,-515,12194,2974,0
-9829,-498,12217,2976,0
-9802,-495,12198,2973,0
-9811,-513,12183,2979,0
-9808,-519,12229,2983,0
-9804,-517,12198,2979,0
-9800,-530,12217,2971,0
-9795,-504,12196,2979,0
-9801,-523,12207,2981,0
-9794,-518,12215,2977,0
-9797,-520,12197,2975,0
-9827,-524,12185,2970,0
-9812,-529,12190,2975,0
-9800,-493,12162,2979,0
-9793,-529,12198,2978,0
-9821,-529,12174,2974,0
-9801,-513,12185,2973,0
-9798,-537,12200,2973,0
-9782,-528,12181,2972,0
-9827,-520,12170,2975,0
-9805,-526,12186,2976,0
-9821,-516,12191,2983,0
-9803,-517,12179,2973,0
-9819,-518,12195,2978,0
-9808,-491,12217,2975,0
-9821,-501,12208,2980,0
-9805,-506,12203,2976,0
-9811,-522,12209,2976,0
-9810,-514,12174,2979,0
-9808,-508,12197,2983,0
-9831,-521,12188,2974,0
-9828,-500,12188,2977,0
-9807,-516,12185,2976,0
-9807,-515,12218,2978,0
-9809,-521,12198,2983,0
-9789,-525,12179,2974,0
-9804,-516,12178,2968,0
-9845,-504,12175,2975,0
-9801,-512,12165,2980,0
-9816,-520,12184,2980,0
-9793,-528,12208,2975,0
-9804,-518,12186,2973,0
-9788,-516,12176,2976,0
-9813,-510,12202,2985,0
-9841,-525,12205,2987,0
-9805,-505,12184,2974,0
-9818,-518,12169,2975,0
-9827,-533,12185,2974,0
-9814,-521,12204,2982,0
-9792,-534,12207,2980,0
-9824,-500,12176,2974,0
-9816,-507,12187,2980,0
-9821,-512,12171,2977,0
-9815,-521,12215,2980,0
-9800,-494,12187,2976,0
-9801,-505,12181,2976,0
-9801,-470,12181,2971,0
-9818,-524,12183,2970,0
-9811,-502,12181,2982,0
-9814,-527,12202,2977,0
-9801,-496,12221,2973,0
-9801,-525,12224,2980,0
-9800,-513,12167,2980,0
-9824,-513,12173,2979,0
-9811,-532,12219,2974,0
-9811,-545,12170,2974,0
-9808,-511,12216,2977,0
-9808,-518,12223,2971,0
-9807,-523,12196,2981,0
-9794,-491,12190,2978,0
-9816,-517,12209,2974,0
-9808,-533,12186,2976,0
-9798,-498,12182,2978,0
-9800,-504,12175,2978,0
-9825,-497,12196,2975,0
-9822,-511,12199,2977,0
-9797,-521,12216,2973,0
-9808,-519,12207,3003,0
-9814,-519,12182,2984,0
-9836,-541,12183,2983,0
-9818,-512,12202,2974,0
-9813,-501,12192,2976,0
-9817,-520,12179,2981,0
-9792,-538,12192,2981,0
-9789,-532,12220,2977,0
-9798,-498,12201,2974,0
-9819,-513,12203,2976,0
-9816,-522,12184,2971,0
-9796,-507,12203,2976,0
-9806,-514,12236,2970,0
-9829,-533,12216,2980,0
-9799,-521,12211,2971,0
-9790,-487,12219,2974,0
-9807,-531,12205,2981,0
-9805,-546,12174,2975,0
-9823,-533,12167,2970,0
-9813,-523,12170,2975,0
-9783,-518,12200,2974,0
-9808,-504,12215,2976,0
-9815,-534,12190,2973,0
-9810,-524,12204,2971,0
-9795,-533,12216,2968,0
-9801,-522,12162,2973,0
-9792,-518,12161,2978,0
-9797,-519,12174,2976,0
-9776,-503,12189,2988,0
-9811,-501,12203,2992,0
-9819,-518,12198,2981,0
-9808,-521,12210,2995,0
-9796,-525,12195,2985,0
-9800,-522,12191,2990,0
-9808,-544,12189,2986,0
-9807,-534,12187,2986,0
-9807,-527,12189,2986,0
-9805,-534,12175,2987,0
-9819,-531,12191,2986,0
-9805,-521,12181,2986,0
-9806,-521,12246,2983,0
-9802,-503,12211,2985,0
-9789,-492,12217,2982,0
-9817,-485,12215,2996,0
-9809,-501,12195,2984,0
-9789,-526,12183,2982,0
-9810,-503,12185,2987,0
-9818,-518,12221,2978,0
-9836,-499,12225,2979,0
-9794,-525,12183,2978,0
-9822,-536,12195,2979,0
-9812,-515,12172,2977,0
-9796,-502,12191,2979,0
-9810,-520,12186,2980,0
-9811,-534,12197,2981,0
-9823,-536,12185,2979,0
-9834,-517,12183,2988,0
-9807,-497,12180,2976,0
-9815,-523,12185,2980,0
-9814,-527,12216,2972,0
-9804,-527,12219,2975,0
-9800,-519,12187,2979,0
-9792,-507,12189,2977,0
-9802,-518,12189,2976,0
-9820,-512,12193,2978,0
-9785,-515,12193,2977,0
-9784,-509,12212,2982,0
-9807,-530,12189,2977,0
-9801,-512,12162,2978,0
-9798,-494,12148,2969,0
-9807,-511,12173,2978,0
-9785,-522,12178,2982,0
-9818,-530,12182,2976,0
-9790,-533,12191,2972,0
-9795,-519,12162,2977,0
-9792,-525,12209,2973,0
-9808,-514,12203,2980,0
-9788,-524,12186,2976,0
-9815,-508,12165,2978,0
-9796,-509,12176,2973,0
-9820,-523,12185,2978,0
-9809,-522,12209,2983,0
-9813,-507,12178,2977,0
-9816,-523,12169,2976,0
-9817,-516,12219,2972,0
-9812,-524,12212,2976,0
-9816,-520,12194,2985,0
-9807,-523,12169,2977,0
-9788,-528,12198,2970,0
-9799,-513,12217,2971,0
-9792,-520,12198,2976,0
-9813,-539,12199,2980,0
-9807,-515,12165,2980,0
-9803,-509,12184,2983,0
-9811,-503,12170,2978,0
-9791,-519,12218,2974,0
-9795,-504,12186,2978,0
-9790,-503,12194,2975,0
-9799,-514,12153,2977,0
-9798,-494,12179,2969,0
-9805,-526,12205,2976,0
-9803,-549,12187,2976,0
-9828,-510,12190,2967,0
-9795,-511,12211,2975,0
-9814,-488,12175,2974,0
-9811,-525,12193,2980,0
-9795,-522,12195,2975,0
-9796,-522,12198,2979,0
-9808,-514,12187,2971,0
-9800,-499,12192,2978,0
-9801,-515,12196,2975,0
-9816,-529,12192,2978,0
-9819,-502,12191,2976,0
-9822,-484,12185,2977,0
-9804,-532,12175,2974,0
-9785,-531,12152,2978,0
-9772,-538,12143,2977,0
-9787,-497,12186,2978,0
-9792,-502,12179,2972,0
-9820,-531,12185,2979,0
-9813,-555,12170,2976,0
-9807,-526,12192,2984,0
-9818,-496,12196,2986,0
-9807,-508,12181,2975,0
-9804,-513,12191,2975,0
-9800,-521,12189,2976,0
-9801,-509,12207,2978,0
-9830,-510,12182,2972,0
-9817,-488,12171,2974,0
-9802,-506,12191,2968,0
-9807,-513,12189,2976,0
-9807,-513,12176,2971,0
-9828,-503,12160,2972,0
-9794,-495,12207,2972,0
-9791,-504,12175,2973,0
-9809,-533,12230,2974,0
-9802,-529,12216,2981,0
-9823,-514,12204,2972,0
-9795,-496,12180,2969,0
-9797,-529,12174,2972,0
-9807,-497,12189,2976,0
-9804,-519,12192,2978,0
-9815,-521,12187,2978,0
-9809,-528,12192,2979,0
-9807,-531,12186,2969,0
-9800,-500,12167,2976,0
-9794,-519,12197,2976,0
-9806,-534,12181,2982,0
-9800,-501,12176,2975,0
-9802,-530,12132,2978,0
-9811,-522,12160,2979,0
-9812,-508,12244,2977,0
-9818,-518,12197,2975,0
-9812,-528,12186,2976,0
-9788,-513,12187,2974,0
-9815,-499,12171,2978,0
-9814,-522,12208,2975,0
-9802,-529,12167,2973,0
-9805,-506,12199,2972,0
-9832,-522,12197,2973,0
-9811,-520,12208,2981,0
-9802,-511,12191,2973,0
-9781,-522,12172,2974,0
-9816,-507,12194,2973,0
-9788,-519,12205,2969,0
-9804,-502,12205,2978,0
-9818,-523,12190,2980,0
-9805,-507,12195,2972,0
-9795,-516,12178,2972,0
-9815,-500,12201,2974,0
-9811,-520,12192,2977,0
-9806,-524,12196,2980,0
-9811,-522,12180,2976,0
-9778,-531,12186,2974,0
-9801,-517,12193,2971,0
-9810,-519,12149,2977,0
-9815,-511,12194,2983,0
-9812,-533,12187,2972,0
-9798,-506,12182,2978,0
-9802,-543,12224,2974,0
-9800,-512,12182,2977,0
-9790,-517,12149,2978,0
-9807,-510,12205,2969,0
-9795,-519,12212,2973,0
-9804,-512,12185,2978,0
-9811,-506,12191,2975,0
-9814,-527,12152,2973,0
-9801,-530,12192,2975,0
-9810,-520,12177,2973,0
-9826,-520,12174,2971,0
-9773,-528,12188,2975,0
-9812,-519,12187,2983,0
-9808,-534,12179,2978,0
-9793,-534,12193,2976,0
-9809,-513,12210,2976,0
-9812,-533,12207,2979,0
-9796,-539,12185,2976,0
-9807,-543,12170,2972,0
-9812,-544,12186,2978,0
-9820,-531,12116,2968,0
-9801,-532,12193,2973,0
-9801,-508,12193,2973,0
-9804,-523,12188,2975,0
-9801,-517,12209,2971,0
-9822,-498,12179,2973,0
-9807,-500,12207,2971,0
-9793,-508,12158,2971,0
-9793,-527,12202,2978,0
-9816,-515,12219,2967,0
-9814,-515,12201,2974,0
-9822,-524,12186,2979,0
-9803,-524,12202,2976,0
-9830,-497,12231,2974,0
-9798,-507,12199,2976,0
-9818,-509,12200,2976,0
-9787,-507,12182,2976,0
-9794,-518,12206,2975,0
-9806,-513,12205,2974,0
-9811,-530,12168,2977,0
-9821,-524,12183,2970,0
-9779,-516,12160,2971,0
-9815,-512,12156,2978,0
-9802,-492,12185,2974,0
-9800,-506,12202,2979,0
-9809,-522,12194,2971,0
-9805,-516,12197,2976,0
-9811,-518,12172,2976,0
-9815,-504,12182,2979,0
-9807,-522,12197,2979,0
-9829,-522,12225,2977,0
-9801,-538,12166,2975,0
-9791,-511,12194,2982,0
-9820,-518,12190,2976,0
-9802,-505,12189,2974,0
-9805,-527,12211,2978,0
-9794,-512,12214,2977,0
-9806,-501,12226,2981,0
-9811,-518,12227,2977,0
-9803,-512,12210,2976,0
-9806,-521,12180,2974,0
-9807,-508,12200,2974,0
-9811,-533,12192,2974,0
-9808,-496,12208,2975,0
-9800,-507,12208,2976,0
-9821,-517,12230,2973,0
-9796,-509,12188,2975,0
-9796,-528,12184,2976,0
-9812,-513,12180,2975,0
-9826,-525,12178,2970,0
-9832,-547,12144,2971,0
-9812,-536,12191,2977,0
-9836,-522,12202,2978,0
-9811,-515,12213,2999,0
-9785,-483,12214,2976,0
-9793,-514,12168,2978,0
-9805,-522,12190,2973,0
-9803,-509,12180,2976,0
-9794,-504,12178,2980,0
-9817,-530,12175,2978,0
-9808,-522,12199,2957,0
-9786,-517,12232,2973,0
-9811,-508,12215,2976,0
-9793,-545,12185,2977,0
-9804,-521,12213,2972,0
-9830,-542,12200,2974,0
-9818,-516,12179,2975,0
-9818,-512,12179,2981,0
-9822,-521,12198,2974,0
-9791,-533,12200,2971,0
-9807,-515,12162,2968,0
-9814,-535,12167,2975,0
-9794,-513,12180,2978,0
-9808,-494,12164,2980,0
-9784,-505,12177,2972,0
-9809,-516,12195,2975,0
-9796,-518,12192,2980,0
-9778,-510,12224,2976,0
-9793,-506,12166,2976,0
-9804,-511,12201,2976,0
-9809,-510,12176,2978,0
-9791,-526,12185,2972,0
-9784,-499,12168,2975,0
-9807,-526,12203,2980,0
-9779,-508,12217,2972,0
-9799,-506,12180,2984,0
-9802,-522,12191,2971,0
-9822,-507,12181,2974,0
-9804,-527,12204,2976,0
-9805,-508,12201,2973,0
-9796,-517,12180,2972,0
-9821,-507,12189,2975,0
-9816,-536,12193,2977,0
-9818,-526,12160,2975,0
-9816,-500,12233,2975,0
-9820,-498,12220,2977,0
-9804,-472,12203,2977,0
-9801,-519,12187,2978,0
-9789,-529,12210,2974,0
-9803,-512,12216,2975,0
-9814,-481,12181,2979,0
-9806,-491,12191,2974,0
-9815,-524,12208,2971,0
-9802,-508,12182,2973,0
-9806,-518,12172,2977,0
-9807,-527,12232,2982,0
-9805,-515,12182,2971,0
-9785,-506,12192,2977,0
-9784,-516,12200,2973,0
-9803,-530,12188,2974,0
-9806,-517,12155,2969,0
-9809,-537,12191,2972,0
-9803,-516,12193,2978,0
-9796,-503,12171,2972,0
-9806,-508,12164,2976,0
-9824,-509,12215,2970,0
-9811,-514,12186,2978,0
-9781,-510,12177,2975,0
-9805,-525,12162,2972,0
-9787,-511,12194,2969,0
-9809,-532,12195,2975,0
-9807,-526,12161,2976,0
-9813,-498,12176,2978,0
-9811,-515,12196,2976,0
-9795,-499,12206,2972,0
-9799,-522,12190,2973,0
-9781,-499,12145,2971,0
-9821,-506,12191,2976,0
-9790,-512,12187,2973,0
-9822,-510,12170,2968,0
-9784,-514,12195,2970,0
-9819,-487,12204,2976,0
-9815,-528,12187,2977,0
-9789,-520,12213,2975,0
-9844,-522,12227,2972,0
-9813,-531,12184,2968,0
-9816,-518,12222,2970,0
-9806,-529,12180,2972,0
-9788,-522,12210,2976,0
-9792,-518,12166,2967,0
-9767,-496,12182,2970,0
-9814,-528,12215,2971,0
-9806,-532,12192,2977,0
-9807,-539,12211,2973,0
-9816,-534,12180,2968,0
-9818,-512,12203,2969,0
-9783,-498,12167,2972,0
-9806,-527,12186,2974,0
-9813,-503,12176,2974,0
-9808,-509,12191,2973,0
-9810,-534,12156,2971,0
-9791,-510,12190,2966,0
-9793,-489,12166,2974,0
-9805,-495,12199,2981,0
-9817,-506,12169,2975,0
-9816,-492,12203,2976,0
-9815,-502,12176,2973,0
-9828,-519,12177,2974,0
-9810,-536,12214,2979,0
-9802,-533,12155,2973,0
-9806,-515,12173,2976,0
-9801,-502,12195,2976,0
-9796,-507,12181,2966,0
-9814,-510,12171,2977,0
-9806,-510,12179,2972,0
-9805,-513,12193,2979,0
-9783,-519,12160,2971,0
-9803,-523,12201,2975,0
-9804,-528,12209,2978,0
-9787,-521,12194,2970,0
-9817,-534,12222,2966,0
-9803,-510,12166,2978,0
-9807,-503,12177,2975,0
-9790,-508,12179,2971,0
-9777,-513,12171,2972,0
-9816,-527,12171,2969,0
-9789,-532,12180,2960,0
-9819,-499,12200,2969,0
-9797,-507,12205,2975,0
-9791,-529,12221,2974,0
-9809,-531,12195,2978,0
-9797,-526,12146,2974,0
-9818,-526,12193,2977,0
-9810,-512,12190,2972,0
-9793,-514,12185,2973,0
-9795,-513,12142,2971,0
-9797,-513,12185,2977,0
-9823,-524,12177,2968,0
-9799,-516,12196,2976,0
-9816,-505,12176,2979,0
-9811,-501,12194,2969,0
-9808,-513,12211,2971,0
-9815,-500,12193,2974,0
-9814,-507,12166,2970,0
-9801,-532,12221,2974,0
-9817,-512,12169,2971,0
-9801,-509,12209,2970,0
-9819,-512,12209,2971,0
-9841,-506,12185,2975,0
-9845,-521,12190,2974,0
-9820,-516,12185,2975,0
-9819,-514,12182,2978,0
-9807,-506,12202,2970,0
-9824,-501,12205,2975,0
-9818,-548,12209,2969,0
-9809,-528,12182,2973,0
-9815,-505,12203,2972,0
-9822,-509,12206,2973,0
-9810,-511,12191,2968,0
-9828,-526,12192,2982,0
-9783,-521,12209,2974,0
-9794,-489,12159,2974,0
-9800,-501,12183,2976,0
-9808,-523,12234,2975,0
-9802,-524,12193,2974,0
-9812,-511,12177,2970,0
-9810,-510,12183,2972,0
-9817,-515,12187,2983,0
-9813,-535,12147,2973,0
-9823,-518,12188,2974,0
-9815,-541,12214,2973,0
-9817,-510,12166,2977,0
-9813,-524,12172,2972,0
-9806,-502,12176,2976,0
-9794,-500,12157,2970,0
-9802,-518,12180,2983,0
-9817,-510,12164,2969,0
-9807,-510,12184,2978,0
-9826,-495,12156,2974,0
-9774,-532,12196,2974,0
-9820,-523,12209,2978,0
-9797,-526,12188,2980,0
-9837,-519,12165,2972,0
-9807,-517,12147,2977,0
-9803,-516,12187,2978,0
-9806,-522,12202,2978,0
-9814,-493,12186,2974,0
-9805,-512,12170,2978,0
-9812,-533,12180,2976,0
-9803,-514,12194,2975,0
-9818,-497,12193,2979,0
-9804,-540,12235,2975,0
-9787,-528,12229,2972,0
-9809,-538,12210,2980,0
-9791,-533,12176,2970,0
-9828,-508,12198,2978,0
-9811,-491,12213,2979,0
-9785,-529,12215,2974,0
-9784,-488,12199,2974,0
-9808,-519,12205,2974,0
-9786,-514,12191,2975,0
-9800,-506,12213,2968,0
-9782,-510,12172,2973,0
-9807,-525,12161,2977,0
-9840,-505,12170,2981,0
-9813,-525,12202,2975,0
-9829,-521,12232,2975,0
-9804,-534,12222,2975,0
-9816,-513,12188,2978,0
-9823,-501,12195,2977,0
-9809,-534,12184,2970,0
-9817,-517,12179,2977,0
-9808,-510,12191,2977,0
-9803,-516,12184,2979,0
-9790,-512,12186,2970,0
-9804,-520,12219,2972,0
-9812,-495,12232,2974,0
-9796,-512,12184,2979,0
-9784,-514,12228,2979,0
-9788,-520,12185,2975,0
-9790,-518,12191,2974,0
-9800,-526,12179,2971,0
-9790,-536,12124,2974,0
-9802,-528,12224,2979,0
-9799,-527,12204,2971,0
-9811,-515,12177,2971,0
-9812,-486,12193,2974,0
-9817,-526,12209,2974,0
-9791,-543,12175,2977,0
-9814,-521,12180,2975,0
-9810,-525,12188,2970,0
-9810,-525,12198,2966,0
-9795,-516,12190,2977,0
-9806,-501,12194,2974,0
-9807,-503,12185,2972,0
-9827,-514,12205,2967,0
-9796,-495,12177,2980,0
-9797,-539,12190,2973,0
-9803,-513,12196,2978,0
-9813,-490,12186,2972,0
-9809,-513,12190,2970,0
-9795,-510,12171,2976,0
-9814,-514,12157,2971,0
-9794,-517,12207,2984,0
-9791,-533,12176,2974,0
-9804,-511,12177,2972,0
-9790,-525,12210,2967,0
-9779,-499,12152,2977,0
-9791,-502,12174,2976,0
-9810,-492,12214,2971,0
-9827,-516,12185,2972,0
-9829,-523,12200,2965,0
-9820,-526,12205,2971,0
-9808,-528,12197,2982,0
-9806,-504,12173,2992,0
-9795,-525,12161,2974,0
-9806,-485,12216,2973,0
-9812,-528,12186,2972,0
-9799,-524,12161,2976,0
-9794,-518,12135,2972,0
-9809,-536,12154,2972,0
-9809,-521,12221,2973,0
-9806,-509,12182,2977,0
-9802,-512,12192,2978,0
-9803,-522,12210,2969,0
-9807,-504,12215,2974,0
-9786,-531,12224,2972,0
-9832,-491,12216,2974,0
-9781,-509,12214,2979,0
-9822,-518,12171,2970,0
-9795,-517,12180,2976,0
-9811,-512,12212,2959,0
-9814,-523,12148,2973,0
-9784,-537,12219,2984,0
-9821,-520,12216,2974,0
-9809,-526,12189,2975,0
-9809,-513,12177,2979,0
-9807,-519,12206,2977,0
-9811,-494,12199,2973,0
-9807,-502,12201,2980,0
-9812,-530,12208,2973,0
-9809,-514,12190,2967,0
-9814,-524,12197,2972,0
-9815,-506,12204,2978,0
-9776,-501,12203,2974,0
-9810,-522,12204,2972,0
-9803,-512,12239,2974,0
-9807,-499,12204,2974,0
-9819,-517,12186,2976,0
-9787,-521,12173,2975,0
-9804,-528,12198,2972,0
-9799,-506,12212,2992,0
-9796,-506,12248,2970,0
-9822,-527,12177,2979,0
-9823,-510,12221,2972,0
-9792,-529,12177,2974,0
-9794,-521,12185,2977,0
-9800,-513,12151,2981,0
-9806,-487,12176,2975,0
-9828,-514,12160,2970,0
-9809,-533,12189,2973,0
-9807,-507,12165,2969,0
-9827,-512,12189,2990,0
-9805,-515,12198,2978,0
-9805,-500,12219,2974,0
-9795,-506,12203,2971,0
-9806,-506,12206,2981,0
-9817,-511,12188,2972,0
-9825,-536,12165,2976,0
-9803,-506,12175,2970,0
-9810,-533,12222,2969,0
-9790,-508,12225,2966,0
-9804,-506,12172,2974,0
-9793,-529,12206,2978,0
-9829,-538,12177,2977,0
-9807,-504,12189,2979,0
-9802,-516,12201,2972,0
-9812,-526,12209,2974,0
-9789,-550,12223,2977,0
-9800,-524,12194,2975,0
-9807,-510,12165,2973,0
-9786,-513,12186,2973,0
-9814,-488,12182,2972,0
-9794,-503,12191,2974,0
-9808,-522,12185,2972,0
-9806,-499,12173,2963,0
-9813,-505,12206,2971,0
-9820,-502,12203,2974,0
-9797,-512,12195,2976,0
-9802,-506,12219,2973,0
-9817,-506,12183,2971,0
-9786,-526,12211,2973,0
-9809,-524,12195,2971,0
-9792,-487,12154,2970,0
-9787,-502,12197,2975,0
-9800,-516,12155,2975,0
-9799,-508,12163,2976,0
-9781,-503,12187,2972,0
-9786,-510,12177,2978,0
-9799,-531,12189,2976,0
-9798,-517,12194,2967,0
-9831,-512,12202,2966,0
-9810,-513,12160,2968,0
-9798,-505,12201,2978,0
-9801,-502,12189,2972,0
-9814,-519,12195,2974,0
-9822,-504,12206,2969,0
-9819,-501,12235,2973,0
-9811,-542,12218,2976,0
-9825,-500,12189,2973,0
-9814,-500,12216,2976,0
-9819,-518,12213,2974,0
-9806,-511,12196,2973,0
-9796,-516,12175,2968,0
-9811,-512,12206,2975,0
-9805,-518,12210,2973,0
-9802,-509,12192,2965,0
-9815,-504,12203,2972,0
-9800,-505,12210,2969,0
-9786,-496,12198,2976,0
-9789,-524,12227,2966,0
-9809,-489,12198,2969,0
-9795,-516,12206,2972,0
-9805,-508,12227,2972,0
-9799,-514,12241,2973,0
-9830,-519,12204,2970,0
-9802,-521,12207,2967,0
-9794,-485,12209,2969,0
-9794,-506,12204,2978,0
-9798,-475,12214,2974,0
-9806,-521,12200,2971,0
-9806,-500,12170,2977,0
-9824,-513,12197,2968,0
-9817,-519,12217,2978,0
-9806,-494,12179,2975,0
-9801,-533,12220,2970,0
-9808,-505,12234,2968,0
-9807,-513,12188,2975,0
-9807,-514,12216,2970,0
-9790,-512,12203,2969,0
-9796,-496,12196,2973,0
-9815,-500,12186,2971,0
-9810,-513,12172,2974,0
-9793,-502,12202,2968,0
-9800,-514,12190,2986,0
-9795,-526,12184,2971,0
-9814,-534,12214,2969,0
-9792,-510,12223,2969,0
-9798,-530,12199,2973,0
-9803,-530,12204,2976,0
-9817,-535,12237,2974,0
-9783,-501,12172,2969,0
-9822,-520,12179,2970,0
-9812,-521,12183,2968,0
-9786,-494,12167,2966,0
-9792,-520,12238,2970,0
-9818,-529,12180,2974,0
-9796,-513,12222,2971,0
-9786,-525,12223,2972,0
-9804,-526,12206,2971,0
-9804,-501,12179,2973,0
-9815,-525,12193,2973,0
-9814,-497,12209,2971,0
-9818,-504,12205,2974,0
-9792,-514,12194,2973,0
-9792,-524,12175,2965,0
-9786,-519,12205,2970,0
-9797,-519,12203,2970,0
-9819,-497,12186,2971,0
-9778,-530,12169,2971,0
-9796,-509,12188,2965,0
-9793,-504,12162,2970,0
-9801,-509,12189,2953,0
-9782,-526,12163,2970,0
-9821,-511,12181,2975,0
-9803,-521,12165,2971,0
-9830,-515,12162,2968,0
-9808,-502,12180,2972,0
-9810,-506,12189,2974,0
-9813,-535,12204,2976,0
-9792,-514,12205,2969,0
-9793,-523,12189,2972,0
-9798,-517,12161,2974,0
-9804,-503,12131,2968,0
-9787,-507,12192,2972,0
-9798,-510,12212,2976,0
-9790,-523,12173,2963,0
-9820,-519,12180,2976,0
-9802,-516,12180,2973,0
-9803,-516,12190,2967,0
-9808,-503,12174,2967,0
-9810,-531,12170,2971,0
-9812,-523,12197,2967,0
-9817,-525,12164,2972,0
-9814,-513,12215,2969,0
-9778,-528,12219,2968,0
-9780,-506,12207,2970,0
-9801,-497,12203,2968,0
-9806,-539,12206,2972,0
-9797,-536,12166,2976,0
-9817,-513,12191,2968,0
-9790,-505,12225,2968,0
-9804,-521,12186,2973,0
-9798,-511,12167,2970,0
-9806,-509,12191,2969,0
-9820,-511,12188,2968,0
-9815,-513,12145,2966,0
-9819,-504,12204,2969,0
-9822,-515,12206,2972,0
-9799,-523,12211,2970,0
-9808,-502,12212,2967,0
-9805,-523,12153,2969,0
-9789,-520,12191,2967,0
-9806,-516,12178,2971,0
-9802,-531,12195,2974,0
-9812,-518,12178,2968,0
-9808,-538,12174,2970,0
-9793,-527,12238,2968,0
-9777,-519,12157,2971,0
-9788,-534,12215,2971,0
-9805,-494,12188,2966,0
-9809,-519,12182,2964,0
-9804,-511,12205,2970,0
-9807,-521,12193,2976,0
-9812,-499,12173,2971,0
-9791,-467,12234,2962,0
-9816,-506,12202,2964,0
-9807,-517,12188,2970,0
-9802,-499,12200,2973,0
-9812,-501,12185,2978,0
-9798,-535,12217,2972,0
-9794,-511,12206,2975,0
-9810,-540,12170,2971,0
-9818,-518,12183,2972,0
-9809,-519,12212,2976,0
-9816,-518,12184,2972,0
-9810,-525,12196,2967,0
-9811,-517,12185,2969,0
-9796,-504,12222,2972,0
-9807,-516,12169,2973,0
-9793,-543,12182,2969,0
-9809,-516,12198,2968,0
-9794,-502,12187,2973,0
-9811,-519,12179,2969,0
-9804,-499,12223,2976,0
-9803,-506,12208,2968,0
-9819,-507,12201,2968,0
-9807,-512,12219,2967,0
-9822,-511,12232,2972,0
-9819,-503,12212,2974,0
-9800,-520,12203,2967,0
-9763,-504,12184,2973,0
-9793,-511,12201,2968,0
-9816,-511,12200,2975,0
-9819,-517,12206,2974,0
-9807,-502,12201,2972,0
-9791,-516,12183,2974,0
-9802,-511,12217,2972,0
-9819,-513,12194,2971,0
-9797,-530,12167,2972,0
-9831,-518,12186,2968,0
-9815,-514,12175,2971,0
-9803,-506,12170,2974,0
-9804,-506,12167,2970,0
-9824,-522,12197,2974,0
-9808,-504,12202,2967,0
-9795,-514,12208,2973,0
-9793,-499,12176,2973,0
-9801,-509,12196,2976,0
-9816,-496,12179,2975,0
-9821,-507,12204,2977,0
-9804,-495,12203,2969,0
-9842,-495,12187,2966,0
-9809,-513,12205,2971,0
-9793,-505,12198,2976,0
-9796,-507,12192,2971,0
-9772,-512,12196,2965,0
-9792,-534,12205,2989,0
-9807,-512,12211,2971,0
-9796,-531,12215,2972,0
-9813,-527,12192,2996,0
-9801,-496,12197,2971,0
-9793,-503,12192,2972,0
-9819,-479,12185,2972,0
-9820,-500,12190,2969,0
-9856,-489,12208,2967,0
-9810,-506,12212,2970,0
-9801,-529,12207,2972,0
-9818,-529,12173,2968,0
-9795,-524,12182,2966,0
-9820,-509,12184,2972,0
-9811,-518,12197,2971,0
-9798,-496,12221,2966,0
-9812,-531,12215,2971,0
-9806,-518,12185,2971,0
-9820,-519,12175,2973,0
-9819,-536,12197,2968,0
-9829,-519,12222,2969,0
-9823,-507,12190,2965,0
-9825,-505,12190,2972,0
-9809,-518,12190,2969,0
-9795,-521,12216,2967,0
-9800,-495,12203,2969,0
-9788,-518,12207,2973,0
-9801,-492,12217,2970,0
-9803,-530,12169,2971,0
-9799,-529,12172,2967,0
-9796,-518,12160,2981,0
-9802,-509,12189,2969,0
-9800,-518,12227,2970,0
-9821,-502,12218,2970,0
-9802,-489,12225,2973,0
-9800,-510,12187,2972,0
-9813,-525,12206,2966,0
-9818,-510,12213,2980,0
-9827,-526,12218,2972,0
-9773,-527,12196,2967,0
-9782,-518,12172,2965,0
-9788,-514,12184,2971,0
-9789,-529,12154,2970,0
-9818,-516,12216,2973,0
-9813,-533,12208,2967,0
-9817,-548,12197,2970,0
-9812,-505,12165,2970,0
-9815,-530,12191,2968,0
-9828,-509,12180,2971,0
-9795,-513,12181,2967,0
-9793,-519,12176,2966,0
-9812,-504,12205,2970,0
-9833,-510,12182,2979,0
-9808,-516,12233,2965,0
-9824,-503,12187,2969,0
-9829,-527,12168,2969,0
-9813,-527,12177,2969,0
-9794,-500,12188,2976,0
-9803,-516,12223,2966,0
-9810,-519,12176,2969,0
-9810,-521,12198,2957,0
-9813,-504,12169,2966,0
-9803,-507,12152,2968,0
-9840,-501,12160,2967,0
-9795,-503,12153,2965,0
-9780,-524,12181,2969,0
-9786,-491,12181,2972,0
-9807,-513,12174,2972,0
-9793,-510,12169,2976,0
-9794,-498,12182,2975,0
-9808,-525,12200,2976,0
-9813,-495,12220,2981,0
-9810,-505,12205,2978,0
-9804,-525,12178,2979,0
-9807,-525,12187,2973,0
-9785,-517,12209,2979,0
-9794,-520,12189,2975,0
-9800,-513,12204,2979,0
-9791,-490,12224,2978,0
-9813,-513,12233,2979,0
-9777,-519,12210,2982,0
-9799,-548,12219,2974,0
-9800,-541,12191,2977,0
-9810,-508,12187,2978,0
-9794,-537,12178,2980,0
-9804,-510,12214,2978,0
-9796,-486,12231,2973,0
-9796,-520,12204,2982,0
-9801,-517,12183,2976,0
-9786,-529,12196,2978,0
-9793,-514,12181,2972,0
-9804,-507,12186,2979,0
-9819,-507,12198,2980,0
-9809,-526,12187,2980,0
-9791,-520,12189,2974,0
-9789,-513,12203,2973,0
-9816,-519,12186,2974,0
-9817,-522,12210,2980,0
-9816,-509,12225,2976,0
-9798,-497,12207,2975,0
-9813,-492,12211,2976,0
-9818,-520,12188,2972,0
-9796,-524,12193,2977,0
-9813,-530,12221,2974,0
-9817,-506,12172,2974,0
-9792,-519,12221,2969,0
-9798,-500,12193,2977,0
-9801,-520,12180,2975,0
-9812,-532,12198,2982,0
-9808,-554,12174,2971,0
-9794,-540,12175,2963,0
-9798,-534,12195,2970,0
-9825,-513,12172,2972,0
-9814,-554,12190,2972,0
-9820,-525,12232,2975,0
-9798,-509,12169,2972,0
-9800,-514,12211,2974,0
-9801,-498,12193,2972,0
-9810,-499,12182,2968,0
-9807,-525,12183,2965,0
-9799,-517,12190,2970,0
-9797,-511,12179,2967,0
-9819,-508,12184,2974,0
-9814,-530,12190,2970,0
-9802,-535,12178,2972,0
-9817,-518,12196,2980,0
-9822,-519,12148,2977,0
-9817,-500,12193,2976,0
-9812,-523,12222,2968,0
-9805,-533,12190,2964,0
-9829,-507,12209,2973,0
-9816,-488,12210,2968,0
-9816,-513,12189,2976,0
-9805,-532,12208,2966,0
-9826,-521,12219,2973,0
-9812,-512,12172,2967,0
-9812,-534,12198,2967,0
-9778,-504,12220,2974,0
-9816,-518,12239,2972,0
-9802,-520,12173,2970,0
-9799,-522,12177,2968,0
-9816,-522,12187,2972,0
-9804,-533,12181,2961,0
-9818,-526,12172,2971,0
-9810,-501,12179,2966,0
-9796,-515,12223,2966,0
-9822,-505,12185,2971,0
-9824,-511,12205,2972,0
-9818,-532,12191,2966,0
-9804,-514,12206,2970,0
-9797,-538,12183,2975,0
-9811,-513,12206,2973,0
-9827,-522,12217,2966,0
-9813,-503,12196,2970,0
-9797,-496,12185,2975,0
-9825,-531,12201,2965,0
-9807,-500,12167,2966,0
-9809,-486,12198,2970,0
-9821,-507,12167,2971,0
-9812,-517,12197,2970,0
-9818,-503,12193,2971,0
-9801,-519,12205,2973,0
-9800,-494,12182,2971,0
-9806,-517,12222,2973,0
-9815,-513,12203,2975,0
-9808,-505,12190,2970,0
-9812,-498,12213,2976,0
-9799,-503,12199,2983,0
-9815,-511,12204,2973,0
-9815,-512,12188,2971,0
-9785,-505,12205,2973,0
-9800,-513,12211,2968,0
-9800,-537,12206,2971,0
-9818,-522,12244,2967,0
-9800,-514,12199,2961,0
-9807,-516,12217,2972,0
-9799,-494,12188,2974,0
-9815,-519,12214,2976,0
-9810,-534,12187,2973,0
-9801,-521,12214,2971,0
-9792,-526,12179,2969,0
-9806,-522,12172,2972,0
-9808,-529,12211,2975,0
-9818,-513,12192,2972,0
-9820,-503,12195,2969,0
-9833,-514,12162,2966,0
-9804,-530,12209,2974,0
-9797,-512,12193,2977,0
-9810,-505,12135,2973,0
-9800,-497,12184,2970,0
-9821,-525,12200,2970,0
-9818,-537,12148,2968,0
-9810,-522,12198,2973,0
-9807,-498,12203,2975,0
-9800,-501,12212,2971,0
-9789,-510,12189,2972,0
-9817,-519,12216,2971,0
-9812,-519,12184,2969,0
-9804,-512,12186,2972,0
-9815,-484,12195,2969,0
-9810,-502,12220,2969,0
-9808,-507,12205,2971,0
-9802,-505,12194,2976,0
-9837,-529,12201,2970,0
-9799,-499,12229,2969,0
-9818,-523,12185,2973,0
-9834,-509,12205,2972,0
-9813,-510,12179,2974,0
-9813,-513,12183,2966,0
-9805,-538,12241,2966,0
-9808,-516,12195,2970,0
-9803,-508,12197,2969,0
-9790,-507,12189,2974,0
-9832,-512,12203,2972,0
-9819,-524,12199,2967,0
-9823,-495,12208,2957,0
-9811,-496,12197,2976,0
-9787,-498,12181,2973,0
-9818,-524,12195,2978,0
-9811,-503,12212,2972,0
-9819,-535,12195,2975,0
-9801,-529,12210,2969,0
-9804,-529,12211,2969,0
-9795,-522,12225,2966,0
-9835,-512,12192,2967,0
-9813,-502,12167,2972,0
-9809,-498,12218,2970,0
-9826,-526,12235,2970,0
-9802,-502,12192,2972,0
-9799,-502,12140,2974,0
-9832,-514,12176,2965,0
-9822,-510,12186,2972,0
-9808,-521,12177,2987,0
-9806,-508,12180,2972,0
-9812,-506,12177,2968,0
-9812,-535,12178,2968,0
-9793,-510,12181,2972,0
-9804,-504,12168,2973,0
-9819,-518,12205,2972,0
-9797,-506,12177,2972,0
-9816,-507,12185,2973,0
-9807,-517,12226,2971,0
-9819,-504,12192,2974,0
-9814,-500,12188,2966,0
-9815,-498,12204,2968,0
-9811,-536,12180,2968,0
-9803,-506,12203,2969,0
-9810,-528,12222,2974,0
-9822,-520,12177,2978,0
-9799,-522,12177,2970,0
-9795,-511,12199,2974,0
-9805,-526,12205,2969,0
-9799,-511,12188,2971,0
-9812,-511,12191,2973,0
-9796,-518,12219,2969,0
-9806,-518,12216,2974,0
-9805,-534,12210,2977,0
-9826,-512,12201,2971,0
-9813,-529,12199,2971,0
-9819,-515,12181,2970,0
-9794,-489,12197,2967,0
-9828,-533,12183,2974,0
-9809,-515,12200,2967,0
-9813,-488,12206,2974,0
-9805,-525,12208,2961,0
-9791,-517,12246,2974,0
-9815,-511,12213,2972,0
-9825,-507,12183,2973,0
-9803,-537,12196,2973,0
-9792,-504,12169,2970,0
-9828,-501,12198,2967,0
-9800,-507,12195,2968,0
-9830,-503,12179,2972,0
-9817,-505,12195,2967,0
-9816,-541,12218,2966,0
-9812,-516,12196,2969,0
-9792,-510,12183,2973,0
-9810,-521,12184,2973,0
-9809,-523,12166,2975,0
-9821,-528,12184,2974,0
-9802,-511,12178,2967,0
-9807,-516,12204,2974,0
-9825,-519,12192,2970,0
-9801,-502,12207,2966,0
-9803,-505,12215,2975,0
-9823,-514,12205,2968,0
-9793,-520,12193,2977,0
-9809,-529,12170,2976,0
-9809,-504,12193,2977,0
-9807,-509,12185,2974,0
-9810,-497,12208,2969,0
-9816,-507,12217,2971,0
-9817,-527,12193,2978,0
-9816,-500,12208,2981,0
-9773,-497,12203,2973,0
-9810,-511,12189,2973,0
-9808,-508,12212,2971,0
-9796,-520,12194,2971,0
-9816,-510,12175,2976,0
-9794,-519,12187,2967,0
-9817,-517,12226,2967,0
-9813,-512,12168,2972,0
-9817,-522,12190,2976,0
-9796,-521,12215,2971,0
-9781,-481,12209,2970,0
-9816,-521,12187,2965,0
-9804,-514,12209,2979,0
-9813,-526,12209,2975,0
-9827,-528,12199,2970,0
-9820,-503,12172,2974,0
-9811,-483,12166,2972,0
-9815,-512,12195,2974,0
-9797,-508,12177,2976,0
-9835,-518,12196,2968,0
-9799,-522,12200,2974,0
-9804,-505,12224,2973,0
-9810,-509,12206,2972,0
-9823,-530,12196,2974,0
-9800,-516,12214,2973,0
-9811,-543,12227,2968,0
-9813,-509,12218,2973,0
-9805,-498,12214,2971,0
-9815,-512,12222,2974,0
-9811,-517,12210,2976,0
-9813,-515,12199,2972,0
-9822,-500,12213,2967,0
-9809,-499,12172,2971,0
-9837,-506,12202,2970,0
-9800,-515,12188,2975,0
-9800,-520,12220,2968,0
-9820,-518,12182,2969,0
-9806,-503,12219,2971,0
-9795,-508,12205,2974,0
-9802,-513,12181,2973,0
-9800,-508,12183,2968,0
-9799,-486,12194,2970,0
-9805,-507,12212,2976,0
-9820,-509,12213,2976,0
-9800,-510,12198,2977,0
-9810,-517,12189,2970,0
-9801,-500,12178,2974,0
-9801,-509,12209,2965,0
-9812,-512,12197,2971,0
-9807,-495,12192,2976,0
-9784,-510,12200,2975,0
-9813,-524,12216,2974,0
-9807,-520,12199,2973,0
-9802,-504,12182,2971,0
-9817,-511,12194,2973,0
-9802,-508,12158,2969,0
-9806,-542,12225,2969,0
-9820,-503,12193,2978,0
-9819,-517,12160,2974,0
-9822,-523,12225,2972,0
-9817,-490,12204,2970,0
-9794,-495,12187,2965,0
-9787,-490,12201,2970,0
-9807,-520,12188,2968,0
-9795,-511,12196,2975,0
-9804,-489,12219,2965,0
-9812,-506,12204,2966,0
-9804,-491,12194,2974,0
-9800,-503,12201,2981,0
-9820,-519,12181,2969,0
-9815,-508,12196,2968,0
-9818,-512,12213,2973,0
-9802,-495,12201,2976,0
-9815,-507,12165,2971,0
-9803,-528,12198,2970,0
-9815,-518,12194,2976,0
-9824,-506,12173,2969,0
-9814,-519,12197,2969,0
-9804,-533,12160,2968,0
-9796,-526,12244,2975,0
-9797,-505,12218,2972,0
-9825,-516,12207,2964,0
-9802,-531,12213,2962,0
-9811,-530,12194,2970,0
-9798,-539,12205,2968,0
-9811,-537,12165,2973,0
-9824,-516,12181,2970,0
-9789,-519,12172,2971,0
-9802,-495,12190,2974,0
-9828,-530,12187,2976,0
-9817,-511,12190,2970,0
-9805,-533,12180,2973,0
-9823,-509,12181,2970,0
-9816,-504,12173,2971,0
-9806,-512,12161,2971,0
-9787,-497,12173,2969,0
-9815,-502,12196,2965,0
-9820,-486,12193,2970,0
-9826,-496,12217,2975,0
-9812,-491,12191,2975,0
-9828,-492,12171,2967,0
-9812,-505,12200,2972,0
-9802,-525,12188,2975,0
-9798,-523,12211,2969,0
-9811,-527,12208,2973,0
-9813,-505,12192,2968,0
-9788,-524,12209,2974,0
-9807,-502,12206,2977,0
-9802,-522,12202,2970,0
-9817,-544,12207,2975,0
-9812,-534,12195,2977,0
-9812,-491,12194,2966,0
-9784,-522,12169,2973,0
-9825,-510,12197,2965,0
-9793,-514,12211,2979,0
-9813,-501,12221,2964,0
-9798,-547,12201,2968,0
-9803,-514,12181,2974,0
-9829,-501,12175,2975,0
-9818,-508,12180,2981,0
-9804,-521,12212,2974,0
-9806,-511,12207,2972,0
-9807,-539,12190,2956,0
-9823,-520,12139,2972,0
-9813,-529,12185,2971,0
-9797,-519,12210,2972,0
-9821,-527,12184,2970,0
-9801,-504,12217,2975,0
-9806,-518,12242,2972,0
-9811,-497,12219,2977,0
-9804,-521,12192,2974,0
-9805,-518,12184,2970,0
-9831,-517,12152,2968,0
-9812,-531,12214,2971,0
-9821,-509,12162,2970,0
-9824,-491,12180,2972,0
-9814,-535,12151,2967,0
-9799,-535,12219,2975,0
-9820,-502,12187,2979,0
-9800,-506,12180,2980,0
-9797,-519,12197,2972,0
-9790,-536,12202,2974,0
-9806,-527,12158,2969,0
-9816,-522,12196,2973,0
-9790,-503,12202,2977,0
-9804,-512,12197,2973,0
-9794,-517,12192,2972,0
-9802,-507,12138,2970,0
-9804,-506,12185,2976,0
-9820,-503,12180,2978,0
-9811,-524,12161,2973,0
-9826,-519,12246,2967,0
-9825,-507,12193,2970,0
-9838,-518,12189,2971,0
-9802,-498,12187,2971,0
-9819,-499,12223,2979,0
-9801,-512,12204,2970,0
-9816,-510,12196,2973,0
-9786,-506,12197,2975,0
-9812,-524,12157,2973,0
-9829,-507,12172,2973,0
-9821,-515,12203,2964,0
-9812,-519,12171,2968,0
-9823,-518,12194,2971,0
-9808,-503,12174,2977,0
-9820,-524,12232,2978,0
-9803,-530,12202,2969,0
-9798,-510,12218,2966,0
-9816,-510,12210,2982,0
-9778,-509,12192,2978,0
-9799,-499,12194,2972,0
-9808,-495,12156,2978,0
-9815,-519,12189,2971,0
-9818,-474,12199,2968,0
-9816,-513,12200,2973,0
-9820,-490,12173,2970,0
-9816,-501,12205,2966,0
-9805,-507,12204,2970,0
-9812,-523,12211,2969,0
-9806,-523,12194,2970,0
-9811,-512,12221,2970,0
-9804,-499,12211,2970,0
-9799,-506,12163,2968,0
-9831,-516,12176,2974,0
-9820,-502,12168,2973,0
-9810,-510,12182,2970,0
-9798,-494,12145,2970,0
-9822,-515,12209,2968,0
-9821,-504,12198,2972,0
-9814,-504,12192,2973,0
-9808,-519,12173,2963,0
-9808,-518,12197,2961,0
-9800,-504,12184,2967,0
-9809,-510,12214,2969,0
-9808,-496,12197,2969,0
-9786,-533,12193,2968,0
-9818,-508,12220,2971,0
-9818,-501,12175,2972,0
-9791,-521,12167,2970,0
-9799,-521,12199,2969,0
-9792,-522,12209,2965,0
-9832,-507,12179,2964,0
-9834,-508,12187,2967,0
-9789,-498,12240,2972,0
-9785,-516,12223,2971,0
-9817,-504,12165,2973,0
-9798,-506,12158,2968,0
-9824,-506,12181,2968,0
-9826,-518,12163,2969,0
-9804,-510,12187,2975,0
-9805,-502,12216,2970,0
-9817,-515,12227,2976,0
-9803,-488,12204,2974,0
-9804,-489,12205,2967,0
-9789,-510,12187,2970,0
-9807,-537,12186,2970,0
-9794,-524,12177,2969,0
-9833,-484,12183,2967,0
-9810,-493,12179,2966,0
-9813,-498,12188,2971,0
-9816,-516,12198,2971,0
-9816,-527,12219,2973,0
-9819,-493,12200,2974,0
-9799,-497,12209,2977,0
-9818,-479,12173,2979,0
-9808,-506,12188,2970,0
-9822,-504,12166,2968,0
-9818,-497,12189,2972,0
-9787,-539,12179,2972,0
-9817,-500,12207,2970,0
-9830,-519,12249,2970,0
-9806,-512,12220,2965,0
-9820,-518,12191,2971,0
-9818,-525,12223,2971,0
-9793,-511,12209,2975,0
-9798,-496,12175,2971,0
-9801,-518,12187,2970,0
-9829,-499,12211,2972,0
-9810,-515,12224,2970,0
-9813,-525,12191,2970,0
-9797,-526,12219,2972,0
-9831,-521,12203,2968,0
-9814,-497,12221,2973,0
-9798,-530,12200,2973,0
-9815,-508,12196,2977,0
-9807,-514,12176,2968,0
-9825,-520,12191,2967,0
-9804,-502,12186,2975,0
-9802,-544,12192,2974,0
-9803,-511,12209,2976,0
-9795,-512,12216,2950,0
-9818,-528,12161,2965,0
-9819,-506,12197,2975,0
-9811,-513,12176,2968,0
-9798,-514,12150,2972,0
-9827,-522,12175,2974,0
-9805,-539,12203,2967,0
-9795,-537,12201,2968,0
-9799,-513,12190,2963,0
-9810,-515,12208,2970,0
-9801,-510,12236,2968,0
-9809,-488,12166,2971,0
-9805,-535,12233,2971,0
-9817,-514,12130,2973,0
-9812,-495,12176,2978,0
-9822,-490,12217,2971,0
-9810,-517,12212,2970,0
-9808,-500,12186,2971,0
-9787,-511,12188,2968,0
-9831,-534,12231,2972,0
-9802,-512,12218,2965,0
-9775,-514,12202,2970,0
-9789,-494,12197,2969,0
-9807,-516,12160,2970,0
-9805,-525,12191,2971,0
-9807,-527,12216,2967,0
-9831,-522,12184,2967,0
-9799,-516,12161,2974,0
-9806,-493,12198,2972,0
-9808,-510,12181,2975,0
-9789,-507,12199,2965,0
-9810,-504,12200,2970,0
-9830,-530,12201,2986,0
-9801,-528,12196,2969,0
-9809,-514,12193,2970,0
-9791,-505,12175,2972,0
-9793,-520,12260,2970,0
-9818,-524,12227,2964,0
-9806,-516,12164,2974,0
-9812,-511,12210,2975,0
-9802,-527,12190,2964,0
-9825,-519,12225,2973,0
-9796,-513,12164,2969,0
-9798,-523,12190,2970,0
-9827,-510,12188,2970,0
-9819,-484,12165,2967,0
-9809,-532,12183,2965,0
-9838,-511,12179,2970,0
-9810,-534,12212,2965,0
-9824,-491,12158,2971,0
-9786,-507,12172,2972,0
-9796,-511,12212,2962,0
-9793,-499,12191,2961,0
-9808,-506,12181,2965,0
-9795,-494,12185,2972,0
-9821,-533,12183,2971,0
-9818,-537,12179,2972,0
-9821,-510,12191,2966,0
-9822,-510,12208,2968,0
-9801,-499,12205,2974,0
-9816,-513,12188,2978,0
-9819,-530,12221,2969,0
-9815,-516,12224,2961,0
-9789,-529,12210,2966,0
-9797,-512,12181,2970,0
-9807,-518,12182,2967,0
-9812,-531,12180,2966,0
-9799,-494,12208,2971,0
-9788,-520,12195,2966,0
-9824,-546,12186,2970,0
-9810,-532,12201,2977,0
-9822,-501,12205,2973,0
-9796,-519,12189,2968,0
-9800,-501,12180,2966,0
-9808,-491,12205,2970,0
-9806,-523,12190,2966,0
-9793,-507,12184,2968,0
-9794,-538,12157,2966,0
-9806,-509,12195,2972,0
-9807,-491,12180,2974,0
-9814,-502,12173,2965,0
-9817,-513,12220,2968,0
-9793,-519,12185,2967,0
-9802,-521,12199,2967,0
-9798,-500,12186,2968,0
-9832,-510,12217,2967,0
-9788,-520,12202,2973,0
-9814,-503,12182,2967,0
-9798,-510,12221,2966,0
-9783,-524,12182,2972,0
-9807,-541,12186,2968,0
-9799,-521,12184,2968,0
-9805,-512,12195,2966,0
-9792,-521,12194,2967,0
-9825,-510,12199,2975,0
-9813,-523,12197,2965,0
-9806,-504,12212,2967,0
-9831,-512,12221,2972,0
-9828,-498,12187,2967,0
-9837,-505,12217,2970,0
-9811,-501,12184,2967,0
-9810,-535,12190,2970,0
-9816,-518,12148,2969,0
-9802,-489,12212,2972,0
-9794,-535,12173,2969,0
-9797,-506,12186,2971,0
-9822,-506,12192,2971,0
-9801,-529,12149,2967,0
-9812,-510,12201,2974,0
-9800,-513,12173,2970,0
-9794,-522,12214,2971,0
-9804,-514,12186,2970,0
-9776,-515,12193,2966,0
-9786,-500,12219,2955,0
-9814,-516,12195,2972,0
-9831,-493,12209,2971,0
-9796,-525,12172,2972,0
-9788,-525,12172,2967,0
-9813,-536,12226,2972,0
-9826,-525,12228,2973,0
-9801,-509,12211,2967,0
-9810,-523,12172,2968,0
-9816,-519,12160,2967,0
-9824,-496,12201,2964,0
-9815,-507,12215,2972,0
-9803,-494,12206,2966,0
-9821,-524,12222,2970,0
-9805,-509,12202,2972,0
-9828,-522,12208,2972,0
-9794,-524,12215,2966,0
-9774,-520,12198,2974,0
-9819,-500,12198,2971,0
-9804,-522,12195,2975,0
-9818,-536,12221,2971,0
-9813,-504,12205,2979,0
-9821,-501,12162,2971,0
-9816,-505,12219,2969,0
-9801,-511,12202,2973,0
-9799,-495,12232,2971,0
-9790,-496,12182,2976,0
-9776,-506,12184,2972,0
-9819,-500,12219,2973,0
-9817,-511,12186,2969,0
-9811,-518,12184,2968,0
-9811,-526,12198,2971,0
-9796,-500,12193,2970,0
-9818,-494,12203,2971,0
-9820,-510,12215,2968,0
-9809,-504,12172,2973,0
-9827,-492,12167,2973,0
-9806,-536,12207,2967,0
-9797,-515,12191,2968,0
-9781,-519,12213,2973,0
-9803,-510,12204,2969,0
-9790,-523,12188,2974,0
-9799,-503,12181,2969,0
-9814,-517,12185,2975,0
-9804,-505,12209,2967,0
-9799,-516,12193,2977,0
-9808,-511,12211,2971,0
-9811,-505,12189,2975,0
-9801,-498,12179,2966,0
-9809,-518,12192,2976,0
-9806,-518,12213,2968,0
-9789,-535,12194,2971,0
-9781,-506,12181,2979,0
-9818,-490,12166,2972,0
-9797,-519,12215,2968,0
-9806,-500,12220,2974,0
-9821,-499,12203,2976,0
-9802,-500,12183,2971,0
-9816,-490,12158,2975,0
-9820,-495,12204,2970,0
-9817,-508,12199,2970,0
-9811,-515,12187,2971,0
-9820,-527,12201,2969,0
-9812,-516,12216,2975,0
-9795,-522,12182,2969,0
-9801,-519,12180,2971,0
-9839,-502,12183,2976,0
-9786,-509,12179,2970,0
-9805,-503,12198,2973,0
-9807,-502,12200,2971,0
-9811,-519,12204,2972,0
-9798,-500,12206,2977,0
-9819,-513,12187,2968,0
-9823,-505,12201,2973,0
-9801,-528,12203,2971,0
-9810,-520,12200,2966,0
-9809,-506,12216,2971,0
-9800,-508,12208,2966,0
-9790,-529,12177,2970,0
-9790,-520,12198,2964,0
-9793,-524,12196,2976,0
-9785,-513,12163,2978,0
-9808,-527,12183,2973,0
-9793,-507,12169,2974,0
-9776,-503,12221,2974,0
-9795,-503,12182,2970,0
-9820,-509,12200,2976,0
-9804,-499,12181,2967,0
-9801,-526,12192,2973,0
-9806,-509,12169,2969,0
-9812,-510,12182,2975,0
-9799,-512,12208,2974,0
-9803,-523,12166,2976,0
-9805,-505,12180,2968,0
-9805,-500,12204,2969,0
-9827,-493,12193,2973,0
-9791,-497,12203,2974,0
-9808,-506,12157,2979,0
-9794,-512,12188,2966,0
-9821,-510,12199,2971,0
-9815,-525,12235,2968,0
-9807,-519,12209,2974,0
-9811,-514,12221,2973,0
-9820,-520,12183,2969,0
-9814,-505,12194,2971,0
-9817,-503,12211,2969,0
-9807,-514,12188,2971,0
-9821,-550,12156,2981,0
-9815,-503,12144,2966,0
-9799,-515,12207,2975,0
-9809,-519,12236,2975,0
-9806,-518,12133,2972,0
-9808,-537,12231,2973,0
-9800,-512,12182,2975,0
-9819,-511,12220,2969,0
-9815,-490,12207,2971,0
-9814,-519,12212,2977,0
-9819,-505,12181,2971,0
-9805,-514,12203,2971,0
-9811,-504,12177,2968,0
-9802,-525,12192,2977,0
-9796,-523,12169,2974,0
-9807,-530,12184,2963,0
-9790,-504,12181,2971,0
-9800,-517,12193,2974,0
-9818,-508,12227,2971,0
-9807,-520,12173,2972,0
-9797,-523,12152,2972,0
-9821,-524,12205,2977,0
-9813,-520,12208,2968,0
-9801,-524,12198,2972,0
-9806,-528,12197,2972,0
-9791,-523,12206,2971,0
-9844,-525,12219,2969,0
-9818,-518,12191,2968,0
-9820,-494,12197,2968,0
-9822,-512,12187,2975,0
-9802,-519,12215,2973,0
-9810,-522,12180,2968,0
-9825,-503,12196,2966,0
-9804,-518,12205,2975,0
-9791,-496,12152,2977,0
-9798,-515,12193,2968,0
-9842,-499,12188,2965,0
-9820,-554,12182,2973,0
-9804,-507,12180,2971,0
-9809,-533,12223,2977,0
-9807,-515,12196,2970,0
-9808,-495,12227,2968,0
-9813,-521,12208,2964,0
-9818,-504,12206,2973,0
-9815,-503,12210,2969,0
-9801,-520,12174,2971,0
-9815,-513,12172,2967,0
-9816,-526,12176,2970,0
-9803,-504,12193,2968,0
-9824,-510,12182,2971,0
-9809,-520,12211,2975,0
-9792,-513,12183,2970,0
-9815,-505,12204,2972,0
-9814,-511,12233,2975,0
-9798,-511,12208,2973,0
-9827,-509,12212,2973,0
-9822,-522,12229,2975,0
-9812,-519,12229,2965,0
-9827,-519,12185,2973,0
-9810,-531,12172,2978,0
-9816,-543,12231,2981,0
-9788,-528,12194,2975,0
-9814,-522,12188,2970,0
-9832,-525,12172,2978,0
-9816,-528,12198,2979,0
-9827,-497,12202,2974,0
-9806,-522,12171,2969,0
-9832,-512,12156,2975,0
-9792,-518,12149,2972,0
-9819,-497,12161,2971,0
-9779,-515,12218,2965,0
-9810,-484,12221,2971,0
-9827,-525,12221,2966,0
-9786,-516,12173,2975,0
-9779,-527,12211,2974,0
-9804,-502,12188,2979,0
-9789,-514,12198,2976,0
-9816,-525,12205,2973,0
-9833,-511,12179,2977,0
-9825,-525,12192,2977,0
-9827,-523,12184,2973,0
-9821,-514,12182,2977,0
-9797,-502,12212,2971,0
-9824,-511,12176,2971,0
-9803,-508,12209,2971,0
-9815,-486,12187,2971,0
-9783,-514,12198,2973,0
-9771,-519,12245,2973,0
-9793,-508,12181,2972,0
-9787,-511,12154,2978,0
-9829,-515,12179,2976,0
-9802,-516,12185,2972,0
-9813,-514,12178,2974,0
-9817,-501,12205,2970,0
-9807,-518,12194,2976,0
-9804,-526,12186,2970,0
-9813,-512,12208,2973,0
-9825,-513,12214,2977,0
-9815,-518,12184,2972,0
-9789,-500,12198,2977,0
-9822,-504,12135,2970,0
-9811,-510,12198,2971,0
-9819,-501,12189,2973,0
-9813,-504,12192,2966,0
-9803,-511,12189,2980,0
-9830,-518,12193,2972,0
-9780,-512,12167,2972,0
-9839,-525,12176,2968,0
-9777,-513,12205,2971,0
-9775,-479,12204,2974,0
-9812,-520,12170,2972,0
-9814,-511,12170,2973,0
-9820,-510,12180,2972,0
-9822,-525,12194,2971,0
-9822,-506,12259,2976,0
-9832,-540,12163,2970,0
-9810,-514,12155,2970,0
-9837,-537,12202,2973,0
-9813,-522,12186,2971,0
-9807,-524,12204,2977,0
-9795,-520,12201,2973,0
-9806,-511,12224,2971,0
-9780,-513,12187,2965,0
-9792,-519,12178,2975,0
-9804,-513,12233,2976,0
-9804,-508,12182,2976,0
-9819,-518,12161,2973,0
-9808,-521,12199,2973,0
-9821,-517,12203,2974,0
-9804,-497,12191,2970,0
-9797,-484,12169,2978,0
-9801,-522,12168,2973,0
-9802,-514,12204,2970,0
-9811,-521,12195,2975,0
-9813,-514,12218,2973,0
-9803,-520,12175,2972,0
-9798,-518,12169,2970,0
-9802,-510,12179,2972,0
-9806,-506,12155,2977,0
-9818,-528,12178,2977,0
-9797,-524,12171,2969,0
-9816,-513,12191,2973,0
-9816,-542,12190,2965,0
-9792,-488,12211,2972,0
-9840,-515,12167,2975,0
-9811,-514,12162,2969,0
-9790,-497,12206,2971,0
-9827,-521,12199,2968,0
-9809,-534,12178,2975,0
-9807,-534,12183,2978,0
-9834,-524,12174,2976,0
-9818,-512,12147,2968,0
-9790,-532,12185,2966,0
-9821,-506,12206,2965,0
-9812,-500,12194,2975,0
-9822,-534,12209,2979,0
-9806,-512,12192,2975,0
-9794,-504,12185,2972,0
-9807,-508,12191,2974,0
-9810,-541,12224,2969,0
-9795,-535,12205,2980,0
-9806,-503,12213,2972,0
-9818,-519,12174,2971,0
-9807,-508,12129,2971,0
-9798,-511,12195,2976,0
-9800,-521,12175,2973,0
-9808,-512,12189,2975,0
-9808,-529,12166,2968,0
-9805,-524,12206,2974,0
-9798,-531,12204,2975,0
-9787,-505,12187,2970,0
-9768,-499,12177,2980,0
-9805,-500,12203,2972,0
-9805,-508,12175,2970,0
-9829,-518,12167,2973,0
-9811,-512,12180,2968,0
-9816,-522,12192,2973,0
-9835,-508,12166,2964,0
-9808,-516,12163,2972,0
-9820,-488,12212,2977,0
-9789,-505,12145,2974,0
-9787,-516,12190,2972,0
-9796,-510,12211,2971,0
-9800,-527,12215,2973,0
-9812,-495,12202,2976,0
-9787,-525,12154,2977,0
-9802,-514,12190,2975,0
-9831,-511,12214,2972,0
-9827,-522,12204,2974,0
-9809,-513,12219,2976,0
-9811,-488,12185,2975,0
-9835,-509,12190,2973,0
-9781,-516,12238,2973,0
-9822,-511,12201,2981,0
-9809,-512,12170,2977,0
-9820,-516,12181,2979,0
-9814,-548,12156,2979,0
-9805,-519,12199,2979,0
-9783,-518,12198,2991,0
-9801,-518,12169,2982,0
-9813,-524,12214,2979,0
-9828,-535,12220,2974,0
-9805,-501,12230,2981,0
-9803,-510,12212,2978,0
-9798,-532,12214,2982,0
-9795,-524,12204,2982,0
-9819,-528,12179,2975,0
-9802,-514,12191,2974,0
-9788,-523,12187,2979,0
-9806,-513,12172,2980,0
-9800,-517,12207,2981,0
-9782,-509,12180,2982,0
-9835,-524,12191,2978,0
-9807,-532,12203,2958,0
-9804,-519,12167,2983,0
-9803,-497,12185,2986,0
-9796,-522,12180,2980,0
-9820,-494,12192,2980,0
-9806,-521,12193,2982,0
-9797,-516,12185,2982,0
-9801,-497,12189,2983,0
-9800,-512,12201,2980,0
-9805,-516,12208,2976,0
-9798,-520,12200,2984,0
-9794,-527,12220,2980,0
-9818,-542,12216,2979,0
-9802,-521,12172,2976,0
-9822,-533,12184,2984,0
-9813,-528,12195,2981,0
-9811,-540,12206,2987,0
-9794,-499,12215,2977,0
-9816,-492,12173,2979,0
-9805,-515,12182,2981,0
-9803,-515,12197,2979,0
-9824,-520,12197,2983,0
-9830,-535,12191,2979,0
-9827,-524,12177,2977,0
-9801,-515,12196,2980,0
-9807,-499,12166,2978,0
-9784,-529,12184,2976,0
-9799,-513,12175,2978,0
-9789,-514,12170,2974,0
-9816,-506,12189,2973,0
-9800,-525,12192,2982,0
-9821,-512,12179,2983,0
-9807,-521,12187,2976,0
-9813,-516,12205,2977,0
-9783,-499,12179,2982,0
-9788,-500,12196,2983,0
-9789,-498,12184,2984,0
-9805,-511,12241,2976,0
-9807,-501,12181,2978,0
-9812,-506,12197,2978,0
-9801,-535,12180,2982,0
-9810,-496,12197,2972,0
-9822,-494,12180,2977,0
-9816,-514,12188,2975,0
-9809,-511,12190,2973,0
-9798,-501,12209,2980,0
-9795,-499,12180,2982,0
-9808,-510,12196,2983,0
-9807,-525,12203,2977,0
-9806,-497,12190,2978,0
-9798,-513,12186,2984,0
-9810,-515,12163,2980,0
-9816,-517,12184,2982,0
-9824,-518,12200,2980,0
-9799,-521,12240,2977,0
-9820,-527,12175,2978,0
-9808,-492,12206,2984,0
-9829,-496,12221,2985,0
-9796,-492,12142,2971,0
-9829,-542,12192,2982,0
-9822,-497,12192,2968,0
-9802,-518,12171,2982,0
-9805,-521,12165,2972,0
-9800,-514,12185,2980,0
-9803,-521,12211,2974,0
-9801,-507,12226,2976,0
-9800,-539,12186,2979,0
-9809,-523,12149,2977,0
-9796,-530,12213,2978,0
-9814,-537,12195,2970,0
-9823,-517,12170,2992,0
-9795,-517,12188,2980,0
-9804,-509,12175,2975,0
-9793,-493,12192,2977,0
-9813,-512,12166,2979,0
-9801,-522,12212,2983,0
-9818,-493,12209,2979,0
-9793,-506,12206,2975,0
-9800,-521,12192,2973,0
-9806,-520,12192,2978,0
-9812,-493,12141,2977,0
-9809,-517,12178,2976,0
-9805,-506,12205,2979,0
-9798,-535,12206,2978,0
-9810,-497,12168,2978,0
-9799,-503,12186,2972,0
-9809,-504,12200,2975,0
-9775,-526,12185,2977,0
-9803,-532,12219,2975,0
-9807,-514,12151,2972,0
-9823,-524,12185,2981,0
-9810,-503,12209,2978,0
-9823,-487,12172,2974,0
-9796,-495,12196,2973,0
-9808,-513,12206,2973,0
-9777,-548,12141,2979,0
-9820,-519,12194,2973,0
-9817,-527,12153,2976,0
-9814,-526,12200,2977,0
-9814,-511,12192,2971,0
-9814,-519,12210,2977,0
-9810,-535,12164,2978,0
-9807,-517,12219,2979,0
-9777,-517,12220,2975,0
-9831,-526,12178,2972,0
-9804,-534,12158,2982,0
-9822,-523,12174,2982,0
-9796,-521,12188,2980,0
-9787,-526,12201,2974,0
-9809,-507,12198,2974,0
-9805,-500,12200,2974,0
-9798,-525,12180,2980,0
-9809,-521,12172,2976,0
-9828,-521,12154,2974,0
-9818,-520,12191,2969,0
-9828,-498,12213,2969,0
-9812,-512,12208,2973,0
-9810,-510,12201,2972,0
-9801,-526,12197,2962,0
-9813,-491,12216,2973,0
-9793,-499,12159,2973,0
-9838,-481,12164,2979,0
-9820,-507,12184,2980,0
-9808,-524,12184,2967,0
-9809,-517,12181,2967,0
-9812,-507,12191,2978,0
-9807,-510,12194,2981,0
-9802,-495,12174,2973,0
-9827,-499,12219,2973,0
-9821,-513,12178,2970,0
-9789,-527,12164,2971,0
-9822,-525,12197,2973,0
-9818,-504,12169,2976,0
-9817,-532,12230,2974,0
-9818,-493,12200,2976,0
-9812,-519,12193,2978,0
-9810,-516,12201,2975,0
-9797,-521,12194,2972,0
-9802,-496,12157,2972,0
-9818,-517,12172,2974,0
-9819,-510,12143,2973,0
-9805,-518,12181,2979,0
-9825,-490,12132,2966,0
-9795,-528,12184,2971,0
-9807,-522,12184,2975,0
-9798,-511,12173,2973,0
-9779,-502,12179,2977,0
-9829,-525,12177,2975,0
-9813,-487,12170,2976,0
-9798,-518,12166,2976,0
-9804,-529,12191,2974,0
-9815,-511,12189,2977,0
-9821,-525,12138,2979,0
-9823,-524,12170,2975,0
-9817,-540,12196,2976,0
-9817,-508,12198,2976,0
-9822,-523,12208,2975,0
-9806,-526,12215,2978,0
-9803,-508,12177,2974,0
-9797,-520,12163,2970,0
-9812,-515,12174,2975,0
-9818,-502,12189,2976,0
-9798,-513,12175,2971,0
-9792,-505,12160,2973,0
-9801,-522,12225,2969,0
-9814,-520,12169,2969,0
-9792,-544,12156,2971,0
-9794,-528,12176,2974,0
-9812,-514,12212,2970,0
-9813,-531,12228,2983,0
-9799,-489,12156,2971,0
-9800,-502,12177,2982,0
-9789,-542,12176,2975,0
-9802,-484,12161,2975,0
-9807,-503,12206,2974,0
-9806,-508,12215,2974,0
-9826,-522,12170,2975,0
-9803,-498,12167,2979,0
-9794,-533,12215,2966,0
-9808,-549,12181,2973,0
-9797,-529,12193,2967,0
-9781,-518,12202,2975,0
-9810,-504,12199,2975,0
-9821,-532,12203,2971,0
-9807,-519,12205,2973,0
-9792,-519,12234,2970,0
-9840,-509,12185,2976,0
-9807,-498,12176,2969,0
-9824,-539,12180,2976,0
-9810,-528,12210,2977,0
-9798,-517,12187,2974,0
-9801,-507,12221,2976,0
-9821,-499,12196,2975,0
-9794,-486,12192,2976,0
-9789,-514,12166,2971,0
-9801,-518,12179,2978,0
-9826,-532,12174,2974,0
-9781,-499,12186,2979,0
-9806,-515,12182,2974,0
-9813,-516,12200,2975,0
-9811,-510,12229,2976,0
-9808,-497,12205,2983,0
-9812,-540,12202,2978,0
-9826,-512,12212,2964,0
-9850,-506,12175,2977,0
-9840,-501,12183,2978,0
-9824,-505,12170,2978,0
-9796,-553,12207,2973,0
-9797,-516,12188,2971,0
-9822,-505,12196,2978,0
-9814,-528,12209,2975,0
-9818,-501,12263,2980,0
-9830,-510,12180,2975,0
-9801,-515,12203,2972,0
-9827,-507,12207,2975,0
-9831,-521,12216,2977,0
-9783,-519,12197,2975,0
-9784,-520,12204,2972,0
-9778,-501,12180,2972,0
-9810,-513,12199,2975,0
-9814,-504,12133,2978,0
-9806,-499,12173,2975,0
-9797,-513,12206,2973,0
-9813,-522,12224,2969,0
-9793,-530,12228,2972,0
-9808,-491,12172,2974,0
-9837,-522,12152,2976,0
-9816,-515,12194,2975,0
-9803,-512,12184,2972,0
-9794,-522,12208,2979,0
-9797,-521,12199,2977,0
-9841,-522,12173,2982,0
-9818,-497,12202,2970,0
-9826,-516,12188,2978,0
-9830,-520,12191,2971,0
-9817,-534,12198,2978,0
-9802,-523,12215,2984,0
-9816,-523,12198,2980,0
-9816,-525,12204,2970,0
-9809,-496,12186,2973,0
-9809,-531,12215,2971,0
-9800,-518,12185,2977,0
-9817,-556,12186,2978,0
-9798,-531,12192,2979,0
-9817,-510,12192,2977,0
-9843,-506,12168,2972,0
-9812,-494,12224,2978,0
-9829,-489,12233,2973,0
-9829,-531,12214,2974,0
-9799,-528,12179,2973,0
-9809,-537,12210,2969,0
-9808,-517,12217,2980,0
-9830,-516,12216,2972,0
-9819,-505,12213,2973,0
-9798,-505,12193,2982,0
-9825,-513,12170,2974,0
-9796,-512,12211,2975,0
-9813,-531,12208,2976,0
-9823,-510,12212,2973,0
-9807,-525,12188,2975,0
-9799,-507,12210,2978,0
-9807,-518,12197,2970,0
-9811,-508,12196,2976,0
-9823,-523,12202,2973,0
-9819,-515,12189,2973,0
-9813,-529,12188,2974,0
-9811,-500,12234,2978,0
-9798,-527,12167,2981,0
-9819,-508,12191,2974,0
-9815,-498,12203,2972,0
-9804,-504,12189,2964,0
-9775,-512,12208,2976,0
-9796,-524,12193,2971,0
-9783,-535,12192,2972,0
-9806,-520,12198,2971,0
-9790,-532,12175,2973,0
-9810,-509,12133,2981,0
-9808,-518,12204,2971,0
-9811,-507,12210,2971,0
-9787,-523,12205,2971,0
-9831,-521,12180,2970,0
-9823,-534,12206,2979,0
-9810,-518,12177,2991,0
-9801,-504,12176,2972,0
-9818,-518,12206,2970,0
-9809,-526,12179,2970,0
-9809,-519,12205,2970,0
-9816,-509,12198,2970,0
-9797,-524,12189,2974,0
-9818,-505,12166,2962,0
-9787,-513,12216,2974,0
-9851,-528,12188,2972,0
-9818,-542,12198,2968,0
-9801,-526,12202,2973,0
-9813,-497,12183,2973,0
-9811,-526,12213,2972,0
-9829,-526,12188,2979,0
-9815,-495,12190,2976,0
-9799,-472,12226,2976,0
-9820,-521,12195,2973,0
-9797,-513,12186,2967,0
-9819,-513,12192,2967,0
-9816,-515,12137,2975,0
-9819,-500,12205,2973,0
-9804,-529,12218,2969,0
-9822,-515,12210,2975,0
-9812,-519,12194,2971,0
-9796,-508,12189,2971,0
-9821,-518,12169,2972,0
-9816,-529,12167,2970,0
-9812,-519,12186,2979,0
-9800,-519,12175,2975,0
-9795,-525,12174,2972,0
-9801,-532,12175,2966,0
-9830,-510,12191,2965,0
-9830,-506,12200,2972,0
-9813,-484,12236,2973,0
-9820,-507,12141,2968,0
-9834,-548,12179,2967,0
-9826,-513,12184,2970,0
-9816,-507,12189,2973,0
-9809,-514,12196,2981,0
-9823,-518,12222,2987,0
-9809,-530,12190,2981,0
-9810,-522,12227,2970,0
-9813,-519,12202,2975,0
-9803,-530,12203,2978,0
-9817,-527,12219,2973,0
-9809,-521,12192,2970,0
-9810,-516,12200,2972,0
-9797,-512,12173,2973,0
-9801,-521,12173,2982,0
-9800,-510,12178,2979,0
-9817,-488,12166,2973,0
-9821,-492,12142,2979,0
-9801,-511,12182,2970,0
-9821,-503,12177,2980,0
-9805,-511,12170,2971,0
-9799,-523,12194,2976,0
-9824,-510,12189,2979,0
-9815,-529,12219,2979,0
-9819,-525,12203,2978,0
-9816,-520,12191,2974,0
-9851,-526,12184,2977,0
-9816,-512,12202,2978,0
-9794,-499,12172,2974,0
-9802,-515,12190,2973,0
-9807,-496,12207,2973,0
-9822,-506,12145,2977,0
-9798,-526,12202,2975,0
-9796,-514,12195,2970,0
-9796,-523,12208,2983,0
-9814,-512,12168,2968,0
-9810,-496,12217,2972,0
-9796,-519,12218,2973,0
-9807,-503,12179,2974,0
-9807,-494,12208,2979,0
-9806,-509,12192,2971,0
-9817,-519,12186,2973,0
-9801,-510,12208,2974,0
-9801,-520,12200,2981,0
-9831,-505,12203,2976,0
-9817,-518,12179,2973,0
-9818,-515,12208,2969,0
-9803,-498,12176,2983,0
-9812,-511,12217,2989,0
-9812,-501,12177,2972,0
-9831,-506,12222,2972,0
-9814,-533,12190,2968,0
-9816,-527,12187,2971,0
-9817,-533,12174,2970,0
-9832,-517,12200,2978,0
-9809,-514,12191,2974,0
-9801,-516,12181,2968,0
-9822,-504,12137,2977,0
-9807,-486,12213,2975,0
-9805,-503,12210,2974,0
-9822,-524,12201,2977,0
-9811,-506,12209,2970,0
-9800,-500,12182,2968,0
-9804,-503,12180,2972,0
-9800,-519,12197,2977,0
-9808,-491,12172,2978,0
-9809,-505,12204,2973,0
-9811,-502,12190,2975,0
-9832,-523,12196,2970,0
-9802,-520,12230,2974,0
-9787,-508,12158,2967,0
-9813,-497,12151,2974,0
-9823,-511,12160,2976,0
-9799,-510,12222,2975,0
-9814,-523,12175,2979,0
-9802,-524,12167,2968,0
-9788,-508,12193,2973,0
-9814,-502,12193,2972,0
-9798,-522,12191,2972,0
-9803,-486,12167,2978,0
-9817,-501,12170,2977,0
-9796,-514,12214,2970,0
-9805,-511,12219,2973,0
-9807,-520,12228,2971,0
-9801,-506,12183,2969,0
-9814,-524,12199,2972,0
-9820,-490,12155,2973,0
-9789,-500,12175,2972,0
-9838,-497,12156,2967,0
-9828,-499,12208,2965,0
-9823,-511,12197,2970,0
-9815,-507,12178,2971,0
-9826,-502,12192,2960,0
-9788,-521,12199,2974,0
-9805,-523,12178,2974,0
-9807,-533,12187,2975,0
-9799,-524,12200,2969,0
-9811,-522,12173,2968,0
-9808,-515,12190,2978,0
-9809,-501,12207,2974,0
-9813,-511,12220,2969,0
-9826,-529,12184,2970,0
-9813,-518,12214,2965,0
-9804,-527,12189,2968,0
-9835,-509,12194,2969,0
-9811,-518,12184,2975,0
-9824,-531,12191,2967,0
-9806,-496,12194,2970,0
-9792,-519,12195,2970,0
-9804,-520,12195,2968,0
-9802,-515,12197,2970,0
-9812,-513,12216,2967,0
-9841,-523,12203,2965,0
-9824,-521,12162,2969,0
-9822,-500,12178,2976,0
-9803,-524,12190,2969,0
-9817,-512,12165,2967,0
-9808,-534,12177,2967,0
-9804,-516,12191,2965,0
-9803,-522,12214,2974,0
-9812,-513,12191,2967,0
-9818,-485,12243,2965,0
-9801,-525,12158,2970,0
-9826,-491,12183,2972,0
-9821,-508,12207,2968,0
-9794,-501,12218,2973,0
-9807,-531,12228,2961,0
-9811,-497,12198,2967,0
-9822,-530,12193,2965,0
-9824,-504,12181,2967,0
-9800,-501,12199,2960,0
-9823,-498,12209,2964,0
-9809,-500,12200,2961,0
-9832,-493,12199,2963,0
-9814,-492,12192,2959,0
-9809,-525,12220,2961,0
-9785,-501,12177,2966,0
-9816,-519,12214,2965,0
-9819,-523,12240,2967,0
-9816,-513,12200,2967,0
-9817,-493,12204,2958,0
-9807,-524,12193,2963,0
-9824,-495,12185,2958,0
-9820,-473,12163,2970,0
-9812,-516,12175,2966,0
-9795,-526,12248,2963,0
-9794,-505,12183,2961,0
-9796,-526,12177,2962,0
-9822,-486,12177,2966,0
-9798,-518,12163,2968,0
-9780,-504,12196,2964,0
-9807,-502,12191,2961,0
-9808,-474,12181,2966,0
-9820,-512,12159,2963,0
-9821,-508,12162,2958,0
-9797,-511,12146,2967,0
-9807,-527,12229,2961,0
-9812,-508,12182,2960,0
-9814,-519,12174,2962,0
-9827,-498,12173,2964,0
-9831,-512,12169,2956,0
-9830,-509,12187,2958,0
-9809,-489,12190,2963,0
-9822,-506,12232,2958,0
-9805,-512,12178,2963,0
-9835,-507,12194,2959,0
-9807,-514,12199,2957,0
-9811,-502,12134,2962,0
-9806,-534,12165,2968,0
-9801,-537,12176,2958,0
-9804,-484,12148,2961,0
-9818,-505,12160,2959,0
-9812,-493,12193,2967,0
-9797,-492,12168,2964,0
-9812,-523,12187,2965,0
-9805,-516,12194,2970,0
-9798,-528,12186,2964,0
-9807,-519,12195,2958,0
-9821,-516,12215,2963,0
-9799,-524,12219,2967,0
-9798,-509,12183,2958,0
-9824,-552,12193,2957,0
-9788,-505,12219,2961,0
-9810,-536,12195,2961,0
-9814,-510,12228,2963,0
-9797,-493,12179,2962,0
-9803,-496,12200,2955,0
-9811,-500,12253,2965,0
-9794,-509,12197,2961,0
-9810,-516,12192,2964,0
-9818,-526,12193,2964,0
-9820,-527,12202,2960,0
-9791,-531,12228,2962,0
-9782,-513,12203,2957,0
-9793,-525,12187,2963,0
-9794,-526,12166,2959,0
-9787,-509,12205,2962,0
-9835,-512,12182,2961,0
-9816,-503,12215,2963,0
-9810,-519,12202,2970,0
-9831,-559,12190,2954,0
-9790,-517,12215,2952,0
-9791,-515,12204,2964,0
-9827,-510,12198,2962,0
-9830,-533,12237,2965,0
-9819,-493,12142,2960,0
-9806,-508,12217,2963,0
-9809,-532,12200,2952,0
-9820,-504,12191,2957,0
-9803,-517,12204,2949,0
-9830,-500,12195,2959,0
-9805,-499,12204,2961,0
-9804,-504,12219,2963,0
-9827,-514,12186,2961,0
-9827,-512,12178,2960,0
-9816,-513,12166,2962,0
-9811,-511,12165,2957,0
-9815,-498,12207,2957,0
-9789,-530,12198,2968,0
-9812,-512,12185,2963,0
-9827,-527,12222,2960,0
-9821,-497,12208,2966,0
-9822,-502,12174,2962,0
-9825,-507,12184,2969,0
-9805,-511,12182,2962,0
-9801,-528,12202,2966,0
-9826,-510,12165,2964,0
-9811,-532,12166,2962,0
-9826,-518,12212,2968,0
-9827,-522,12190,2962,0
-9807,-513,12152,2958,0
-9828,-497,12210,2954,0
-9831,-515,12200,2967,0
-9786,-511,12159,2962,0
-9833,-500,12183,2956,0
-9803,-511,12183,2956,0
-9815,-513,12228,2952,0
-9812,-510,12212,2958,0
-9789,-504,12164,2959,0
-9801,-525,12194,2961,0
-9803,-533,12216,2957,0
-9812,-495,12176,2956,0
-9805,-506,12192,2956,0
-9789,-499,12202,2958,0
-9832,-524,12222,2962,0
-9784,-542,12214,2957,0
-9816,-511,12188,2953,0
-9806,-494,12231,2956,0
-9792,-521,12200,2960,0
-9812,-513,12158,2958,0
-9817,-505,12199,2955,0
-9815,-528,12212,2958,0
-9808,-518,12198,2960,0
-9784,-524,12249,2962,0
-9808,-524,12190,2955,0
-9806,-503,12188,2955,0
-9818,-519,12187,2962,0
-9807,-522,12201,2963,0
-9809,-505,12204,2955,0
-9777,-514,12199,2956,0
-9808,-525,12211,2956,0
-9837,-520,12219,2951,0
-9818,-514,12228,2969,0
-9800,-507,12200,2961,0
-9802,-524,12181,2955,0
-9819,-495,12212,2956,0
-9813,-519,12186,2961,0
-9787,-502,12190,2958,0
-9799,-525,12208,2960,0
-9811,-498,12188,2954,0
-9814,-503,12169,2960,0
-9800,-492,12187,2955,0
-9811,-522,12212,2961,0
-9818,-518,12185,2963,0
-9800,-510,12220,2960,0
-9817,-503,12222,2957,0
-9809,-509,12209,2960,0
-9819,-525,12170,2962,0
-9828,-514,12201,2964,0
-9809,-531,12174,2958,0
-9806,-518,12159,2959,0
-9802,-512,12169,2955,0
-9821,-516,12186,2966,0
-9831,-515,12176,2968,0
-9810,-489,12183,2967,0
-9811,-533,12216,2962,0
-9816,-538,12208,2958,0
-9811,-500,12155,2959,0
-9795,-514,12202,2962,0
-9830,-528,12205,2966,0
-9802,-504,12169,2958,0
-9818,-539,12150,2965,0
-9811,-499,12166,2951,0
-9809,-510,12193,2960,0
-9815,-514,12181,2953,0
-9813,-525,12163,2959,0
-9794,-507,12172,2956,0
-9798,-500,12197,2962,0
-9784,-521,12199,2961,0
-9800,-516,12182,2957,0
-9811,-527,12183,2959,0
-9833,-512,12197,2951,0
-9824,-517,12172,2958,0
-9806,-513,12188,2958,0
-9797,-496,12181,2963,0
-9817,-520,12177,2958,0
-9811,-523,12184,2957,0
-9833,-522,12192,2964,0
-9821,-532,12163,2959,0
-9793,-532,12189,2959,0
-9806,-512,12220,2952,0
-9813,-524,12210,2957,0
-9805,-532,12200,2954,0
-9801,-505,12230,2957,0
-9821,-512,12148,2955,0
-9807,-509,12198,2955,0
-9813,-519,12187,2963,0
-9804,-517,12194,2956,0
-9798,-515,12159,2948,0
-9800,-520,12191,2960,0
-9828,-516,12212,2955,0
-9802,-515,12182,2956,0
-9798,-511,12194,2956,0
-9798,-512,12206,2957,0
-9818,-522,12173,2955,0
-9803,-509,12204,2965,0
-9845,-491,12189,2957,0
-9805,-520,12207,2961,0
-9808,-501,12195,2970,0
-9811,-506,12203,2955,0
-9825,-509,12219,2962,0
-9817,-522,12184,2961,0
-9794,-501,12217,2950,0
-9794,-502,12207,2957,0
-9814,-512,12173,2956,0
-9795,-503,12208,2959,0
-9800,-517,12187,2956,0
-9796,-511,12215,2957,0
-9794,-519,12189,2960,0
-9805,-523,12160,2964,0
-9813,-505,12180,2960,0
-9804,-503,12173,2957,0
-9796,-517,12224,2967,0
-9799,-524,12194,2955,0
-9805,-503,12196,2961,0
-9788,-524,12166,2958,0
-9792,-498,12210,2966,0
-9815,-511,12227,2954,0
-9811,-498,12204,2964,0
-9813,-527,12182,2959,0
-9816,-513,12208,2960,0
-9816,-522,12211,2960,0
-9794,-487,12215,2961,0
-9810,-503,12204,2965,0
-9822,-498,12219,2958,0
-9800,-530,12232,2959,0
-9800,-521,12193,2961,0
-9789,-503,12222,2960,0
-9806,-502,12197,2961,0
-9803,-507,12198,2956,0
-9817,-501,12216,2956,0
-9804,-527,12182,2959,0
-9802,-519,12174,2959,0
-9795,-531,12184,2965,0
-9816,-498,12192,2958,0
-9811,-501,12207,2964,0
-9815,-518,12198,2963,0
-9801,-515,12188,2958,0
-9807,-536,12214,2964,0
-9809,-532,12178,2960,0
-9813,-519,12181,2962,0
-9805,-516,12193,2963,0
-9794,-537,12185,2962,0
-9787,-535,12194,2962,0
-9812,-506,12200,2958,0
-9821,-526,12187,2962,0
-9788,-536,12192,2954,0
-9818,-527,12206,2962,0
-9805,-492,12196,2966,0
-9805,-499,12182,2962,0
-9831,-502,12202,2960,0
-9828,-486,12166,2960,0
-9790,-495,12185,2966,0
-9801,-510,12211,2963,0
-9795,-521,12178,2967,0
-9828,-512,12201,2962,0
-9804,-507,12198,2962,0
-9810,-499,12164,2967,0
-9812,-499,12180,2962,0
-9807,-534,12191,2965,0
-9808,-516,12172,2957,0
-9806,-498,12204,2971,0
-9793,-538,12196,2961,0
-9798,-512,12173,2967,0
-9807,-517,12194,2958,0
-9799,-508,12179,2964,0
-9785,-512,12189,2967,0
-9792,-530,12210,2959,0
-9785,-515,12212,2967,0
-9812,-519,12213,2964,0
-9807,-488,12199,2963,0
-9809,-505,12177,2962,0
-9808,-513,12195,2962,0
-9823,-515,12194,2967,0
-9803,-504,12210,2962,0
-9803,-513,12165,2960,0
-9803,-523,12177,2963,0
-9812,-526,12220,2962,0
-9820,-503,12202,2966,0
-9806,-506,12193,2958,0
-9806,-500,12218,2964,0
-9807,-517,12160,2965,0
-9796,-468,12188,2964,0
-9807,-535,12198,2962,0
-9825,-486,12205,2966,0
-9790,-511,12180,2958,0
-9829,-512,12193,2963,0
-9799,-512,12174,2968,0
-9810,-518,12212,2969,0
-9793,-506,12205,2958,0
-9803,-513,12186,2963,0
-9820,-524,12183,2963,0
-9804,-518,12191,2962,0
-9808,-533,12207,2969,0
-9802,-503,12197,2963,0
-9800,-512,12187,2965,0
-9812,-516,12183,2969,0
-9798,-520,12174,2961,0
-9805,-510,12221,2964,0
-9814,-515,12190,2964,0
-9818,-516,12185,2963,0
-9816,-516,12160,2964,0
-9806,-507,12234,2966,0
-9792,-510,12209,2961,0
-9787,-523,12216,2963,0
-9794,-512,12226,2966,0
-9818,-504,12232,2962,0
-9812,-505,12199,2964,0
-9805,-511,12175,2960,0
-9829,-505,12246,2965,0
-9804,-521,12174,2963,0
-9791,-512,12194,2970,0
-9804,-524,12216,2967,0
-9789,-506,12176,2963,0
-9822,-512,12200,2962,0
-9800,-508,12198,2963,0
-9804,-530,12181,2964,0
-9786,-526,12165,2965,0
-9821,-516,12189,2964,0
-9795,-524,12215,2962,0
-9798,-500,12191,2965,0
-9799,-528,12189,2960,0
-9817,-513,12196,2961,0
-9786,-496,12211,2962,0
-9801,-527,12174,2967,0
-9804,-538,12222,2969,0
-9796,-516,12214,2964,0
-9803,-506,12258,2969,0
-9774,-506,12230,2971,0
-9784,-509,12207,2967,0
-9825,-481,12170,2960,0
-9810,-497,12207,2965,0
-9824,-518,12180,2961,0
-9828,-515,12227,2969,0
-9800,-511,12213,2962,0
-9824,-513,12205,2961,0
-9800,-529,12180,2967,0
-9804,-516,12191,2966,0
-9796,-511,12214,2962,0
-9803,-517,12232,2966,0
-9813,-508,12186,2970,0
-9832,-509,12166,2966,0
-9831,-517,12200,2967,0
-9832,-527,12200,2968,0
-9819,-508,12202,2964,0
-9796,-502,12188,2966,0
-9794,-532,12190,2959,0
-9805,-513,12214,2970,0
-9796,-511,12192,2965,0
-9809,-510,12205,2963,0
-9816,-508,12227,2968,0
-9816,-504,12153,2963,0
-9827,-519,12198,2967,0
-9811,-502,12177,2966,0
-9814,-522,12208,2965,0
-9800,-505,12220,2965,0
-9786,-505,12216,2971,0
-9798,-526,12169,2965,0
-9814,-525,12203,2968,0
-9795,-508,12191,2968,0
-9810,-518,12215,2965,0
-9817,-510,12213,2964,0
-9805,-517,12171,2975,0
-9802,-507,12201,2967,0
-9789,-523,12169,2964,0
-9804,-518,12182,2961,0
-9809,-500,12210,2971,0
-9806,-508,12169,2973,0
-9796,-513,12164,2971,0
-9826,-549,12138,2967,0
-9804,-516,12216,2963,0
-9782,-525,12146,2966,0
-9810,-537,12170,2969,0
-9818,-522,12199,2964,0
-9793,-508,12214,2962,0
-9815,-511,12203,2969,0
-9831,-515,12171,2965,0
-9814,-496,12193,2969,0
-9810,-507,12181,2969,0
-9822,-513,12189,2972,0
-9807,-509,12198,2965,0
-9802,-511,12194,2967,0
-9792,-509,12196,2966,0
-9808,-515,12202,2962,0
-9812,-508,12214,2961,0
-9801,-504,12197,2962,0
-9832,-525,12202,2961,0
-9809,-513,12182,2963,0
-9792,-513,12158,2966,0
-9783,-518,12132,2964,0
-9815,-496,12175,2960,0
-9776,-505,12190,2963,0
-9802,-537,12185,2970,0
-9826,-524,12201,2966,0
-9826,-520,12182,2964,0
-9831,-492,12211,2967,0
-9808,-515,12161,2961,0
-9808,-524,12193,2967,0
-9813,-495,12161,2966,0
-9793,-527,12203,2963,0
-9790,-518,12200,2961,0
-9799,-500,12181,2969,0
-9797,-498,12196,2967,0
-9807,-492,12181,2961,0
-9826,-488,12190,2958,0
-9811,-506,12186,2981,0
-9806,-504,12192,2957,0
-9793,-492,12186,2964,0
-9819,-511,12182,2962,0
-9813,-520,12199,2964,0
-9815,-508,12224,2966,0
-9830,-506,12206,2968,0
-9824,-497,12227,2971,0
-9831,-482,12193,2962,0
-9804,-493,12234,2961,0
-9799,-541,12186,2964,0
-9799,-524,12186,2956,0
-9818,-512,12168,2966,0
-9800,-496,12175,2960,0
-9800,-517,12151,2957,0
-9784,-508,12177,2968,0
-9797,-501,12189,2961,0
-9786,-527,12164,2966,0
-9806,-525,12202,2966,0
-9800,-519,12218,2968,0
-9798,-504,12192,2960,0
-9795,-486,12185,2960,0
-9779,-534,12199,2969,0
-9801,-540,12229,2964,0
-9803,-505,12200,2962,0
-9781,-532,12195,2965,0
-9798,-534,12200,2963,0
-9786,-492,12186,2962,0
-9809,-501,12124,2960,0
-9798,-496,12176,2963,0
-9800,-503,12196,2965,0
-9820,-509,12219,2958,0
-9809,-519,12217,2963,0
-9802,-514,12175,2962,0
-9817,-505,12176,2966,0
-9817,-527,12186,2963,0
-9804,-516,12154,2965,0
-9833,-524,12162,2963,0
-9797,-502,12192,2964,0
-9816,-522,12196,2962,0
-9823,-528,12173,2957,0
-9805,-529,12224,2964,0
-9794,-516,12173,2968,0
-9800,-515,12145,2961,0
-9810,-507,12166,2973,0
-9804,-489,12159,2959,0
-9803,-527,12199,2963,0
-9814,-499,12171,2962,0
-9810,-527,12168,2960,0
-9808,-507,12212,2960,0
-9809,-508,12180,2961,0
-9802,-483,12194,2963,0
-9811,-501,12232,2962,0
-9803,-501,12161,2960,0
-9806,-508,12156,2960,0
-9806,-516,12217,2955,0
-9807,-509,12207,2958,0
-9781,-531,12185,2961,0
-9807,-501,12185,2958,0
-9792,-523,12206,2954,0
-9808,-508,12170,2959,0
-9804,-527,12187,2957,0
-9792,-503,12223,2968,0
-9801,-503,12201,2960,0
-9827,-517,12185,2962,0
-9800,-514,12194,2959,0
-9807,-517,12174,2966,0
-9805,-521,12178,2963,0
-9806,-510,12162,2967,0
-9799,-497,12210,2959,0
-9847,-493,12168,2961,0
-9814,-504,12184,2966,0
-9809,-517,12187,2961,0
-9808,-504,12208,2962,0
-9818,-514,12175,2959,0
-9804,-505,12222,2960,0
-9801,-525,12165,2964,0
-9812,-523,12203,2966,0
-9811,-526,12202,2964,0
-9813,-510,12183,2954,0
-9824,-484,12202,2952,0
-9800,-503,12173,2962,0
-9793,-512,12177,2960,0
-9811,-505,12239,2959,0
-9811,-522,12162,2958,0
-9827,-495,12185,2958,0
-9825,-500,12197,2962,0
-9817,-515,12179,2963,0
-9825,-529,12180,2956,0
-9795,-530,12213,2957,0
-9807,-501,12232,2953,0
-9788,-531,12195,2967,0
-9810,-498,12175,2960,0
-9782,-526,12176,2960,0
-9799,-508,12188,2954,0
-9802,-495,12207,2958,0
-9809,-512,12182,2968,0
-9814,-508,12206,2961,0
-9802,-534,12189,2962,0
-9827,-495,12221,2954,0
-9807,-515,12227,2963,0
-9795,-514,12193,2964,0
-9814,-523,12162,2963,0
-9825,-518,12216,2963,0
-9810,-525,12161,2959,0
-9802,-506,12174,2969,0
-9794,-521,12208,2971,0
-9786,-497,12191,2978,0
-9806,-517,12187,2967,0
-9792,-513,12221,2960,0
-9801,-513,12203,2968,0
-9814,-516,12181,2957,0
-9824,-486,12176,2963,0
-9798,-502,12226,2953,0
-9825,-529,12228,2960,0
-9799,-502,12198,2958,0
-9796,-495,12176,2965,0
-9818,-525,12192,2961,0
-9814,-508,12180,2963,0
-9805,-527,12165,2957,0
-9810,-504,12204,2955,0
-9797,-506,12171,2964,0
-9820,-514,12212,2959,0
-9770,-536,12199,2953,0
-9788,-524,12197,2956,0
-9808,-545,12209,2958,0
-9804,-522,12187,2957,0
-9810,-516,12226,2959,0
-9799,-523,12173,2960,0
-9798,-532,12181,2958,0
-9822,-520,12186,2961,0
-9807,-509,12162,2955,0
-9789,-526,12191,2963,0
-9809,-520,12192,2954,0
-9800,-525,12226,2954,0
-9823,-491,12228,2962,0
-9802,-499,12208,2958,0
-9797,-507,12207,2962,0
-9800,-523,12175,2954,0
-9817,-503,12184,2959,0
-9816,-508,12197,2957,0
-9809,-498,12185,2965,0
-9814,-511,12169,2956,0
-9832,-507,12192,2953,0
-9798,-518,12201,2961,0
-9820,-516,12225,2958,0
-9796,-519,12173,2964,0
-9802,-506,12200,2961,0
-9789,-514,12218,2957,0
-9817,-524,12227,2959,0
-9804,-499,12213,2964,0
-9807,-513,12198,2960,0
-9817,-492,12192,2955,0
-9812,-483,12192,2959,0
-9806,-497,12179,2956,0
-9799,-507,12178,2960,0
-9843,-520,12209,2963,0
-9799,-514,12195,2958,0
-9818,-527,12206,2958,0
-9806,-511,12166,2958,0
-9819,-504,12197,2963,0
-9797,-495,12191,2960,0
-9800,-499,12183,2964,0
-9798,-533,12180,2960,0
-9790,-496,12211,2960,0
-9827,-518,12203,2959,0
-9815,-518,12173,2965,0
-9803,-522,12209,2956,0
-9804,-500,12193,2961,0
-9821,-516,12210,2959,0
-9820,-535,12191,2960,0
-9803,-538,12200,2961,0
-9824,-526,12224,2954,0
-9800,-516,12190,2962,0
-9808,-510,12203,2962,0
-9819,-518,12186,2962,0
-9794,-510,12183,2961,0
-9794,-539,12183,2960,0
-9799,-513,12181,2955,0
-9800,-514,12208,2959,0
-9797,-512,12171,2959,0
-9803,-534,12179,2960,0
-9834,-527,12205,2962,0
-9800,-498,12195,2961,0
-9805,-513,12192,2951,0
-9805,-508,12177,2960,0
-9801,-525,12217,2962,0
-9800,-507,12199,2956,0
-9819,-515,12212,2963,0
-9815,-521,12192,2956,0
-9807,-487,12183,2959,0
-9811,-510,12180,2965,0
-9795,-493,12213,2957,0
-9801,-509,12204,2956,0
-9830,-515,12193,2954,0
-9816,-515,12161,2960,0
-9806,-519,12182,2960,0
-9778,-540,12181,2960,0
-9796,-533,12219,2956,0
-9815,-525,12214,2961,0
-9817,-507,12212,2959,0
-9796,-529,12142,2961,0
-9811,-505,12173,2958,0
-9838,-533,12212,2959,0
-9839,-524,12247,2956,0
-9823,-514,12213,2967,0
-9815,-513,12181,2970,0
-9798,-509,12175,2963,0
-9826,-498,12223,2968,0
-9817,-537,12161,2964,0
-9804,-500,12186,2961,0
-9806,-495,12164,2961,0
-9801,-493,12198,2958,0
-9790,-511,12226,2958,0
-9808,-465,12179,2952,0
-9773,-496,12186,2962,0
-9792,-514,12229,2958,0
-9813,-479,12152,2958,0
-9799,-528,12203,2964,0
-9808,-520,12203,2958,0
-9792,-515,12222,2960,0
-9806,-522,12155,2961,0
-9794,-519,12203,2954,0
-9784,-516,12200,2958,0
-9784,-535,12199,2958,0
-9806,-500,12200,2955,0
-9806,-521,12195,2968,0
-9817,-537,12207,2960,0
-9806,-518,12187,2963,0
-9810,-508,12202,2967,0
-9812,-503,12206,2959,0
-9810,-516,12146,2956,0
-9802,-495,12177,2958,0
-9813,-504,12190,2956,0
-9810,-506,12189,2954,0
-9814,-506,12188,2958,0
-9832,-519,12200,2948,0
-9825,-502,12204,2959,0
-9809,-515,12195,2957,0
-9808,-499,12170,2957,0
-9801,-533,12192,2959,0
-9832,-506,12178,2963,0
-9811,-511,12177,2954,0
-9813,-511,12189,2953,0
-9826,-513,12167,2959,0
-9815,-509,12224,2966,0
-9816,-521,12187,2961,0
-9791,-510,12192,2964,0
-9809,-516,12220,2963,0
-9810,-523,12163,2967,0
-9788,-500,12160,2970,0
-9801,-528,12226,2969,0
-9792,-525,12185,2960,0
-9795,-517,12203,2969,0
-9809,-508,12188,2966,0
-9787,-506,12202,2967,0
-9815,-515,12193,2965,0
-9798,-508,12171,2966,0
-9812,-526,12195,2965,0
-9789,-512,12170,2968,0
-9823,-532,12187,2965,0
-9804,-496,12202,2973,0
-9795,-510,12198,2960,0
-9794,-513,12207,2962,0
-9828,-506,12184,2965,0
-9794,-501,12188,2966,0
-9801,-514,12197,2962,0
-9806,-524,12179,2970,0
-9823,-500,12185,2969,0
-9797,-523,12190,2966,0
-9820,-549,12200,2970,0
-9813,-527,12176,2966,0
-9809,-493,12184,2970,0
-9814,-506,12155,2964,0
-9806,-499,12213,2959,0
-9797,-510,12195,2972,0
-9789,-518,12179,2969,0
-9806,-505,12177,2967,0
-9798,-519,12224,2965,0
-9813,-516,12200,2983,0
-9805,-508,12203,2974,0
-9823,-487,12198,2968,0
-9825,-516,12179,2962,0
-9807,-529,12211,2963,0
-9813,-506,12207,2969,0
-9816,-537,12183,2971,0
-9790,-534,12170,2979,0
-9808,-528,12195,2970,0
-9804,-516,12189,2966,0
-9809,-547,12178,2967,0
-9775,-520,12182,2974,0
-9806,-518,12166,2972,0
-9805,-523,12193,2968,0
-9807,-510,12214,2968,0
-9789,-511,12153,2965,0
-9789,-513,12208,2973,0
-9828,-529,12187,2968,0
-9825,-546,12233,2966,0
-9821,-523,12187,2968,0
-9835,-510,12210,2963,0
-9819,-508,12200,2963,0
-9809,-515,12223,2963,0
-9807,-503,12191,2963,0
-9809,-503,12187,2959,0
-9803,-503,12227,2963,0
-9800,-542,12214,2967,0
-9805,-531,12205,2969,0
-9801,-519,12194,2967,0
-9822,-511,12172,2961,0
-9812,-515,12202,2970,0
-9789,-504,12216,2963,0
-9799,-524,12190,2961,0
-9797,-501,12168,2967,0
-9793,-524,12238,2966,0
-9797,-520,12189,2967,0
-9801,-511,12209,2970,0
-9809,-506,12182,2971,0
-9813,-508,12179,2970,0
-9810,-517,12156,2960,0
-9829,-477,12179,2960,0
-9800,-512,12161,2966,0
-9813,-505,12213,2970,0
-9804,-550,12189,2963,0
-9819,-506,12162,2957,0
-9791,-524,12184,2953,0
-9776,-519,12238,2970,0
-9817,-512,12166,2958,0
-9798,-541,12192,2964,0
-9803,-520,12166,2961,0
-9792,-517,12204,2963,0
-9809,-518,12200,2969,0
-9802,-542,12162,2965,0
-9820,-521,12165,2966,0
-9806,-527,12187,2968,0
-9814,-505,12203,2963,0
-9804,-540,12210,2971,0
-9827,-537,12229,2962,0
-9831,-525,12165,2967,0
-9801,-503,12184,2962,0
-9819,-530,12156,2965,0
-9826,-520,12204,2963,0
-9802,-507,12176,2970,0
-9819,-523,12175,2971,0
-9796,-488,12205,2966,0
-9805,-505,12214,2970,0
-9797,-510,12228,2974,0
-9814,-491,12194,2972,0
-9796,-502,12214,2966,0
-9788,-514,12229,2967,0
-9823,-534,12208,2973,0
-9818,-515,12177,2975,0
-9791,-494,12189,2970,0
-9815,-519,12177,2964,0
-9798,-528,12218,2962,0
-9794,-503,12181,2972,0
-9826,-503,12166,2962,0
-9812,-531,12187,2974,0
-9791,-494,12200,2961,0
-9805,-517,12179,2968,0
-9789,-524,12184,2967,0
-9800,-523,12225,2965,0
-9812,-526,12174,2963,0
-9817,-524,12188,2967,0
-9810,-487,12193,2963,0
-9814,-498,12190,2967,0
-9825,-523,12230,2971,0
-9828,-509,12220,2973,0
-9809,-514,12183,2967,0
-9796,-511,12208,2962,0
-9827,-523,12184,2957,0
-9808,-506,12192,2966,0
-9814,-520,12186,2969,0
-9830,-532,12188,2967,0
-9812,-517,12240,2963,0
-9812,-490,12152,2971,0
-9796,-518,12219,2971,0
-9819,-503,12191,2964,0
-9782,-499,12173,2966,0
-9818,-496,12199,2960,0
-9777,-512,12187,2971,0
-9803,-510,12162,2969,0
-9810,-518,12221,2966,0
-9804,-498,12181,2956,0
-9801,-495,12185,2965,0
-9796,-516,12170,2967,0
-9805,-506,12197,2967,0
-9784,-502,12176,2970,0
-9819,-516,12196,2962,0
-9828,-513,12212,2965,0
-9811,-498,12188,2962,0
-9807,-516,12201,2970,0
-9806,-511,12176,2962,0
-9791,-518,12214,2962,0
-9810,-498,12185,2966,0
-9797,-497,12168,2966,0
-9801,-507,12174,2964,0
-9804,-510,12212,2966,0
-9808,-512,12173,2964,0
-9808,-494,12206,2958,0
-9792,-532,12190,2965,0
-9798,-499,12197,2967,0
-9796,-529,12166,2963,0
-9796,-515,12174,2962,0
-9801,-525,12190,2961,0
-9800,-506,12151,2964,0
-9811,-536,12159,2969,0
-9799,-513,12212,2968,0
-9819,-513,12230,2975,0
-9796,-519,12207,2971,0
-9814,-505,12193,2974,0
-9812,-507,12177,2981,0
-9807,-514,12183,2976,0
-9814,-487,12171,2973,0
-9792,-515,12215,2975,0
-9819,-518,12186,2977,0
-9797,-516,12225,2977,0
-9804,-510,12197,2976,0
-9807,-512,12201,2972,0
-9825,-516,12196,2975,0
-9801,-505,12197,2976,0
-9817,-524,12224,2973,0
-9813,-516,12207,2974,0
-9796,-543,12193,2972,0
-9821,-525,12199,2969,0
-9816,-523,12200,2971,0
-9805,-531,12200,2976,0
-9789,-519,12164,2973,0
-9807,-521,12165,2973,0
-9814,-512,12191,2976,0
-9823,-507,12164,2972,0
-9811,-522,12177,2970,0
-9775,-538,12225,2971,0
-9819,-504,12187,2969,0
-9824,-517,12192,2967,0
-9798,-521,12209,2968,0
-9804,-518,12178,2968,0
-9805,-536,12219,2965,0
-9828,-521,12169,2965,0
-9792,-541,12212,2964,0
-9796,-518,12182,2969,0
-9803,-527,12202,2965,0
-9807,-535,12181,2965,0
-9799,-509,12194,2964,0
-9808,-534,12206,2964,0
-9788,-509,12176,2969,0
-9821,-514,12210,2971,0
-9793,-502,12225,2963,0
-9786,-499,12212,2960,0
-9829,-522,12207,2965,0
-9813,-498,12198,2960,0
-9795,-509,12204,2971,0
-9795,-538,12158,2961,0
-9806,-494,12188,2963,0
-9790,-523,12221,2971,0
-9813,-517,12180,2972,0
-9817,-541,12174,2964,0
-9825,-515,12211,2966,0
-9782,-489,12191,2967,0
-9813,-491,12198,2968,0
-9811,-516,12179,2963,0
-9802,-516,12216,2971,0
-9792,-509,12147,2970,0
-9818,-497,12181,2967,0
-9811,-510,12188,2972,0
-9819,-522,12191,2965,0
-9822,-540,12152,2969,0
-9790,-531,12200,2970,0
-9796,-508,12156,2964,0
-9814,-511,12203,2964,0
-9826,-503,12199,2961,0
-9799,-501,12212,2960,0
-9798,-509,12193,2964,0
-9799,-521,12201,2968,0
-9790,-518,12222,2965,0
-9818,-516,12175,2963,0
-9801,-512,12200,2972,0
-9806,-505,12217,2967,0
-9817,-516,12177,2965,0
-9810,-522,12192,2961,0
-9812,-531,12196,2963,0
-9797,-516,12183,2966,0
-9818,-495,12210,2962,0
-9828,-508,12178,2964,0
-9803,-509,12194,2962,0
-9815,-524,12231,2965,0
-9812,-495,12196,2958,0
-9818,-517,12225,2957,0
-9808,-490,12239,2961,0
-9802,-526,12151,2968,0
-9809,-503,12216,2961,0
-9836,-500,12181,2957,0
-9823,-520,12195,2964,0
-9780,-521,12217,2956,0
-9802,-531,12161,2966,0
-9811,-518,12192,2966,0
-9791,-518,12184,2974,0
-9802,-506,12247,2963,0
-9805,-506,12214,2965,0
-9796,-523,12175,2964,0
-9796,-502,12202,2973,0
-9802,-507,12207,2965,0
-9807,-495,12211,2964,0
-9819,-489,12164,2964,0
-9805,-494,12183,2956,0
-9810,-488,12181,2962,0
-9800,-499,12186,2966,0
-9818,-506,12213,2961,0
-9803,-511,12198,2960,0
-9805,-489,12206,2958,0
-9806,-493,12190,2961,0
-9801,-529,12195,2963,0
-9789,-511,12227,2960,0
-9817,-511,12189,2966,0
-9774,-517,12224,2960,0
-9811,-524,12183,2965,0
-9812,-515,12190,2965,0
-9801,-517,12180,2961,0
-9824,-521,12199,2959,0
-9805,-509,12165,2966,0
-9815,-504,12169,2963,0
-9799,-514,12181,2969,0
-9800,-511,12215,2964,0
-9810,-503,12192,2964,0
-9805,-506,12179,2960,0
-9806,-535,12177,2963,0
-9819,-520,12150,2959,0
-9807,-511,12172,2967,0
-9795,-496,12160,2963,0
-9804,-523,12188,2961,0
-9799,-522,12191,2958,0
-9805,-528,12217,2960,0
-9806,-508,12158,2957,0
-9812,-517,12161,2959,0
-9811,-494,12215,2961,0
-9813,-491,12183,2963,0
-9818,-530,12202,2963,0
-9823,-508,12208,2960,0
-9824,-511,12175,2966,0
-9798,-501,12164,2966,0
-9803,-522,12189,2963,0
-9821,-499,12187,2966,0
-9798,-500,12211,2963,0
-9796,-506,12225,2959,0
-9802,-509,12220,2960,0
-9796,-499,12164,2961,0
-9816,-515,12192,2966,0
-9809,-509,12193,2965,0
-9809,-498,12164,2959,0
-9822,-528,12173,2957,0
-9804,-496,12175,2959,0
-9819,-508,12206,2961,0
-9794,-523,12185,2956,0
-9797,-524,12167,2955,0
-9813,-507,12180,2965,0
-9819,-535,12190,2965,0
-9804,-528,12182,2961,0
-9796,-517,12162,2957,0
-9829,-542,12189,2957,0
-9811,-507,12170,2959,0
-9808,-504,12218,2965,0
-9814,-503,12216,2969,0
-9798,-513,12205,2965,0
-9793,-506,12209,2960,0
-9805,-499,12220,2960,0
-9799,-500,12227,2962,0
-9821,-512,12180,2958,0
-9806,-508,12216,2961,0
-9815,-507,12177,2955,0
-9779,-509,12224,2955,0
-9818,-501,12160,2959,0
-9799,-510,12188,2959,0
-9815,-524,12190,2959,0
-9820,-502,12235,2958,0
-9796,-512,12161,2959,0
-9824,-523,12164,2969,0
-9809,-530,12189,2963,0
-9787,-530,12188,2964,0
-9800,-530,12210,2965,0
-9780,-528,12151,2958,0
-9803,-514,12188,2965,0
-9823,-504,12170,2960,0
-9794,-515,12219,2958,0
-9816,-512,12194,2957,0
-9792,-497,12205,2952,0
-9812,-522,12223,2963,0
-9827,-505,12216,2959,0
-9821,-484,12197,2959,0
-9823,-512,12216,2969,0
-9807,-510,12193,2961,0
-9800,-529,12171,2966,0
-9814,-525,12208,2963,0
-9803,-501,12163,2961,0
-9816,-512,12163,2967,0
-9809,-501,12192,2962,0
-9790,-490,12155,2967,0
-9813,-507,12196,2963,0
-9824,-508,12210,2963,0
-9807,-503,12229,2968,0
-9796,-518,12207,2969,0
-9812,-550,12166,2971,0
-9840,-501,12186,2965,0
-9827,-510,12183,2967,0
-9814,-512,12178,2962,0
-9812,-491,12182,2970,0
-9823,-498,12198,2969,0
-9814,-512,12199,2969,0
-9833,-506,12175,2964,0
-9799,-509,12196,2962,0
-9820,-501,12194,2958,0
-9802,-495,12168,2962,0
-9818,-538,12185,2962,0
-9795,-520,12180,2959,0
-9790,-508,12206,2962,0
-9807,-492,12168,2961,0
-9830,-511,12167,2967,0
-9806,-510,12182,2960,0
-9814,-499,12199,2965,0
-9788,-508,12186,2963,0
-9789,-510,12199,2963,0
-9808,-480,12191,2969,0
-9811,-515,12190,2970,0
-9818,-518,12195,2959,0
-9807,-512,12185,2967,0
-9797,-508,12192,2960,0
-9800,-512,12193,2967,0
-9796,-537,12178,2964,0
-9780,-520,12235,2963,0
-9814,-518,12175,2961,0
-9821,-515,12181,2965,0
-9811,-522,12200,2965,0
-9813,-476,12211,2963,0
-9801,-526,12169,2964,0
-9783,-502,12191,2966,0
-9805,-522,12138,2970,0
-9814,-514,12207,2972,0
-9815,-518,12210,2969,0
-9799,-503,12193,2967,0
-9814,-507,12212,2965,0
-9790,-508,12200,2966,0
-9808,-482,12213,2970,0
-9809,-504,12194,2972,0
-9796,-510,12191,2965,0
-9800,-525,12156,2964,0
-9802,-517,12168,2966,0
-9811,-501,12191,2971,0
-9805,-504,12202,2964,0
-9802,-498,12218,2966,0
-9786,-510,12195,2965,0
-9798,-516,12213,2964,0
-9810,-501,12221,2968,0
-9799,-501,12174,2966,0
-9789,-503,12198,2967,0
-9813,-512,12151,2959,0
-9837,-484,12163,2965,0
-9814,-501,12164,2964,0
-9786,-515,12194,2966,0
-9819,-500,12223,2966,0
-9817,-498,12189,2958,0
-9791,-515,12186,2961,0
-9809,-482,12199,2964,0
-9804,-519,12189,2964,0
-9796,-522,12193,2969,0
-9802,-504,12183,2968,0
-9794,-500,12181,2971,0
-9812,-528,12203,2968,0
-9800,-506,12200,2966,0
-9829,-504,12203,2963,0
-9802,-518,12183,2963,0
-9809,-522,12203,2966,0
-9829,-514,12203,2969,0
-9814,-526,12183,2972,0
-9799,-536,12184,2964,0
-9809,-527,12188,2968,0
-9826,-518,12189,2964,0
-9804,-500,12189,2965,0
-9816,-517,12193,2960,0
-9833,-512,12172,2966,0
-9791,-514,12192,2965,0
-9832,-521,12191,2961,0
-9821,-504,12176,2971,0
-9823,-533,12195,2971,0
-9783,-532,12185,2968,0
-9799,-537,12210,2960,0
-9770,-523,12242,2964,0
-9796,-521,12177,2971,0
-9804,-500,12212,2964,0
-9801,-530,12196,2960,0
-9825,-517,12186,2967,0
-9789,-529,12171,2968,0
-9836,-509,12204,2965,0
-9805,-526,12220,2966,0
-9812,-523,12180,2960,0
-9820,-531,12195,2968,0
-9821,-516,12184,2966,0
-9796,-523,12223,2963,0
-9793,-500,12168,2962,0
-9807,-519,12133,2966,0
-9818,-527,12150,2965,0
-9810,-520,12213,2968,0
-9831,-513,12180,2974,0
-9806,-515,12183,2963,0
-9823,-499,12180,2966,0
-9805,-495,12234,2968,0
-9831,-512,12182,2968,0
-9807,-498,12214,2971,0
-9827,-516,12221,2966,0
-9796,-522,12164,2965,0
-9812,-513,12196,2970,0
-9811,-505,12190,2963,0
-9813,-495,12179,2967,0
-9798,-493,12203,2961,0
-9790,-502,12158,2968,0
-9790,-536,12220,2962,0
-9802,-521,12203,2965,0
-9816,-507,12177,2965,0
-9798,-490,12224,2962,0
-9824,-496,12170,2967,0
-9811,-493,12188,2968,0
-9820,-501,12178,2961,0
-9803,-513,12204,2963,0
-9816,-522,12202,2957,0
-9813,-524,12164,2961,0
-9804,-521,12177,2968,0
-9800,-512,12191,2963,0
-9818,-501,12185,2969,0
-9815,-510,12214,2960,0
-9801,-493,12182,2962,0
-9819,-513,12218,2957,0
-9797,-517,12211,2963,0
-9815,-505,12239,2958,0
-9826,-492,12182,2964,0
-9819,-522,12216,2967,0
-9796,-515,12218,2964,0
-9810,-521,12184,2962,0
-9834,-503,12209,2964,0
-9826,-511,12206,2962,0
-9805,-515,12166,2962,0
-9802,-503,12172,2970,0
-9823,-503,12211,2965,0
-9798,-494,12190,2967,0
-9804,-522,12205,2963,0
-9806,-498,12146,2961,0
-9803,-508,12199,2964,0
-9818,-497,12225,2969,0
-9820,-523,12192,2963,0
-9809,-504,12236,2962,0
-9808,-509,12197,2960,0
-9817,-524,12165,2964,0
-9802,-509,12203,2974,0
-9814,-503,12215,2968,0
-9819,-533,12188,2966,0
-9820,-522,12174,2964,0
-9798,-517,12225,2963,0
-9811,-496,12182,2964,0
-9844,-520,12203,2962,0
-9803,-508,12182,2961,0
-9793,-527,12186,2961,0
-9796,-501,12188,2964,0
-9805,-493,12192,2968,0
-9800,-512,12186,2967,0
-9811,-506,12218,2963,0
-9810,-518,12226,2964,0
-9813,-517,12202,2965,0
-9811,-499,12222,2966,0
-9808,-489,12211,2965,0
-9807,-505,12211,2963,0
-9784,-500,12185,2961,0
-9808,-505,12166,2972,0
-9800,-507,12182,2963,0
-9793,-525,12194,2961,0
-9787,-519,12203,2967,0
-9812,-485,12224,2964,0
-9809,-499,12197,2967,0
-9837,-514,12193,2964,0
-9818,-503,12183,2964,0
-9797,-491,12224,2966,0
-9791,-501,12238,2959,0
-9826,-504,12214,2967,0
-9790,-506,12188,2963,0
-9796,-500,12234,2963,0
-9804,-515,12213,2969,0
-9818,-543,12177,2965,0
-9813,-511,12200,2967,0
-9799,-522,12194,2967,0
-9800,-520,12191,2961,0
-9819,-525,12202,2960,0
-9834,-514,12205,2960,0
-9797,-520,12229,2966,0
-9816,-513,12198,2962,0
-9819,-509,12198,2964,0
-9797,-531,12230,2967,0
-9811,-532,12186,2967,0
-9790,-521,12207,2962,0
-9812,-507,12222,2960,0
-9805,-509,12176,2967,0
-9801,-516,12205,2962,0
-9801,-527,12220,2968,0
-9795,-502,12196,2965,0
-9827,-516,12214,2967,0
-9796,-514,12203,2963,0
-9792,-475,12222,2960,0
-9823,-516,12196,2959,0
-9813,-511,12209,2966,0
-9805,-501,12190,2969,0
-9781,-495,12184,2970,0
-9796,-506,12195,2965,0
-9810,-500,12197,2965,0
-9807,-505,12203,2967,0
-9804,-516,12182,2969,0
-9819,-520,12188,2966,0
-9803,-528,12172,2969,0
-9808,-505,12191,2960,0
-9779,-515,12223,2963,0
-9830,-512,12186,2968,0
-9824,-510,12193,2962,0
-9817,-490,12193,2963,0
-9819,-505,12192,2967,0
-9797,-494,12193,2968,0
-9803,-513,12193,2970,0
-9798,-485,12179,2966,0
-9791,-501,12177,2967,0
-9826,-485,12206,2964,0
-9787,-508,12217,2964,0
-9801,-522,12202,2969,0
-9825,-515,12187,2970,0
-9815,-550,12183,2967,0
-9812,-494,12188,2965,0
-9799,-514,12172,2959,0
-9801,-513,12180,2968,0
-9785,-524,12187,2965,0
-9813,-510,12205,2965,0
-9823,-521,12196,2960,0
-9829,-523,12213,2959,0
-9827,-518,12190,2971,0
-9807,-519,12158,2965,0
-9810,-506,12179,2967,0
-9804,-500,12227,2961,0
-9807,-507,12212,2962,0
-9793,-500,12157,2969,0
-9787,-501,12215,2971,0
-9809,-521,12219,2969,0
-9799,-504,12156,2963,0
-9819,-529,12177,2963,0
-9800,-508,12175,2969,0
-9812,-514,12186,2966,0
-9814,-531,12193,2962,0
-9821,-496,12192,2966,0
-9811,-521,12218,2969,0
-9805,-528,12178,2969,0
-9827,-511,12193,2964,0
-9790,-520,12217,2965,0
-9805,-537,12192,2970,0
-9816,-526,12181,2967,0
-9791,-502,12152,2969,0
-9817,-514,12191,2966,0
-9795,-512,12207,2962,0
-9780,-502,12207,2963,0
-9804,-518,12180,2966,0
-9793,-494,12206,2967,0
-9775,-477,12235,2966,0
-9814,-513,12185,2965,0
-9794,-518,12185,2965,0
-9807,-507,12193,2963,0
-9807,-508,12204,2966,0
-9821,-516,12197,2970,0
-9813,-529,12227,2966,0
-9830,-509,12204,2963,0
-9814,-492,12186,2964,0
-9799,-501,12202,2968,0
-9811,-535,12190,2971,0
-9824,-505,12206,2959,0
-9818,-527,12182,2961,0
-9797,-498,12190,2965,0
-9801,-533,12188,2962,0
-9807,-528,12185,2968,0
-9821,-497,12177,2959,0
-9796,-507,12207,2961,0
-9804,-502,12149,2967,0
-9806,-507,12187,2969,0
-9815,-519,12174,2967,0
-9829,-506,12197,2964,0
-9800,-502,12210,2963,0
-9794,-529,12170,2968,0
-9806,-512,12184,2967,0
-9805,-514,12217,2966,0
-9812,-499,12220,2967,0
-9810,-512,12190,2967,0
-9800,-521,12158,2966,0
-9803,-515,12198,2971,0
-9801,-491,12211,2965,0
-9815,-517,12195,2958,0
-9795,-524,12205,2963,0
-9799,-516,12212,2967,0
-9790,-518,12171,2960,0
-9793,-504,12192,2962,0
-9791,-530,12229,2962,0
-9801,-508,12214,2967,0
-9822,-499,12188,2979,0
-9805,-522,12194,2965,0
-9794,-516,12211,2960,0
-9797,-502,12181,2962,0
-9808,-517,12196,2962,0
-9809,-519,12210,2970,0
-9817,-510,12209,2963,0
-9814,-507,12200,2960,0
-9809,-513,12178,2963,0
-9810,-500,12182,2962,0
-9803,-507,12224,2965,0
-9796,-521,12171,2971,0
-9807,-510,12222,2968,0
-9818,-511,12197,2957,0
-9794,-523,12219,2962,0
-9817,-527,12215,2963,0
-9822,-514,12156,2963,0
-9790,-504,12159,2958,0
-9803,-526,12194,2964,0
-9813,-517,12183,2961,0
-9826,-512,12198,2967,0
-9811,-497,12203,2966,0
-9827,-511,12243,2960,0
-9798,-523,12186,2963,0
-9792,-498,12178,2966,0
-9837,-504,12184,2964,0
-9799,-495,12200,2963,0
-9805,-511,12196,2961,0
-9813,-532,12192,2959,0
-9800,-508,12228,2965,0
-9820,-520,12230,2964,0
-9808,-501,12190,2971,0
-9809,-527,12201,2972,0
-9806,-523,12233,2968,0
-9803,-518,12205,2965,0
-9794,-521,12160,2962,0
-9817,-526,12195,2966,0
-9793,-516,12178,2962,0
-9790,-515,12164,2967,0
-9786,-532,12209,2961,0
-9807,-516,12167,2961,0
-9804,-511,12197,2965,0
-9807,-512,12197,2966,0
-9807,-534,12160,2965,0
-9808,-501,12180,2963,0
-9810,-533,12178,2965,0
-9796,-500,12205,2963,0
-9791,-508,12222,2961,0
-9785,-519,12179,2961,0
-9799,-520,12132,2966,0
-9811,-518,12200,2963,0
-9807,-512,12172,2967,0
-9810,-518,12187,2962,0
-9814,-517,12168,2959,0
-9799,-511,12174,2966,0
-9792,-501,12219,2969,0
-9814,-536,12200,2964,0
-9814,-528,12225,2963,0
-9790,-510,12194,2962,0
-9783,-501,12199,2967,0
-9806,-516,12235,2967,0
-9808,-518,12199,2966,0
-9801,-521,12179,2966,0
-9825,-524,12153,2963,0
-9804,-516,12193,2960,0
-9793,-523,12207,2969,0
-9816,-526,12173,2967,0
-9809,-518,12185,2961,0
-9812,-527,12189,2963,0
-9803,-522,12177,2964,0
-9798,-506,12207,2958,0
-9825,-501,12156,2963,0
-9789,-506,12196,2961,0
-9802,-497,12180,2965,0
-9792,-514,12171,2963,0
-9800,-510,12145,2962,0
-9791,-501,12154,2966,0
-9796,-502,12192,2963,0
-9804,-511,12202,2959,0
-9807,-513,12199,2967,0
-9818,-537,12158,2967,0
-9819,-521,12181,2959,0
-9798,-531,12214,2962,0
-9793,-512,12191,2963,0
-9794,-509,12200,2968,0
-9825,-519,12152,2965,0
-9801,-520,12219,2968,0
-9790,-523,12197,2966,0
-9811,-526,12185,2962,0
-9811,-500,12181,2960,0
-9810,-511,12198,2965,0
-9805,-507,12168,2970,0
-9811,-511,12177,2962,0
-9816,-518,12196,2962,0
-9797,-530,12189,2960,0
-9807,-525,12237,2960,0
-9810,-520,12171,2966,0
-9815,-502,12208,2966,0
-9816,-482,12159,2964,0
-9814,-522,12188,2961,0
-9832,-482,12209,2960,0
-9796,-501,12165,2964,0
-9812,-495,12193,2964,0
-9797,-509,12189,2967,0
-9772,-512,12186,2966,0
-9802,-524,12221,2963,0
-9822,-527,12177,2960,0
-9834,-513,12194,2956,0
-9805,-528,12226,2957,0
-9792,-512,12226,2962,0
-9796,-535,12243,2967,0
-9815,-508,12203,2965,0
-9823,-516,12179,2964,0
-9812,-509,12191,2962,0
-9810,-536,12194,2961,0
-9814,-510,12197,2970,0
-9799,-519,12180,2963,0
-9778,-523,12188,2957,0
-9807,-518,12217,2962,0
-9804,-504,12179,2957,0
-9799,-503,12193,2966,0
-9816,-515,12175,2963,0
-9828,-508,12208,2963,0
-9812,-510,12170,2961,0
-9812,-532,12207,2967,0
-9803,-519,12164,2967,0
-9786,-506,12199,2964,0
-9803,-527,12223,2953,0
-9800,-502,12215,2965,0
-9798,-510,12201,2959,0
-9802,-508,12175,2967,0
-9798,-533,12215,2964,0
-9823,-512,12211,2964,0
-9821,-528,12169,2962,0
-9802,-510,12186,2963,0
-9807,-507,12186,2965,0
-9813,-517,12173,2967,0
-9825,-499,12191,2960,0
-9791,-527,12197,2962,0
-9791,-515,12175,2963,0
-9795,-511,12197,2963,0
-9810,-507,12164,2965,0
-9815,-502,12151,2957,0
-9808,-501,12177,2961,0
-9819,-492,12157,2961,0
-9785,-502,12228,2965,0
-9813,-496,12178,2963,0
-9802,-532,12173,2953,0
-9823,-503,12208,2959,0
-9815,-490,12165,2959,0
-9808,-532,12185,2962,0
-9816,-527,12191,2963,0
-9843,-526,12193,2963,0
-9807,-491,12167,2966,0
-9825,-501,12221,2967,0
-9794,-488,12202,2966,0
-9803,-509,12181,2970,0
-9813,-507,12165,2973,0
-9813,-519,12158,2972,0
-9809,-531,12194,2970,0
-9817,-517,12209,2972,0
-9799,-516,12188,2967,0
-9806,-517,12196,2961,0
-9812,-541,12210,2967,0
-9804,-486,12185,2967,0
-9792,-519,12179,2966,0
-9814,-504,12197,2970,0
-9802,-502,12154,2962,0
-9796,-512,12189,2967,0
-9792,-518,12187,2960,0
-9812,-519,12175,2969,0
-9833,-501,12206,2966,0
-9807,-520,12181,2966,0
-9809,-526,12177,2959,0
-9799,-504,12208,2966,0
-9802,-523,12201,2964,0
-9798,-490,12176,2968,0
-9817,-508,12218,2965,0
-9797,-514,12178,2965,0
-9818,-504,12161,2967,0
-9813,-516,12171,2958,0
-9808,-500,12166,2967,0
-9798,-512,12189,2960,0
-9826,-530,12194,2960,0
-9816,-503,12194,2968,0
-9808,-502,12182,2971,0
-9822,-512,12233,2964,0
-9812,-506,12186,2965,0
-9821,-511,12158,2956,0
-9784,-508,12194,2966,0
-9810,-524,12213,2965,0
-9795,-499,12185,2964,0
-9824,-523,12181,2958,0
-9833,-513,12219,2962,0
-9807,-511,12214,2963,0
-9829,-512,12178,2966,0
-9818,-531,12152,2963,0
-9827,-516,12232,2963,0
-9812,-517,12218,2960,0
-9805,-508,12157,2961,0
-9826,-518,12195,2964,0
-9789,-514,12213,2968,0
-9818,-530,12221,2966,0
-9803,-528,12167,2960,0
-9778,-503,12167,2966,0
-9824,-501,12164,2969,0
-9823,-521,12176,2966,0
-9823,-508,12196,2961,0
-9816,-505,12197,2965,0
-9813,-515,12175,2961,0
-9814,-514,12173,2965,0
-9825,-527,12203,2964,0
-9795,-525,12217,2968,0
-9809,-501,12172,2966,0
-9830,-514,12192,2968,0
-9814,-510,12223,2973,0
-9815,-534,12187,2963,0
-9809,-508,12172,2961,0
-9791,-526,12166,2971,0
-9796,-540,12196,2968,0
-9826,-534,12188,2974,0
-9822,-513,12201,2973,0
-9803,-509,12164,2960,0
-9812,-519,12206,2967,0
-9810,-506,12188,2963,0
-9813,-510,12196,2967,0
-9799,-529,12179,2956,0
-9814,-509,12175,2956,0
-9810,-475,12214,2960,0
-9824,-512,12211,2991,0
-9804,-514,12173,2975,0
-9826,-535,12203,2969,0
-9799,-521,12205,2968,0
-9811,-496,12200,2969,0
-9795,-521,12234,2972,0
-9787,-534,12229,2973,0
-9796,-524,12214,2969,0
-9796,-511,12173,2967,0
-9792,-515,12195,2970,0
-9814,-517,12195,2965,0
-9818,-507,12199,2967,0
-9803,-513,12206,2968,0
-9808,-524,12199,2965,0
-9798,-502,12218,2964,0
-9802,-517,12193,2963,0
-9812,-537,12204,2967,0
-9810,-532,12198,2959,0
-9799,-530,12227,2959,0
-9807,-527,12221,2961,0
-9824,-515,12191,2970,0
-9812,-506,12204,2967,0
-9809,-516,12199,2964,0
-9799,-521,12205,2959,0
-9806,-515,12182,2966,0
-9805,-516,12203,2959,0
-9811,-532,12171,2972,0
-9818,-512,12177,2973,0
-9821,-487,12145,2969,0
-9809,-511,12219,2969,0
-9809,-534,12206,2974,0
-9789,-512,12173,2969,0
-9826,-524,12180,2965,0
-9800,-539,12205,2964,0
-9787,-528,12200,2960,0
-9824,-505,12191,2963,0
-9811,-509,12163,2972,0
-9798,-532,12212,2965,0
-9804,-533,12196,2959,0
-9807,-519,12208,2962,0
-9806,-528,12240,2963,0
-9808,-519,12191,2967,0
-9832,-526,12197,2965,0
-9807,-534,12206,2965,0
-9818,-500,12203,2963,0
-9815,-523,12177,2970,0
-9810,-543,12207,2966,0
-9817,-514,12167,2968,0
-9819,-532,12223,2965,0
-9809,-509,12197,2961,0
-9826,-508,12216,2963,0
-9807,-537,12217,2969,0
-9815,-526,12205,2964,0
-9783,-514,12207,2967,0
-9824,-517,12165,2961,0
-9815,-496,12200,2961,0
-9797,-516,12194,2963,0
-9814,-503,12161,2968,0
-9788,-516,12185,2962,0
-9802,-517,12194,2960,0
-9813,-506,12219,2968,0
-9801,-498,12195,2969,0
-9807,-498,12175,2965,0
-9813,-504,12154,2966,0
-9811,-501,12187,2966,0
-9806,-545,12195,2968,0
-9822,-532,12215,2970,0
-9804,-525,12202,2971,0
-9793,-510,12218,2968,0
-9812,-504,12195,2972,0
-9811,-481,12185,2970,0
-9818,-524,12180,2970,0
-9803,-514,12167,2967,0
-9805,-539,12201,2966,0
-9806,-534,12215,2966,0
-9801,-501,12186,2965,0
-9810,-538,12194,2969,0
-9830,-507,12172,2964,0
-9810,-499,12174,2971,0
-9808,-542,12205,2965,0
-9811,-517,12195,2965,0
-9797,-533,12201,2967,0
-9803,-525,12209,2963,0
-9802,-519,12196,2967,0
-9808,-523,12181,2964,0
-9808,-509,12190,2966,0
-9811,-526,12191,2968,0
-9820,-517,12196,2963,0
-9765,-522,12238,2961,0
-9804,-486,12173,2965,0
-9785,-529,12177,2959,0
-9809,-524,12197,2965,0
-9801,-505,12171,2971,0
-9806,-513,12161,2972,0
-9807,-503,12177,2969,0
-9818,-522,12172,2968,0
-9821,-491,12188,2977,0
-9791,-526,12174,2967,0
-9805,-500,12201,2970,0
-9781,-505,12208,2953,0
-9786,-523,12152,2974,0
-9811,-526,12212,2965,0
-9822,-507,12208,2962,0
-9822,-511,12192,2965,0
-9792,-515,12183,2969,0
-9800,-514,12221,2967,0
-9816,-514,12180,2969,0
-9800,-513,12180,2967,0
-9793,-506,12175,2960,0
-9798,-513,12200,2969,0
-9809,-510,12179,2972,0
-9839,-508,12153,2982,0
-9797,-528,12199,2975,0
-9811,-507,12211,2969,0
-9781,-520,12185,2972,0
-9789,-497,12177,2971,0
-9788,-501,12213,2974,0
-9781,-506,12158,2966,0
-9824,-520,12197,2966,0
-9831,-503,12204,2960,0
-9804,-505,12183,2968,0
-9822,-510,12202,2973,0
-9816,-508,12222,2968,0
-9784,-508,12196,2964,0
-9797,-532,12202,2966,0
-9799,-525,12232,2966,0
-9811,-521,12185,2971,0
-9808,-520,12184,2976,0
-9804,-510,12170,2975,0
-9806,-506,12180,2966,0
-9801,-484,12207,2967,0
-9807,-494,12224,2977,0
-9795,-497,12211,2973,0
-9789,-486,12248,2964,0
-9809,-509,12193,2969,0
-9807,-534,12188,2971,0
-9834,-511,12207,2971,0
-9794,-491,12205,2965,0
-9806,-513,12210,2967,0
-9804,-518,12209,2971,0
-9794,-521,12188,2972,0
-9831,-507,12171,2971,0
-9816,-538,12162,2968,0
-9817,-521,12203,2967,0
-9823,-528,12191,2972,0
-9808,-502,12204,2966,0
-9809,-530,12177,2970,0
-9814,-513,12184,2969,0
-9811,-519,12200,2970,0
-9805,-526,12189,2977,0
-9801,-511,12184,2971,0
-9802,-536,12200,2975,0
-9808,-507,12197,2977,0
-9819,-532,12170,2966,0
-9799,-501,12179,2977,0
-9803,-530,12176,2972,0
-9825,-535,12175,2975,0
-9806,-509,12168,2973,0
-9817,-521,12189,2968,0
-9801,-512,12172,2968,0
-9805,-508,12192,2973,0
-9830,-526,12221,2972,0
-9799,-528,12208,2967,0
-9822,-522,12218,2970,0
-9794,-524,12192,2965,0
-9781,-506,12181,2973,0
-9808,-518,12192,2972,0
-9799,-500,12189,2975,0
-9811,-519,12196,2968,0
-9804,-528,12186,2973,0
-9802,-515,12181,2970,0
-9804,-514,12168,2987,0
-9816,-514,12187,2971,0
-9823,-524,12205,2968,0
-9797,-523,12168,2971,0
-9815,-527,12227,2973,0
-9833,-535,12214,2966,0
-9832,-507,12205,2971,0
-9813,-499,12198,2966,0
-9807,-502,12210,2968,0
-9821,-508,12242,2970,0
-9811,-518,12196,2971,0
-9795,-519,12204,2967,0
-9794,-529,12183,2966,0
-9817,-514,12206,2972,0
-9799,-507,12202,2966,0
-9812,-493,12194,2978,0
-9820,-510,12208,2977,0
-9787,-506,12174,2968,0
-9810,-521,12148,2972,0
-9780,-503,12184,2969,0
-9794,-494,12211,2977,0
-9789,-510,12177,2972,0
-9791,-505,12177,2972,0
-9803,-518,12199,2971,0
-9788,-526,12165,2974,0
-9821,-515,12189,2971,0
-9794,-502,12204,2970,0
-9806,-496,12185,2971,0
-9805,-489,12230,2968,0
-9823,-504,12167,2969,0
-9800,-496,12179,2974,0
-9804,-515,12198,2974,0
-9807,-515,12195,2970,0
-9807,-524,12225,2969,0
-9799,-520,12198,2967,0
-9816,-514,12215,2971,0
-9795,-490,12185,2968,0
-9813,-505,12165,2967,0
-9807,-518,12198,2971,0
-9820,-514,12200,2973,0
-9816,-508,12178,2968,0
-9820,-517,12201,2966,0
-9796,-528,12213,2962,0
-9808,-508,12208,2972,0
-9809,-514,12192,2978,0
-9798,-522,12195,2974,0
-9794,-495,12203,2966,0
-9797,-529,12171,2975,0
-9812,-516,12181,2968,0
-9802,-513,12201,2969,0
-9812,-509,12192,2973,0
-9812,-510,12209,2971,0
-9798,-519,12209,2974,0
-9796,-528,12205,2967,0
-9783,-490,12178,2970,0
-9784,-520,12239,2968,0
-9832,-506,12194,2966,0
-9803,-508,12182,2972,0
-9819,-511,12179,2976,0
-9796,-526,12158,2978,0
-9806,-517,12196,2977,0
-9822,-501,12250,2968,0
-9786,-519,12220,2971,0
-9815,-507,12193,2967,0
-9828,-528,12175,2974,0
-9821,-520,12226,2976,0
-9815,-518,12168,2973,0
-9804,-518,12170,2974,0
-9806,-509,12157,2967,0
-9803,-501,12182,2977,0
-9799,-502,12220,2970,0
-9825,-507,12168,2972,0
-9788,-504,12204,2970,0
-9793,-532,12219,2969,0
-9793,-528,12214,2975,0
-9780,-523,12157,2970,0
-9809,-510,12180,2970,0
-9797,-496,12188,2976,0
-9822,-506,12159,2971,0
-9801,-524,12168,2976,0
-9803,-506,12176,2977,0
-9798,-486,12179,2972,0
-9804,-516,12215,2975,0
-9802,-521,12149,2972,0
-9804,-524,12182,2980,0
-9808,-500,12193,2975,0
-9808,-492,12179,2968,0
-9820,-506,12214,2968,0
-9804,-494,12170,2973,0
-9823,-516,12207,2975,0
-9807,-506,12178,2977,0
-9785,-536,12212,2976,0
-9797,-508,12241,2967,0
-9807,-479,12168,2971,0
-9799,-497,12212,2976,0
-9798,-504,12186,2983,0
-9794,-497,12211,2970,0
-9802,-511,12197,2975,0
-9786,-521,12202,2974,0
-9800,-518,12202,2969,0
-9821,-507,12151,2974,0
-9808,-524,12204,2969,0
-9771,-497,12198,2970,0
-9803,-522,12178,2975,0
-9803,-518,12170,2974,0
-9791,-516,12201,2972,0
-9815,-511,12170,2971,0
-9816,-541,12214,2972,0
-9819,-548,12205,2971,0
-9808,-528,12222,2971,0
-9820,-520,12201,2974,0
-9801,-503,12160,2977,0
-9804,-514,12198,2975,0
-9807,-542,12210,2974,0
-9816,-514,12181,2970,0
-9807,-493,12188,2985,0
-9827,-507,12205,2968,0
-9810,-511,12164,2975,0
-9802,-530,12192,2970,0
-9800,-540,12168,2979,0
-9788,-506,12219,2975,0
-9792,-505,12221,2977,0
-9828,-510,12159,2971,0
-9781,-498,12182,2978,0
-9786,-495,12180,2980,0
-9808,-518,12219,2973,0
-9809,-509,12191,2975,0
-9782,-495,12153,2970,0
-9830,-532,12184,2969,0
-9810,-500,12189,2973,0
-9802,-530,12206,2978,0
-9807,-518,12198,2967,0
-9803,-525,12193,2967,0
-9806,-515,12207,2969,0
-9808,-532,12181,2976,0
-9814,-511,12209,2974,0
-9799,-495,12189,2974,0
-9802,-503,12172,2975,0
-9804,-525,12190,2974,0
-9807,-511,12201,2983,0
-9823,-521,12200,2975,0
-9806,-511,12188,2970,0
-9820,-482,12170,2970,0
-9815,-498,12199,2976,0
-9822,-522,12165,2978,0
-9803,-518,12225,2978,0
-9824,-522,12220,2971,0
-9805,-523,12190,2973,0
-9808,-495,12182,2969,0
-9802,-498,12193,2976,0
-9810,-517,12181,2973,0
-9800,-533,12175,2969,0
-9794,-509,12225,2976,0
-9821,-510,12178,2979,0
-9799,-509,12155,2974,0
-9797,-503,12188,2971,0
-9810,-511,12191,2972,0
-9814,-503,12196,2973,0
-9800,-526,12186,2974,0
-9778,-521,12185,2967,0
-9820,-525,12222,2972,0
-9788,-492,12204,2969,0
-9797,-528,12199,2971,0
-9791,-512,12197,2972,0
-9804,-530,12171,2973,0
-9800,-507,12179,2971,0
-9807,-513,12191,2970,0
-9816,-504,12186,2966,0
-9796,-506,12190,2972,0
-9809,-506,12207,2973,0
-9803,-501,12198,2969,0
-9808,-503,12189,2965,0
-9807,-539,12180,2967,0
-9800,-507,12201,2972,0
-9815,-508,12197,2970,0
-9814,-513,12188,2971,0
-9819,-505,12174,2968,0
-9824,-527,12192,2974,0
-9795,-525,12225,2972,0
-9806,-545,12172,2976,0
-9800,-511,12207,2969,0
-9814,-525,12194,2968,0
-9826,-514,12172,2967,0
-9820,-511,12201,2973,0
-9830,-500,12215,2972,0
-9826,-505,12216,2972,0
-9803,-522,12202,2978,0
-9801,-491,12208,2972,0
-9809,-524,12185,2972,0
-9820,-505,12162,2975,0
-9767,-511,12191,2968,0
-9800,-525,12192,2971,0
-9804,-521,12191,2971,0
-9806,-511,12162,2973,0
-9806,-511,12202,2971,0
-9805,-518,12169,2963,0
-9813,-512,12214,2973,0
-9833,-510,12205,2971,0
-9806,-527,12228,2968,0
-9800,-519,12181,2982,0
-9795,-519,12206,2969,0
-9806,-515,12156,2966,0
-9798,-495,12173,2966,0
-9792,-513,12162,2974,0
-9817,-508,12187,2976,0
-9819,-521,12195,2966,0
-9801,-507,12185,2972,0
-9822,-505,12208,2972,0
-9788,-516,12216,2968,0
-9824,-526,12193,2967,0
-9799,-498,12226,2972,0
-9811,-508,12214,2970,0
-9805,-508,12181,2976,0
-9799,-498,12222,2971,0
-9805,-497,12183,2968,0
-9787,-530,12184,2969,0
-9794,-499,12228,2972,0
-9800,-516,12211,2970,0
-9802,-519,12196,2968,0
-9819,-498,12181,2975,0
-9788,-516,12209,2969,0
-9790,-506,12199,2967,0
-9794,-513,12178,2970,0
-9803,-503,12216,2972,0
-9807,-487,12187,2967,0
-9801,-501,12196,2963,0
-9807,-512,12175,2969,0
-9800,-534,12197,2974,0
-9797,-522,12182,2963,0
-9810,-528,12188,2974,0
-9812,-507,12184,2978,0
-9803,-499,12189,2961,0
-9809,-517,12213,2972,0
-9806,-492,12181,2972,0
-9814,-525,12190,2974,0
-9828,-504,12206,2974,0
-9804,-509,12192,2970,0
-9828,-500,12165,2967,0
-9810,-500,12192,2969,0
-9819,-517,12180,2968,0
-9800,-494,12176,2971,0
-9819,-510,12196,2971,0
-9826,-493,12179,2975,0
-9811,-521,12202,2963,0
-9794,-518,12192,2970,0
-9795,-525,12213,2970,0
-9817,-515,12215,2968,0
-9801,-520,12174,2966,0
-9831,-524,12184,2969,0
-9802,-518,12190,2969,0
-9809,-481,12218,2971,0
-9836,-519,12184,2973,0
-9813,-523,12178,2974,0
-9803,-511,12180,2972,0
-9823,-504,12203,2974,0
-9822,-497,12221,2968,0
-9790,-524,12225,2965,0
-9781,-496,12204,2970,0
-9831,-491,12183,2965,0
-9803,-508,12188,2971,0
-9822,-502,12192,2965,0
-9800,-519,12194,2969,0
-9807,-514,12180,2972,0
-9801,-501,12184,2966,0
-9808,-534,12186,2979,0
-9797,-525,12196,2970,0
-9787,-503,12199,2967,0
-9804,-532,12152,2966,0
-9792,-529,12202,2966,0
-9809,-535,12178,2971,0
-9826,-519,12199,2965,0
-9855,-508,12176,2971,0
-9795,-492,12209,2972,0
-9809,-503,12204,2968,0
-9821,-511,12202,2964,0
-9807,-480,12204,2968,0
-9812,-487,12185,2966,0
-9817,-528,12183,2966,0
-9793,-528,12185,2962,0
-9792,-535,12172,2976,0
-9808,-496,12211,2965,0
-9818,-522,12198,2983,0
-9794,-505,12163,2966,0
-9804,-524,12171,2964,0
-9814,-508,12168,2969,0
-9809,-504,12215,2967,0
-9794,-514,12205,2965,0
-9800,-531,12177,2955,0
-9809,-516,12244,2969,0
-9806,-535,12163,2972,0
-9808,-519,12202,2969,0
-9801,-506,12195,2971,0
-9804,-527,12179,2970,0
-9814,-513,12207,2959,0
-9824,-531,12254,2967,0
-9800,-510,12214,2967,0
-9799,-498,12217,2960,0
-9798,-504,12168,2960,0
-9810,-482,12183,2961,0
-9799,-510,12205,2978,0
-9833,-508,12219,2966,0
-9817,-497,12205,2966,0
-9814,-500,12220,2969,0
-9833,-508,12172,2964,0
-9808,-497,12222,2963,0
-9804,-516,12203,2963,0
-9788,-512,12188,2961,0
-9833,-512,12206,2968,0
-9812,-518,12160,2974,0
-9817,-527,12198,2967,0
-9805,-531,12220,2970,0
-9804,-535,12189,2963,0
-9811,-503,12208,2962,0
-9823,-512,12185,2978,0
-9808,-520,12172,2965,0
-9824,-504,12184,2958,0
-9832,-513,12199,2964,0
-9798,-515,12184,2964,0
-9800,-514,12170,2967,0
-9839,-511,12221,2980,0
-9795,-513,12221,2964,0
-9809,-530,12205,2962,0
-9806,-524,12207,2965,0
-9809,-524,12221,2965,0
-9820,-517,12213,2972,0
-9790,-509,12195,2967,0
-9806,-502,12169,2966,0
-9817,-506,12193,2965,0
-9814,-481,12188,2965,0
-9814,-509,12203,2969,0
-9817,-510,12193,2962,0
-9813,-522,12238,2965,0
-9821,-503,12207,2958,0
-9809,-510,12201,2972,0
-9802,-530,12233,2961,0
-9801,-513,12180,2969,0
-9806,-528,12182,2970,0
-9813,-497,12185,2958,0
-9818,-519,12187,2966,0
-9793,-530,12192,2963,0
-9828,-523,12187,2964,0
-9805,-520,12190,2962,0
-9798,-507,12203,2961,0
-9805,-523,12179,2963,0
-9799,-517,12205,2958,0
-9811,-509,12208,2956,0
-9816,-544,12197,2963,0
-9796,-504,12168,2960,0
-9822,-491,12191,2961,0
-9812,-524,12192,2962,0
-9815,-528,12181,2955,0
-9804,-517,12183,2969,0
-9796,-503,12191,2967,0
-9788,-516,12192,2961,0
-9791,-501,12162,2962,0
-9806,-530,12165,2968,0
-9805,-507,12163,2960,0
-9782,-528,12211,2964,0
-9784,-512,12217,2975,0
-9812,-502,12177,2964,0
-9797,-544,12180,2965,0
-9819,-506,12179,2959,0
-9797,-507,12217,2965,0
-9807,-493,12176,2964,0
-9810,-528,12237,2969,0
-9809,-520,12207,2957,0
-9811,-524,12161,2962,0
-9802,-501,12201,2972,0
-9792,-539,12185,2974,0
-9803,-512,12171,2963,0
-9794,-530,12199,2960,0
-9823,-512,12180,2969,0
-9810,-507,12169,2963,0
-9813,-508,12175,2968,0
-9803,-501,12173,2964,0
-9799,-511,12157,2966,0
-9814,-512,12198,2958,0
-9802,-499,12157,2959,0
-9815,-515,12171,2966,0
-9811,-498,12163,2961,0
-9805,-518,12210,2964,0
-9810,-487,12205,2959,0
-9829,-504,12183,2957,0
-9809,-489,12193,2961,0
-9810,-508,12224,2960,0
-9822,-514,12177,2955,0
-9818,-504,12165,2957,0
-9797,-502,12187,2957,0
-9805,-512,12207,2966,0
-9834,-512,12195,2955,0
-9805,-510,12207,2959,0
-9830,-513,12188,2952,0
-9803,-513,12190,2955,0
-9841,-505,12168,2959,0
-9816,-519,12190,2980,0
-9800,-522,12206,2961,0
-9803,-508,12235,2964,0
-9819,-509,12184,2960,0
-9822,-495,12175,2965,0
-9811,-510,12202,2957,0
-9846,-531,12223,2962,0
-9822,-524,12183,2953,0
-9823,-515,12183,2956,0
-9818,-529,12195,2960,0
-9797,-518,12176,2962,0
-9842,-509,12176,2957,0
-9823,-526,12198,2955,0
-9803,-517,12199,2957,0
-9791,-518,12199,2963,0
-9808,-527,12190,2962,0
-9796,-533,12199,2959,0
-9806,-516,12183,2955,0
-9805,-513,12217,2958,0
-9808,-510,12202,2962,0
-9813,-500,12192,2963,0
-9830,-509,12233,2958,0
-9817,-493,12187,2957,0
-9807,-532,12197,2956,0
-9816,-519,12210,2959,0
-9783,-514,12183,2964,0
-9807,-498,12180,2959,0
-9803,-514,12205,2956,0
-9823,-497,12172,2954,0
-9801,-523,12214,2960,0
-9792,-503,12183,2963,0
-9810,-520,12199,2960,0
-9826,-492,12205,2957,0
-9783,-510,12202,2960,0
-9816,-517,12241,2962,0
-9824,-515,12168,2962,0
-9813,-499,12200,2961,0
-9819,-507,12210,2960,0
-9812,-531,12205,2960,0
-9811,-487,12202,2963,0
-9819,-500,12144,2963,0
-9809,-521,12183,2957,0
-9824,-492,12206,2965,0
-9820,-498,12180,2960,0
-9813,-518,12187,2966,0
-9817,-510,12243,2966,0
-9830,-496,12179,2959,0
-9805,-527,12182,2959,0
-9814,-515,12213,2961,0
-9829,-514,12231,2964,0
-9803,-504,12169,2961,0
-9810,-505,12180,2954,0
-9828,-529,12191,2957,0
-9839,-505,12229,2958,0
-9810,-520,12189,2966,0
-9825,-521,12230,2959,0
-9780,-499,12187,2966,0
-9788,-506,12187,2962,0
-9803,-503,12172,2961,0
-9808,-505,12172,2961,0
-9797,-527,12192,2960,0
-9841,-526,12193,2952,0
-9812,-511,12192,2956,0
-9819,-496,12210,2959,0
-9811,-513,12168,2963,0
-9807,-503,12217,2960,0
-9808,-522,12186,2956,0
-9802,-515,12179,2957,0
-9800,-533,12191,2961,0
-9809,-505,12195,2960,0
-9794,-525,12184,2960,0
-9799,-504,12195,2960,0
-9808,-501,12171,2954,0
-9804,-511,12200,2966,0
-9800,-518,12213,2964,0
-9776,-507,12176,2960,0
-9794,-525,12208,2949,0
-9789,-497,12205,2955,0
-9816,-527,12210,2959,0
-9801,-512,12204,2966,0
-9820,-529,12230,2970,0
-9802,-507,12196,2956,0
-9814,-523,12197,2960,0
-9814,-499,12224,2964,0
-9815,-507,12174,2963,0
-9795,-523,12200,2961,0
-9821,-510,12209,2961,0
-9802,-515,12200,2956,0
-9785,-518,12171,2957,0
-9799,-522,12204,2960,0
-9801,-520,12204,2962,0
-9811,-514,12172,2966,0
-9817,-543,12212,2955,0
-9803,-507,12213,2957,0
-9824,-507,12210,2968,0
-9810,-512,12220,2962,0
-9809,-510,12199,2962,0
-9800,-487,12185,2955,0
-9785,-506,12193,2963,0
-9816,-501,12162,2960,0
-9819,-505,12191,2957,0
-9802,-497,12208,2955,0
-9826,-504,12226,2959,0
-9801,-521,12170,2958,0
-9816,-533,12190,2957,0
-9801,-506,12196,2959,0
-9818,-506,12166,2953,0
-9817,-519,12219,2962,0
-9786,-505,12195,2962,0
-9793,-484,12208,2971,0
-9817,-494,12164,2955,0
-9835,-507,12197,2956,0
-9823,-507,12182,2955,0
-9820,-509,12212,2960,0
-9839,-499,12203,2964,0
-9808,-503,12167,2962,0
-9793,-531,12214,2959,0
-9810,-516,12213,2960,0
-9824,-486,12217,2960,0
-9837,-514,12170,2962,0
-9794,-513,12183,2956,0
-9814,-512,12203,2954,0
-9829,-502,12210,2953,0
-9814,-501,12207,2961,0
-9807,-503,12230,2962,0
-9807,-527,12231,2953,0
-9800,-504,12190,2956,0
-9798,-511,12195,2959,0
-9807,-506,12197,2958,0
-9788,-496,12200,2958,0
-9827,-497,12172,2957,0
-9816,-492,12202,2963,0
-9787,-509,12203,2955,0
-9803,-519,12183,2957,0
-9825,-517,12212,2964,0
-9804,-518,12188,2956,0
-9790,-498,12180,2958,0
-9800,-503,12213,2953,0
-9806,-512,12202,2959,0
-9783,-499,12195,2956,0
-9824,-505,12206,2958,0
-9808,-509,12217,2952,0
-9808,-532,12191,2949,0
-9790,-505,12183,2955,0
-9798,-526,12194,2963,0
-9789,-542,12157,2959,0
-9813,-522,12209,2962,0
-9809,-504,12230,2958,0
-9814,-497,12160,2956,0
-9803,-489,12169,2960,0
-9794,-522,12216,2957,0
-9799,-518,12209,2961,0
-9797,-514,12187,2956,0
-9803,-519,12211,2953,0
-9802,-520,12191,2960,0
-9793,-515,12227,2956,0
-9799,-509,12209,2957,0
-9805,-514,12203,2958,0
-9814,-502,12212,2960,0
-9818,-528,12202,2962,0
-9813,-518,12216,2962,0
-9820,-498,12190,2958,0
-9818,-512,12168,2953,0
-9824,-524,12186,2957,0
-9806,-500,12220,2982,0
-9810,-499,12170,2961,0
-9803,-528,12197,2962,0
-9817,-517,12193,2957,0
-9807,-536,12184,2961,0
-9796,-511,12173,2987,0
-9807,-510,12179,2963,0
-9801,-516,12180,2964,0
-9807,-520,12202,2964,0
-9799,-502,12166,2963,0
-9799,-512,12218,2975,0
-9793,-503,12219,2974,0
-9795,-518,12159,2957,0
-9815,-530,12137,2962,0
-9822,-503,12203,2961,0
-9808,-501,12238,2965,0
-9809,-503,12190,2955,0
-9807,-519,12196,2960,0
-9804,-501,12161,2976,0
-9804,-517,12192,2959,0
-9804,-515,12201,2962,0
-9802,-519,12207,2969,0
-9802,-507,12175,2961,0
-9803,-506,12187,2955,0
-9801,-511,12189,2954,0
-9789,-516,12207,2962,0
-9788,-524,12204,2956,0
-9798,-509,12154,2959,0
-9814,-498,12198,2961,0
-9816,-519,12185,2955,0
-9811,-502,12208,2968,0
-9818,-522,12195,2960,0
-9796,-514,12184,2961,0
-9811,-505,12197,2961,0
-9807,-512,12192,2955,0
-9807,-519,12218,2968,0
-9827,-506,12256,2965,0
-9794,-504,12205,2966,0
-9801,-506,12173,2963,0
-9788,-516,12173,2961,0
-9829,-502,12188,2972,0
-9826,-521,12189,2962,0
-9820,-503,12191,2960,0
-9803,-502,12189,2961,0
-9809,-505,12187,2963,0
-9798,-528,12212,2967,0
-9798,-510,12181,2964,0
-9834,-521,12169,2965,0
-9788,-514,12212,2962,0
-9806,-517,12193,2971,0
-9809,-521,12190,2972,0
-9811,-491,12189,2973,0
-9799,-512,12195,2963,0
-9799,-504,12198,2962,0
-9789,-511,12182,2961,0
-9797,-504,12176,2969,0
-9805,-494,12213,2961,0
-9794,-492,12195,2968,0
-9818,-507,12210,2965,0
-9838,-489,12204,2963,0
-9805,-511,12169,2962,0
-9782,-518,12206,2965,0
-9808,-514,12156,2966,0
-9817,-509,12148,2960,0
-9806,-533,12190,2963,0
-9835,-508,12221,2964,0
-9816,-511,12188,2980,0
-9810,-532,12176,2961,0
-9796,-478,12169,2963,0
-9791,-514,12200,2959,0
-9810,-517,12182,2957,0
-9796,-518,12195,2960,0
-9793,-507,12173,2967,0
-9799,-490,12185,2983,0
-9812,-502,12246,2965,0
-9774,-494,12193,2977,0
-9815,-519,12205,2964,0
-9800,-499,12182,2960,0
-9788,-516,12189,2956,0
-9786,-507,12211,2964,0
-9790,-505,12185,2965,0
-9815,-506,12169,2958,0
-9821,-515,12189,2970,0
-9798,-517,12186,2966,0
-9814,-521,12202,2964,0
-9807,-529,12181,2965,0
-9813,-545,12195,2967,0
-9800,-514,12190,2965,0
-9806,-487,12238,2960,0
-9804,-519,12183,2979,0
-9813,-513,12167,2985,0
-9814,-505,12230,2972,0
-9830,-528,12199,2971,0
-9798,-533,12193,3000,0
-9797,-514,12180,2973,0
-9813,-515,12233,2968,0
-9802,-532,12213,2966,0
-9795,-513,12234,2955,0
-9824,-487,12185,2963,0
-9779,-512,12190,2964,0
-9794,-499,12212,2963,0
-9785,-542,12166,2963,0
-9831,-517,12196,2957,0
-9787,-498,12189,2959,0
-9801,-500,12200,2972,0
-9814,-531,12156,2966,0
-9807,-521,12182,2962,0
-9808,-506,12203,2960,0
-9795,-514,12203,2961,0
-9811,-510,12228,2962,0
-9800,-520,12211,2970,0
-9778,-494,12213,2966,0
-9812,-517,12207,2965,0
-9811,-523,12182,2966,0
-9815,-497,12215,2968,0
-9808,-529,12194,2968,0
-9792,-530,12179,2959,0
-9817,-536,12198,2960,0
-9803,-493,12166,2969,0
-9801,-520,12171,2966,0
-9797,-526,12208,2995,0
-9802,-512,12219,3000,0
-9827,-517,12175,2998,0
-9816,-545,12178,2988,0
-9815,-526,12208,2985,0
-9820,-510,12197,2974,0
-9811,-519,12196,2969,0
-9820,-506,12223,2968,0
-9804,-534,12189,2969,0
-9791,-517,12202,2969,0
-9825,-528,12195,2979,0
-9811,-516,12212,2964,0
-9817,-490,12185,2960,0
-9790,-539,12177,2960,0
-9805,-524,12206,2961,0
-9796,-512,12199,2975,0
-9776,-507,12185,2965,0
-9842,-532,12191,2961,0
-9797,-517,12201,2964,0
-9811,-522,12214,2969,0
-9801,-522,12175,2967,0
-9809,-522,12200,2964,0
-9800,-508,12198,2959,0
-9782,-529,12180,2961,0
-9807,-498,12195,2962,0
-9812,-523,12152,2969,0
-9815,-530,12217,2963,0
-9817,-521,12206,2978,0
-9821,-514,12194,2979,0
-9805,-500,12245,2997,0
-9808,-484,12231,2989,0
-9811,-517,12206,2987,0
-9827,-511,12224,2992,0
-9803,-515,12179,2984,0
-9803,-492,12196,2981,0
-9796,-511,12161,2979,0
-9813,-548,12201,2971,0
-9800,-499,12200,2973,0
-9798,-507,12186,2975,0
-9800,-506,12193,2980,0
-9789,-507,12185,2991,0
-9812,-520,12199,2986,0
-9806,-517,12188,2970,0
-9791,-515,12214,2963,0
-9800,-506,12191,2966,0
-9805,-543,12234,2971,0
-9803,-506,12193,2969,0
-9772,-512,12184,2966,0
-9801,-522,12204,2958,0
-9817,-533,12236,2958,0
-9808,-519,12231,2962,0
-9824,-501,12174,2977,0
-9797,-509,12174,2964,0
-9792,-503,12215,2960,0
-9809,-480,12160,2968,0
-9794,-531,12198,2972,0
-9798,-525,12188,2965,0
-9789,-536,12219,2995,0
-9799,-506,12199,2978,0
-9786,-530,12191,2964,0
-9836,-510,12197,2968,0
-9790,-521,12217,2968,0
-9823,-515,12185,2957,0
-9816,-504,12205,2965,0
-9818,-535,12197,2965,0
-9826,-525,12199,2964,0
-9808,-497,12184,2962,0
-9815,-499,12192,2962,0
-9816,-530,12226,2964,0
-9806,-517,12204,2984,0
-9788,-507,12201,2963,0
-9801,-516,12200,2968,0
-9798,-542,12177,2968,0
-9798,-529,12183,2966,0
-9812,-508,12195,2971,0
-9808,-489,12140,2967,0
-9780,-517,12208,2965,0
-9811,-514,12177,2963,0
-9819,-517,12186,2959,0
-9800,-532,12182,2964,0
-9799,-517,12214,2959,0
-9809,-515,12202,2962,0
-9811,-517,12195,2992,0
-9816,-504,12180,2974,0
-9790,-520,12205,2962,0
-9802,-520,12220,2962,0
-9803,-512,12226,2966,0
-9781,-525,12162,2958,0
-9786,-497,12221,2981,0
-9792,-532,12167,2969,0
-9805,-513,12179,2969,0
-9786,-515,12206,2995,0
-9794,-522,12205,2964,0
-9802,-527,12196,2967,0
-9813,-498,12183,2958,0
-9810,-521,12195,2964,0
-9823,-515,12215,2972,0
-9796,-526,12223,2958,0
-9791,-519,12201,2965,0
-9795,-517,12191,2966,0
-9798,-526,12173,2963,0
-9794,-501,12201,2960,0
-9821,-535,12182,2961,0
-9811,-510,12176,2988,0
-9821,-512,12165,2969,0
-9797,-512,12175,2969,0
-9804,-509,12177,2966,0
-9797,-505,12212,2967,0
-9806,-528,12210,2964,0
-9813,-507,12196,2968,0
-9785,-522,12167,2971,0
-9805,-536,12217,2966,0
-9801,-520,12198,2956,0
-9807,-531,12239,2959,0
-9804,-530,12217,2962,0
-9800,-496,12208,2967,0
-9795,-524,12182,2962,0
-9776,-507,12235,2962,0
-9784,-498,12196,2965,0
-9809,-522,12188,2964,0
-9798,-534,12222,2960,0
-9806,-524,12179,2962,0
-9816,-541,12186,2959,0
-9818,-532,12222,2963,0
-9799,-531,12203,2969,0
-9797,-491,12213,2972,0
-9773,-505,12189,2958,0
-9806,-515,12151,2958,0
-9817,-500,12207,2966,0
-9804,-536,12200,2963,0
-9816,-529,12196,2968,0
-9805,-524,12242,2963,0
-9789,-496,12175,2966,0
-9799,-518,12225,2986,0
-9817,-515,12201,2969,0
-9796,-506,12191,2969,0
-9807,-529,12198,2956,0
-9821,-507,12216,2955,0
-9786,-538,12190,2965,0
-9824,-507,12189,2966,0
-9801,-506,12166,2963,0
-9845,-516,12213,2961,0
-9796,-517,12196,2969,0
-9815,-515,12227,2992,0
-9811,-497,12194,3002,0
-9813,-541,12157,2996,0
-9812,-510,12170,2999,0
-9797,-494,12192,2997,0
-9795,-516,12214,3001,0
-9838,-512,12205,3006,0
-9802,-476,12160,2987,0
-9808,-534,12178,2976,0
-9811,-535,12190,2974,0
-9800,-513,12219,2964,0
-9810,-523,12209,2977,0
-9817,-536,12219,2971,0
-9798,-524,12209,2966,0
-9809,-511,12182,2970,0
-9801,-510,12166,2969,0
-9803,-517,12203,2971,0
-9785,-521,12171,2975,0
-9801,-513,12178,2968,0
-9795,-496,12198,2963,0
-9841,-519,12219,2970,0
-9809,-492,12235,2977,0
-9798,-515,12197,2971,0
-9804,-510,12202,2965,0
-9801,-512,12192,2963,0
-9795,-502,12210,2967,0
-9815,-491,12242,2976,0
-9776,-525,12207,2970,0
-9820,-511,12203,2975,0
-9814,-540,12209,2964,0
-9792,-530,12163,2971,0
-9788,-508,12209,2974,0
-9810,-522,12191,2962,0
-9806,-503,12187,2964,0
-9800,-513,12202,2960,0
-9812,-532,12202,2969,0
-9788,-510,12178,2970,0
-9815,-512,12171,2968,0
-9824,-500,12182,2969,0
-9817,-518,12185,2965,0
-9816,-491,12211,2963,0
-9818,-526,12166,2971,0
-9804,-513,12165,2971,0
-9792,-529,12177,2961,0
-9819,-521,12241,2974,0
-9809,-514,12158,2963,0
-9782,-499,12211,2972,0
-9806,-517,12215,2972,0
-9834,-527,12195,2977,0
-9810,-517,12201,2969,0
-9801,-499,12215,2964,0
-9824,-478,12217,2971,0
-9818,-514,12184,2990,0
-9790,-520,12225,2981,0
-9824,-504,12198,2961,0
-9817,-500,12180,2968,0
-9807,-523,12173,2981,0
-9793,-498,12207,2994,0
-9822,-509,12173,2970,0
-9821,-505,12205,2970,0
-9823,-507,12180,2990,0
-9794,-529,12165,2986,0
-9792,-517,12173,2965,0
-9790,-490,12189,2965,0
-9795,-518,12157,2960,0
-9810,-529,12202,2973,0
-9797,-507,12150,2964,0
-9819,-493,12176,2962,0
-9793,-497,12169,2966,0
-9799,-510,12208,2969,0
-9821,-522,12195,2978,0
-9802,-526,12213,2966,0
-9826,-500,12177,2967,0
-9817,-523,12186,2970,0
-9799,-517,12213,2968,0
-9787,-506,12189,2963,0
-9802,-499,12187,2963,0
-9806,-521,12209,2959,0
-9816,-522,12193,2957,0
-9780,-514,12201,2959,0
-9800,-478,12158,2957,0
-9815,-499,12195,2976,0
-9822,-511,12202,2960,0
-9805,-525,12203,2964,0
-9805,-511,12185,2965,0
-9800,-515,12213,2969,0
-9777,-545,12190,2967,0
-9797,-508,12221,2967,0
-9804,-516,12194,2972,0
-9814,-497,12206,2964,0
-9803,-531,12195,2961,0
-9815,-514,12205,2965,0
-9802,-498,12201,2970,0
-9796,-523,12200,2974,0
-9816,-500,12193,2971,0
-9801,-517,12192,2971,0
-9790,-494,12220,2969,0
-9796,-511,12175,2968,0
-9797,-501,12204,2987,0
-9806,-488,12182,2966,0
-9826,-501,12215,2968,0
-9791,-520,12186,2977,0
-9798,-533,12183,2971,0
-9822,-529,12222,2969,0
-9815,-528,12208,2966,0
-9827,-505,12209,2974,0
-9797,-519,12174,2976,0
-9831,-506,12191,2967,0
-9809,-516,12153,2968,0
-9806,-527,12172,2965,0
-9818,-519,12201,2968,0
-9813,-519,12208,2970,0
-9803,-521,12201,2967,0
-9827,-506,12201,2963,0
-9798,-504,12198,2967,0
-9793,-521,12214,2971,0
-9792,-529,12160,2972,0
-9809,-509,12200,2964,0
-9803,-493,12190,2970,0
-9811,-511,12183,2967,0
-9818,-518,12190,3003,0
-9820,-497,12182,3008,0
-9801,-519,12202,2996,0
-9792,-520,12162,2998,0
-9826,-509,12200,3013,0
-9815,-514,12171,2991,0
-9818,-516,12233,2999,0
-9800,-506,12212,2993,0
-9822,-511,12193,2990,0
-9820,-520,12170,2979,0
-9790,-503,12176,2980,0
-9816,-501,12209,2980,0
-9812,-515,12171,2981,0
-9803,-497,12205,2976,0
-9802,-496,12188,2977,0
-9795,-526,12212,2978,0
-9785,-529,12154,2983,0
-9812,-501,12173,2979,0
-9825,-506,12201,2973,0
-9810,-511,12197,2983,0
-9820,-500,12197,2989,0
-9795,-493,12221,2980,0
-9801,-503,12154,2980,0
-9807,-523,12241,2969,0
-9797,-511,12214,2976,0
-9824,-503,12214,2992,0
-9808,-519,12146,2989,0
-9800,-515,12193,2977,0
-9799,-532,12216,2970,0
-9801,-511,12172,2971,0
-9802,-512,12166,2971,0
-9822,-491,12209,2976,0
-9825,-509,12206,2978,0
-9804,-508,12182,2964,0
-9822,-499,12190,2974,0
-9801,-521,12176,2986,0
-9804,-530,12169,2967,0
-9802,-514,12227,2966,0
-9813,-492,12207,2965,0
-9799,-497,12182,2968,0
-9839,-515,12189,2968,0
-9791,-509,12169,2972,0
-9811,-522,12204,2966,0
-9813,-505,12191,2965,0
-9832,-513,12173,2967,0
-9817,-505,12193,2966,0
-9816,-519,12204,2975,0
-9797,-518,12204,2968,0
-9806,-514,12200,2969,0
-9794,-499,12172,2973,0
-9802,-511,12231,2971,0
-9809,-515,12192,2978,0
-9798,-527,12183,2977,0
-9791,-511,12204,2972,0
-9820,-518,12184,2967,0
-9810,-528,12166,2971,0
-9817,-532,12214,2986,0
-9794,-494,12217,2995,0
-9808,-493,12216,2975,0
-9785,-495,12214,2963,0
-9814,-507,12218,2975,0
-9799,-533,12207,2987,0
-9816,-506,12191,2980,0
-9822,-508,12200,2977,0
-9822,-537,12182,2987,0
-9797,-508,12202,2968,0
-9795,-505,12225,2971,0
-9812,-543,12193,2965,0
-9815,-525,12213,2964,0
-9808,-519,12206,2965,0
-9810,-518,12201,2966,0
-9815,-508,12226,2965,0
-9818,-515,12204,2966,0
-9801,-521,12202,2967,0
-9813,-536,12164,2967,0
-9788,-520,12257,2965,0
-9812,-521,12150,2973,0
-9807,-514,12189,2960,0
-9801,-526,12197,2960,0
-9786,-531,12192,2959,0
-9808,-503,12191,2958,0
-9795,-509,12203,2967,0
-9817,-541,12208,2960,0
-9788,-533,12238,2961,0
-9782,-527,12185,2961,0
-9808,-510,12169,2984,0
-9809,-521,12223,2990,0
-9797,-526,12205,2988,0
-9805,-494,12206,2982,0
-9824,-492,12200,2983,0
-9807,-513,12152,2982,0
-9826,-519,12179,2985,0
-9812,-495,12183,2981,0
-9815,-524,12211,2986,0
-9806,-512,12194,2982,0
-9812,-544,12208,2999,0
-9798,-522,12218,2984,0
-9806,-518,12184,2981,0
-9771,-540,12203,2976,0
-9811,-520,12161,2978,0
-9803,-490,12218,2987,0
-9825,-520,12208,2986,0
-9827,-511,12171,2982,0
-9787,-507,12213,2976,0
-9815,-500,12192,2979,0
-9809,-489,12224,2981,0
-9825,-507,12191,2993,0
-9832,-535,12175,2989,0
-9826,-498,12205,2976,0
-9817,-518,12202,2983,0
-9805,-523,12193,2982,0
-9805,-507,12187,2983,0
-9802,-538,12199,2981,0
-9808,-534,12223,2976,0
-9825,-522,12181,2969,0
-9807,-516,12194,2972,0
-9788,-501,12168,2964,0
-9786,-546,12191,2964,0
-9799,-506,12204,2966,0
-9812,-523,12205,2966,0
-9812,-522,12205,2958,0
-9827,-514,12203,2964,0
-9803,-500,12219,2953,0
-9838,-499,12203,2959,0
-9810,-530,12202,2964,0
-9811,-513,12205,2962,0
-9807,-536,12193,2984,0
-9798,-516,12187,2985,0
-9797,-521,12196,2983,0
-9824,-512,12159,2983,0
-9818,-506,12186,2984,0
-9804,-516,12218,2969,0
-9833,-519,12217,2961,0
-9816,-500,12204,2958,0
-9801,-495,12173,2959,0
-9808,-489,12182,2963,0
-9803,-502,12185,2962,0
-9817,-510,12226,2959,0
-9800,-525,12219,2969,0
-9819,-527,12200,2960,0
-9802,-509,12213,2957,0
-9832,-502,12184,2960,0
-9810,-515,12184,2993,0
-9794,-483,12152,2997,0
-9785,-509,12169,2989,0
-9817,-532,12185,2992,0
-9811,-518,12197,2987,0
-9834,-507,12202,2987,0
-9812,-499,12204,2990,0
-9802,-516,12174,2985,0
-9797,-519,12169,2980,0
-9823,-502,12186,2968,0
-9810,-499,12185,2960,0
-9805,-527,12205,2960,0
-9821,-521,12161,2965,0
-9799,-508,12183,2962,0
-9798,-503,12202,2957,0
-9811,-504,12181,2962,0
-9827,-524,12163,2964,0
-9800,-543,12182,2969,0
-9812,-519,12188,2969,0
-9794,-513,12189,2968,0
-9802,-506,12183,2967,0
-9799,-537,12174,2962,0
-9801,-514,12215,2961,0
-9802,-518,12196,2966,0
-9816,-508,12208,2966,0
-9829,-533,12211,2956,0
-9789,-510,12224,2959,0
-9810,-522,12210,2971,0
-9822,-516,12196,2965,0
-9817,-528,12187,2952,0
-9814,-533,12211,2960,0
-9807,-495,12233,2967,0
-9800,-525,12208,2963,0
-9812,-481,12196,2970,0
-9819,-513,12170,2969,0
-9832,-521,12192,2975,0
-9800,-528,12193,2962,0
-9810,-504,12214,2951,0
-9831,-508,12191,2967,0
-9803,-532,12254,2967,0
-9820,-511,12205,2967,0
-9813,-505,12215,2964,0
-9809,-508,12184,2962,0
-9790,-504,12148,2957,0
-9802,-535,12183,2987,0
-9793,-507,12200,2978,0
-9793,-513,12186,2963,0
-9797,-532,12189,2965,0
-9790,-503,12211,2971,0
-9807,-515,12184,2968,0
-9798,-511,12166,2965,0
-9818,-492,12191,2963,0
-9819,-527,12202,2968,0
-9813,-495,12205,2965,0
-9824,-520,12213,2973,0
-9785,-496,12218,2963,0
-9803,-494,12209,2958,0
-9793,-509,12186,2963,0
-9823,-495,12201,2970,0
-9829,-506,12174,2960,0
-9822,-508,12221,2963,0
-9814,-526,12185,2967,0
-9801,-548,12190,2961,0
-9811,-509,12175,2968,0
-9805,-505,12157,2969,0
-9818,-519,12191,2964,0
-9797,-508,12194,2963,0
-9804,-519,12204,2973,0
-9822,-519,12209,2969,0
-9804,-500,12164,2969,0
-9802,-502,12213,2971,0
-9797,-494,12197,2970,0
-9795,-498,12199,2969,0
-9786,-520,12219,2972,0
-9813,-512,12173,2965,0
-9789,-503,12157,2977,0
-9813,-538,12181,2965,0
-9805,-512,12197,2962,0
-9838,-504,12199,2975,0
-9823,-531,12174,2970,0
-9801,-492,12164,2970,0
-9820,-514,12199,2971,0
-9810,-509,12205,2982,0
-9816,-532,12162,2986,0
-9818,-533,12206,2972,0
-9802,-532,12197,2976,0
-9794,-516,12218,2970,0
-9801,-500,12174,2977,0
-9814,-506,12196,2999,0
-9796,-520,12192,2972,0
-9808,-511,12212,2974,0
-9810,-531,12179,2977,0
-9823,-528,12241,2972,0
-9817,-518,12212,2974,0
-9816,-515,12208,2975,0
-9814,-516,12223,2969,0
-9792,-503,12197,2971,0
-9804,-511,12212,2978,0
-9786,-512,12245,2975,0
-9800,-518,12228,2972,0
-9786,-487,12215,2975,0
-9809,-502,12174,2980,0
-9799,-523,12221,2975,0
-9821,-492,12203,2983,0
-9817,-521,12190,2974,0
-9822,-510,12184,2974,0
-9818,-499,12192,2970,0
-9835,-535,12212,2982,0
-9816,-518,12182,2979,0
-9842,-522,12186,2977,0
-9806,-494,12213,2980,0
-9801,-517,12216,3012,0
-9812,-504,12206,3031,0
-9796,-524,12245,3017,0
-9793,-520,12181,3011,0
-9801,-524,12168,3008,0
-9800,-522,12226,3005,0
-9801,-511,12210,3006,0
-9792,-503,12171,3012,0
-9801,-500,12228,3011,0
-9809,-512,12198,3005,0
-9796,-509,12159,3012,0
-9785,-507,12209,3006,0
-9813,-518,12208,3011,0
-9811,-512,12175,3009,0
-9806,-488,12175,3009,0
-9783,-512,12201,3012,0
-9804,-521,12213,3010,0
-9782,-493,12189,3013,0
-9798,-521,12184,3006,0
-9819,-507,12199,3009,0
-9815,-502,12216,3010,0
-9806,-510,12211,3013,0
-9808,-519,12186,3010,0
-9798,-503,12242,3012,0
-9805,-517,12208,3001,0
-9807,-514,12201,2999,0
-9795,-497,12185,3000,0
-9808,-521,12152,3003,0
-9792,-509,12178,3001,0
-9800,-518,12198,3001,0
-9810,-525,12190,3005,0
-9811,-514,12193,3001,0
-9791,-521,12178,3001,0
-9817,-504,12177,2994,0
-9798,-536,12181,2998,0
-9808,-517,12157,2989,0
-9795,-501,12157,2976,0
-9805,-519,12198,2979,0
-9799,-515,12189,2972,0
-9809,-523,12161,2971,0
-9792,-530,12187,2969,0
-9816,-520,12175,2970,0
-9818,-514,12209,2973,0
-9793,-520,12158,2970,0
-9804,-505,12185,2976,0
-9796,-505,12202,2972,0
-9805,-543,12194,2971,0
-9813,-534,12235,2975,0
-9807,-530,12169,2972,0
-9829,-519,12205,2965,0
-9791,-518,12180,2976,0
-9805,-510,12170,2975,0
-9811,-512,12215,2971,0
-9828,-495,12176,2976,0
-9840,-519,12185,2969,0
-9831,-504,12199,2977,0
-9802,-515,12202,2976,0
-9797,-519,12174,2977,0
-9814,-520,12183,2973,0
-9793,-517,12184,2983,0
-9762,-482,12129,2971,0
-9813,-532,12196,2976,0
-9812,-524,12266,2979,0
-9838,-441,12182,2968,0
-9841,-601,12258,2972,0
-9765,-496,12210,2975,0
-9802,-468,12151,2972,0
-9801,-590,12220,2976,0
-9791,-503,12208,2976,0
-9806,-456,12161,2974,0
-9806,-578,12244,2971,0
-9815,-481,12198,2974,0
-9821,-472,12172,2984,0
-9821,-558,12168,2969,0
-9799,-497,12210,2973,0
-9799,-523,12208,2991,0
-9781,-544,12206,2974,0
-9816,-524,12211,2980,0
-9835,-489,12184,2970,0
-9796,-531,12194,2973,0
-9817,-506,12185,2973,0
-9817,-490,12209,2977,0
-9827,-518,12176,2980,0
-9803,-522,12160,2979,0
-9780,-517,12189,2979,0
-9829,-520,12207,2970,0
-9801,-506,12196,2981,0
-9809,-530,12195,2975,0
-9799,-487,12209,2971,0
-9818,-515,12146,2977,0
-9810,-525,12187,2982,0
-9818,-497,12210,2974,0
-9791,-495,12189,2975,0
-9793,-530,12193,2972,0
-9815,-511,12163,2972,0
-9825,-509,12198,2974,0
-9797,-482,12218,2981,0
-9795,-505,12193,2974,0
-9811,-486,12187,2980,0
-9815,-515,12198,2971,0
-9806,-519,12196,2978,0
-9797,-524,12220,2974,0
-9820,-522,12209,2975,0
-9818,-501,12197,2969,0
-9816,-505,12214,2972,0
-9798,-534,12209,2972,0
-9807,-520,12234,2979,0
-9828,-508,12189,2977,0
-9782,-513,12174,2972,0
-9823,-525,12209,2976,0
-9796,-507,12174,2964,0
-9789,-519,12187,2977,0
-9812,-528,12189,2976,0
-9812,-521,12175,2972,0
-9819,-525,12209,2986,0
-9798,-523,12239,2977,0
-9794,-509,12188,2976,0
-9808,-506,12208,2978,0
-9807,-490,12185,2974,0
-9802,-514,12170,2968,0
-9818,-525,12212,2975,0
-9809,-508,12190,2975,0
-9809,-519,12208,2973,0
-9801,-496,12197,2986,0
-9810,-523,12187,2965,0
-9809,-503,12210,2977,0
-9781,-507,12221,2975,0
-9804,-510,12195,2981,0
-9803,-519,12186,2974,0
-9829,-484,12200,2974,0
-9819,-512,12194,2980,0
-9809,-499,12201,2978,0
-9817,-516,12173,2977,0
-9795,-519,12189,2972,0
-9814,-510,12182,2975,0
-9787,-518,12232,2991,0
-9825,-507,12206,2973,0
-9820,-504,12227,2973,0
-9821,-511,12221,2975,0
-9800,-489,12202,2975,0
-9811,-522,12185,2979,0
-9805,-504,12161,2994,0
-9806,-539,12166,2980,0
-9808,-504,12192,2980,0
-9806,-520,12203,2981,0
-9820,-502,12198,2977,0
-9806,-517,12194,2981,0
-9798,-528,12194,2984,0
-9809,-527,12195,2980,0
-9795,-523,12219,2973,0
-9823,-509,12228,2978,0
-9818,-507,12229,2978,0
-9808,-533,12206,2982,0
-9817,-529,12198,2979,0
-9818,-517,12170,2975,0
-9812,-510,12197,2981,0
-9802,-535,12176,2979,0
-9793,-520,12216,2982,0
-9813,-510,12233,2972,0
-9794,-497,12204,2971,0
-9789,-513,12263,2974,0
-9816,-516,12186,2992,0
-9811,-494,12181,2980,0
-9802,-535,12187,2973,0
-9804,-512,12187,2976,0
-9813,-528,12207,2975,0
-9814,-506,12217,2973,0
-9803,-530,12191,2981,0
-9796,-488,12206,2984,0
-9814,-505,12208,2984,0
-9824,-506,12182,2991,0
-9784,-509,12189,2994,0
-9812,-514,12181,2981,0
-9799,-502,12186,2974,0
-9802,-508,12184,2976,0
-9808,-523,12165,2967,0
-9813,-521,12173,2975,0
-9797,-510,12222,2995,0
-9805,-522,12192,2977,0
-9824,-531,12212,2974,0
-9806,-523,12192,2984,0
-9793,-531,12209,2977,0
-9800,-530,12189,2976,0
-9806,-535,12225,2988,0
-9815,-528,12200,2978,0
-9800,-494,12212,2979,0
-9796,-537,12218,2999,0
-9811,-506,12187,2978,0
-9820,-497,12227,2983,0
-9822,-504,12217,2978,0
-9836,-540,12185,2971,0
-9799,-504,12181,2982,0
-9806,-513,12201,2979,0
-9816,-518,12193,2984,0
-9825,-526,12213,2980,0
-9836,-484,12210,2980,0
-9815,-517,12175,2977,0
-9808,-530,12197,2976,0
-9807,-515,12231,2982,0
-9816,-534,12219,2975,0
-9814,-493,12173,2994,0
-9792,-510,12189,2983,0
-9803,-522,12171,2967,0
-9816,-541,12201,2974,0
-9808,-530,12197,2990,0
-9815,-519,12174,2984,0
-9815,-526,12196,2983,0
-9821,-507,12193,2976,0
-9812,-518,12178,2977,0
-9804,-524,12164,2975,0
-9778,-502,12204,2975,0
-9799,-515,12190,2977,0
-9807,-537,12203,2984,0
-9812,-522,12214,2982,0
-9798,-532,12207,2969,0
-9804,-510,12216,2979,0
-9798,-534,12194,2979,0
-9799,-530,12197,2979,0
-9825,-525,12188,2969,0
-9810,-522,12200,2983,0
-9808,-535,12216,2976,0
-9803,-502,12189,2982,0
-9796,-527,12190,2976,0
-9818,-525,12174,2976,0
-9819,-499,12187,2972,0
-9810,-531,12189,2975,0
-9815,-513,12165,2993,0
-9822,-499,12185,2981,0
-9824,-518,12219,2976,0
-9805,-525,12169,2972,0
-9796,-501,12181,2972,0
-9803,-505,12206,2982,0
-9808,-515,12185,2981,0
-9809,-515,12224,2974,0
-9822,-532,12189,2978,0
-9820,-531,12197,2974,0
-9799,-496,12200,2979,0
-9799,-511,12197,2969,0
-9803,-498,12216,2974,0
-9788,-518,12221,2973,0
-9774,-523,12202,2988,0
-9789,-516,12188,2968,0
-9798,-510,12158,2982,0
-9793,-511,12177,2976,0
-9809,-517,12205,2982,0
-9836,-500,12183,2975,0
-9822,-535,12197,2974,0
-9807,-520,12184,2976,0
-9797,-513,12228,2974,0
-9825,-533,12202,2972,0
-9802,-505,12221,2979,0
-9813,-495,12212,2979,0
-9797,-516,12179,2984,0
-9816,-526,12211,2973,0
-9800,-523,12206,2973,0
-9803,-536,12224,2978,0
-9802,-502,12182,2972,0
-9812,-501,12221,2972,0
-9803,-525,12195,2977,0
-9805,-524,12206,2976,0
-9804,-517,12199,2970,0
-9823,-524,12206,2970,0
-9811,-510,12244,2977,0
-9810,-494,12205,2976,0
-9793,-525,12213,2977,0
-9835,-538,12191,2975,0
-9831,-517,12213,2979,0
-9812,-512,12198,2977,0
-9777,-506,12205,2977,0
-9806,-506,12207,2973,0
-9814,-508,12211,2983,0
-9795,-507,12192,2976,0
-9812,-487,12190,2971,0
-9813,-520,12171,2971,0
-9800,-533,12186,2973,0
-9817,-512,12203,2976,0
-9817,-531,12230,2992,0
-9805,-549,12182,2996,0
-9805,-502,12196,2980,0
-9800,-521,12210,2983,0
-9804,-525,12204,2975,0
-9800,-481,12169,2980,0
-9816,-521,12165,2976,0
-9817,-530,12210,2971,0
-9829,-517,12205,2976,0
-9811,-520,12189,2973,0
-9827,-517,12219,2990,0
-9814,-485,12151,2985,0
-9813,-526,12189,2982,0
-9813,-504,12200,2973,0
-9825,-521,12193,2975,0
-9827,-501,12185,2973,0
-9782,-513,12209,2971,0
-9795,-507,12229,2978,0
-9818,-503,12203,2975,0
-9820,-466,12211,2976,0
-9793,-496,12176,2975,0
-9814,-511,12177,2973,0
-9815,-520,12183,2976,0
-9830,-496,12189,2973,0
-9792,-521,12226,2975,0
-9829,-521,12200,2982,0
-9822,-516,12216,2978,0
-9807,-515,12171,2971,0
-9809,-503,12198,2977,0
-9798,-514,12189,2977,0
-9791,-521,12195,2981,0
-9819,-534,12197,2974,0
-9805,-519,12230,2986,0
-9807,-507,12171,2975,0
-9838,-524,12208,2973,0
-9821,-510,12187,2980,0
-9814,-499,12198,2979,0
-9816,-491,12219,2974,0
-9819,-503,12178,2978,0
-9817,-514,12161,2979,0
-9805,-502,12165,2977,0
-9792,-509,12197,2972,0
-9809,-470,12186,2976,0
-9804,-495,12205,2979,0
-9826,-494,12221,2978,0
-9817,-542,12200,2985,0
-9816,-514,12201,2976,0
-9808,-515,12209,2980,0
-9810,-521,12202,2970,0
-9800,-493,12234,2971,0
-9822,-516,12231,2979,0
-9806,-540,12199,2976,0
-9790,-516,12202,2974,0
-9824,-513,12190,2965,0
-9831,-530,12217,2978,0
-9833,-508,12197,2982,0
-9798,-508,12188,2969,0
-9815,-500,12194,2973,0
-9811,-502,12224,2978,0
-9787,-517,12203,2974,0
-9805,-509,12219,2976,0
-9807,-534,12182,2975,0
-9805,-542,12210,2978,0
-9808,-529,12179,2970,0
-9831,-515,12156,2976,0
-9814,-529,12196,2974,0
-9792,-497,12210,2974,0
-9813,-503,12210,2969,0
-9796,-524,12203,2974,0
-9816,-499,12201,2973,0
-9801,-513,12230,2978,0
-9805,-498,12206,2976,0
-9784,-504,12208,2976,0
-9808,-515,12190,2976,0
-9820,-491,12189,2980,0
-9808,-505,12191,2977,0
-9817,-515,12200,2979,0
-9812,-516,12206,2975,0
-9782,-519,12195,2972,0
-9815,-518,12185,2974,0
-9827,-511,12217,2979,0
-9826,-492,12173,2973,0
-9805,-522,12205,2976,0
-9794,-512,12227,2973,0
-9803,-529,12195,2977,0
-9803,-509,12212,2975,0
-9781,-492,12201,2979,0
-9808,-498,12183,2982,0
-9808,-522,12206,2974,0
-9815,-481,12243,2977,0
-9818,-520,12198,2980,0
-9804,-525,12193,2985,0
-9818,-522,12202,2975,0
-9801,-495,12233,2972,0
-9810,-491,12211,2979,0
-9797,-518,12180,2972,0
-9811,-519,12211,2979,0
-9819,-513,12169,2976,0
-9800,-495,12178,2981,0
-9786,-533,12191,2980,0
-9805,-511,12180,2987,0
-9811,-525,12202,2983,0
-9820,-525,12198,2980,0
-9802,-513,12202,2986,0
-9828,-511,12236,2990,0
-9841,-532,12195,2980,0
-9818,-529,12198,2979,0
-9819,-499,12216,2983,0
-9816,-514,12218,2986,0
-9819,-499,12230,2980,0
-9809,-517,12193,2986,0
-9809,-527,12219,2979,0
-9817,-492,12181,2983,0
-9808,-475,12232,2982,0
-9814,-495,12203,2981,0
-9810,-519,12204,2989,0
-9807,-493,12215,2979,0
-9821,-516,12203,2978,0
-9799,-517,12190,2988,0
-9809,-514,12151,2979,0
-9812,-510,12181,2984,0
-9818,-523,12176,2982,0
-9799,-519,12173,2981,0
-9801,-498,12196,2989,0
-9792,-524,12195,2983,0
-9804,-512,12222,2985,0
-9810,-507,12224,2985,0
-9806,-505,12206,2978,0
-9783,-516,12212,2987,0
-9785,-528,12205,2989,0
-9824,-540,12198,2984,0
-9826,-526,12220,2983,0
-9812,-523,12185,2984,0
-9774,-528,12221,2984,0
-9805,-519,12185,2984,0
-9816,-519,12184,2989,0
-9805,-523,12188,2981,0
-9803,-518,12157,2985,0
-9809,-495,12224,2984,0
-9817,-509,12231,2980,0
-9789,-520,12164,2988,0
-9831,-525,12224,2981,0
-9808,-509,12192,2979,0
-9827,-506,12158,2981,0
-9812,-501,12171,2988,0
-9803,-515,12164,2986,0
-9809,-508,12217,2985,0
-9814,-518,12183,2984,0
-9802,-519,12186,2989,0
-9821,-522,12184,2986,0
-9797,-499,12196,2994,0
-9811,-497,12183,2987,0
-9821,-518,12188,2986,0
-9811,-507,12176,2980,0
-9810,-518,12169,2985,0
-9797,-501,12202,2990,0
-9824,-514,12201,2992,0
-9815,-532,12165,2991,0
-9790,-515,12203,2990,0
-9814,-514,12204,2985,0
-9808,-526,12210,2991,0
-9803,-493,12194,2997,0
-9821,-498,12211,2982,0
-9812,-508,12227,2992,0
-9822,-531,12222,2994,0
-9813,-514,12214,2995,0
-9813,-497,12218,2987,0
-9804,-518,12248,2989,0
-9790,-509,12207,2982,0
-9829,-518,12211,2989,0
-9813,-523,12212,2997,0
-9825,-506,12199,2987,0
-9803,-491,12226,2987,0
-9809,-515,12197,2989,0
-9799,-503,12209,2989,0
-9807,-517,12174,2994,0
-9801,-492,12202,2990,0
-9816,-503,12190,2986,0
-9795,-484,12208,2994,0
-9808,-508,12246,2993,0
-9797,-513,12206,2992,0
-9803,-517,12198,2993,0
-9801,-497,12179,2996,0
-9809,-477,12239,2993,0
-9807,-512,12178,2999,0
-9815,-523,12193,2990,0
-9809,-527,12184,2989,0
-9792,-533,12173,2992,0
-9794,-512,12174,2993,0
-9794,-515,12199,2992,0
-9807,-510,12187,2990,0
-9815,-504,12230,2994,0
-9796,-518,12210,2991,0
-9822,-505,12227,2996,0
-9833,-519,12198,3003,0
-9788,-516,12235,2997,0
-9811,-509,12196,2992,0
-9814,-504,12169,2991,0
-9789,-518,12237,2992,0
-9801,-486,12214,2991,0
-9813,-492,12190,2993,0
-9817,-515,12175,2992,0
-9808,-531,12205,2990,0
-9796,-519,12234,2992,0
-9789,-506,12202,2991,0
-9801,-525,12195,2996,0
-9830,-522,12202,2994,0
-9795,-496,12177,2990,0
-9806,-506,12188,2999,0
-9808,-504,12158,2998,0
-9815,-514,12205,2993,0
-9806,-492,12202,2997,0
-9808,-507,12177,2994,0
-9801,-500,12206,3009,0
-9833,-511,12231,2993,0
-9807,-516,12221,2991,0
-9820,-502,12206,2997,0
-9794,-491,12206,2994,0
-9816,-518,12188,2993,0
-9817,-520,12159,2999,0
-9810,-505,12207,2988,0
-9816,-521,12199,2993,0
-9815,-485,12224,2985,0
-9803,-501,12224,2988,0
-9824,-546,12221,2995,0
-9810,-536,12153,2992,0
-9848,-544,12179,2991,0
-9787,-496,12229,2995,0
-9815,-520,12203,2992,0
-9805,-544,12219,2999,0
-9800,-522,12222,2996,0
-9798,-519,12192,2987,0
-9824,-537,12192,2987,0
-9800,-504,12236,2988,0
-9807,-524,12203,2996,0
-9814,-521,12209,2995,0
-9789,-512,12198,2990,0
-9785,-518,12191,2994,0
-9816,-523,12205,3005,0
-9816,-518,12176,2997,0
-9810,-520,12223,2995,0
-9812,-536,12177,2997,0
-9807,-509,12170,2990,0
-9810,-501,12189,2992,0
-9807,-515,12209,2993,0
-9770,-523,12224,2993,0
-9797,-511,12185,2995,0
-9802,-537,12205,2992,0
-9790,-488,12206,2995,0
-9804,-505,12197,2997,0
-9797,-513,12197,2992,0
-9783,-505,12209,2995,0
-9797,-524,12213,2993,0
-9802,-538,12184,3001,0
-9795,-536,12209,2991,0
-9806,-516,12209,2990,0
-9806,-529,12212,2994,0
-9785,-510,12191,2994,0
-9807,-481,12195,3004,0
-9818,-486,12181,3001,0
-9819,-510,12204,2994,0
-9824,-509,12168,2998,0
-9806,-510,12163,2995,0
-9815,-504,12203,2991,0
-9795,-513,12195,3000,0
-9809,-521,12198,2999,0
-9787,-498,12223,2986,0
-9795,-512,12236,2993,0
-9821,-505,12195,2992,0
-9805,-506,12194,2998,0
-9812,-519,12189,2999,0
-9814,-505,12191,2992,0
-9823,-520,12195,2995,0
-9792,-526,12231,2990,0
-9815,-480,12216,2996,0
-9811,-496,12197,2990,0
-9807,-524,12196,2991,0
-9797,-518,12193,2985,0
-9801,-531,12177,2991,0
-9806,-512,12205,2992,0
-9818,-502,12185,2989,0
-9779,-515,12190,2989,0
-9799,-509,12188,2987,0
-9796,-517,12209,2994,0
-9810,-515,12203,2996,0
-9820,-510,12233,2992,0
-9804,-487,12159,2989,0
-9786,-512,12208,2989,0
-9821,-504,12188,2997,0
-9802,-525,12203,2995,0
-9816,-511,12202,2993,0
-9826,-504,12201,2995,0
-9806,-509,12214,2997,0
-9797,-533,12186,2992,0
-9809,-528,12201,2994,0
-9818,-520,12242,2993,0
-9811,-529,12206,2987,0
-9809,-517,12194,2996,0
-9799,-508,12192,2999,0
-9812,-508,12186,3007,0
-9804,-501,12199,2995,0
-9808,-506,12191,2998,0
-9782,-518,12192,2995,0
-9811,-509,12190,2991,0
-9810,-507,12200,2997,0
-9810,-510,12183,2999,0
-9800,-541,12189,2995,0
-9819,-498,12201,2989,0
-9807,-520,12211,2992,0
-9812,-507,12177,3006,0
-9799,-517,12212,2998,0
-9806,-514,12215,2997,0
-9812,-508,12183,2998,0
-9822,-523,12200,3003,0
-9800,-516,12196,3000,0
-9838,-499,12245,2996,0
-9800,-509,12164,2995,0
-9801,-512,12177,2995,0
-9831,-526,12208,2997,0
-9805,-510,12195,2999,0
-9793,-525,12184,3002,0
-9818,-511,12191,2998,0
-9811,-513,12192,2997,0
-9811,-531,12199,2999,0
-9813,-537,12189,2998,0
-9819,-514,12207,2979,0
-9806,-514,12236,2992,0
-9806,-504,12205,2994,0
-9789,-501,12176,3001,0
-9805,-521,12195,3010,0
-9819,-516,12177,2999,0
-9808,-511,12180,3004,0
-9804,-541,12194,2993,0
-9810,-548,12206,2996,0
-9804,-511,12185,2997,0
-9812,-497,12181,2997,0
-9824,-495,12154,2996,0
-9806,-509,12211,2993,0
-9814,-509,12173,2999,0
-9831,-522,12207,3002,0
-9816,-523,12201,2995,0
-9796,-484,12218,2993,0
-9812,-507,12188,3002,0
-9796,-522,12187,2998,0
-9808,-505,12177,2999,0
-9798,-516,12200,3001,0
-9801,-531,12206,2995,0
-9821,-526,12185,2988,0
-9823,-524,12178,2995,0
-9815,-511,12194,3001,0
-9781,-531,12150,2997,0
-9785,-525,12163,2990,0
-9817,-513,12164,2993,0
-9810,-527,12173,3004,0
-9791,-521,12211,2999,0
-9833,-539,12188,2989,0
-9819,-506,12187,2991,0
-9782,-509,12214,2997,0
-9792,-529,12209,2992,0
-9804,-504,12211,3000,0
-9811,-517,12210,2998,0
-9798,-513,12212,2995,0
-9782,-504,12218,2993,0
-9811,-506,12189,2998,0
-9828,-504,12193,3000,0
-9807,-510,12201,3005,0
-9816,-518,12210,3000,0
-9829,-501,12177,2984,0
-9814,-502,12190,2995,0
-9779,-519,12169,3000,0
-9834,-494,12211,2987,0
-9795,-530,12203,2994,0
-9800,-489,12196,3000,0
-9806,-526,12180,2997,0
-9803,-541,12195,3005,0
-9821,-508,12177,2997,0
-9809,-526,12201,2997,0
-9815,-533,12177,2994,0
-9806,-523,12204,2996,0
-9776,-514,12188,2997,0
-9810,-491,12169,2996,0
-9808,-512,12224,2998,0
-9808,-515,12203,2996,0
-9839,-493,12225,3000,0
-9812,-511,12205,3001,0
-9827,-500,12180,3000,0
-9810,-532,12205,2994,0
-9803,-526,12164,2995,0
-9814,-519,12208,2993,0
-9801,-519,12170,2995,0
-9789,-509,12212,3002,0
-9797,-515,12230,2996,0
-9796,-518,12206,2996,0
-9828,-509,12192,2996,0
-9811,-509,12229,3000,0
-9819,-502,12208,3000,0
-9819,-536,12200,2996,0
-9817,-526,12221,2998,0
-9817,-503,12178,2997,0
-9804,-521,12223,3005,0
-9808,-526,12211,3000,0
-9828,-500,12205,3001,0
-9818,-488,12216,3001,0
-9804,-519,12185,2995,0
-9805,-514,12211,3000,0
-9814,-496,12228,2999,0
-9799,-524,12212,3004,0
-9811,-506,12210,2997,0
-9807,-505,12201,2999,0
-9796,-507,12211,3004,0
-9827,-490,12207,2997,0
-9807,-494,12190,2999,0
-9807,-528,12188,3000,0
-9784,-523,12170,2994,0
-9823,-529,12219,3004,0
-9820,-509,12221,3003,0
-9802,-543,12166,2997,0
-9820,-531,12239,2999,0
-9797,-508,12173,2994,0
-9799,-518,12176,3000,0
-9797,-511,12183,3002,0
-9810,-513,12197,3002,0
-9800,-503,12172,3003,0
-9798,-518,12171,2997,0
-9814,-518,12238,3001,0
-9817,-526,12203,2998,0
-9812,-517,12211,2996,0
-9791,-510,12220,2995,0
-9820,-501,12185,2996,0
-9787,-516,12218,3002,0
-9807,-529,12226,3001,0
-9817,-512,12202,2996,0
-9794,-494,12207,2998,0
-9812,-505,12206,3001,0
-9814,-497,12201,3001,0
-9794,-497,12218,3000,0
-9798,-496,12185,2998,0
-9791,-520,12233,3003,0
-9816,-504,12197,3002,0
-9797,-487,12197,3001,0
-9805,-500,12182,2996,0
-9774,-508,12150,2995,0
-9821,-504,12227,2994,0
-9811,-505,12188,2997,0
-9801,-517,12200,3003,0
-9797,-499,12195,3005,0
-9821,-513,12194,3000,0
-9792,-522,12190,2994,0
-9798,-503,12194,2990,0
-9778,-538,12234,2996,0
-9808,-486,12221,2999,0
-9817,-530,12225,2997,0
-9810,-520,12197,2992,0
-9791,-500,12180,3001,0
-9819,-477,12201,3002,0
-9806,-494,12191,3001,0
-9801,-518,12206,2999,0
-9820,-527,12204,3005,0
-9825,-510,12185,3002,0
-9814,-516,12226,2996,0
-9809,-498,12188,2997,0
-9800,-520,12167,3003,0
-9811,-493,12180,3002,0
-9800,-535,12202,3002,0
-9805,-512,12215,3005,0
-9827,-519,12206,2996,0
-9789,-520,12244,3005,0
-9804,-510,12203,2995,0
-9796,-506,12189,3002,0
-9807,-534,12197,3004,0
-9818,-512,12199,2994,0
-9789,-524,12216,3002,0
-9839,-533,12206,3003,0
-9799,-535,12172,3001,0
-9797,-514,12255,2997,0
-9829,-513,12202,2990,0
-9822,-536,12169,2996,0
-9795,-523,12196,2993,0
-9803,-505,12198,2994,0
-9814,-510,12158,2996,0
-9814,-503,12184,2993,0
-9808,-516,12188,3001,0
-9836,-520,12208,2993,0
-9824,-508,12232,2999,0
-9812,-509,12193,2999,0
-9820,-506,12208,2993,0
-9833,-513,12226,2999,0
-9808,-529,12194,3000,0
-9810,-526,12177,2994,0
-9795,-512,12217,2997,0
-9800,-516,12175,2995,0
-9801,-521,12209,2996,0
-9803,-533,12199,3000,0
-9804,-506,12172,2992,0
-9800,-496,12177,3000,0
-9808,-491,12171,2997,0
-9823,-525,12215,2995,0
-9824,-521,12152,2998,0
-9805,-518,12192,2993,0
-9782,-513,12211,2999,0
-9819,-523,12166,2996,0
-9807,-514,12197,2992,0
-9822,-493,12197,2995,0
-9804,-515,12162,3001,0
-9813,-524,12180,2998,0
-9802,-505,12202,2999,0
-9796,-525,12222,2998,0
-9794,-533,12199,3001,0
-9810,-519,12204,2996,0
-9794,-506,12200,2997,0
-9821,-521,12209,2997,0
-9818,-515,12210,3000,0
-9802,-539,12192,3004,0
-9812,-493,12200,2998,0
-9806,-535,12205,3007,0
-9796,-517,12204,3003,0
-9813,-501,12219,2994,0
-9808,-511,12201,2995,0
-9801,-523,12203,2994,0
-9812,-515,12216,3000,0
-9809,-535,12153,2995,0
-9816,-532,12238,2998,0
-9820,-496,12211,2999,0
-9815,-527,12178,2994,0
-9819,-515,12192,2995,0
-9824,-502,12174,2995,0
-9792,-520,12218,2998,0
-9826,-522,12187,2995,0
-9819,-533,12172,3002,0
-9815,-511,12173,2995,0
-9810,-512,12176,2999,0
-9807,-511,12203,3000,0
-9794,-504,12175,2998,0
-9816,-517,12188,3000,0
-9803,-503,12214,2998,0
-9813,-514,12185,2996,0
-9797,-522,12215,2997,0
-9792,-506,12257,3001,0
-9803,-519,12221,2997,0
-9808,-502,12208,3000,0
-9804,-509,12189,2995,0
-9818,-505,12155,2997,0
-9820,-502,12181,2996,0
-9799,-530,12183,3002,0
-9808,-506,12199,3002,0
-9827,-525,12216,2997,0
-9824,-521,12192,2995,0
-9809,-537,12199,2996,0
-9810,-507,12213,3001,0
-9807,-513,12192,3000,0
-9802,-531,12178,3004,0
-9804,-526,12202,2991,0
-9834,-528,12166,2998,0
-9831,-508,12215,3006,0
-9811,-494,12207,3002,0
-9801,-514,12176,3004,0
-9805,-515,12202,2999,0
-9829,-508,12201,3002,0
-9807,-505,12167,3000,0
-9825,-503,12160,3003,0
-9814,-520,12193,3021,0
-9790,-530,12211,2997,0
-9803,-502,12193,2999,0
-9781,-512,12186,3000,0
-9796,-517,12184,3004,0
-9801,-507,12198,3003,0
-9802,-518,12194,2992,0
-9809,-523,12188,3001,0
-9823,-526,12207,2993,0
-9815,-522,12204,3005,0
-9796,-526,12213,3001,0
-9811,-509,12228,2999,0
-9797,-500,12213,2999,0
-9814,-487,12227,3003,0
-9798,-515,12180,3002,0
-9802,-511,12164,3003,0
-9809,-519,12201,2989,0
-9818,-509,12205,3002,0
-9775,-520,12183,3002,0
-9781,-519,12206,3002,0
-9799,-512,12216,2996,0
-9790,-496,12204,2995,0
-9819,-521,12224,3004,0
-9799,-508,12201,3000,0
-9788,-508,12221,3000,0
-9792,-539,12192,3005,0
-9806,-494,12175,3003,0
-9816,-504,12181,3002,0
-9805,-501,12195,3001,0
-9799,-511,12190,3005,0
-9787,-519,12183,3001,0
-9812,-517,12202,3006,0
-9810,-508,12211,3000,0
-9801,-511,12206,3001,0
-9818,-499,12212,3000,0
-9803,-518,12184,3001,0
-9805,-533,12184,2999,0
-9786,-501,12161,3001,0
-9828,-519,12187,2995,0
-9801,-515,12208,3003,0
-9799,-493,12200,2999,0
-9814,-507,12193,3003,0
-9800,-506,12207,2995,0
-9813,-507,12175,3001,0
-9802,-513,12184,2996,0
-9822,-523,12182,2999,0
-9803,-500,12187,2999,0
-9827,-499,12200,3000,0
-12026,-1683,9706,3057,2
-9557,301,9927,3083,2
-10784,172,15377,3074,2
-11443,-1587,9076,3075,2
-9538,495,10443,3089,2
-11251,-168,15412,3075,2
-10854,-1390,8644,3073,2
-9553,594,11207,3090,2
-11713,-426,15156,3072,2
-10018,-1149,8365,3074,2
-9616,673,11786,3088,2
-12204,-937,14798,3070,2
-9244,-862,8139,3080,2
-9462,869,12509,3092,2
-12690,-1254,14281,3069,2
-8613,-715,8224,3078,2
-9359,1029,13208,3091,2
-12914,-1472,13668,3062,2
-8250,-508,8387,3078,2
-9366,1105,13853,3089,2
-13113,-1695,12913,3067,2
-8205,-327,8584,3089,2
-9490,1077,14386,3092,2
-13064,-1789,12123,3065,2
-8241,-158,8893,3081,2
-9692,945,14721,3080,2
-12897,-1835,11340,3061,2
-8404,95,9118,3080,2
-10015,806,15091,3083,2
-12731,-1870,10532,3066,2
-8688,254,9481,3091,2
-10358,631,15261,3079,2
-12167,-1713,9897,3066,2
-9121,379,9863,3079,2
-10743,367,15350,3070,2
-11705,-1615,9270,3063,2
-9479,462,10350,3090,2
-11253,21,15312,3076,2
-10968,-1463,8827,3076,2
-9544,573,10995,3090,2
-11619,-303,15175,3076,2
-10221,-1293,8518,3075,2
-9640,667,11649,3082,2
-12034,-648,14776,3067,2
-9402,-1003,8218,3078,2
-9561,749,12385,3093,2
-12580,-1087,14335,3075,2
-8577,-768,8278,3082,2
-9450,999,13025,3094,2
-12852,-1362,13761,3079,2
-8134,-528,8369,3076,2
-9471,1000,13710,3085,2
-13170,-1600,12932,3064,2
-7758,-275,8640,3079,2
-9626,1104,14168,3089,2
-13090,-1756,12283,3063,2
-7869,-125,8905,3089,2
-9762,1038,14663,3090,2
-13046,-1844,11419,3065,2
-8144,89,9148,3082,2
-10088,909,14962,3079,2
-12715,-1877,10683,3063,2
-8558,207,9407,3084,2
-10327,695,15254,3088,2
-12273,-1758,10025,3070,2
-8988,393,9819,3088,2
-10744,412,15353,3074,2
-11757,-1641,9337,3062,2
-9258,538,10314,3084,2
-11255,60,15343,3070,2
-11012,-1464,8851,3068,2
-9428,629,10902,3081,2
-11684,-320,15196,3071,2
-10275,-1294,8477,3075,2
-9378,821,11586,3089,2
-12137,-676,14826,3073,2
-9567,-1127,8287,3074,2
-9492,871,12296,3084,2
-12486,-981,14359,3071,2
-8761,-855,8248,3073,2
-9422,962,12996,3093,2
-12879,-1340,13790,3075,2
-8181,-588,8381,3077,2
-9430,1103,13582,3097,2
-13096,-1561,13114,3063,2
-8017,-413,8604,3078,2
-9557,1136,14111,3079,2
-13036,-1659,12364,3060,2
-8170,-286,8805,3079,2
-9726,1014,14629,3088,2
-12967,-1752,11547,3068,2
-8176,-24,9100,3094,2
-10009,965,14819,3086,2
-12730,-1851,10854,3063,2
-8491,201,9373,3077,2
-10275,744,15197,3078,2
-12424,-1781,10149,3054,2
-8816,363,9778,3083,2
-10674,527,15269,3072,2
-11828,-1689,9526,3071,2
-9226,477,10242,3088,2
-11100,243,15295,3078,2
-11133,-1492,8976,3066,2
-9581,503,10795,3082,2
-11641,-203,15163,3071,2
-10285,-1303,8635,3062,2
-9343,807,11488,3082,2
-12063,-530,14847,3079,2
-9703,-1183,8394,3079,2
-9409,919,12118,3085,2
-12478,-892,14458,3068,2
-8900,-872,8312,3071,2
-9338,996,12850,3082,2
-12875,-1249,13938,3069,2
-8328,-681,8441,3082,2
-9400,1176,13439,3087,2
-12987,-1382,13218,3071,2
-8092,-464,8608,3077,2
-9527,1156,14040,3091,2
-13167,-1628,12509,3062,2
-7899,-225,8858,3070,2
-9659,1122,14503,3083,2
-12995,-1784,11754,3061,2
-8169,-67,9127,3079,2
-9923,1010,14866,3094,2
-12823,-1807,10865,3059,2
-8483,175,9355,3086,2
-10294,810,15163,3080,2
-12345,-1776,10132,3055,2
-8888,321,9774,3075,2
-10710,503,15343,3073,2
-11830,-1710,9503,3066,2
-9023,578,10263,3093,2
-11179,213,15371,3083,2
-11240,-1607,8957,3072,2
-9265,674,10891,3089,2
-11583,-85,15172,3076,2
-10455,-1384,8610,3066,2
-9422,781,11538,3084,2
-12046,-516,14852,3074,2
-9582,-1133,8308,3068,2
-9425,899,12268,3094,2
-12580,-974,14394,3068,2
-8815,-880,8313,3076,2
-9365,1096,12944,3090,2
-12796,-1203,13820,3066,2
-8453,-746,8420,3074,2
-9428,1144,13540,3084,2
-13017,-1470,13136,3068,2
-7964,-454,8579,3078,2
-9562,1143,14074,3093,2
-13126,-1626,12422,3067,2
-7722,-185,8856,3082,2
-9703,1135,14577,3083,2
-13107,-1857,11665,3065,2
-8038,10,9105,3077,2
-9930,1011,15004,3080,2
-12892,-1874,10791,3065,2
-8430,246,9414,3088,2
-10305,844,15226,3090,2
-12371,-1809,10162,3063,2
-8814,393,9754,3081,2
-10629,522,15454,3085,2
-11912,-1700,9442,3059,2
-9219,518,10266,3082,2
-11171,214,15339,3075,2
-11118,-1562,8920,3062,2
-9441,608,10782,3091,2
-11516,-146,15228,3082,2
-10357,-1355,8539,3074,2
-9534,706,11476,3091,2
-12104,-598,14934,3069,2
-9509,-1086,8273,3066,2
-9455,888,12181,3084,2
-12557,-1014,14528,3070,2
-8830,-868,8160,3074,2
-9370,1061,12887,3089,2
-12837,-1296,14016,3077,2
-8309,-661,8315,3079,2
-9401,1164,13554,3083,2
-13092,-1495,13233,3066,2
-8106,-535,8508,3070,2
-9509,1214,14080,3092,2
-13050,-1646,12446,3076,2
-7842,-177,8738,3077,2
-9676,1088,14661,3094,2
-13154,-1881,11626,3071,2
-7814,88,9081,3077,2
-9926,1033,15030,3088,2
-12939,-1939,10877,3073,2
-8360,288,9360,3079,2
-10247,870,15280,3076,2
-12389,-1855,10102,3070,2
-9057,359,9695,3095,2
-10610,519,15460,3090,2
-11884,-1765,9338,3063,2
-9188,547,10286,3084,2
-11155,177,15449,3076,2
-11207,-1628,8878,3056,2
-9343,739,10795,3086,2
-11553,-171,15320,3085,2
-10394,-1327,8458,3064,2
-9461,765,11587,3091,2
-12127,-579,14927,3083,2
-9539,-1123,8209,3069,2
-9483,944,12268,3090,2
-12478,-969,14531,3071,2
-8896,-891,8093,3063,2
-9400,1054,13047,3087,2
-12857,-1288,13901,3078,2
-8229,-638,8234,3074,2
-9448,1132,13702,3092,2
-13089,-1568,13202,3075,2
-8025,-472,8456,3074,2
-9550,1182,14269,3086,2
-13097,-1709,12416,3070,2
-7891,-181,8732,3071,2
-9676,1104,14724,3092,2
-13094,-1796,11608,3073,2
-8103,-44,9027,3080,2
-9948,1039,15056,3094,2
-12822,-1915,10781,3074,2
-8593,186,9270,3079,2
-10214,791,15344,3080,2
-12408,-1813,10040,3063,2
-8763,407,9695,3073,2
-10629,539,15510,3086,2
-11920,-1771,9429,3074,2
-9242,482,10157,3087,2
-11009,242,15512,3095,2
-11313,-1612,8821,3062,2
-9530,623,10709,3088,2
-11475,-103,15354,3087,2
-10493,-1342,8411,3062,2
-9525,711,11451,3083,2
-12005,-580,15049,3077,2
-9736,-1179,8117,3074,2
-9529,881,12166,3091,2
-12408,-922,14616,3082,2
-9083,-928,8055,3068,2
-9357,1042,12959,3082,2
-12750,-1230,14071,3073,2
-8588,-782,8164,3071,2
-9402,1165,13629,3088,2
-12934,-1501,13339,3070,2
-8252,-561,8303,3074,2
-9466,1209,14203,3083,2
-13090,-1695,12504,3071,2
-7860,-223,8596,3079,2
-9628,1107,14659,3080,2
-13151,-1908,11802,3065,2
-8072,-7,8935,3071,2
-9826,1020,15075,3093,2
-12955,-1913,10868,3075,2
-8366,232,9240,3082,2
-10216,810,15345,3091,2
-12564,-1902,10118,3070,2
-8579,454,9733,3076,2
-10535,572,15527,3095,2
-12019,-1808,9427,3068,2
-9174,516,10065,3080,2
-11011,173,15592,3089,2
-11399,-1612,8787,3075,2
-9457,602,10724,3097,2
-11496,-150,15386,3088,2
-10530,-1393,8425,3068,2
-9571,734,11421,3081,2
-11954,-567,15127,3081,2
-9751,-1164,8073,3060,2
-9526,835,12156,3088,2
-12481,-930,14628,3084,2
-9026,-970,7993,3070,2
-9441,1064,12883,3091,2
-12713,-1240,14135,3076,2
-8494,-723,8070,3074,2
-9446,1106,13597,3090,2
-13020,-1512,13377,3069,2
-7958,-511,8275,3070,2
-9545,1140,14138,3089,2
-13205,-1742,12604,3076,2
-7668,-192,8589,3074,2
-9681,1127,14694,3092,2
-13191,-1892,11835,3069,2
-7758,62,8927,3072,2
-9883,993,15066,3085,2
-13052,-1930,10918,3067,2
-8085,230,9239,3070,2
-10278,844,15305,3092,2
-12560,-1906,10164,3068,2
-8428,497,9651,3080,2
-10570,569,15608,3092,2
-12173,-1826,9427,3063,2
-9048,532,10100,3078,2
-11006,232,15588,3080,2
-11422,-1630,8802,3063,2
-9354,617,10644,3080,2
-11453,-113,15472,3090,2
-10629,-1406,8421,3072,2
-9469,801,11369,3098,2
-11972,-574,15230,3086,2
-9862,-1134,8051,3070,2
-9451,911,12118,3081,2
-12483,-929,14714,3084,2
-9041,-944,7996,3067,2
-9456,1094,12837,3092,2
-12770,-1306,14235,3079,2
-8492,-690,7997,3079,2
-9374,1171,13621,3085,2
-13100,-1523,13385,3079,2
-7970,-512,8278,3062,2
-9615,1171,14119,3084,2
-13074,-1685,12615,3069,2
-7858,-278,8537,3066,2
-9651,1100,14693,3083,2
-13095,-1820,11792,3081,2
-7925,-28,8865,3079,2
-9911,1010,15089,3086,2
-12863,-1902,10871,3071,2
-8421,180,9171,3073,2
-10168,792,15389,3081,2
-12470,-1862,10078,3067,2
-8865,340,9551,3083,2
-10533,497,15563,3094,2
-11880,-1686,9325,3071,2
-9240,397,10110,3081,2
-11075,122,15616,3086,2
-11221,-1531,8718,3071,2
-9496,597,10678,3083,2
-11569,-339,15507,3089,2
-10403,-1231,8264,3061,2
-9562,718,11458,3087,2
-12136,-626,15153,3093,2
-9564,-1079,8047,3059,2
-9528,901,12142,3087,2
-12547,-997,14759,3085,2
-8875,-811,7920,3058,2
-9473,1034,12900,3081,2
-12957,-1371,14202,3079,2
-8174,-584,8017,3064,2
-9401,1139,13617,3086,2
-13203,-1598,13440,3085,2
-7934,-455,8234,3070,2
-9528,1168,14220,3095,2
-13230,-1749,12615,3069,2
-7712,-169,8567,3066,2
-9638,1024,14777,3079,2
-13290,-1922,11754,3071,2
-7541,116,8994,3079,2
-9918,1002,15140,3087,2
-13105,-2024,10947,3074,2
-7901,332,9329,3073,2
-10248,825,15449,3082,2
-12681,-1917,10075,3063,2
-8486,513,9712,3076,2
-10601,580,15576,3082,2
-12066,-1816,9365,3074,2
-8962,554,10147,3088,2
-11019,189,15619,3097,2
-11483,-1664,8727,3068,2
-9371,647,10725,3086,2
-11447,-129,15487,3090,2
-10649,-1472,8328,3063,2
-9487,744,11468,3082,2
-11955,-518,15123,3079,2
-9781,-1147,7969,3067,2
-9549,880,12131,3092,2
-12509,-993,14699,3093,2
-8990,-861,7851,3067,2
-9379,1038,12988,3087,2
-12905,-1337,14101,3083,2
-8396,-696,8031,3062,2
-9439,1165,13649,3079,2
-13013,-1549,13403,3075,2
-7936,-451,8223,3070,2
-9551,1100,14278,3092,2
-13228,-1706,12524,3081,2
-7657,-193,8596,3067,2
-9719,1055,14743,3084,2
-13181,-1933,11723,3071,2
-8157,-27,8878,3068,2
-9834,988,15147,3095,2
-12839,-1864,10758,3079,2
-8538,160,9189,3078,2
-10240,729,15467,3091,2
-12448,-1812,9981,3069,2
-8967,354,9627,3063,2
-10628,380,15601,3087,2
-11925,-1737,9183,3062,2
-8944,640,10239,3077,2
-11162,64,15666,3098,2
-11396,-1589,8632,3076,2
-9307,678,10923,3083,2
-11567,-261,15499,3084,2
-10582,-1372,8208,3070,2
-9403,818,11554,3077,2
-11989,-611,15199,3089,2
-9887,-1152,7911,3060,2
-9504,847,12256,3081,2
-12467,-983,14690,3087,2
-8976,-873,7841,3079,2
-9448,1003,13056,3090,2
-12828,-1327,14100,3083,2
-8274,-633,7977,3061,2
-9452,1077,13694,3079,2
-13147,-1652,13360,3092,2
-9576,1078,14388,3085,2
-7775,-353,8206,3067,2
-13334,-1845,12524,3078,2
-7793,-213,8593,3070,2
-9677,1107,14843,3089,2
-13035,-1865,11629,3070,2
-8143,-22,8857,3070,2
-9927,841,15259,3080,2
-12871,-1870,10683,3075,2
-8297,257,9293,3068,2
-10322,738,15493,3083,2
-12394,-1829,9900,3079,2
-8800,458,9676,3073,2
-10675,385,15723,3084,2
-11903,-1701,9100,3063,2
-9203,550,10268,3071,2
-11269,30,15608,3081,2
-11066,-1487,8530,3068,2
-9505,620,10891,3076,2
-11728,-385,15459,3095,2
-10284,-1260,8081,3069,2
-9489,836,11666,3083,2
-12154,-749,15118,3095,2
-9543,-1041,7817,3066,2
-9597,869,12479,3078,2
-12617,-1081,14532,3083,2
-8582,-775,7828,3055,2
-9544,994,13206,3085,2
-12921,-1413,13908,3088,2
-8119,-542,7979,3065,2
-9538,1067,13922,3084,2
-13208,-1641,13121,3084,2
-7665,-300,8339,3061,2
-9608,1140,14477,3083,2
-13241,-1869,12303,3084,2
-7889,-161,8663,3067,2
-9803,1005,14966,3091,2
-13024,-1851,11408,3079,2
-7932,83,8996,3073,2
-10067,888,15255,3085,2
-12852,-1930,10490,3068,2
-8215,316,9385,3058,2
-10449,689,15545,3075,2
-12332,-1823,9739,3071,2
-8737,493,9837,3065,2
-10840,315,15702,3088,2
-11761,-1683,9034,3082,2
-9033,679,10395,3073,2
-11331,30,15578,3090,2
-11034,-1499,8512,3060,2
-9498,654,10941,3073,2
-11721,-336,15424,3086,2
-10220,-1255,8120,3079,2
-9456,825,11698,3077,2
-12302,-804,15093,3102,2
-9455,-1010,7916,3064,2
-9469,1021,12551,3076,2
-12556,-1015,14536,3084,2
-8883,-896,7872,3055,2
-9468,1027,13232,3081,2
-12874,-1372,13842,3089,2
-8190,-603,8067,3075,2
-9435,1145,13935,3083,2
-13074,-1611,13028,3086,2
-7929,-350,8333,3061,2
-9612,1110,14525,3083,2
-13190,-1864,12236,3078,2
-7797,-111,8671,3054,2
-9756,1057,15013,3077,2
-13129,-1987,11338,3095,2
-8047,82,9054,3060,2
-10047,901,15274,3089,2
-12815,-1944,10471,3074,2
-8209,407,9422,3065,2
-10454,605,15618,3078,2
-12371,-1820,9652,3064,2
-8490,558,9981,3061,2
-10853,276,15674,3087,2
-11853,-1752,8994,3078,2
-8955,714,10414,3071,2
-11277,-15,15670,3089,2
-11158,-1504,8417,3072,2
-9295,785,11096,3070,2
-11784,-421,15438,3082,2
-10229,-1251,8024,3074,2
-9363,875,11880,3073,2
-12272,-881,15120,3091,2
-9539,-1033,7804,3071,2
-9405,1073,12609,3080,2
-12673,-1197,14542,3094,2
-8877,-825,7829,3065,2
-9437,1068,13392,3077,2
-12957,-1453,13785,3089,2
-7937,-514,8003,3054,2
-9546,1141,13966,3085,2
-13178,-1691,13029,3088,2
-7785,-297,8328,3069,2
-9570,1103,14595,3093,2
-13315,-1923,12202,3079,2
-7861,-98,8660,3055,2
-9790,986,15016,3076,2
-13004,-1891,11214,3073,2
-7757,185,9103,3054,2
-10117,801,15363,3081,2
-12880,-1946,10352,3083,2
-8211,470,9480,3064,2
-10398,621,15664,3086,2
-12420,-1895,9558,3076,2
-8980,461,9955,3065,2
-10820,337,15714,3085,2
-11660,-1720,8833,3069,2
-9170,696,10554,3081,2
-11362,-26,15602,3085,2
-10895,-1453,8306,3080,2
-9401,747,11346,3069,2
-11905,-506,15329,3082,2
-10056,-1230,7946,3057,2
-9576,821,12080,3072,2
-12375,-895,14834,3083,2
-9084,-931,7794,3065,2
-9386,1085,12895,3080,2
-12789,-1213,14244,3089,2
-8603,-806,7929,3070,2
-9442,1121,13660,3078,2
-13014,-1602,13419,3080,2
-8117,-527,8149,3062,2
-9526,1121,14340,3076,2
-13195,-1787,12535,3093,2
-7663,-151,8516,3065,2
-9675,1127,14852,3089,2
-13100,-1837,11568,3086,2
-8157,-40,8900,3056,2
-10009,839,15298,3079,2
-12890,-1913,10597,3077,2
-8117,378,9344,3064,2
-10284,696,15603,3087,2
-12489,-1832,9744,3086,2
-8717,494,9810,3070,2
-10819,294,15756,3085,2
-11821,-1712,8972,3068,2
-8961,701,10411,3064,2
-11290,-52,15717,3081,2
-11121,-1511,8396,3069,2
-9121,857,11188,3077,2
-11772,-345,15439,3091,2
-10361,-1294,7988,3077,2
-9479,857,11871,3067,2
-12214,-828,15076,3087,2
-9458,-1010,7758,3058,2
-9477,966,12706,3075,2
-12657,-1188,14408,3091,2
-8653,-793,7821,3077,2
-9410,1075,13510,3071,2
-12896,-1509,13652,3090,2
-8294,-641,8066,3070,2
-9519,1089,14156,3072,2
-13097,-1694,12808,3079,2
-7854,-301,8354,3060,2
-9597,1114,14737,3079,2
-13073,-1801,11845,3097,2
-8138,-126,8705,3065,2
-9847,976,15140,3090,2
-12823,-1865,10813,3084,2
-8501,124,9110,3057,2
-10157,731,15536,3072,2
-12507,-1774,9911,3078,2
-8933,358,9594,3062,2
-10611,395,15709,3089,2
-11910,-1671,9077,3088,2
-9343,437,10184,3075,2
-11160,-12,15730,3091,2
-11183,-1478,8413,3070,2
-9527,642,10875,3062,2
-11668,-363,15565,3084,2
-10331,-1227,7937,3077,2
-9561,715,11767,3076,2
-12229,-858,15134,3093,2
-9363,-993,7700,3076,2
-9602,871,12540,3070,2
-12691,-1200,14593,3081,2
-8654,-730,7707,3065,2
-9495,993,13418,3071,2
-13007,-1485,13740,3085,2
-7985,-521,7987,3064,2
-9566,1102,14060,3083,2
-13164,-1760,12966,3094,2
-7757,-254,8285,3062,2
-9619,1065,14727,3076,2
-13211,-1872,12015,3081,2
-7779,-56,8697,3061,2
-9877,965,15165,3078,2
-13014,-1944,11053,3092,2
-8107,136,9077,3079,2
-10112,791,15482,3081,2
-12703,-1872,10178,3083,2
-8527,378,9475,3057,2
-10568,464,15715,3083,2
-12198,-1713,9373,3075,2
-8898,559,10044,3058,2
-11003,145,15769,3093,2
-11510,-1594,8697,3075,2
-9205,680,10581,3067,2
-11468,-195,15725,3086,2
-10771,-1355,8147,3072,2
-9495,765,11357,3059,2
-11949,-567,15411,3082,2
-9991,-1187,7822,3064,2
-9575,795,12023,3069,2
-12373,-973,14983,3088,2
-9090,-866,7635,3076,2
-9572,968,12845,3071,2
-12793,-1313,14365,3084,2
-8435,-711,7727,3069,2
-9463,1065,13614,3068,2
-13059,-1567,13633,3082,2
-8061,-543,8014,3067,2
-9564,1122,14192,3084,2
-13159,-1800,12786,3090,2
-7882,-274,8338,3069,2
-9643,1003,14836,3079,2
-13218,-1870,11825,3078,2
-7562,61,8788,3058,2
-9950,949,15203,3077,2
-13020,-1973,10913,3092,2
-8115,223,9195,3061,2
-10206,688,15584,3090,2
-12682,-1857,9954,3093,2
-8427,484,9668,3065,2
-10650,463,15734,3079,2
-12102,-1810,9241,3079,2
-9007,616,10154,3059,2
-11081,61,15846,3082,2
-11437,-1583,8484,3083,2
-9225,754,10809,3066,2
-11626,-291,15660,3092,2
-10631,-1300,7984,3073,2
-9445,832,11617,3060,2
-12102,-682,15292,3081,2
-9785,-1117,7716,3068,2
-9491,962,12337,3068,2
-12532,-1104,14759,3089,2
-9012,-871,7667,3075,2
-9448,1026,13224,3062,2
-12924,-1386,14008,3088,2
-8307,-635,7871,3066,2
-9506,1097,13940,3068,2
-13091,-1716,13194,3082,2
-7822,-391,8130,3067,2
-9647,1110,14550,3068,2
-13292,-1830,12240,3094,2
-7626,-63,8561,3078,2
-9787,919,15076,3079,2
-13253,-1929,11343,3094,2
-7712,171,9065,3062,2
-10048,874,15467,3075,2
-12944,-1949,10422,3088,2
-8292,358,9387,3064,2
-10419,603,15716,3087,2
-12451,-1825,9517,3086,2
-8566,549,9937,3071,2
-10841,271,15801,3074,2
-11812,-1682,8799,3078,2
-9238,609,10427,3054,2
-11379,-120,15833,3079,2
-11042,-1419,8163,3075,2
-9319,790,11262,3064,2
-11900,-553,15521,3093,2
-10177,-1189,7820,3077,2
-9563,839,11942,3071,2
-12347,-933,15152,3078,2
-9309,-914,7614,3069,2
-9499,991,12758,3062,2
-12778,-1317,14464,3085,2
-8500,-658,7688,3071,2
-9474,1010,13596,3076,2
-13158,-1668,13677,3085,2
-7792,-420,7958,3075,2
-9605,1116,14268,3079,2
-13346,-1818,12781,3082,2
-7471,-162,8327,3064,2
-9701,1017,14825,3070,2
-13295,-1885,11846,3090,2
-7624,27,8779,3067,2
-9963,941,15186,3086,2
-13017,-1982,10963,3091,2
-8084,222,9106,3063,2
-10199,768,15582,3077,2
-12664,-1830,9970,3091,2
-8614,349,9569,3067,2
-10670,486,15684,3086,2
-11992,-1786,9216,3094,2
-9039,458,10051,3065,2
-11079,29,15847,3086,2
-11484,-1587,8575,3073,2
-9216,709,10695,3057,2
-11604,-223,15691,3079,2
-10654,-1361,8094,3067,2
-9394,844,11404,3060,2
-12120,-706,15421,3090,2
-9921,-1152,7748,3085,2
-9479,980,12138,3069,2
-12517,-1043,15003,3078,2
-9129,-872,7612,3068,2
-9490,1078,12918,3064,2
-12924,-1354,14378,3081,2
-8382,-700,7762,3064,2
-9492,1161,13602,3058,2
-13061,-1573,13609,3089,2
-7986,-489,7985,3073,2
-9589,1065,14283,3070,2
-13302,-1829,12730,3092,2
-7672,-247,8341,3067,2
-9737,1066,14803,3072,2
-13224,-1902,11868,3085,2
-7616,26,8764,3066,2
-9941,898,15246,3080,2
-13046,-1979,10885,3093,2
-8044,219,9166,3066,2
-10262,752,15604,3073,2
-12664,-1884,9941,3088,2
-8420,476,9682,3056,2
-10709,528,15708,3079,2
-11995,-1777,9196,3082,2
-9089,570,10123,3063,2
-11085,14,15874,3087,2
-11454,-1569,8403,3092,2
-9379,648,10820,3061,2
-11684,-243,15629,3087,2
-10489,-1385,7983,3077,2
-9522,826,11517,3062,2
-12101,-708,15356,3080,2
-9769,-1131,7660,3079,2
-9560,916,12353,3072,2
-12568,-1090,14803,3090,2
-8884,-864,7610,3079,2
-9556,988,13159,3063,2
-12872,-1384,14105,3082,2
-8255,-605,7790,3069,2
-9547,1098,13921,3080,2
-13145,-1676,13310,3083,2
-7875,-405,8095,3076,2
-9650,1084,14530,3067,2
-13229,-1858,12363,3088,2
-7655,-159,8504,3070,2
-9826,988,15050,3071,2
-13160,-1943,11477,3081,2
-7785,88,8899,3067,2
-10064,868,15423,3076,2
-12930,-1915,10443,3084,2
-8042,333,9373,3073,2
-10525,648,15672,3074,2
-12489,-1852,9605,3084,2
-8421,625,9907,3063,2
-10849,365,15831,3082,2
-11952,-1709,8846,3077,2
-8999,665,10419,3065,2
-11299,-60,15813,3079,2
-11123,-1476,8229,3097,2
-9390,739,11043,3075,2
-11822,-413,15590,3086,2
-10233,-1232,7839,3081,2
-9582,819,11841,3058,2
-12282,-893,15166,3075,2
-9365,-991,7576,3076,2
-9613,950,12659,3066,2
-12733,-1260,14602,3086,2
-8542,-742,7640,3082,2
-9528,1080,13443,3069,2
-13056,-1574,13861,3085,2
-8130,-571,7836,3075,2
-9589,1115,14191,3072,2
-13161,-1750,12976,3082,2
-7750,-392,8228,3072,2
-9745,1077,14651,3071,2
-13159,-1898,12066,3089,2
-7518,-26,8656,3075,2
-9933,920,15168,3073,2
-13122,-2025,11138,3085,2
-7933,185,9048,3069,2
-10197,864,15500,3072,2
-12802,-1932,10241,3081,2
-8219,391,9501,3069,2
-10523,601,15687,3075,2
-12296,-1858,9471,3097,2
-8750,555,9942,3073,2
-10947,241,15805,3078,2
-11700,-1689,8671,3087,2
-9006,727,10566,3057,2
-11412,-117,15709,3076,2
-11032,-1530,8192,3083,2
-9366,780,11257,3067,2
-11947,-480,15493,3097,2
-10212,-1274,7795,3097,2
-9458,915,12095,3064,2
-12476,-850,14922,3082,2
-9149,-1022,7721,3074,2
-9582,975,12801,3059,2
-12770,-1283,14404,3086,2
-8297,-661,7777,3086,2
-9550,1039,13566,3065,2
-13183,-1562,13565,3088,2
-7744,-470,8025,3079,2
-9630,1125,14212,3065,2
-13266,-1796,12764,3077,2
-7394,-185,8473,3071,2
-9784,1141,14776,3066,2
-13266,-1916,11844,3087,2
-7697,-38,8840,3077,2
-9955,1019,15163,3071,2
-13035,-1919,10880,3088,2
-7975,227,9245,3064,2
-10325,785,15468,3073,2
-12604,-1906,10098,3083,2
-8339,446,9701,3068,2
-10671,552,15627,3074,2
-12118,-1790,9281,3089,2
-8961,478,10191,3073,2
-11107,191,15682,3080,2
-11320,-1629,8615,3086,2
-9353,636,10794,3067,2
-11641,-240,15559,3076,2
-10515,-1388,8150,3084,2
-9351,848,11569,3054,2
-12130,-579,15206,3084,2
-9871,-1197,7904,3096,2
-9472,967,12326,3071,2
-12522,-928,14692,3088,2
-8952,-962,7823,3078,2
-9527,1007,13048,3062,2
-12856,-1279,14109,3077,2
-8204,-639,7914,3086,2
-9495,1079,13785,3063,2
-13182,-1592,13257,3094,2
-7648,-419,8216,3083,2
-9706,1142,14376,3071,2
-13204,-1818,12448,3080,2
-7635,-191,8573,3073,2
-9800,1093,14883,3062,2
-13140,-1854,11504,3078,2
-7781,32,8922,3076,2
-10099,944,15219,3066,2
-12839,-1874,10572,3090,2
-8129,290,9361,3073,2
-10349,716,15542,3067,2
-12473,-1879,9763,3081,2
-8476,526,9879,3064,2
-10845,463,15683,3070,2
-11882,-1785,9043,3090,2
-9073,536,10393,3067,2
-11279,28,15680,3083,2
-11093,-1552,8426,3094,2
-9280,757,11050,3067,2
-11801,-302,15509,3081,2
-10336,-1322,8008,3081,2
-9328,945,11855,3056,2
-12277,-696,15146,3080,2
-9686,-1200,7782,3093,2
-9450,1094,12566,3069,2
-12546,-1078,14625,3094,2
-8881,-899,7773,3082,2
-9459,1140,13393,3062,2
-12976,-1345,13858,3082,2
-8107,-616,7984,3074,2
-9558,1163,14011,3058,2
-13191,-1644,13050,3087,2
-7792,-427,8244,3076,2
-9711,1173,14592,3065,2
-13221,-1817,12174,3087,2
-7460,-99,8745,3076,2
-9903,989,15045,3064,2
-13149,-1919,11232,3076,2
-7539,141,9142,3066,2
-10170,882,15401,3066,2
-12905,-1951,10413,3083,2
-8117,414,9457,3071,2
-10381,736,15676,3067,2
-12385,-1854,9551,3082,2
-8663,496,9973,3072,2
-10959,369,15698,3073,2
-11749,-1761,8846,3093,2
-9077,585,10483,3062,2
-11396,-79,15724,3075,2
-10987,-1488,8287,3090,2
-9236,818,11193,3069,2
-11890,-336,15390,3076,2
-10188,-1320,7990,3092,2
-9411,951,11912,3058,2
-12326,-830,15102,3078,2
-9403,-1075,7772,3080,2
-9456,1143,12660,3065,2
-12717,-1121,14538,3078,2
-8841,-925,7803,3092,2
-9438,1160,13435,3064,2
-12924,-1307,13774,3087,2
-8204,-664,8019,3078,2
-9634,1106,14018,3062,2
-13119,-1636,12962,3079,2
-7647,-356,8302,3081,2
-9748,1091,14626,3066,2
-13287,-1839,12073,3091,2
-7332,-28,8788,3076,2
-9967,1014,15029,3070,2
-13178,-1992,11247,3083,2
-7658,169,9118,3069,2
-10137,941,15446,3061,2
-12923,-1926,10394,3079,2
-8237,338,9473,3063,2
-10483,677,15652,3072,2
-12356,-1831,9642,3094,2
-8501,544,9995,3073,2
-12054,-1805,9277,3076,2
-8789,568,10167,3077,2
-11135,120,15817,3065,2
-11527,-1643,8582,3071,2
-9065,774,10813,3084,2
-11656,-164,15595,3068,2
-10726,-1471,8135,3073,2
-9360,829,11507,3088,2
-12052,-504,15313,3073,2
-9948,-1275,7843,3080,2
-9509,987,12217,3083,2
-12491,-930,14892,3061,2
-9095,-960,7695,3076,2
-9567,1022,12992,3079,2
-12861,-1289,14244,3063,2
-8245,-735,7818,3080,2
-9532,1188,13638,3081,2
-13046,-1507,13551,3066,2
-8068,-580,8041,3087,2
-9623,1228,14258,3074,2
-13130,-1644,12635,3059,2
-7839,-383,8454,3083,2
-9795,1088,14728,3077,2
-13085,-1863,11835,3069,2
-7633,-8,8802,3085,2
-9967,957,15215,3087,2
-13097,-1985,10924,3071,2
-7823,228,9254,3080,2
-10290,872,15535,3063,2
-12652,-1900,10067,3066,2
-8367,392,9636,3079,2
-10578,608,15727,3073,2
-12158,-1834,9366,3067,2
-8663,594,10112,3082,2
-11071,271,15750,3073,2
-11646,-1755,8706,3071,2
-9118,701,10636,3079,2
-11463,-71,15661,3060,2
-10844,-1511,8192,3069,2
-9430,731,11356,3083,2
-11954,-445,15377,3065,2
-10102,-1308,7874,3077,2
-9430,965,12057,3096,2
-12364,-866,15026,3063,2
-9345,-1127,7745,3082,2
-9521,1075,12833,3077,2
-12670,-1180,14376,3053,2
-8659,-863,7814,3079,2
-9491,1142,13503,3084,2
-13021,-1443,13640,3059,2
-7986,-580,8000,3084,2
-9671,1188,14158,3074,2
-13137,-1659,12742,3067,2
-7717,-368,8374,3082,2
-9759,1116,14751,3085,2
-13185,-1915,11910,3057,2
-7534,-8,8774,3076,2
-10031,995,15204,3081,2
-13104,-1979,10955,3067,2
-7690,200,9289,3084,2
-10324,841,15455,3081,2
-12643,-1893,10051,3065,2
-8241,448,9662,3077,2
-10662,569,15736,3068,2
-12123,-1790,9256,3063,2
-8645,573,10236,3087,2
-11176,199,15750,3070,2
-11537,-1683,8601,3076,2
-9051,758,10757,3096,2
-11532,-204,15653,3071,2
-10742,-1440,8070,3069,2
-9373,785,11535,3075,2
-12142,-558,15345,3059,2
-9807,-1206,7748,3075,2
-9634,906,12260,3090,2
-12591,-1071,14871,3070,2
-8976,-956,7631,3076,2
-9505,1127,13065,3086,2
-12796,-1244,14227,3063,2
-8282,-702,7752,3082,2
-9609,1076,13750,3073,2
-13178,-1540,13430,3063,2
-7641,-422,8170,3081,2
-9732,1117,14357,3076,2
-13240,-1764,12519,3063,2
-7271,-50,8505,3086,2
-9820,1034,14946,3082,2
-13355,-1994,11653,3055,2
-7572,53,8915,3072,2
-10092,1014,15266,3075,2
-12854,-1910,10687,3055,2
-8144,207,9201,3085,2
-10332,786,15619,3076,2
-12494,-1878,9841,3069,2
-8296,520,9823,3083,2
-10887,456,15660,3065,2
-12068,-1842,9089,3059,2
-8679,658,10348,3080,2
-11305,147,15717,3074,2
-11354,-1676,8521,3080,2
-9038,835,10996,3085,2
-11691,-178,15591,3076,2
-10495,-1387,8075,3077,2
-9392,830,11742,3081,2
-12264,-716,15182,3059,2
-9687,-1209,7821,3065,2
-9453,1084,12484,3081,2
-12602,-1063,14722,3062,2
-8917,-947,7769,3076,2
-9448,1182,13286,3088,2
-12921,-1254,13933,3072,2
-8292,-736,8004,3072,2
-9605,1166,13865,3078,2
-13085,-1500,13050,3060,2
-7692,-418,8260,3075,2
-9725,1106,14465,3082,2
-13257,-1820,12236,3074,2
-7411,-58,8645,3084,2
-9866,1030,15018,3082,2
-13202,-1950,11331,3062,2
-7496,107,9094,3078,2
-10211,929,15331,3079,2
-12788,-1907,10424,3062,2
-8106,333,9476,3087,2
-10497,649,15698,3073,2
-12344,-1816,9594,3069,2
-8431,523,9996,3088,2
-11030,370,15687,3075,2
-11793,-1774,8871,3062,2
-8968,698,10463,3078,2
-11378,-34,15732,3066,2
-11067,-1488,8257,3063,2
-9247,792,11164,3077,2
-11941,-320,15502,3069,2
-10245,-1308,7911,3079,2
-9302,1000,11883,3085,2
-12396,-869,15128,3068,2
-9413,-1108,7714,3073,2
-9549,1026,12709,3079,2
-12767,-1180,14555,3066,2
-8359,-728,7745,3070,2
-9507,1164,13443,3088,2
-13173,-1487,13835,3069,2
-8086,-640,7963,3089,2
-9544,1300,14057,3087,2
-13117,-1619,12962,3067,2
-7777,-394,8250,3079,2
-9750,1140,14656,3075,2
-13270,-1906,12078,3057,2
-7584,-64,8678,3081,2
-9934,1028,15095,3081,2
-13108,-1963,11130,3064,2
-7761,161,9098,3088,2
-10229,908,15464,3085,2
-12764,-1945,10245,3061,2
-8232,316,9502,3074,2
-10606,653,15691,3079,2
-12197,-1810,9463,3064,2
-8530,507,10075,3081,2
-11127,306,15726,3077,2
-11716,-1805,8802,3066,2
-8871,742,10629,3078,2
-11512,-41,15604,3063,2
-10814,-1490,8208,3067,2
-9425,714,11327,3081,2
-11974,-405,15346,3063,2
-9927,-1246,7844,3073,2
-9582,842,12054,3090,2
-12493,-950,15004,3075,2
-9189,-1021,7633,3068,2
-9478,992,12940,3085,2
-12847,-1228,14340,3062,2
-8079,-661,7781,3076,2
-9589,1102,13609,3088,2
-13126,-1548,13564,3069,2
-7781,-523,8059,3074,2
-9677,1111,14309,3093,2
-13180,-1720,12593,3063,2
-7461,-301,8445,3083,2
-9873,1016,14835,3075,2
-13237,-1910,11730,3056,2
-7341,73,8875,3081,2
-10032,981,15245,3090,2
-13033,-1917,10894,3069,2
-7865,232,9238,3093,2
-10371,826,15573,3085,2
-12624,-1869,9987,3049,2
-8242,460,9756,3083,2
-10803,536,15739,3076,2
-12184,-1886,9261,3054,2
-8403,702,10308,3082,2
-11239,186,15787,3073,2
-11524,-1674,8559,3063,2
-9078,740,10852,3087,2
-11683,-224,15658,3064,2
-10592,-1427,8099,3063,2
-9154,994,11587,3080,2
-12126,-542,15328,3064,2
-9882,-1182,7758,3064,2
-9511,958,12357,3088,2
-12616,-1035,14853,3072,2
-8960,-945,7655,3076,2
-9443,1155,13167,3084,2
-12923,-1329,14198,3067,2
-8200,-727,7800,3061,2
-9535,1183,13820,3078,2
-13180,-1602,13379,3063,2
-7657,-403,8087,3075,2
-9684,1191,14434,3082,2
-13359,-1808,12453,3071,2
-7376,-161,8539,3083,2
-9917,1117,14875,3080,2
-13176,-1952,11575,3058,2
-7697,13,8892,3074,2
-10061,947,15305,3084,2
-12912,-1876,10648,3064,2
-7646,410,9344,3086,2
-10430,756,15664,3093,2
-12717,-1902,9819,3073,2
-8138,577,9887,3086,2
-10762,494,15765,3080,2
-12172,-1874,9073,3060,2
-8814,641,10237,3075,2
-11261,135,15801,3075,2
-11328,-1641,8426,3062,2
-9073,759,10909,3083,2
-11734,-232,15600,3076,2
-10614,-1453,8056,3064,2
-9327,936,11641,3084,2
-12152,-557,15305,3073,2
-9784,-1207,7755,3071,2
-9480,980,12407,3078,2
-12574,-954,14772,3069,2
-8931,-1005,7715,3067,2
-9564,1079,13139,3087,2
-12853,-1304,14086,3081,2
-8206,-699,7839,3069,2
-9580,1169,13890,3083,2
-13186,-1566,13260,3060,2
-7864,-524,8155,3072,2
-9736,1189,14428,3083,2
-13135,-1733,12356,3071,2
-7563,-235,8523,3074,2
-9893,1038,14980,3098,2
-13135,-1931,11483,3063,2
-7515,31,8984,3080,2
-10177,915,15335,3078,2
-13037,-1975,10585,3062,2
-7596,393,9429,3079,2
-10447,821,15638,3087,2
-12627,-1929,9824,3064,2
-8230,572,9938,3088,2
-10868,536,15717,3090,2
-12003,-1801,8967,3068,2
-8931,577,10394,3080,2
-11335,7,15777,3072,2
-11198,-1613,8313,3058,2
-9077,817,11040,3074,2
-11856,-265,15556,3078,2
-10389,-1344,7929,3065,2
-9367,930,11827,3092,2
-12352,-738,15240,3074,2
-9532,-1153,7670,3064,2
-9613,944,12616,3089,2
-12701,-1145,14643,3068,2
-8560,-891,7715,3063,2
-9622,1119,13346,3083,2
-12970,-1381,13933,3070,2
-8093,-645,7869,3079,2
-9622,1143,14031,3090,2
-13173,-1557,12984,3070,2
-7677,-432,8243,3067,2
-9811,1133,14585,3076,2
-13135,-1820,12113,3061,2
-7449,-103,8668,3077,2
-10010,959,15118,3084,2
-13165,-1941,11181,3064,2
-7453,150,9105,3074,2
-10279,931,15443,3084,2
-12846,-1951,10321,3057,2
-7997,387,9509,3073,2
-10580,601,15733,3082,2
-12287,-1830,9525,3062,2
-8287,586,10091,3080,2
-11078,365,15730,3084,2
-11817,-1796,8820,3066,2
-8858,744,10542,3086,2
-11450,5,15729,3093,2
-10935,-1559,8190,3059,2
-9287,748,11276,3086,2
-11983,-410,15459,3075,2
-10204,-1345,7859,3056,2
-9361,984,12018,3091,2
-12360,-799,15057,3080,2
-9421,-1098,7686,3087,2
-9539,1058,12804,3084,2
-12806,-1283,14605,3075,2
-8640,-825,7695,3063,2
-9481,1197,13539,3080,2
-13042,-1333,13721,3074,2
-7846,-574,7943,3074,2
-9692,1103,14062,3095,2
-13293,-1697,12975,3075,2
-7346,-284,8272,3082,2
-9769,1097,14654,3076,2
-13387,-1948,12080,3071,2
-7089,49,8811,3068,2
-10030,1120,15169,3083,2
-13278,-2006,11172,3065,2
-7559,189,9187,3075,2
-10275,1003,15400,3087,2
-12746,-1850,10244,3066,2
-8303,289,9519,3074,2
-10615,560,15741,3084,2
-12208,-1814,9439,3062,2
-8409,550,10097,3074,2
-11123,309,15737,3082,2
-11681,-1754,8761,3067,2
-8731,827,10677,3093,2
-11530,-159,15761,3090,2
-11026,-1488,8175,3065,2
-9047,932,11442,3088,2
-12093,-408,15459,3080,2
-10068,-1240,7832,3061,2
-9497,956,12115,3080,2
-12525,-934,15050,3077,2
-9092,-1011,7665,3068,2
-9540,1082,12879,3087,2
-12938,-1288,14447,3075,2
-8317,-742,7718,3067,2
-9515,1194,13643,3079,2
-13180,-1474,13629,3073,2
-7857,-591,8000,3056,2
-9676,1172,14204,3088,2
-13259,-1716,12782,3078,2
-7345,-203,8320,3075,2
-9821,1110,14858,3085,2
-13405,-1944,11865,3070,2
-7352,-7,8826,3076,2
-10074,1085,15192,3082,2
-13010,-1956,10942,3058,2
-7614,254,9177,3073,2
-10329,881,15518,3089,2
-12683,-1868,10024,3067,2
-8148,414,9706,3076,2
-10743,608,15778,3090,2
-12209,-1849,9291,3066,2
-8590,588,10188,3076,2
-11193,258,15748,3083,2
-11490,-1708,8581,3059,2
-9248,648,10778,3089,2
-11602,-110,15633,3083,2
-10515,-1417,8073,3060,2
-9488,739,11470,3088,2
-12176,-508,15245,3077,2
-9590,-1169,7860,3060,2
-9548,944,12239,3084,2
-12614,-923,14783,3076,2
-8830,-962,7756,3056,2
-9539,1052,13046,3070,2
-12918,-1288,14217,3083,2
-8179,-673,7884,3072,2
-9550,1191,13691,3087,2
-13161,-1530,13427,3069,2
-7834,-590,8141,3063,2
-9698,1213,14295,3077,2
-13200,-1712,12564,3073,2
-7595,-296,8523,3071,2
-9858,1067,14860,3085,2
-13166,-1828,11616,3074,2
-7335,18,9028,3079,2
-10121,989,15205,3092,2
-12990,-1897,10782,3064,2
-7749,247,9367,3071,2
-10373,790,15495,3084,2
-12678,-1905,9952,3070,2
-8136,462,9895,3072,2
-10744,567,15709,3090,2
-12071,-1877,9296,3070,2
-8737,514,10288,3080,2
-11158,251,15719,3085,2
-11458,-1658,8567,3072,2
-9252,637,10824,3075,2
-11631,-153,15577,3071,2
-10464,-1375,8107,3062,2
-9415,824,11518,3080,2
-12159,-572,15323,3081,2
-9809,-1188,7809,3067,2
-9563,934,12305,3092,2
-12560,-925,14803,3078,2
-8850,-956,7714,3064,2
-9568,1088,13039,3074,2
-12922,-1370,14311,3076,2
-8288,-711,7840,3069,2
-9503,1270,13693,3089,2
-13114,-1510,13504,3075,2
-8003,-514,8019,3068,2
-9690,1175,14292,3083,2
-13270,-1724,12641,3059,2
-7422,-240,8386,3068,2
-9838,1163,14821,3079,2
-13189,-1851,11798,3069,2
-7577,-26,8833,3071,2
-10101,1018,15180,3087,2
-13029,-1918,10855,3069,2
-7408,281,9363,3069,2
-10361,855,15475,3091,2
-12812,-1936,10084,3072,2
-8006,458,9747,3069,2
-10662,640,15760,3074,2
-12270,-1862,9343,3060,2
-8525,602,10229,3077,2
-11140,298,15734,3088,2
-11585,-1755,8669,3072,2
-8904,707,10747,3077,2
-11543,-43,15667,3087,2
-10844,-1515,8198,3068,2
-9280,841,11361,3076,2
-11977,-420,15429,3077,2
-10186,-1289,7847,3055,2
-9354,950,12085,3086,2
-12385,-762,15035,3086,2
-9368,-1137,7713,3075,2
-9588,1026,12790,3084,2
-12722,-1157,14420,3087,2
-8425,-778,7728,3060,2
-9500,1092,13503,3084,2
-13107,-1449,13745,3074,2
-7959,-606,7952,3064,2
-9648,1199,14104,3090,2
-13138,-1606,12966,3081,2
-7636,-408,8316,3068,2
-9770,1153,14621,3087,2
-13192,-1806,12142,3070,2
-7542,-137,8656,3067,2
-9918,1056,15053,3078,2
-13125,-1911,11297,3062,2
-7670,55,9072,3060,2
-10169,985,15322,3087,2
-12796,-1889,10397,3075,2
-8222,274,9408,3074,2
-10456,741,15662,3080,2
-12313,-1776,9608,3072,2
-8549,420,9922,3074,2
-11000,394,15698,3081,2
-11779,-1767,8959,3072,2
-8708,662,10411,3072,2
-11391,2,15775,3087,2
-11251,-1615,8397,3068,2
-9073,812,11090,3078,2
-11854,-220,15527,3085,2
-10393,-1383,8015,3065,2
-9404,887,11702,3077,2
-12202,-566,15243,3080,2
-9552,-1120,7716,3050,2
-9525,984,12427,3079,2
-12689,-1043,14767,3085,2
-8931,-1014,7661,3063,2
-9536,1111,13179,3085,2
-12869,-1270,14129,3083,2
-8136,-726,7798,3058,2
-9618,1123,13769,3073,2
-13195,-1602,13340,3065,2
-7689,-479,8106,3062,2
-9737,1183,14414,3081,2
-13300,-1750,12569,3078,2
-7514,-257,8495,3071,2
-9869,1156,14812,3090,2
-13167,-1876,11698,3070,2
-7520,-3,8849,3062,2
-10043,977,15286,3078,2
-13030,-1918,10818,3058,2
-7663,239,9257,3066,2
-10383,827,15580,3076,2
-12720,-1920,10028,3072,2
-8184,421,9707,3078,2
-10600,667,15751,3088,2
-12206,-1819,9243,3069,2
-8671,529,10147,3068,2
-11108,250,15803,3078,2
-11616,-1740,8602,3057,2
-9154,636,10662,3073,2
-11506,-60,15673,3080,2
-10772,-1488,8174,3061,2
-9382,790,11348,3086,2
-12014,-416,15465,3087,2
-10081,-1299,7769,3064,2
-9452,927,12084,3081,2
-12441,-847,15083,3077,2
-9287,-1089,7682,3055,2
-9540,1086,12796,3076,2
-12773,-1167,14499,3084,2
-8597,-863,7707,3061,2
-9532,1165,13523,3086,2
-13037,-1391,13733,3085,2
-7977,-613,7921,3070,2
-9656,1123,14083,3084,2
-13228,-1669,12979,3082,2
-7503,-327,8273,3052,2
-9798,1141,14670,3080,2
-13299,-1908,12149,3075,2
-7296,-54,8643,3069,2
-9967,1055,15169,3095,2
-13174,-1931,11219,3077,2
-7454,119,9110,3066,2
-10233,911,15424,3078,2
-12928,-1984,10400,3071,2
-7788,413,9501,3062,2
-10492,744,15711,3076,2
-12507,-1852,9600,3069,2
-8158,581,10012,3067,2
-10949,472,15782,3086,2
-12001,-1858,8944,3073,2
-8725,754,10453,3072,2
-11316,112,15780,3084,2
-11336,-1628,8289,3061,2
-9044,836,11087,3071,2
-11801,-284,15597,3082,2
-10551,-1391,7912,3067,2
-9338,896,11810,3076,2
-12230,-650,15336,3089,2
-9760,-1210,7650,3066,2
-9498,1052,12503,3088,2
-12662,-1046,14792,3103,2
-8920,-943,7627,3058,2
-9453,1111,13240,3076,2
-12926,-1290,14158,3089,2
-8236,-704,7751,3063,2
-9654,1187,13831,3091,2
-13139,-1549,13343,3093,2
-7698,-485,8039,3070,2
-9720,1208,14458,3093,2
-13302,-1754,12519,3077,2
-7428,-235,8437,3060,2
-9888,1123,14939,3085,2
-13178,-1973,11729,3075,2
-7482,14,8838,3066,2
-10059,1007,15325,3086,2
-13088,-2003,10854,3078,2
-7531,290,9294,3067,2
-10384,873,15610,3083,2
-12758,-1956,10001,3075,2
-7929,512,9757,3067,2
-10728,565,15782,3075,2
-12252,-1857,9274,3067,2
-8336,655,10212,3072,2
-11119,306,15764,3086,2
-11749,-1772,8575,3080,2
-8864,761,10731,3074,2
-11543,-94,15762,3080,2
-10922,-1491,8098,3070,2
-9253,861,11350,3060,2
-11979,-370,15499,3081,2
-10242,-1327,7724,3062,2
-9345,964,12088,3070,2
-12479,-814,15108,3082,2
-9350,-1092,7600,3066,2
-9503,1127,12778,3085,2
-12730,-1191,14537,3090,2
-8707,-896,7606,3069,2
-9498,1173,13523,3080,2
-13032,-1427,13844,3083,2
-7867,-546,7807,3062,2
-9672,1196,14085,3082,2
-13348,-1722,13101,3079,2
-7385,-316,8160,3061,2
-9793,1194,14694,3079,2
-13372,-1911,12243,3087,2
-7198,-80,8642,3061,2
-9984,1069,15121,3084,2
-13304,-1988,11342,3082,2
-7366,128,8994,3066,2
-10190,949,15449,3083,2
-13038,-1968,10532,3078,2
-7596,393,9421,3066,2
-10518,732,15720,3084,2
-12671,-1941,9722,3077,2
-8075,583,9844,3066,2
-10881,515,15790,3083,2
-12044,-1808,9085,3064,2
-8707,619,10332,3066,2
-11289,117,15863,3076,2
-11402,-1628,8363,3061,2
-9156,714,10826,3076,2
-11735,-205,15765,3098,2
-10621,-1426,7959,3070,2
-9297,881,11616,3075,2
-12193,-512,15417,3090,2
-9818,-1265,7685,3064,2
-9535,969,12229,3070,2
-12562,-957,14979,3080,2
-9049,-979,7515,3067,2
-9522,1052,13011,3078,2
-12905,-1219,14356,3096,2
-8330,-796,7732,3063,2
-9618,1185,13650,3082,2
-13074,-1474,13596,3088,2
-7857,-540,7900,3057,2
-9694,1127,14271,3077,2
-13273,-1698,12747,3079,2
-7292,-254,8296,3061,2
-9871,1097,14800,3080,2
-13320,-1915,11961,3090,2
-7359,-19,8752,3059,2
-10065,947,15257,3091,2
-13131,-1939,10974,3078,2
-7463,246,9163,3061,2
-10340,913,15583,3074,2
-12892,-1962,10149,3080,2
-8002,416,9591,3065,2
-10603,714,15758,3083,2
-12334,-1881,9425,3076,2
-8565,547,10012,3067,2
-11073,310,15821,3090,2
-11718,-1729,8674,3071,2
-8943,669,10531,3068,2
-11478,-37,15825,3082,2
-10949,-1523,8130,3064,2
-9254,731,11227,3062,2
-11992,-438,15603,3088,2
-10355,-1346,7757,3077,2
-9315,1007,12012,3075,2
-12413,-774,15172,3085,2
-9452,-1117,7606,3062,2
-9541,1038,12774,3068,2
-12758,-1146,14619,3081,2
-8584,-788,7536,3068,2
-9545,1114,13562,3080,2
-13148,-1465,13887,3092,2
-7897,-563,7726,3068,2
-9606,1170,14166,3080,2
-13293,-1656,13038,3095,2
-7618,-382,8138,3054,2
-9794,1168,14745,3069,2
-13234,-1900,12182,3079,2
-7542,-182,8574,3062,2
-9982,1039,15189,3082,2
-13123,-1909,11169,3083,2
-7716,94,8942,3064,2
-10241,836,15542,3085,2
-12870,-1935,10289,3078,2
-8207,273,9377,3050,2
-10523,674,15789,3084,2
-12310,-1772,9459,3081,2
-8323,550,10027,3074,2
-11151,309,15856,3082,2
-11797,-1715,8769,3071,2
-8371,866,10582,3068,2
-11546,-81,15820,3093,2
-11273,-1569,8167,3061,2
-8955,882,11287,3060,2
-11995,-357,15568,3085,2
-10339,-1258,7752,3071,2
-9311,940,12000,3091,2
-12524,-839,15198,3087,2
-9440,-1053,7569,3077,2
-9477,1146,12729,3075,2
-12844,-1202,14663,3084,2
-8675,-845,7554,3066,2
-9516,1185,13546,3070,2
-13079,-1374,13856,3075,2
-7927,-603,7804,3055,2
-9688,1160,14039,3079,2
-13303,-1674,13074,3091,2
-7486,-353,8126,3072,2
-9802,1151,14693,3083,2
-13374,-1891,12188,3077,2
-7410,-174,8577,3069,2
-9992,1038,15165,3076,2
-13177,-1976,11229,3084,2
-7441,100,9038,3063,2
-10322,876,15507,3081,2
-12950,-1945,10297,3092,2
-7761,390,9474,3067,2
-10572,757,15783,3084,2
-12420,-1864,9549,3075,2
-8309,527,9983,3059,2
-11096,359,15805,3078,2
-11887,-1784,8788,3073,2
-8630,737,10522,3063,2
-11527,-45,15845,3092,2
-11224,-1578,8146,3085,2
-9005,847,11207,3067,2
-12013,-341,15554,3076,2
-10225,-1334,7855,3070,2
-9327,951,11987,3064,2
-12450,-787,15208,3076,2
-9531,-1153,7578,3078,2
-9465,1085,12731,3069,2
-12789,-1097,14658,3095,2
-8603,-884,7599,3080,2
-9519,1104,13449,3075,2
-13117,-1425,13834,3085,2
-7882,-578,7798,3064,2
-9711,1132,14110,3070,2
-13350,-1712,13007,3085,2
-7202,-201,8152,3065,2
-9852,1071,14775,3078,2
-13500,-1936,12110,3089,2
-7102,-50,8699,3071,2
-10059,1090,15178,3077,2
-13241,-1966,11132,3079,2
-7580,161,9097,3059,2
-10266,914,15577,3080,2
-12859,-1912,10175,3076,2
-7925,400,9507,3063,2
-10747,669,15795,3091,2
-12256,-1816,9389,3090,2
-8558,492,9972,3063,2
-11103,263,15887,3083,2
-11740,-1716,8666,3068,2
-8810,781,10661,3059,2
-11599,-44,15759,3081,2
-10889,-1497,8106,3079,2
-9303,740,11354,3074,2
-12062,-417,15517,3085,2
-10052,-1222,7720,3072,2
-9458,842,12098,3069,2
-12548,-956,15133,3089,2
-9275,-1039,7546,3064,2
-9558,1008,12899,3065,2
-12882,-1184,14445,3087,2
-8297,-736,7619,3071,2
-9642,1088,13600,3073,2
-13091,-1467,13727,3086,2
-7717,-484,7795,3065,2
-9756,1072,14215,3075,2
-13438,-1789,12847,3083,2
-7213,-208,8300,3065,2
-9867,1224,14810,3075,2
-13279,-1880,11932,3096,2
-7577,-106,8666,3066,2
-9980,1002,15287,3083,2
-13126,-1936,10934,3079,2
-7990,132,9055,3059,2
-10381,775,15652,3072,2
-12771,-1876,9986,3087,2
-7689,496,9749,3058,2
-10704,596,15856,3086,2
-12341,-1793,9190,3088,2
-8543,569,10207,3069,2
-11199,203,15891,3077,2
-11801,-1757,8463,3083,2
-8893,768,10761,3063,2
-11673,-180,15814,3076,2
-10834,-1457,7992,3072,2
-9220,891,11494,3065,2
-12097,-415,15411,3078,2
-9907,-1235,7631,3083,2
-9541,824,12243,3074,2
-12651,-991,14971,3083,2
-9039,-985,7519,3069,2
-9505,1058,13068,3066,2
-12958,-1356,14430,3089,2
-8224,-730,7612,3074,2
-9591,1146,13817,3064,2
-13215,-1500,13503,3086,2
-7758,-489,7872,3076,2
-9766,1054,14435,3071,2
-13409,-1801,12578,3081,2
-7169,-170,8402,3058,2
-9924,1063,14968,3067,2
-13409,-1985,11770,3082,2
-7203,93,8785,3072,2
-10143,920,15425,3079,2
-13106,-1911,10710,3088,2
-7591,297,9261,3068,2
-10489,693,15748,3084,2
-12763,-1919,9874,3082,2
-7925,551,9785,3055,2
-10772,567,15867,3086,2
-12226,-1823,9068,3079,2
-8578,586,10289,3075,2
-11339,147,15873,3086,2
-11547,-1661,8410,3076,2
-9063,703,10866,3072,2
-11774,-276,15791,3075,2
-10623,-1379,7895,3078,2
-9232,885,11620,3063,2
-12190,-512,15351,3082,2
-9740,-1149,7590,3074,2
-9567,853,12253,3069,2
-12695,-1022,14969,3090,2
-8903,-940,7476,3078,2
-9592,974,13135,3064,2
-13026,-1414,14330,3081,2
-8007,-609,7614,3073,2
-9578,1102,13849,3063,2
-13298,-1592,13501,3080,2
-7539,-452,7927,3077,2
-9797,1087,14390,3071,2
-13365,-1791,12630,3087,2
-7284,-225,8334,3072,2
-9903,1095,15013,3068,2
-13308,-1878,11666,3079,2
-7263,50,8816,3071,2
-10175,936,15369,3068,2
-13180,-1965,10743,3090,2
-7652,260,9261,3073,2
-10418,806,15707,3084,2
-12684,-1917,9849,3083,2
-8216,470,9634,3065,2
-10799,424,15902,3078,2
-12175,-1829,9046,3084,2
-8586,564,10274,3058,2
-11298,121,15890,3079,2
-11541,-1673,8384,3083,2
-9100,692,10770,3078,2
-11610,-174,15771,3086,2
-10720,-1438,7862,3085,2
-9388,766,11510,3055,2
-12166,-601,15426,3076,2
-9777,-1126,7547,3075,2
-9530,903,12268,3061,2
-12677,-1028,15016,3084,2
-8905,-914,7458,3081,2
-9606,995,13091,3083,2
-12977,-1327,14333,3088,2
-8043,-619,7618,3074,2
-9656,1099,13854,3065,2
-13281,-1598,13528,3073,2
-7659,-432,7946,3067,2
-9802,1076,14440,3073,2
-13337,-1776,12581,3083,2
-7172,-171,8294,3070,2
-9918,1051,15004,3075,2
-13393,-1948,11726,3087,2
-7256,34,8705,3062,2
-10136,922,15398,3061,2
-13057,-1906,10753,3075,2
-7547,333,9183,3062,2
-10419,725,15727,3078,2
-12821,-1892,9853,3086,2
-8027,534,9699,3071,2
-10770,433,15948,3078,2
-12232,-1840,9061,3083,2
-8676,574,10163,3063,2
-11266,124,15940,3085,2
-11408,-1586,8356,3074,2
-9179,662,10725,3061,2
-11761,-232,15752,3081,2
-10600,-1357,7822,3084,2
-9419,753,11558,3061,2
-12220,-609,15467,3087,2
-9815,-1133,7519,3077,2
-9503,922,12305,3060,2
-12752,-1046,15034,3078,2
-8979,-900,7404,3085,2
-9518,1029,13194,3058,2
-13024,-1346,14345,3095,2
-8267,-685,7553,3080,2
-9553,1158,13879,3063,2
-13200,-1606,13533,3089,2
-7862,-495,7806,3074,2
-9697,1073,14512,3065,2
-13349,-1795,12607,3076,2
-7317,-216,8282,3073,2
-9944,999,15031,3067,2
-13338,-1915,11671,3088,2
-7158,18,8802,3076,2
-10171,915,15418,3079,2
-13157,-1974,10685,3085,2
-7605,253,9193,3066,2
-10434,757,15732,3063,2
-12724,-1824,9802,3092,2
-7857,515,9733,3059,2
-10829,435,15893,3074,2
-12367,-1920,9155,3095,2
-8082,788,10310,3077,2
-11304,167,15973,3081,2
-11890,-1780,8402,3070,2
-8634,800,10923,3049,2
-11678,-56,15745,3083,2
-10710,-1445,8032,3087,2
-9481,644,11500,3061,2
-12206,-541,15423,3083,2
-9735,-1156,7580,3087,2
-9518,846,12263,3068,2
-12797,-1087,14979,3082,2
-8786,-893,7511,3074,2
-9566,1078,13098,3058,2
-13062,-1325,14275,3073,2
-8116,-725,7707,3077,2
-9618,1182,13857,3063,2
-13254,-1509,13419,3093,2
-7667,-497,8025,3077,2
-9820,1127,14456,3073,2
-13351,-1711,12429,3082,2
-7261,-190,8455,3068,2
-9981,1024,14995,3061,2
-13342,-1974,11564,3087,2
-7148,116,8964,3075,2
-10227,925,15425,3074,2
-13134,-1949,10536,3082,2
-7754,238,9365,3073,2
-10577,809,15704,3070,2
-12548,-1802,9674,3083,2
-8016,552,9960,3065,2
-10933,448,15857,3075,2
-12219,-1833,8920,3093,2
-8440,704,10457,3068,2
-11515,75,15824,3082,2
-11310,-1603,8205,3084,2
-8887,798,11196,3066,2
-11958,-340,15620,3074,2
-10414,-1373,7909,3078,2
-9249,977,11873,3067,2
-12408,-742,15262,3082,2
-9522,-1095,7543,3095,2
-9440,998,12721,3067,2
-12879,-1144,14676,3078,2
-8658,-858,7588,3078,2
-9456,1200,13463,3058,2
-13057,-1399,13986,3071,2
-8087,-640,7784,3077,2
-9682,1066,14080,3058,2
-13312,-1575,13042,3091,2
-7268,-297,8160,3078,2
-9847,1126,14639,3071,2
-13435,-1897,12295,3080,2
-7163,-65,8617,3060,2
-9990,1104,15128,3071,2
-13265,-1907,11353,3073,2
-7376,98,9000,3069,2
-10282,922,15450,3066,2
-13045,-1922,10413,3080,2
-7561,381,9468,3073,2
-10561,737,15757,3071,2
-12617,-1879,9633,3085,2
-8210,540,9900,3062,2
-10985,478,15840,3076,2
-11935,-1799,8869,3081,2
-8907,554,10438,3067,2
-11465,-14,15891,3071,2
-11143,-1509,8203,3096,2
-8991,832,11134,3073,2
-11875,-318,15711,3084,2
-10642,-1393,7820,3080,2
-9229,943,11885,3058,2
-12379,-670,15304,3075,2
-9588,-1139,7585,3078,2
-9514,1039,12567,3063,2
-12775,-1108,14781,3094,2
-8843,-876,7517,3083,2
-9469,1152,13349,3067,2
-13059,-1358,14062,3086,2
-7933,-594,7708,3080,2
-9607,1133,13960,3052,2
-13392,-1679,13334,3079,2
-7480,-349,7963,3078,2
-9738,1177,14575,3061,2
-13396,-1847,12511,3088,2
-7280,-151,8419,3081,2
-9912,1089,15028,3062,2
-13357,-1947,11538,3080,2
-7449,37,8835,3064,2
-10138,956,15387,3068,2
-13095,-1985,10663,3076,2
-7590,350,9288,3070,2
-10442,772,15748,3065,2
-12728,-1892,9801,3091,2
-8152,490,9747,3074,2
-10880,523,15881,3076,2
-12032,-1768,9039,3079,2
-8628,532,10212,3058,2
-11289,82,15906,3064,2
-11541,-1652,8330,3084,2
-9008,762,10872,3060,2
-11744,-281,15824,3075,2
-10674,-1351,7802,3094,2
-9221,858,11631,3068,2
-12265,-600,15464,3082,2
-9956,-1235,7620,3083,2
-9434,1034,12286,3058,2
-9293,-1051,7492,3076,2
-9527,1035,12646,3081,2
-12846,-1187,14742,3060,2
-8614,-837,7480,3084,2
-9533,1080,13451,3088,2
-13119,-1383,13982,3064,2
-7911,-579,7703,3088,2
-9613,1159,14083,3081,2
-13360,-1711,13176,3058,2
-7568,-393,8081,3085,2
-9779,1122,14710,3071,2
-13390,-1886,12269,3056,2
-7423,-149,8461,3088,2
-9995,1058,15153,3079,2
-13265,-1938,11310,3070,2
-7488,137,8913,3091,2
-10229,829,15541,3077,2
-13091,-1978,10369,3061,2
-7762,334,9353,3080,2
-10567,765,15799,3064,2
-12488,-1840,9551,3066,2
-8399,435,9827,3078,2
-10996,416,15869,3071,2
-11935,-1755,8819,3082,2
-8786,621,10376,3090,2
-11466,-37,15913,3068,2
-11245,-1550,8177,3075,2
-9020,779,11099,3087,2
-11976,-346,15684,3063,2
-10406,-1295,7783,3075,2
-9354,876,11850,3087,2
-12439,-766,15369,3064,2
-9557,-1090,7483,3087,2
-9432,1075,12611,3101,2
-12846,-1163,14819,3063,2
-8752,-904,7526,3077,2
-9565,1127,13346,3081,2
-13022,-1357,14145,3062,2
-8099,-648,7587,3089,2
-9585,1093,14021,3083,2
-13356,-1674,13266,3066,2
-7388,-318,7979,3086,2
-9836,1130,14586,3075,2
-13445,-1893,12418,3057,2
-7241,-166,8420,3082,2
-9973,1014,15107,3069,2
-13286,-1962,11489,3069,2
-7279,75,8912,3091,2
-10277,912,15478,3083,2
-13086,-2001,10439,3074,2
-7690,302,9305,3088,2
-10507,656,15798,3072,2
-12619,-1859,9622,3066,2
-8126,577,9828,3087,2
-10943,415,15909,3072,2
-12035,-1796,8835,3071,2
-8614,629,10380,3084,2
-11410,21,15925,3073,2
-11427,-1621,8208,3073,2
-8848,852,11038,3086,2
-11897,-320,15784,3071,2
-10546,-1354,7779,3071,2
-12360,-646,15359,3066,2
-9610,-1172,7530,3082,2
-9516,971,12516,3092,2
-12761,-1116,14867,3074,2
-8727,-916,7472,3081,2
-9622,1038,13271,3090,2
-13084,-1436,14217,3061,2
-7930,-627,7576,3076,2
-9679,1152,13966,3085,2
-13324,-1608,13305,3059,2
-7491,-376,7913,3091,2
-9800,1138,14562,3096,2
-13364,-1839,12445,3073,2
-7267,-156,8361,3098,2
-9913,983,15155,3076,2
-13383,-1923,11431,3056,2
-7323,50,8883,3080,2
-10243,900,15526,3075,2
-13060,-1977,10506,3069,2
-7605,363,9311,3088,2
-10495,708,15812,3073,2
-12631,-1895,9645,3073,2
-8149,506,9825,3083,2
-11026,454,15856,3070,2
-11942,-1767,8861,3054,2
-8695,597,10310,3091,2
-11391,6,15955,3077,2
-11304,-1541,8180,3067,2
-9067,768,10996,3090,2
-11950,-371,15780,3074,2
-10408,-1279,7739,3060,2
-9349,836,11758,3084,2
-12436,-743,15378,3060,2
-9552,-1166,7522,3065,2
-9464,1019,12541,3083,2
-12833,-1108,14873,3067,2
-8607,-817,7433,3076,2
-9596,974,13393,3096,2
-13164,-1464,14159,3067,2
-7802,-565,7613,3078,2
-9686,1147,14030,3081,2
-13386,-1714,13249,3059,2
-7455,-329,7975,3085,2
-9810,1105,14691,3090,2
-13390,-1838,12232,3061,2
-7313,-131,8493,3086,2
-10005,1024,15190,3081,2
-13238,-1932,11294,3051,2
-7450,110,8939,3071,2
-10273,882,15608,3081,2
-12980,-1960,10287,3055,2
-7857,427,9435,3081,2
-10652,629,15885,3080,2
-12525,-1833,9360,3068,2
-8110,568,10056,3083,2
-11146,339,15879,3068,2
-11818,-1745,8613,3071,2
-8768,707,10564,3079,2
-11603,-116,15914,3069,2
-9110,831,11298,3085,2
-12158,-450,15675,3065,2
-10112,-1176,7612,3070,2
-9317,1002,12099,3089,2
-12604,-925,15240,3062,2
-9324,-1023,7429,3070,2
-9481,1098,12933,3084,2
-12994,-1302,14604,3067,2
-8267,-685,7461,3086,2
-9618,1106,13692,3092,2
-13319,-1552,13695,3082,2
-7575,-464,7774,3075,2
-9788,1083,14342,3078,2
-13436,-1800,12820,3060,2
-7214,-242,8175,3072,2
-9935,1101,14955,3092,2
-13394,-1902,11799,3066,2
-7178,-30,8668,3091,2
-10155,963,15325,3085,2
-13091,-1939,10845,3067,2
-7591,211,9123,3082,2
-10417,782,15713,3077,2
-12868,-1914,9868,3056,2
-7826,473,9695,3079,2
-10845,540,15880,3083,2
-12213,-1831,9090,3071,2
-8456,617,10232,3095,2
-11357,115,15995,3077,2
-11651,-1681,8293,3057,2
-8874,776,10892,3079,2
-11845,-306,15802,3064,2
-10587,-1354,7818,3064,2
-9154,923,11652,3087,2
-12395,-705,15502,3069,2
-9778,-1149,7518,3070,2
-9500,1021,12488,3085,2
-12770,-1030,14892,3068,2
-8697,-890,7413,3068,2
-9569,1024,13263,3077,2
-13133,-1447,14210,3071,2
-8040,-709,7587,3067,2
-9689,1197,13971,3088,2
-13251,-1630,13349,3075,2
-7532,-386,7929,3079,2
-9809,1074,14654,3089,2
-13437,-1872,12326,3054,2
-7243,-121,8458,3078,2
-9989,1040,15169,3081,2
-13288,-1990,11351,3061,2
-7256,128,8928,3082,2
-10295,899,15557,3091,2
-13117,-1924,10349,3065,2
-7707,406,9412,3083,2
-10589,643,15921,3065,2
-12559,-1825,9492,3058,2
-8195,511,9954,3079,2
-11087,379,15913,3077,2
-11895,-1771,8744,3060,2
-8711,668,10453,3089,2
-11604,-94,15926,3076,2
-11153,-1503,8074,3073,2
-8936,871,11224,3087,2
-12136,-392,15615,3067,2
-10213,-1321,7718,3062,2
-9238,1009,12020,3088,2
-12530,-820,15284,3075,2
-9451,-1112,7465,3074,2
-9460,1069,12813,3096,2
-12959,-1149,14624,3062,2
-8512,-846,7515,3074,2
-9582,1119,13585,3079,2
-13132,-1456,13836,3062,2
-7770,-554,7733,3070,2
-9744,1138,14227,3079,2
-13411,-1720,12965,3067,2
-7279,-308,8158,3081,2
-9917,1099,14830,3091,2
-13423,-1853,11999,3056,2
-7004,-35,8642,3068,2
-10153,964,15258,3079,2
-13220,-1960,11046,3067,2
-7300,181,9098,3085,2
-10435,766,15712,3089,2
-12938,-1904,10075,3060,2
-7649,499,9708,3087,2
-10802,562,15885,3081,2
-12361,-1844,9281,3056,2
-8167,643,10173,3077,2
-11267,314,15922,3071,2
-11711,-1718,8493,3060,2
-8834,711,10747,3091,2
-11775,-208,15841,3075,2
-10685,-1410,7909,3072,2
-9160,849,11495,3086,2
-12254,-554,15520,3070,2
-9856,-1206,7607,3066,2
-9345,1038,12304,3076,2
-12728,-988,15084,3070,2
-9086,-1022,7486,3068,2
-9512,1078,13096,3085,2
-12968,-1228,14291,3077,2
-8234,-730,7602,3074,2
-9710,1090,13822,3081,2
-13275,-1538,13492,3057,2
-7509,-445,7851,3077,2
-9816,1183,14496,3084,2
-13368,-1691,12490,3071,2
-7213,-179,8379,3074,2
-9966,1067,15036,3087,2
-13369,-1941,11555,3065,2
-7271,45,8841,3081,2
-10180,934,15445,3085,2
-13151,-1958,10595,3051,2
-7637,284,9255,3077,2
-10572,765,15759,3086,2
-12618,-1876,9669,3070,2
-7882,501,9931,3081,2
-10989,451,15886,3079,2
-12028,-1809,8925,3058,2
-8441,685,10384,3079,2
-11488,59,15957,3077,2
-11400,-1589,8204,3055,2
-9002,741,11093,3088,2
-11967,-271,15681,3077,2
-10361,-1333,7786,3076,2
-9329,855,11758,3093,2
-12430,-656,15346,3074,2
-9552,-1112,7447,3063,2
-9438,986,12609,3081,2
-12907,-1138,14761,3062,2
-8607,-868,7494,3071,2
-9609,1102,13378,3085,2
-13105,-1418,14064,3077,2
-7858,-638,7665,3070,2
-9699,1119,14083,3082,2
-13472,-1681,13174,3056,2
-7266,-353,8105,3069,2
-9911,1111,14682,3077,2
-13444,-1855,12223,3064,2
-6987,-76,8532,3074,2
-10070,1005,15175,3094,2
-13309,-1943,11290,3066,2
-7145,159,9014,3080,2
-10370,880,15588,3085,2
-13030,-1922,10302,3054,2
-7843,337,9405,3077,2
-10625,709,15851,3077,2
-12468,-1885,9451,3068,2
-8164,548,9992,3081,2
-11188,297,15947,3082,2
-11791,-1739,8664,3066,2
-8778,655,10591,3080,2
-11680,-91,15849,3070,2
-10865,-1449,8006,3056,2
-9133,795,11274,3080,2
-12146,-411,15548,3074,2
-10104,-1224,7603,3061,2
-9391,913,12082,3083,2
-12559,-844,15164,3072,2
-9270,-1033,7395,3069,2
-9586,969,12890,3082,2
-12970,-1234,14537,3061,2
-8130,-748,7579,3063,2
-9667,1057,13690,3078,2
-13295,-1578,13759,3068,2
-7498,-447,7741,3061,2
-9759,1111,14362,3092,2
-13472,-1729,12812,3063,2
-7163,-287,8266,3070,2
-9954,1111,14880,3074,2
-13377,-1911,11906,3062,2
-7071,15,8707,3070,2
-10163,965,15406,3086,2
-13305,-1943,10875,3065,2
-7221,258,9216,3076,2
-10526,832,15711,3089,2
-12860,-1902,9934,3052,2
-7680,516,9731,3066,2
-10855,534,15923,3082,2
-12383,-1875,9110,3059,2
-8308,645,10249,3079,2
-11377,140,15963,3079,2
-11645,-1643,8304,3067,2
-8808,758,10902,3084,2
-11812,-229,15798,3088,2
-10605,-1430,7908,3054,2
-9204,840,11665,3073,2
-12321,-575,15495,3073,2
-9755,-1136,7517,3057,2
-9473,973,12420,3090,2
-12795,-1009,14908,3078,2
-8713,-891,7457,3069,2
-9554,1045,13252,3086,2
-13101,-1330,14230,3090,2
-7938,-605,7583,3062,2
-9670,1074,14008,3084,2
-13372,-1616,13318,3066,2
-7554,-426,7934,3066,2
-9728,1095,14598,3085,2
-13354,-1767,12381,3073,2
-7308,-184,8420,3071,2
-9957,1001,15169,3083,2
-13308,-1929,11394,3057,2
-7381,88,8857,3072,2
-10305,885,15536,3086,2
-13063,-1857,10306,3067,2
-7637,372,9446,3078,2
-10608,720,15810,3088,2
-12473,-1811,9511,3064,2
-8180,499,9968,3072,2
-11048,294,16018,3080,2
-11958,-1752,8665,3055,2
-8715,651,10463,3080,2
-11559,-47,15948,3081,2
-11053,-1492,8038,3064,2
-9165,716,11209,3084,2
-12067,-376,15643,3082,2
-10143,-1227,7631,3057,2
-9417,819,11943,3076,2
-12566,-877,15288,3078,2
-9317,-1026,7385,3059,2
-9493,1067,12777,3084,2
-12967,-1186,14687,3081,2
-8409,-793,7536,3070,2
-9596,1110,13541,3090,2
-13197,-1460,13966,3067,2
-7734,-505,7697,3085,2
-9732,1082,14236,3079,2
-13500,-1747,12963,3064,2
-7174,-341,8078,3070,2
-9886,1142,14765,3092,2
-13387,-1868,12099,3072,2
-7246,-78,8563,3064,2
-10134,952,15267,3088,2
-13194,-1894,11065,3069,2
-7557,112,8976,3076,2
-10359,811,15622,3084,2
-12955,-1946,10148,3066,2
-7560,513,9595,3078,2
-10742,581,15933,3084,2
-12409,-1788,9289,3069,2
-8191,580,10153,3083,2
-11237,257,15963,3078,2
-11815,-1734,8571,3052,2
-8613,768,10662,3071,2
-11654,-115,15931,3079,2
-10969,-1469,7999,3052,2
-9151,781,11346,3080,2
-12126,-413,15627,3091,2
-10127,-1298,7619,3066,2
-9429,870,12031,3087,2
-12545,-856,15224,3076,2
-9270,-1059,7431,3058,2
-9621,984,12796,3075,2
-12875,-1118,14632,3073,2
-8221,-736,7484,3060,2
-9651,1043,13539,3082,2
-13354,-1501,13918,3073,2
-9703,1131,14164,3086,2
-13396,-1672,13034,3061,2
-7463,-354,8064,3051,2
-9832,1098,14781,3080,2
-13362,-1863,12124,3066,2
-7320,-111,8488,3065,2
-10022,932,15284,3088,2
-13351,-1981,11114,3075,2
-7330,139,8994,3074,2
-10346,849,15602,3076,2
-12979,-1912,10212,3057,2
-7735,445,9419,3060,2
-10667,564,15939,3085,2
-12430,-1848,9382,3064,2
-8252,543,10030,3076,2
-11139,359,15884,3092,2
-11843,-1772,8667,3065,2
-8751,653,10466,3077,2
-11581,-70,15968,3077,2
-11176,-1528,8009,3054,2
-8980,743,11232,3073,2
-12094,-347,15627,3087,2
-10198,-1256,7693,3059,2
-9427,826,11946,3081,2
-12525,-834,15250,3090,2
-9268,-1070,7424,3063,2
-9565,966,12728,3082,2
-12918,-1183,14729,3074,2
-8492,-844,7441,3062,2
-9561,1109,13502,3079,2
-13155,-1372,13984,3069,2
-7938,-621,7683,3066,2
-9658,1142,14123,3083,2
-13267,-1588,13065,3078,2
-7404,-312,8014,3075,2
-9888,1026,14730,3083,2
-13414,-1790,12137,3069,2
-7098,-129,8499,3060,2
-10062,1017,15195,3078,2
-13239,-1947,11236,3069,2
-7306,126,8952,3066,2
-10280,818,15599,3092,2
-13096,-1939,10244,3068,2
-7703,342,9371,3073,2
-10607,629,15906,3085,2
-12512,-1821,9511,3057,2
-8124,520,9935,3069,2
-11031,437,15948,3085,2
-12001,-1795,8738,3054,2
-8744,612,10443,3078,2
-11518,-10,15949,3091,2
-11240,-1522,8115,3069,2
-9077,729,11091,3072,2
-11986,-291,15758,3084,2
-10356,-1318,7704,3052,2
-9356,827,11793,3075,2
-12411,-724,15394,3077,2
-9534,-1066,7419,3060,2
-9492,951,12579,3085,2
-12846,-1068,14871,3076,2
-8631,-845,7411,3062,2
-9619,1022,13285,3078,2
-13081,-1372,14159,3077,2
-7969,-617,7611,3054,2
-9654,1169,14025,3086,2
-13341,-1584,13305,3067,2
-7545,-385,7926,3060,2
-9832,1113,14639,3090,2
-13491,-1867,12410,3083,2
-7100,-198,8431,3067,2
-9981,1093,15179,3079,2
-13315,-1930,11463,3060,2
-7340,63,8895,3063,2
-10260,895,15546,3080,2
-13075,-1868,10461,3070,2
-7395,339,9382,3066,2
-10629,681,15848,3090,2
-12721,-1921,9662,3072,2
-7845,547,9853,3063,2
-10996,438,15933,3086,2
-12233,-1805,8865,3062,2
-8336,692,10423,3064,2
-11490,38,15999,3082,2
-11351,-1595,8195,3064,2
-8920,757,10998,3075,2
-11926,-341,15840,3087,2
-10629,-1351,7700,3074,2
-9204,880,11751,3076,2
-12411,-662,15456,3080,2
-9787,-1170,7500,3058,2
-9372,1054,12499,3072,2
-12826,-1016,14931,3076,2
-8857,-935,7387,3065,2
-9580,1040,13275,3082,2
-13126,-1342,14290,3091,2
-7957,-628,7535,3064,2
-9645,1130,13954,3082,2
-13365,-1604,13448,3069,2
-7480,-425,7835,3048,2
-9821,1088,14552,3083,2
-13468,-1833,12588,3072,2
-7056,-199,8298,3070,2
-9927,1068,15130,3087,2
-13497,-1938,11661,3077,2
-7212,43,8723,3065,2
-10191,939,15478,3080,2
-13201,-1973,10708,3066,2
-7350,323,9255,3056,2
-10509,742,15799,3076,2
-12902,-1927,9818,3068,2
-7728,542,9720,3068,2
-10888,500,15938,3082,2
-12277,-1744,8974,3065,2
-8384,623,10293,3060,2
-11393,142,15981,3075,2
-11524,-1626,8277,3059,2
-8871,751,10861,3060,2
-11843,-299,15888,3077,2
-10698,-1328,7753,3067,2
-9177,834,11669,3077,2
-12348,-618,15510,3080,2
-9702,-1147,7495,3066,2
-9537,940,12395,3079,2
-12792,-1126,15046,3085,2
-8884,-874,7334,3054,2
-9525,1005,13214,3085,2
-13169,-1351,14347,3073,2
-8017,-639,7546,3063,2
-9697,1115,13870,3086,2
-13373,-1608,13535,3083,2
-7413,-374,7829,3062,2
-9821,1147,14528,3091,2
-13468,-1797,12583,3078,2
-7150,-191,8225,3057,2
-9894,1043,15041,3083,2
-13473,-1955,11722,3079,2
-7154,-16,8732,3069,2
-10175,934,15423,3083,2
-13228,-1944,10769,3070,2
-7355,279,9179,3066,2
-10505,711,15800,3076,2
-12912,-1904,9839,3064,2
-7653,526,9709,3065,2
-10852,543,15955,3075,2
-12293,-1844,9115,3075,2
-8392,630,10169,3071,2
-11269,150,16076,3089,2
-11673,-1661,8306,3073,2
-8861,748,10769,3071,2
-11748,-173,15889,3079,2
-10804,-1390,7834,3067,2
-9161,800,11560,3068,2
-12191,-488,15579,3079,2
-9959,-1224,7520,3065,2
-9470,835,12243,3081,2
-12711,-1006,15123,3081,2
-9081,-951,7364,3069,2
-9482,1065,13034,3070,2
-13023,-1256,14518,3079,2
-8343,-772,7456,3054,2
-9599,1156,13720,3076,2
-13250,-1472,13777,3076,2
-7704,-497,7663,3065,2
-9704,1061,14361,3079,2
-13420,-1669,12850,3083,2
-7241,-251,8153,3067,2
-9872,1064,14876,3079,2
-13429,-1872,12076,3073,2
-7276,-109,8542,3055,2
-10067,985,15298,3078,2
-13276,-1952,11137,3076,2
-7339,148,8987,3069,2
-10326,850,15608,3080,2
-13035,-1923,10249,3083,2
-7728,377,9430,3065,2
-10541,659,15900,3090,2
-12528,-1805,9457,3075,2
-8525,383,9808,3065,2
-11246,201,15956,3081,2
-11961,-1715,8609,3070,2
-7952,872,10597,3074,2
-11556,136,15929,3086,2
-11306,-1496,8168,3081,2
-9160,601,10970,3070,2
-12095,-534,15809,3086,2
-10507,-1282,7730,3068,2
-9063,895,11793,3077,2
-12434,-626,15437,3078,2
-9510,-994,7496,3055,2
-9357,1051,12441,3072,2
-12951,-1184,15063,3090,2
-9011,-908,7376,3072,2
-9425,1076,13302,3087,2
-13210,-1406,14313,3082,2
-7906,-545,7517,3063,2
-9650,1163,14007,3073,2
-13563,-1768,13503,3074,2
-7545,-331,7799,3057,2
-9789,1159,14618,3089,2
-13541,-1854,12580,3080,2
-6945,-142,8247,3062,2
-9946,1004,15113,3092,2
-13604,-1957,11676,3083,2
-6706,156,8834,3058,2
-10287,836,15468,3079,2
-13397,-2048,10733,3071,2
-6948,438,9251,3061,2
-10408,787,15817,3082,2
-13188,-2054,9922,3074,2
-7710,555,9736,3067,2
-10782,585,16032,3081,2
-12431,-1825,9114,3071,2
-8313,584,10193,3061,2
-11221,157,16054,3073,2
-11919,-1774,8402,3061,2
-8787,740,10734,3065,2
-11525,-85,15943,3072,2
-10973,-1449,7890,3070,2
-9238,712,11391,3074,2
-12151,-534,15659,3084,2
-10249,-1274,7526,3068,2
-9272,967,12212,3074,2
-12643,-1024,15176,3078,2
-9363,-1032,7311,3058,2
-9345,1163,13025,3068,2
-12943,-1149,14519,3082,2
-8331,-764,7463,3075,2
-9597,1046,13689,3080,2
-13298,-1626,13830,3087,2
-7901,-543,7667,3061,2
-9495,1177,14421,3077,2
-13318,-1665,12905,3079,2
-7528,-249,8025,3057,2
-9805,1042,14920,3079,2
-13448,-1848,11988,3082,2
-7063,-57,8597,3066,2
-10131,944,15339,3084,2
-13214,-1923,10986,3079,2
-7923,39,8874,3058,2
-10264,807,15675,3074,2
-12838,-1887,10129,3080,2
-7919,371,9365,3063,2
-10630,571,15947,3077,2
-12473,-1787,9258,3081,2
-8302,503,10036,3068,2
-11049,256,16029,3089,2
-11875,-1647,8507,3078,2
-8818,663,10527,3063,2
-11569,-168,15985,3076,2
-11018,-1463,7927,3069,2
-9409,671,11187,3067,2
-11997,-455,15736,3084,2
-10151,-1172,7541,3076,2
-9063,1059,11998,3075,2
-12491,-926,15482,3086,2
-9898,-1140,7355,3066,2
-9605,810,12718,3067,2
-12952,-1194,14857,3072,2
-8544,-742,7347,3062,2
-9432,1131,13420,3064,2
-13133,-1292,14001,3080,2
-7515,-387,7582,3066,2
-9507,1044,14058,3084,2
-13718,-1865,13409,3091,2
-7615,-303,7901,3069,2
-9759,976,14744,3084,2
-13656,-1934,12450,3078,2
-7046,-22,8353,3055,2
-9766,1109,15207,3087,2
-13344,-1939,11504,3086,2
-7561,-19,8745,3061,2
-10189,791,15562,3092,2
-13196,-1973,10510,3084,2
-7526,371,9273,3056,2
-10503,734,15868,3085,2
-12742,-1831,9620,3074,2
-8290,472,9712,3054,2
-10886,351,16014,3076,2
-12110,-1753,8864,3063,2
-8235,726,10352,3071,2
-11394,131,15907,3089,2
-11553,-1658,8194,3072,2
-9276,608,10850,3064,2
-11837,-446,15891,3068,2
-10473,-1235,7694,3053,2
-9067,869,11728,3059,2
-12440,-758,15497,3083,2
-9945,-1205,7476,3066,2
-9187,1201,12447,3079,2
-12734,-1014,15079,3089,2
-9273,-1026,7313,3076,2
-9454,1093,13235,3069,2
-12981,-1269,14331,3073,2
-8242,-773,7519,3062,2
-9593,1125,13885,3065,2
-13271,-1599,13628,3083,2
-7668,-447,7741,3069,2
-9793,1060,14488,3082,2
-13459,-1764,12728,3089,2
-7058,-216,8259,3067,2
-9978,1052,14968,3081,2
-13426,-1932,11833,3086,2
-6950,47,8673,3060,2
-10115,857,15446,3071,2
-13385,-2007,10888,3077,2
-7462,226,9124,3061,2
-10405,779,15771,3090,2
-12995,-1936,9948,3086,2
-7833,448,9597,3076,2
-10600,604,15952,3087,2
-12416,-1848,9188,3075,2
-8364,585,10053,3062,2
-11172,102,16105,3074,2
-11932,-1687,8388,3078,2
-8791,739,10617,3063,2
-11628,-252,16034,3089,2
-11036,-1434,7815,3076,2
-9087,813,11362,3069,2
-12031,-529,15717,3093,2
-10402,-1297,7522,3074,2
-9340,901,12034,3066,2
-12484,-841,15375,3076,2
-9412,-1006,7307,3064,2
-9544,985,12766,3062,2
-12859,-1211,14788,3091,2
-8659,-790,7308,3071,2
-13155,-1488,14004,3092,2
-7761,-522,7502,3070,2
-9626,1095,14188,3065,2
-13464,-1743,13154,3079,2
-7318,-311,7928,3066,2
-9850,1034,14729,3068,2
-13558,-1880,12338,3081,2
-7218,-108,8379,3068,2
-10040,892,15263,3078,2
-13354,-1891,11304,3090,2
-7307,92,8824,3061,2
-10231,737,15625,3073,2
-13178,-1915,10400,3080,2
-6957,542,9411,3062,2
-10608,553,15939,3082,2
-12885,-1841,9522,3082,2
-7793,585,9924,3063,2
-11104,223,16053,3076,2
-12183,-1731,8809,3081,2
-8262,712,10395,3059,2
-11420,-49,16071,3084,2
-11549,-1563,8098,3076,2
-9015,725,10913,3066,2
-11956,-370,15857,3085,2
-10470,-1216,7578,3081,2
-9361,749,11744,3070,2
-12488,-834,15591,3083,2
-9672,-984,7258,3067,2
-9595,901,12483,3064,2
-12870,-1206,15112,3077,2
-8807,-817,7210,3062,2
-9506,1014,13253,3063,2
-13072,-1289,14322,3086,2
-8030,-630,7464,3063,2
-9632,1009,13940,3068,2
-13384,-1650,13591,3082,2
-7512,-322,7663,3064,2
-9729,1025,14620,3061,2
-13572,-1816,12639,3078,2
-6953,-104,8172,3060,2
-9992,883,15063,3077,2
-13588,-1945,11737,3086,2
-6781,143,8709,3067,2
-10257,844,15503,3080,2
-13361,-1990,10756,3073,2
-7355,222,9167,3063,2
-10460,728,15841,3069,2
-12923,-1809,9783,3080,2
-7845,484,9560,3052,2
-10779,364,16068,3077,2
-12407,-1823,9066,3084,2
-8485,519,10047,3065,2
-11218,123,16106,3085,2
-11577,-1559,8271,3080,2
-8872,610,10668,3060,2
-11816,-370,15960,3069,2
-10773,-1307,7753,3077,2
-9317,731,11401,3060,2
-12331,-661,15668,3086,2
-9858,-1041,7331,3077,2
-9443,941,12209,3071,2
-12795,-1111,15332,3083,2
-9121,-892,7222,3060,2
-9590,960,12987,3066,2
-13117,-1327,14600,3072,2
-8133,-616,7336,3063,2
-9677,1029,13729,3058,2
-13402,-1591,13883,3079,2
-7413,-324,7573,3074,2
-9773,1014,14382,3075,2
-13652,-1788,12962,3082,2
-7160,-209,8030,3068,2
-9914,977,14922,3070,2
-13563,-1949,12128,3080,2
-6971,64,8539,3060,2
-10134,894,15432,3074,2
-13384,-1974,11028,3091,2
-7145,204,9030,3065,2
-10482,702,15738,3080,2
-12983,-1871,10010,3091,2
-7958,358,9421,3061,2
-10661,440,16007,3077,2
-12442,-1780,9216,3079,2
-8192,609,9984,3043,2
-11143,178,16111,3074,2
-11915,-1675,8377,3089,2
-9040,517,10470,3066,2
-11676,-408,16150,3089,2
-11102,-1376,7782,3081,2
-8992,806,11329,3061,2
-12114,-611,15859,3071,2
-10377,-1245,7462,3075,2
-9314,891,12006,3047,2
-12465,-761,15329,3083,2
-9329,-1053,7288,3082,2
-9647,845,12736,3064,2
-13025,-1310,14800,3082,2
-8181,-671,7293,3074,2
-9541,1000,13638,3063,2
-13363,-1540,14006,3090,2
-7722,-478,7537,3070,2
-9742,999,14219,3050,2
-13576,-1835,13257,3083,2
-7238,-217,7866,3074,2
-9839,1140,14834,3080,2
-13495,-1811,12156,3086,2
-7279,-154,8357,3063,2
-10169,758,15323,3069,2
-13327,-1930,11224,3078,2
-7086,201,8875,3058,2
-10295,726,15660,3072,2
-13174,-1860,10291,3079,2
-7600,435,9323,3062,2
-10503,542,15999,3083,2
-12638,-1738,9382,3103,2
-8133,544,9858,3060,2
-11029,167,16158,3078,2
-12346,-1828,8645,3075,2
-8484,712,10342,3055,2
-11302,-6,16150,3079,2
-11507,-1508,7944,3083,2
-9380,495,10876,3056,2
-11826,-408,15903,3075,2
-10494,-1245,7494,3089,2
-9314,802,11724,3055,2
-12425,-727,15543,3076,2
-9800,-1130,7249,3076,2
-9490,875,12467,3056,2
-12758,-1086,15062,3081,2
-8984,-854,7154,3080,2
-9398,923,13336,3068,2
-13102,-1522,14381,3087,2
-8156,-600,7347,3070,2
-9558,1050,14052,3059,2
-13388,-1710,13501,3077,2
-7633,-379,7640,3062,2
-9763,932,14717,3062,2
-13537,-1792,12540,3079,2
-6995,-130,8153,3072,2
-9888,885,15166,3072,2
-13518,-2056,11755,3089,2
-7214,63,8592,3075,2
-10043,884,15570,3068,2
-13169,-1890,10663,3079,2
-7901,152,8961,3072,2
-10407,521,15929,3066,2
-12887,-1823,9775,3085,2
-8070,495,9537,3063,2
-10641,397,16142,3077,2
-12311,-1713,8901,3082,2
-9119,354,9870,3066,2
-11177,0,16116,3072,2
-11497,-1518,8157,3072,2
-8946,623,10701,3059,2
-11789,-488,16045,3077,2
-10939,-1435,7667,3075,2
-9132,830,11524,3068,2
-12161,-604,15731,3091,2
-10212,-1146,7230,3089,2
-9489,862,12225,3064,2
-12773,-1127,15336,3083,2
-9115,-809,7105,3071,2
-9434,1149,13114,3058,2
-13116,-1366,14578,3086,2
-8338,-680,7302,3075,2
-9702,910,13923,3068,2
-13335,-1577,13631,3088,2
-7371,-330,7610,3071,2
-9651,927,14508,3054,2
-13576,-1792,12741,3083,2
-7254,-163,8050,3064,2
-9757,953,15025,3060,2
-13345,-1836,11720,3078,2
-6915,135,8598,3077,2
-10147,606,15601,3069,2
-13655,-2025,10725,3092,2
-7283,288,9145,3070,2
-10373,716,15863,3071,2
-12740,-1780,9766,3082,2
-8745,274,9339,3056,2
-10633,238,16184,3068,2
-12335,-1680,8798,3083,2
-8385,599,10141,3068,2
-11315,-86,16195,3080,2
-11750,-1554,8120,3093,2
-9101,668,10720,3054,2
-11794,-401,16055,3077,2
-10612,-1204,7544,3071,2
-9150,826,11614,3060,2
-12429,-778,15688,3083,2
-9932,-1077,7265,3086,2
-9574,780,12278,3065,2
-12781,-1146,15203,3084,2
-8804,-814,7211,3075,2
-9448,1090,13074,3064,2
-13039,-1301,14546,3083,2
-8218,-667,7394,3066,2
-9607,941,13833,3058,2
-13463,-1673,13747,3086,2
-7497,-384,7607,3078,2
-9685,1090,14494,3066,2
-13537,-1789,12843,3083,2
-7102,-124,8052,3076,2
-9905,886,15006,3066,2
-13741,-1991,11982,3078,2
-6905,69,8546,3066,2
-10082,816,15445,3055,2
-13345,-1865,10995,3081,2
-7120,249,9006,3070,2
-10254,617,15800,3069,2
-13123,-1852,10023,3087,2
-7699,461,9441,3077,2
-10604,390,16138,3069,2
-12590,-1747,9166,3083,2
-8085,634,10005,3066,2
-11103,106,16175,3075,2
-12028,-1635,8448,3086,2
-8719,671,10480,3063,2
-11507,-227,16173,3080,2
-11245,-1398,7809,3091,2
-9103,702,11160,3068,2
-12001,-575,15888,3080,2
-10301,-1102,7375,3079,2
-9449,693,11851,3054,2
-12579,-1016,15600,3067,2
-9467,-881,7120,3083,2
-9445,1032,12663,3060,2
-12962,-1285,14987,3087,2
-8595,-700,7153,3092,2
-9541,1006,13446,3062,2
-13295,-1561,14263,3083,2
-7938,-539,7358,3074,2
-9571,1105,14157,3066,2
-13503,-1716,13409,3078,2
-7428,-305,7730,3072,2
-9793,862,14726,3055,2
-13661,-1798,12376,3089,2
-6932,-32,8266,3079,2
-9965,855,15241,3064,2
-13500,-1936,11519,3081,2
-7120,117,8739,3059,2
-10156,736,15661,3061,2
-13219,-1793,10402,3082,2
-7393,368,9219,3073,2
-10535,521,15959,3071,2
-12883,-1852,9592,3080,2
-7731,592,9710,3072,2
-10944,247,16175,3063,2
-12398,-1697,8736,3081,2
-8145,689,10304,3064,2
-11427,-94,16244,3064,2
-11709,-1520,8120,3087,2
-8775,764,10847,3058,2
-11802,-449,16087,3074,2
-10813,-1285,7549,3084,2
-9126,858,11581,3065,2
-12351,-718,15767,3077,2
-9965,-1008,7225,3081,2
-9410,832,12292,3055,2
-12772,-1084,15278,3074,2
-8988,-851,7134,3077,2
-9571,850,13058,3064,2
-13112,-1426,14582,3083,2
-8117,-640,7223,3086,2
-13220,-1468,14189,3065,2
-7940,-547,7394,3084,2
-9676,963,14078,3080,2
-13421,-1698,13424,3054,2
-7324,-337,7732,3078,2
-9751,1024,14682,3078,2
-13508,-1823,12518,3054,2
-7294,-142,8134,3079,2
-9873,892,15213,3076,2
-13474,-1852,11521,3062,2
-7205,92,8650,3086,2
-10178,719,15643,3073,2
-13314,-1899,10601,3054,2
-7570,249,9093,3073,2
-10448,583,15974,3067,2
-12774,-1780,9658,3074,2
-7993,484,9598,3082,2
-10946,305,16120,3071,2
-12301,-1691,8790,3067,2
-8421,561,10202,3085,2
-11457,2,16184,3059,2
-11656,-1555,8062,3068,2
-8859,771,10866,3078,2
-11870,-377,16024,3067,2
-10815,-1338,7585,3070,2
-9139,854,11644,3092,2
-12420,-687,15619,3071,2
-9751,-1033,7270,3070,2
-9541,849,12400,3085,2
-12959,-1202,15074,3054,2
-8702,-779,7182,3079,2
-9506,1052,13253,3077,2
-13272,-1471,14399,3054,2
-8085,-618,7341,3078,2
-9678,1005,14044,3083,2
-13373,-1643,13497,3063,2
-9828,936,14667,3074,2
-13641,-1881,12574,3061,2
-6835,-43,8211,3081,2
-10007,975,15201,3068,2
-13580,-2028,11635,3056,2
-7058,178,8728,3081,2
-10288,784,15619,3089,2
-13293,-1930,10490,3063,2
-7433,358,9232,3082,2
-10590,631,15948,3074,2
-12765,-1791,9532,3056,2
-7809,553,9806,3079,2
-11089,226,16097,3069,2
-12295,-1760,8704,3071,2
-8265,737,10372,3081,2
-11497,-70,16148,3072,2
-11447,-1494,7915,3074,2
-8954,734,11064,3089,2
-12064,-503,15944,3058,2
-10511,-1254,7492,3070,2
-9242,874,11790,3085,2
-12571,-909,15605,3064,2
-9694,-1004,7188,3074,2
-9363,1029,12632,3085,2
-12958,-1160,15000,3066,2
-8654,-808,7160,3078,2
-9569,994,13401,3072,2
-13262,-1557,14264,3055,2
-7920,-545,7350,3080,2
-9551,1095,14161,3079,2
-13437,-1710,13415,3061,2
-7439,-323,7733,3086,2
-9866,955,14719,3087,2
-13572,-1844,12409,3064,2
-7096,-66,8263,3085,2
-10007,952,15223,3074,2
-13431,-1929,11439,3050,2
-7370,86,8701,3080,2
-10233,705,15698,3075,2
-13135,-1867,10368,3057,2
-7636,286,9180,3082,2
-10599,509,15968,3072,2
-12746,-1764,9500,3056,2
-7775,606,9834,3081,2
-11064,248,16123,3070,2
-12267,-1717,8642,3058,2
-8526,652,10345,3085,2
-11465,-106,16148,3070,2
-11356,-1481,7928,3072,2
-9085,645,10944,3086,2
-12036,-500,15955,3071,2
-10443,-1222,7477,3068,2
-9273,813,11771,3076,2
-12489,-864,15641,3065,2
-9613,-1002,7130,3070,2
-9521,873,12598,3084,2
-12969,-1174,14984,3073,2
-8590,-796,7188,3081,2
-9556,970,13343,3084,2
-13205,-1480,14361,3059,2
-7837,-499,7305,3076,2
-9681,1009,14152,3084,2
-13609,-1783,13406,3055,2
-7183,-282,7772,3086,2
-9860,1036,14713,3087,2
-13609,-1879,12508,3061,2
-7023,-112,8249,3082,2
-10036,963,15232,3089,2
-13420,-1940,11485,3059,2
-7218,51,8705,3075,2
-10277,817,15576,3075,2
-13160,-1902,10524,3066,2
-7503,325,9197,3083,2
-10586,584,15899,3083,2
-12771,-1850,9631,3063,2
-7819,569,9749,3088,2
-11023,391,16040,3075,2
-12357,-1775,8819,3055,2
-8071,709,10413,3081,2
-11482,-14,16062,3065,2
-11642,-1642,8158,3059,2
-8875,722,10941,3079,2
-11864,-270,15967,3075,2
-10674,-1322,7688,3068,2
-9275,745,11655,3091,2
-12373,-651,15563,3073,2
-9769,-1079,7363,3071,2
-9466,910,12375,3075,2
-12832,-1112,15126,3061,2
-9041,-898,7218,3061,2
-9465,1020,13209,3083,2
-13030,-1284,14452,3057,2
-8344,-747,7408,3082,2
-9509,1113,13875,3086,2
-13267,-1579,13658,3090,2
-7787,-538,7621,3067,2
-9693,1003,14493,3081,2
-13465,-1737,12791,3056,2
-7224,-177,8019,3070,2
-9911,1021,14998,3073,2
-13452,-1918,11904,3072,2
-7200,-52,8513,3081,2
-10206,872,15407,3079,2
-13216,-1952,11000,3063,2
-7200,175,8988,3086,2
-10409,743,15695,3070,2
-13075,-1915,10115,3066,2
-7628,452,9452,3077,2
-10693,557,16035,3069,2
-12579,-1838,9266,3070,2
-8303,477,9896,3083,2
-11195,233,16071,3075,2
-11975,-1731,8488,3064,2
-8584,670,10510,3085,2
-11667,-131,16064,3068,2
-11261,-1490,7842,3059,2
-8985,751,11151,3077,2
-12116,-486,15767,3062,2
-10431,-1241,7454,3060,2
-9330,860,11878,3092,2
-12495,-832,15445,3073,2
-9573,-1027,7196,3069,2
-9513,921,12696,3078,2
-12973,-1123,14930,3064,2
-8636,-820,7249,3062,2
-9651,945,13350,3078,2
-13189,-1477,14297,3064,2
-7857,-534,7363,3070,2
-9609,1071,14090,3086,2
-13555,-1742,13458,3066,2
-7267,-306,7721,3078,2
-9858,1087,14618,3075,2
-13579,-1838,12549,3064,2
-7109,-174,8178,3071,2
-9957,979,15170,3076,2
-13476,-1956,11634,3050,2
-7175,19,8668,3085,2
-10237,846,15566,3086,2
-13243,-1969,10701,3070,2
-7385,290,9109,3077,2
-10506,663,15881,3076,2
-12865,-1901,9807,3047,2
-7708,550,9669,3081,2
-10832,336,16125,3073,2
-12449,-1831,8979,3059,2
-8182,593,10214,3084,2
-11342,119,16130,3075,2
-11741,-1727,8262,3062,2
-8917,682,10712,3082,2
-11740,-288,16046,3081,2
-10837,-1384,7678,3064,2
-9282,739,11453,3077,2
-12286,-624,15696,3061,2
-9950,-1153,7310,3058,2
-9418,867,12245,3083,2
-12727,-1039,15281,3072,2
-9179,-928,7135,3070,2
-9531,1011,13118,3086,2
-13010,-1328,14607,3067,2
-8322,-753,7239,3071,2
-9632,1030,13809,3074,2
-13293,-1583,13746,3059,2
-7555,-474,7607,3072,2
-9800,1040,14424,3090,2
-13520,-1831,12851,3069,2
-7107,-213,8014,3079,2
-9919,985,15035,3083,2
-13570,-1897,11960,3056,2
-6924,63,8537,3082,2
-10224,870,15451,3078,2
-13336,-1981,11011,3053,2
-7176,265,8952,3079,2
-10386,722,15836,3084,2
-13063,-1888,10061,3064,2
-7649,446,9493,3090,2
-10739,505,16052,3081,2
-12496,-1795,9244,3064,2
-8232,526,9950,3074,2
-11160,214,16096,3077,2
-11938,-1691,8403,3057,2
-8817,603,10500,3080,2
-11676,-259,16144,3073,2
-11129,-1400,7740,3066,2
-8947,804,11283,3078,2
-12223,-467,15791,3073,2
-10278,-1232,7423,3059,2
-9387,876,11976,3074,2
-12633,-929,15483,3068,2
-9358,-946,7147,3067,2
-9572,961,12804,3086,2
-13000,-1246,14854,3069,2
-8534,-793,7241,3069,2
-9566,1073,13555,3079,2
-13190,-1488,14099,3080,2
-7888,-553,7387,3061,2
-9695,1005,14270,3078,2
-13501,-1713,13158,3058,2
-7327,-328,7804,3069,2
-9911,1016,14795,3080,2
-13433,-1820,12241,3060,2
-7157,-91,8346,3077,2
-10124,855,15321,3081,2
-13430,-1918,11229,3059,2
-7024,178,8852,3081,2
-10395,785,15721,3075,2
-13201,-1939,10278,3051,2
-7322,444,9333,3074,2
-10662,574,16006,3084,2
-12675,-1850,9500,3060,2
-8036,512,9802,3090,2
-11074,293,16101,3085,2
-12193,-1691,8633,3060,2
-8382,622,10348,3081,2
-11556,-98,16163,3070,2
-11421,-1562,8019,3051,2
-8944,780,10950,3075,2
-11927,-396,16005,3064,2
-10678,-1298,7514,3059,2
-9122,903,11722,3085,2
-12463,-726,15638,3076,2
-9904,-1096,7209,3064,2
-9387,992,12459,3076,2
-12809,-1083,15167,3055,2
-8912,-864,7117,3060,2
-9558,963,13224,3083,2
-13153,-1409,14463,3075,2
-8140,-625,7208,3063,2
-9607,1049,13901,3074,2
-13433,-1644,13727,3067,2
-7586,-463,7587,3063,2
-9789,1078,14469,3074,2
-13444,-1778,12872,3065,2
-7311,-232,7961,3074,2
-9941,907,15045,3078,2
-13512,-1816,11894,3059,2
-6796,33,8493,3073,2
-10209,820,15436,3082,2
-13413,-2025,11036,3066,2
-7126,243,8903,3078,2
-10403,634,15825,3084,2
-13123,-1888,10033,3057,2
-7437,514,9504,3070,2
-10779,431,16094,3080,2
-12607,-1810,9240,3058,2
-7915,616,10011,3082,2
-11211,141,16152,3084,2
-12124,-1782,8548,3063,2
-8298,801,10595,3081,2
-11626,-50,16077,3085,2
-11363,-1502,7940,3056,2
-9029,749,11204,3076,2
-12149,-488,15896,3065,2
-10351,-1235,7622,3056,2
-9083,921,11866,3077,2
-12552,-721,15501,3080,2
-9661,-1105,7351,3064,2
-9364,993,12541,3083,2
-13006,-1143,15014,3072,2
-8951,-934,7387,3059,2
-9405,1160,13234,3077,2
-13071,-1269,14334,3067,2
-8353,-774,7536,3063,2
-9578,1085,13897,3076,2
-13301,-1488,13508,3072,2
-7641,-472,7821,3070,2
-9864,1079,14405,3086,2
-13489,-1725,12715,3071,2
-7054,-180,8277,3061,2
-9968,1100,14941,3080,2
-13469,-1912,11905,3061,2
-6988,39,8741,3075,2
-10239,994,15362,3082,2
-13290,-1979,10939,3058,2
-7465,148,9198,3069,2
-10505,876,15584,3087,2
-12832,-1886,10095,3068,2
-7795,429,9618,3070,2
-10755,603,15897,3077,2
-12483,-1755,9334,3055,2
-8109,549,10172,3069,2
-11216,292,15841,3072,2
-11845,-1729,8676,3063,2
-8430,768,10700,3082,2
-11659,-24,15857,3090,2
-11336,-1624,8146,3061,2
-8894,803,11262,3079,2
-12047,-269,15637,3075,2
-10342,-1297,7732,3059,2
-9378,764,11865,3076,2
-12527,-695,15288,3078,2
-9400,-1059,7476,3058,2
-9462,1042,12563,3089,2
-12895,-1075,14825,3075,2
-8733,-864,7468,3070,2
-9552,1054,13346,3083,2
-13141,-1269,14137,3074,2
-8043,-701,7656,3066,2
-9646,1150,13910,3081,2
-13249,-1546,13429,3065,2
-7524,-436,7922,3066,2
-9792,1096,14521,3085,2
-13446,-1705,12535,3070,2
-7055,-163,8367,3067,2
-10032,1026,14957,3085,2
-13373,-1916,11760,3081,2
-7114,8,8839,3061,2
-10206,905,15357,3076,2
-13196,-1959,10880,3062,2
-7164,239,9306,3070,2
-10546,796,15628,3088,2
-12873,-1919,10023,3071,2
-7816,361,9687,3078,2
-10732,629,15806,3091,2
-12297,-1778,9302,3064,2
-8144,533,10215,3072,2
-11314,219,15845,3077,2
-11889,-1754,8586,3055,2
-8382,746,10810,3070,2
-11748,-104,15823,3071,2
-11082,-1513,8061,3055,2
-8727,903,11454,3086,2
-12169,-351,15568,3085,2
-10326,-1316,7677,3059,2
-9272,913,12042,3088,2
-12555,-783,15217,3071,2
-9442,-1084,7491,3055,2
-9433,1024,12780,3077,2
-12943,-1165,14701,3073,2
-8634,-834,7528,3050,2
-9484,1195,13531,3083,2
-13174,-1327,13966,3071,2
-8149,-715,7715,3065,2
-9676,1112,14052,3081,2
-13287,-1540,13091,3062,2
-7152,-305,8054,3056,2
-9952,969,14622,3073,2
-13475,-1814,12289,3068,2
-6855,-100,8507,3066,2
-10072,1036,15125,3085,2
-13456,-1906,11400,3064,2
-6894,162,9033,3071,2
-10330,898,15455,3068,2
-13161,-2000,10563,3062,2
-7214,378,9452,3064,2
-10600,765,15830,3075,2
-12811,-1870,9648,3059,2
-7851,504,9943,3069,2
-10959,512,15894,3079,2
-12192,-1861,8969,3065,2
-8384,649,10345,3072,2
-11437,239,15856,3078,2
-11431,-1627,8248,3053,2
-8893,674,10988,3078,2
-11946,-288,15798,3078,2
-10654,-1376,7821,3063,2
-9126,870,11721,3081,2
-12384,-538,15400,3082,2
-9852,-1229,7525,3063,2
-9465,928,12412,3081,2
-12742,-988,15040,3076,2
-8883,-907,7414,3053,2
-9500,1048,13165,3081,2
-13034,-1266,14333,3078,2
-8149,-731,7567,3057,2
-9628,1079,13810,3082,2
-13279,-1530,13587,3081,2
-7528,-447,7845,3061,2
-9783,1064,14452,3084,2
-13423,-1676,12672,3070,2
-6980,-211,8286,3067,2
-9971,996,14974,3076,2
-13393,-1875,11782,3064,2
-6958,54,8763,3082,2
-10190,953,15307,3077,2
-13204,-1969,10925,3077,2
-7577,136,9094,3064,2
-10458,836,15659,3080,2
-12795,-1795,9988,3063,2
-7704,447,9670,3067,2
-10754,577,15853,3071,2
-12214,-1752,9203,3083,2
-8429,503,10107,3071,2
-11259,134,15970,3084,2
-11761,-1646,8412,3074,2
-8464,796,10843,3075,2
-11780,-140,15884,3085,2
-10956,-1477,7903,3054,2
-9294,696,11388,3077,2
-12176,-418,15567,3080,2
-9999,-1163,7542,3053,2
-9342,908,12073,3074,2
-12578,-908,15364,3079,2
-9573,-1044,7407,3064,2
-9383,1174,12821,3092,2
-12824,-1092,14771,3088,2
-8827,-897,7441,3062,2
-9552,1071,13411,3077,2
-13100,-1310,14102,3068,2
-7931,-620,7551,3055,2
-9666,1087,14002,3076,2
-13367,-1571,13395,3070,2
-7435,-447,7899,3058,2
-9856,1143,14483,3083,2
-13381,-1685,12630,3074,2
-7041,-211,8275,3063,2
-9959,1049,14958,3088,2
-13471,-1917,11904,3066,2
-7066,22,8700,3055,2
-10098,1031,15286,3086,2
-13265,-1976,11131,3064,2
-7494,133,9001,3053,2
-10325,815,15650,3073,2
-13025,-1959,10242,3067,2
-7551,356,9490,3067,2
-10681,772,15832,3085,2
-12691,-1919,9578,3071,2
-7598,609,10025,3063,2
-10955,510,15972,3080,2
-12359,-1920,8971,3053,2
-8372,613,10330,3060,2
-11239,291,15904,3079,2
-11668,-1726,8444,3071,2
-8865,690,10769,3066,2
-11644,-137,15946,3078,2
-10989,-1546,7926,3076,2
-9060,811,11345,3075,2
-12089,-408,15681,3085,2
-10321,-1313,7612,3068,2
-9269,885,11976,3080,2
-12484,-705,15354,3078,2
-9787,-1191,7421,3052,2
-9392,1057,12570,3076,2
-12736,-1015,14942,3084,2
-8981,-922,7335,3059,2
-9585,1050,13219,3090,2
-13058,-1263,14406,3084,2
-8185,-763,7469,3058,2
-9634,1114,13775,3088,2
-13223,-1500,13706,3079,2
-7623,-478,7704,3050,2
-9781,1092,14277,3073,2
-13507,-1754,13037,3068,2
-7142,-276,8018,3050,2
-9853,1093,14801,3085,2
-13494,-1869,12229,3078,2
-7121,-130,8441,3075,2
-10026,1038,15194,3086,2
-13393,-1970,11436,3075,2
-7244,73,8803,3060,2
-10321,871,15484,3076,2
-13056,-1943,10434,3064,2
-7416,288,9301,3064,2
-10577,774,15820,3082,2
-12860,-1900,9905,3068,2
-8199,348,9584,3068,2
-10819,523,15926,3083,2
-12225,-1735,9155,3074,2
-7719,719,10366,3066,2
-11134,390,15895,3080,2
-12107,-1746,8647,3061,2
-8695,583,10575,3060,2
-11762,-164,15978,3076,2
-11184,-1541,8003,3062,2
-8733,865,11373,3065,2
-11978,-267,15639,3079,2
-10266,-1166,7709,3062,2
-9153,857,11858,3074,2
-12602,-839,15574,3091,2
-9859,-1149,7488,3059,2
-9299,1138,12550,3077,2
-12789,-1033,14913,3078,2
-9046,-956,7411,3059,2
-9278,1260,13164,3071,2
-12961,-1219,14524,3080,2
-8711,-876,7522,3061,2
-9630,1077,13714,3080,2
-13192,-1378,13781,3082,2
-7589,-488,7726,3064,2
-9666,1208,14240,3085,2
-13431,-1646,13115,3080,2
-7637,-381,8014,3065,2
-9853,1085,14679,3073,2
-13454,-1790,12379,3072,2
-6980,-68,8477,3055,2
-10002,1042,15046,3079,2
-13271,-1818,11521,3075,2
-7001,98,8905,3061,2
-10214,912,15471,3091,2
-13331,-1994,10786,3073,2
-7554,175,9144,3060,2
-10433,668,15754,3081,2
-12906,-1854,9999,3067,2
-6712,688,9852,3057,2
-10581,669,15974,3076,2
-13000,-1981,9387,3062,2
-8007,606,10062,3057,2
-11017,290,16095,3076,2
-12286,-1785,8719,3069,2
-8591,675,10502,3073,2
-11367,138,15909,3084,2
-11037,-1397,8109,3071,2
-8892,742,11046,3066,2
-11987,-460,15911,3083,2
-10785,-1383,7753,3058,2
-12243,-623,15568,3082,2
-10047,-1233,7539,3068,2
-9258,1055,12272,3074,2
-12669,-926,15121,3086,2
-9141,-969,7397,3067,2
-9362,1198,13013,3075,2
-13037,-1244,14710,3078,2
-8777,-864,7429,3057,2
-9290,1303,13551,3069,2
-13051,-1465,14126,3080,2
-8629,-807,7560,3046,2
-9614,1138,14039,3081,2
-13158,-1428,13208,3081,2
-7039,-235,7898,3061,2
-9900,1103,14545,3081,2
-13593,-1863,12604,3079,2
-7280,-245,8247,3062,2
-9881,1139,15073,3085,2
-13485,-1908,11843,3078,2
-7352,-49,8672,3052,2
-10151,1009,15296,3068,2
-13123,-1858,11000,3072,2
-7050,274,9134,3058,2
-10369,806,15674,3078,2
-13178,-1991,10254,3074,2
-7533,420,9447,3067,2
-10549,742,15877,3088,2
-12701,-1872,9604,3073,2
-8589,369,9743,3054,2
-10869,476,15956,3072,2
-11949,-1719,8874,3061,2
-8468,572,10260,3056,2
-11208,66,16047,3079,2
-11752,-1730,8380,3065,2
-9124,642,10601,3063,2
-11566,-187,15985,3083,2
-11060,-1467,7874,3072,2
-9211,739,11256,3069,2
-12120,-446,15717,3083,2
-10059,-1182,7556,3070,2
-9233,924,11980,3071,2
-12487,-782,15428,3066,2
-9796,-1166,7378,3051,2
-9548,959,12565,3061,2
-12755,-1110,15024,3087,2
-8873,-874,7282,3065,2
-9549,1031,13178,3082,2
-13154,-1318,14433,3087,2
-7875,-623,7459,3070,2
-9709,1116,13875,3075,2
-13352,-1600,13736,3075,2
-7713,-491,7690,3051,2
-9610,1239,14289,3075,2
-13410,-1597,13000,3077,2
-7509,-346,8178,3059,2
-9819,1225,14829,3088,2
-13377,-1849,12111,3079,2
-8358,-442,8325,3061,2
-9765,1173,15167,3091,2
-12821,-1694,11321,3081,2
-8385,-260,8618,3057,2
-10065,894,15449,3076,2
-12817,-1724,10411,3070,2
-8170,88,9129,3054,2
-10450,656,15797,3080,2
-12698,-1809,9725,3075,2
-8083,431,9656,3065,2
-10718,560,15938,3082,2
-12247,-1772,9122,3075,2
-8555,497,10007,3069,2
-11205,247,16006,3082,2
-11759,-1719,8483,3068,2
-8635,721,10701,3059,2
-11631,-80,15918,3074,2
-11187,-1643,7973,3061,2
-9167,717,11142,3056,2
-11818,-299,15807,3079,2
-10576,-1386,7680,3063,2
-9178,844,11788,3072,2
-12330,-507,15446,3083,2
-9931,-1210,7518,3064,2
-9265,1113,12453,3064,2
-12675,-893,14923,3078,2
-8905,-915,7346,3052,2
-9652,990,13139,3074,2
-13107,-1394,14613,3080,2
-8316,-732,7387,3068,2
-9536,1174,13686,3071,2
-13226,-1536,14039,3085,2
-7874,-504,7504,3066,2
-9622,1103,14188,3077,2
-13477,-1695,13270,3082,2
-6996,-243,7914,3055,2
-9879,1168,14659,3083,2
-13724,-1959,12557,3072,2
-7247,-141,8292,3054,2
-9856,1074,15194,3069,2
-13366,-1902,11741,3077,2
-7235,-39,8720,3056,2
-10145,915,15437,3085,2
-13266,-1869,10821,3082,2
-6902,378,9231,3059,2
-10527,725,15723,3086,2
-13120,-1932,9991,3071,2
-7617,444,9607,3052,2
-10612,508,16014,3079,2
-12562,-1852,9281,3069,2
-8096,592,9968,3064,2
-10958,332,16022,3082,2
-12122,-1749,8657,3077,2
-8272,766,10549,3067,2
-11478,-61,16093,3076,2
-11551,-1631,8086,3065,2
-8958,780,11065,3062,2
-11700,-324,15964,3073,2
-10712,-1383,7634,3065,2
-9415,733,11572,3054,2
-12240,-673,15645,3080,2
-9813,-1182,7396,3072,2
-9302,1032,12402,3069,2
-12763,-1055,15141,3088,2
-9038,-932,7245,3073,2
-9495,1144,13110,3070,2
-13044,-1342,14595,3076,2
-8546,-800,7408,3059,2
-9421,1186,13762,3070,2
-13199,-1519,13966,3079,2
-8026,-560,7560,3066,2
-9685,1132,14342,3065,2
-13355,-1616,13034,3090,2
-7138,-264,8008,3068,2
-9865,1090,14784,3077,2
-13519,-1835,12211,3078,2
-7338,-135,8413,3051,2
-9965,1047,15275,3078,2
-13468,-1964,11489,3076,2
-7249,113,8762,3060,2
-10122,937,15609,3074,2
-13189,-1877,10617,3086,2
-7909,202,9149,3065,2
-10488,711,15808,3093,2
-12561,-1779,9677,3085,2
-7363,636,9856,3057,2
-10881,415,16111,3082,2
-12712,-1933,9108,3073,2
-8180,676,10207,3057,2
-11103,299,16079,3079,2
-11872,-1754,8476,3070,2
-8673,682,10626,3055,2
-11467,-92,16033,3088,2
-11287,-1571,7922,3072,2
-9069,801,11189,3068,2
-11991,-393,15804,3078,2
-10395,-1314,7611,3071,2
-9087,1011,11891,3059,2
-12377,-699,15559,3081,2
-10060,-1181,7395,3060,2
-9430,1031,12430,3063,2
-12663,-1016,15147,3082,2
-9070,-986,7366,3072,2
-9353,1231,13129,3060,2
-12967,-1259,14530,3086,2
-8530,-783,7445,3074,2
-9583,1200,13814,3070,2
-13199,-1522,13846,3078,2
-7997,-625,7625,3060,2
-9616,1153,14288,3061,2
-13337,-1651,13144,3077,2
-7764,-498,7911,3059,2
-9731,1157,14739,3070,2
-13285,-1684,12315,3069,2
-6916,-79,8471,3073,2
-10012,1010,15232,3075,2
-13348,-1898,11419,3089,2
-7442,-27,8710,3067,2
-10248,791,15555,3074,2
-13106,-1904,10643,3079,2
-7455,233,9127,3053,2
-10319,696,15781,3077,2
-12793,-1878,9945,3082,2
-7627,471,9614,3055,2
-10652,484,16002,3085,2
-12483,-1787,9135,3079,2
-8174,577,10101,3056,2
-11139,123,16105,3080,2
-12184,-1831,8595,3073,2
-8291,813,10539,3054,2
-11345,-19,16162,3070,2
-11526,-1583,7990,3071,2
-9114,685,10995,3050,2
-11845,-331,15952,3077,2
-10530,-1318,7685,3077,2
-8893,1023,11784,3062,2
-12333,-642,15564,3088,2
-10135,-1219,7376,3076,2
-9258,1083,12313,3065,2
-12711,-1055,15335,3075,2
-9587,-1110,7304,3058,2
-9314,1264,12960,3060,2
-12742,-1124,14734,3083,2
-8842,-911,7344,3064,2
-9527,1116,13487,3063,2
-13032,-1387,14122,3077,2
-7806,-596,7497,3069,2
-9705,1035,14042,3076,2
-13387,-1599,13348,3088,2
-7296,-351,7827,3063,2
-9848,1086,14601,3065,2
-13450,-1844,12610,3075,2
-7129,-196,8166,3057,2
-9990,925,15116,3066,2
-13518,-1938,11766,3077,2
-6760,134,8669,3062,2
-10153,857,15506,3080,2
-13356,-1926,10897,3095,2
-6918,320,9037,3067,2
-10342,643,15812,3072,2
-13252,-1930,10138,3084,2
-7335,479,9497,3057,2
-10582,508,15980,3076,2
-12726,-1842,9377,3084,2
-7907,606,9871,3051,2
-10878,310,16161,3073,2
-12252,-1772,8726,3093,2
-8582,665,10229,3062,2
-11250,38,16192,3082,2
-11610,-1572,8083,3083,2
-8949,743,10794,3056,2
-11689,-349,16128,3075,2
-11051,-1455,7651,3081,2
-9293,795,11315,3052,2
-12002,-590,15887,3078,2
-10175,-1172,7373,3076,2
-9259,932,12005,3054,2
-12452,-851,15554,3089,2
-9768,-1103,7216,3079,2
-9574,985,12574,3063,2
-12735,-1048,15033,3083,2
-8769,-867,7154,3073,2
-9590,990,13287,3065,2
-13152,-1444,14439,3075,2
-8185,-700,7282,3070,2
-9673,1124,13931,3059,2
-13299,-1572,13706,3071,2
-7617,-451,7530,3067,2
-9765,1057,14424,3071,2
-13567,-1818,13049,3077,2
-7163,-240,7890,3067,2
-9911,1051,15011,3069,2
-13599,-1889,12196,3075,2
-7195,-140,8347,3065,2
-10011,988,15352,3063,2
-13315,-1868,11367,3079,2
-7212,130,8716,3065,2
-10206,691,15724,3074,2
-13320,-1942,10489,3087,2
-7420,300,9205,3063,2
-10475,586,15923,3073,2
-12908,-1876,9665,3088,2
-7565,567,9705,3063,2
-10759,404,16149,3073,2
-12575,-1808,9018,3082,2
-8060,709,10121,3054,2
-11125,159,16151,3075,2
-12017,-1666,8353,3079,2
-8394,779,10623,3054,2
-11518,-261,16204,3079,2
-11456,-1566,7832,3082,2
-8884,876,11163,3064,2
-11796,-452,16038,3080,2
-10660,-1305,7479,3079,2
-9299,857,11790,3058,2
-12314,-727,15664,3079,2
-9862,-1118,7195,3087,2
-9525,961,12374,3056,2
-12672,-1058,15254,3082,2
-9112,-905,7128,3080,2
-9535,1099,13004,3067,2
-13009,-1367,14785,3090,2
-8564,-799,7202,3068,2
-9622,1158,13639,3059,2
-13105,-1495,14016,3077,2
-7836,-590,7357,3066,2
-9802,1089,14229,3062,2
-13424,-1723,13381,3078,2
-7428,-303,7698,3059,2
-9861,1068,14780,3054,2
-13493,-1860,12550,3085,2
-7120,-148,8119,3065,2
-9952,988,15210,3073,2
-13487,-1973,11783,3080,2
-6991,30,8533,3064,2
-10142,891,15577,3064,2
-13456,-1992,10934,3073,2
-7476,190,8855,3061,2
-10309,735,15863,3064,2
-12995,-1881,10110,3089,2
-7862,370,9251,3066,2
-10537,477,16135,3070,2
-12736,-1834,9384,3081,2
-7969,621,9837,3075,2
-10924,324,16182,3078,2
-12226,-1811,8693,3089,2
-8461,666,10310,3058,2
-11376,7,16186,3072,2
-11643,-1638,8051,3085,2
-8785,746,10938,3051,2
-11740,-292,16111,3075,2
-10875,-1394,7632,3088,2
-9127,850,11455,3056,2
-12141,-578,15798,3084,2
-10157,-1223,7345,3079,2
-9411,905,12087,3062,2
-12602,-954,15412,3076,2
-9343,-1000,7244,3071,2
-9515,1108,12808,3053,2
-12967,-1201,14867,3082,2
-8467,-783,7312,3082,2
-9654,1178,13496,3059,2
-13169,-1404,14201,3077,2
-7940,-600,7475,3077,2
-9741,1108,14113,3057,2
-13367,-1558,13412,3075,2
-7474,-414,7745,3071,2
-9998,1045,14549,3054,2
-13340,-1668,12504,3078,2
-6848,-151,8216,3065,2
-10096,922,15068,3056,2
-13542,-1938,11783,3093,2
-6628,132,8676,3061,2
-10250,989,15432,3068,2
-13349,-1964,10948,3081,2
-7088,211,9032,3068,2
-10466,764,15768,3064,2
-13136,-1907,10102,3077,2
-7111,498,9595,3061,2
-10736,600,16001,3059,2
-12754,-1884,9458,3075,2
-7447,675,10097,3065,2
-11080,451,15976,3065,2
-12142,-1801,8840,3089,2
-7969,773,10500,3063,2
-11466,148,16076,3074,2
-11754,-1743,8295,3086,2
-8619,825,10909,3053,2
-11788,-139,16008,3079,2
-10935,-1514,7865,3078,2
-9032,843,11444,3049,2
-12219,-428,15684,3075,2
-10260,-1293,7565,3080,2
-9364,908,12044,3050,2
-12462,-700,15382,3083,2
-9511,-1106,7352,3089,2
-9570,952,12604,3056,2
-12877,-1134,14876,3079,2
-8635,-905,7333,3073,2
-9612,1085,13327,3053,2
-13097,-1368,14368,3075,2
-8139,-747,7443,3076,2
-9710,1167,13898,3055,2
-13245,-1517,13599,3082,2
-7469,-453,7739,3074,2
-9892,1110,14427,3062,2
-13445,-1779,12876,3086,2
-7166,-313,8054,3071,2
-9951,1031,14897,3069,2
-13399,-1804,12025,3075,2
-6975,-61,8491,3060,2
-10160,992,15295,3050,2
-13348,-1939,11195,3081,2
-7033,124,8912,3068,2
-10294,768,15697,3065,2
-13255,-1923,10408,3073,2
-7264,369,9351,3068,2
-10571,632,15906,3069,2
-12864,-1900,9641,3081,2
-7787,514,9753,3060,2
-10818,397,16084,3063,2
-12349,-1782,8976,3070,2
-7687,745,10331,3061,2
-11320,169,16099,3074,2
-11954,-1736,8337,3084,2
-8428,782,10749,3062,2
-11616,-153,16075,3075,2
-11179,-1574,7889,3085,2
-9024,847,11222,3064,2
-11993,-518,15961,3070,2
-10503,-1297,7519,3078,2
-9259,937,11904,3056,2
-12439,-743,15606,3062,2
-9647,-1085,7275,3084,2
-9476,978,12517,3053,2
-12789,-1068,15174,3083,2
-8934,-911,7252,3085,2
-9571,1120,13160,3058,2
-13063,-1341,14516,3088,2
-8350,-744,7349,3083,2
-9611,1233,13754,3058,2
-13151,-1443,13776,3074,2
-7856,-615,7550,3074,2
-9790,1079,14287,3055,2
-13420,-1689,13070,3078,2
-7445,-294,7866,3081,2
-9828,1042,14856,3063,2
-13411,-1803,12234,3086,2
-7090,-72,8322,3078,2
-10091,893,15268,3062,2
-13443,-1933,11328,3083,2
-6862,135,8800,3062,2
-10272,774,15746,3062,2
-13285,-1928,10529,3077,2
-7294,363,9273,3061,2
-10527,602,15951,3066,2
-12973,-1833,9713,3082,2
-7485,583,9743,3063,2
-10763,411,16229,3073,2
-12504,-1814,8963,3085,2
-8278,614,10112,3069,2
-11202,191,16131,3058,2
-11721,-1563,8300,3080,2
-8794,677,10580,3059,2
-11682,-274,16174,3066,2
-11156,-1468,7801,3084,2
-8797,928,11276,3065,2
-11978,-532,16009,3078,2
-10576,-1320,7393,3090,2
-9387,827,11860,3067,2
-12365,-721,15569,3078,2
-9450,-1025,7176,3074,2
-12571,-936,15394,3053,2
-9530,-1083,7147,3075,2
-9559,996,12893,3080,2
-12877,-1216,14836,3051,2
-8569,-774,7184,3084,2
-9590,1112,13559,3088,2
-13144,-1452,14159,3056,2
-7812,-522,7377,3091,2
-9818,1051,14146,3082,2
-13459,-1720,13376,3056,2
-7281,-308,7686,3079,2
-9836,1041,14791,3072,2
-13618,-1854,12563,3055,2
-6877,-85,8155,3080,2
-10008,1012,15155,3070,2
-13502,-1915,11726,3072,2
-7042,65,8590,3086,2
-10140,820,15600,3077,2
-13396,-1940,10795,3062,2
-6982,346,9000,3079,2
-10417,631,15921,3058,2
-13180,-1887,9936,3064,2
-7657,455,9501,3077,2
-10687,385,16160,3067,2
-12560,-1786,9134,3067,2
-8215,622,9980,3083,2
-11059,148,16166,3070,2
-12004,-1680,8364,3072,2
-8612,702,10526,3079,2
-11473,-140,16209,3062,2
-11335,-1528,7837,3064,2
-8973,775,11149,3076,2
-11967,-546,16007,3062,2
-10553,-1296,7349,3069,2
-9182,888,11932,3081,2
-12459,-749,15607,3059,2
-9729,-1076,7142,3078,2
-9381,1112,12613,3081,2
-12766,-1102,15160,3055,2
-9087,-876,7081,3078,2
-9512,1026,13337,3073,2
-13115,-1445,14532,3059,2
-8219,-655,7223,3076,2
-9651,1060,13942,3083,2
-13405,-1566,13705,3059,2
-7292,-321,7488,3086,2
-9853,1101,14578,3081,2
-13631,-1777,12838,3062,2
-6965,-155,8026,3079,2
-10008,978,15062,3082,2
-13494,-1855,11851,3056,2
-6780,62,8512,3082,2
-10123,838,15516,3072,2
-13548,-2003,11003,3062,2
-7237,228,8918,3078,2
-10396,616,15938,3079,2
-13123,-1888,10041,3064,2
-7218,558,9485,3082,2
-10739,442,16097,3068,2
-12686,-1805,9261,3068,2
-7590,664,10007,3074,2
-11070,138,16286,3067,2
-12259,-1717,8499,3071,2
-8362,697,10444,3083,2
-11496,-205,16305,3066,2
-11504,-1474,7861,3077,2
-8745,864,11060,3080,2
-11899,-471,16143,3067,2
-10779,-1324,7423,3070,2
-9247,880,11681,3078,2
-12314,-722,15820,3054,2
-9968,-1129,7126,3070,2
-9474,962,12391,3082,2
-12780,-1033,15304,3070,2
-8936,-876,7021,3075,2
-9734,971,13099,3087,2
-13105,-1423,14672,3058,2
-8027,-608,7091,3076,2
-9640,1054,13843,3075,2
-13474,-1588,13857,3047,2
-7607,-469,7427,3091,2
-9860,1020,14440,3083,2
-13519,-1737,13034,3060,2
-7044,-155,7803,3079,2
-9960,983,15029,3088,2
-13614,-1851,12091,3053,2
-6952,-38,8334,3073,2
-10141,855,15484,3073,2
-13472,-1952,11148,3053,2
-6844,223,8788,3066,2
-10349,637,15837,3071,2
-13354,-1931,10265,3064,2
-7049,463,9364,3076,2
-10656,434,16123,3071,2
-12816,-1824,9365,3061,2
-7775,611,9833,3081,2
-10935,237,16234,3065,2
-12297,-1721,8615,3067,2
-8524,606,10255,3070,2
-11380,-73,16282,3071,2
-11608,-1610,7929,3068,2
-8967,730,10831,3077,2
-11862,-443,16147,3066,2
-10735,-1352,7434,3070,2
-9221,827,11633,3087,2
-12337,-701,15806,3065,2
-9925,-1145,7142,3066,2
-9558,968,12294,3078,2
-12688,-1064,15381,3064,2
-8991,-874,7030,3068,2
-9596,1017,13042,3082,2
-13098,-1375,14731,3064,2
-8255,-631,7146,3081,2
-9723,1156,13771,3085,2
-13348,-1573,13949,3066,2
-7728,-536,7377,3072,2
-9789,1080,14449,3079,2
-13524,-1735,13050,3048,2
-7091,-214,7786,3075,2
-10013,980,14963,3077,2
-13626,-1900,12248,3062,2
-6676,68,8355,3076,2
-10216,900,15414,3085,2
-13568,-1984,11273,3062,2
-6809,203,8890,3080,2
-10443,773,15719,3070,2
-13140,-1856,10314,3057,2
-7142,395,9319,3074,2
-10644,512,16033,3070,2
-12890,-1895,9514,3062,2
-7391,694,9894,3084,2
-11015,315,16226,3084,2
-12315,-1789,8706,3070,2
-8352,601,10291,3077,2
-11457,4,16183,3065,2
-11620,-1620,8051,3062,2
-8733,776,10878,3077,2
-11880,-351,16062,3063,2
-10795,-1411,7550,3059,2
-9145,887,11577,3086,2
-12346,-650,15774,3063,2
-9893,-1122,7262,3075,2
-9475,924,12316,3095,2
-12748,-982,15321,3055,2
-9131,-931,7111,3065,2
-9582,1030,13059,3073,2
-13046,-1263,14681,3060,2
-8212,-742,7198,3073,2
-9762,1029,13674,3081,2
-13343,-1550,13904,3069,2
-7466,-488,7418,3076,2
-9878,1090,14361,3078,2
-13578,-1720,13039,3060,2
-7153,-274,7839,3071,2
-10018,1019,14893,3077,2
-13462,-1817,12142,3058,2
-6817,-40,8391,3078,2
-10178,917,15385,3084,2
-13474,-1936,11242,3060,2
-7021,141,8849,3090,2
-10355,754,15741,3085,2
-13155,-1886,10308,3055,2
-7406,340,9286,3076,2
-10664,482,16022,3072,2
-12703,-1857,9473,3053,2
-7720,560,9821,3083,2
-10936,300,16235,3069,2
-12357,-1735,8671,3060,2
-8254,673,10323,3075,2
-11440,-12,16192,3078,2
-11654,-1643,8051,3065,2
-8702,803,10880,3081,2
-11856,-361,16138,3067,2
-10912,-1396,7556,3056,2
-9223,858,11534,3074,2
-12300,-633,15815,3057,2
-9983,-1106,7198,3066,2
-9366,907,12264,3080,2
-12711,-983,15386,3069,2
-9186,-954,7096,3071,2
-9625,1011,12951,3076,2
-13035,-1291,14767,3061,2
-8285,-721,7130,3070,2
-9626,965,13775,3079,2
-13384,-1538,14060,3056,2
-7560,-489,7368,3071,2
-9869,1168,14273,3085,2
-13511,-1750,13255,3066,2
-7255,-331,7740,3071,2
-9942,1051,14879,3082,2
-13583,-1819,12324,3061,2
-6995,-36,8265,3078,2
-10090,908,15339,3074,2
-13452,-1941,11432,3055,2
-6765,226,8766,3075,2
-10377,747,15790,3080,2
-13393,-1962,10509,3058,2
-7007,396,9275,3086,2
-10606,541,16027,3090,2
-13019,-1911,9644,3063,2
-7711,566,9699,3079,2
-10840,324,16225,3072,2
-12403,-1820,8838,3048,2
-8119,670,10254,3074,2
-11375,71,16208,3075,2
-11800,-1658,8186,3063,2
-8788,728,10728,3081,2
-11720,-333,16201,3077,2
-10994,-1413,7634,3065,2
-9013,862,11443,3079,2
-12212,-616,15938,3074,2
-10134,-1187,7221,3058,2
-9433,877,12115,3076,2
-12655,-923,15494,3066,2
-9244,-939,7080,3064,2
-9612,1049,12893,3084,2
-13015,-1249,14810,3072,2
-8347,-715,7112,3074,2
-9716,1002,13630,3082,2
-13349,-1558,14155,3063,2
-7654,-530,7319,3072,2
-9835,1120,14316,3075,2
-13479,-1686,13165,3056,2
-7159,-289,7700,3061,2
-10028,998,14867,3083,2
-13591,-1851,12329,3064,2
-6785,4,8186,3072,2
-10115,869,15405,3089,2
-13508,-1928,11350,3053,2
-6981,147,8761,3074,2
-10408,799,15747,3076,2
-13248,-1952,10399,3058,2
-7311,357,9197,3075,2
-10589,525,16114,3083,2
-12827,-1855,9489,3054,2
-7554,624,9829,3086,2
-11003,286,16251,3083,2
-12373,-1761,8709,3064,2
-8152,707,10304,3079,2
-11401,-50,16285,3069,2
-11735,-1649,8020,3058,2
-8606,863,10965,3081,2
-11824,-421,16159,3076,2
-10948,-1408,7467,3072,2
-9008,901,11619,3085,2
-12371,-666,15817,3080,2
-10087,-1204,7175,3069,2
-9306,1000,12281,3073,2
-12699,-1038,15370,3062,2
-9235,-942,6989,3056,2
-9583,991,13124,3072,2
-13083,-1321,14723,3065,2
-8213,-688,7109,3072,2
-9690,1103,13797,3080,2
-13332,-1583,13893,3078,2
-7625,-475,7433,3072,2
-9827,1045,14461,3080,2
-13609,-1774,13037,3061,2
-7188,-294,7830,3067,2
-9947,1106,14983,3074,2
-13561,-1894,12176,3068,2
-7007,-50,8342,3073,2
-10146,904,15477,3089,2
-13433,-1979,11152,3063,2
-6934,163,8876,3081,2
-10467,652,15812,3085,2
-13295,-1959,10223,3061,2
-6915,428,9486,3066,2
-10727,502,16044,3071,2
-12791,-1839,9437,3054,2
-7590,641,9920,3077,2
-11087,331,16181,3085,2
-12296,-1795,8635,3064,2
-8301,692,10406,3079,2
-11588,-10,16143,3067,2
-11458,-1657,8008,3056,2
-8725,748,11060,3072,2
-12034,-400,16009,3074,2
-10676,-1378,7599,3046,2
-8957,944,11737,3078,2
-12418,-610,15603,3070,2
-9992,-1272,7339,3067,2
-9504,931,12312,3085,2
-12772,-866,15056,3073,2
-8933,-988,7218,3062,2
-9718,996,13123,3076,2
-13165,-1236,14353,3066,2
-7809,-643,7411,3070,2
-9739,1042,13891,3073,2
-13439,-1568,13590,3072,2
-7623,-522,7740,3068,2
-9913,1124,14465,3083,2
-13404,-1655,12686,3069,2
-7054,-229,8181,3067,2
-10245,948,14965,3075,2
-13443,-1812,11767,3058,2
-6266,146,8789,3070,2
-10477,841,15360,3084,2
-13440,-1995,10945,3063,2
-6680,289,9211,3077,2
-10609,682,15752,3084,2
-13154,-1948,10081,3067,2
-7064,533,9716,3082,2
-10873,545,16004,3081,2
-12643,-1826,9314,3059,2
-7676,686,10079,3072,2
-11189,233,16088,3079,2
-12268,-1818,8609,3058,2
-8091,770,10635,3080,2
-11597,24,16082,3095,2
-11479,-1610,8010,3056,2
-8602,830,11138,3085,2
-11971,-402,15980,3083,2
-10760,-1421,7640,3060,2
-8977,923,11731,3076,2
-12343,-565,15604,3074,2
-10026,-1178,7321,3054,2
-9435,899,12438,3083,2
-12786,-951,15172,3079,2
-9006,-963,7233,3060,2
-9495,1039,13124,3090,2
-13109,-1333,14625,3077,2
-8304,-743,7336,3068,2
-9695,1075,13782,3079,2
-13333,-1425,13888,3067,2
-7630,-498,7537,3068,2
-9712,1101,14352,3080,2
-13518,-1732,13084,3070,2
-7266,-318,7890,3066,2
-9976,1017,14862,3084,2
-13486,-1813,12145,3078,2
-6862,-19,8411,3077,2
-10243,849,15318,3078,2
-13497,-1923,11234,3060,2
-6800,136,8918,3069,2
-10429,764,15697,3093,2
-13185,-1950,10328,3066,2
-7320,396,9295,3074,2
-10602,584,15990,3092,2
-12784,-1819,9519,3068,2
-7792,541,9801,3083,2
-11007,300,16193,3094,2
-12299,-1748,8785,3061,2
-8026,694,10387,3067,2
-11475,105,16166,3074,2
-11728,-1650,8088,3055,2
-8643,839,10912,3080,2
-11806,-342,16176,3093,2
-10916,-1421,7593,3064,2
-9046,886,11555,3086,2
-12259,-561,15778,3088,2
-10081,-1208,7300,3062,2
-9306,967,12233,3090,2
-12747,-965,15392,3069,2
-9215,-953,7105,3064,2
-9558,1087,13036,3087,2
-13056,-1267,14722,3075,2
-8411,-786,7229,3065,2
-9620,1135,13696,3083,2
-13274,-1535,14034,3073,2
-7772,-578,7400,3060,2
-9790,1101,14292,3084,2
-13504,-1638,13205,3069,2
-7305,-326,7807,3059,2
-9945,1056,14769,3072,2
-13475,-1810,12326,3065,2
-7029,-130,8237,3064,2
-10064,911,15292,3086,2
-13519,-1971,11409,3058,2
-6881,132,8739,3071,2
-10373,767,15665,3082,2
-13302,-1964,10499,3062,2
-7218,322,9165,3065,2
-10598,534,16026,3077,2
-12918,-1848,9664,3062,2
-7545,557,9710,3073,2
-10891,363,16220,3091,2
-12476,-1810,8910,3066,2
-7861,743,10298,3079,2
-11347,113,16247,3085,2
-11891,-1678,8244,3066,2
-8603,771,10721,3068,2
-11799,-322,16158,3081,2
-11016,-1474,7644,3063,2
-8975,835,11390,3075,2
-12192,-589,15924,3071,2
-10229,-1165,7296,3064,2
-9286,942,12129,3084,2
-12628,-932,15469,3084,2
-9370,-1043,7139,3060,2
-9500,964,12821,3076,2
-13084,-1288,14999,3074,2
-8389,-661,7079,3054,2
-9521,1223,13592,3074,2
-13457,-1602,14273,3073,2
-7937,-543,7316,3060,2
-9739,1111,14231,3092,2
-13489,-1658,13406,3080,2
-7319,-355,7624,3072,2
-9779,1071,14703,3080,2
-13630,-1805,12593,3062,2
-7101,-177,8136,3061,2
-10101,906,15206,3069,2
-13529,-1914,11687,3071,2
-6609,197,8711,3072,2
-10290,826,15548,3080,2
-13331,-1880,10636,3069,2
-7182,274,9107,3068,2
-10522,584,15922,3085,2
-13138,-1907,9846,3063,2
-7745,521,9611,3064,2
-10756,453,16124,3078,2
-12252,-1737,8969,3051,2
-7986,698,10101,3076,2
-11279,15,16257,3076,2
-12082,-1673,8299,3065,2
-8559,698,10664,3074,2
-11652,-187,16177,3081,2
-11163,-1504,7681,3059,2
-8936,887,11264,3072,2
-12097,-547,15940,3079,2
-10293,-1224,7269,3063,2
-9387,862,12019,3076,2
-12582,-934,15637,3086,2
-9685,-999,7034,3060,2
-9483,960,12706,3085,2
-12912,-1154,15060,3082,2
-8688,-784,7069,3062,2
-9474,1141,13470,3082,2
-13123,-1367,14338,3072,2
-8084,-628,7235,3063,2
-9709,947,14093,3076,2
-13538,-1729,13506,3074,2
-7441,-341,7552,3064,2
-9778,1093,14753,3088,2
-13517,-1729,12610,3073,2
-7041,-130,8007,3068,2
-9941,1005,15200,3079,2
-13612,-1904,11774,3062,2
-6942,67,8601,3066,2
-10317,802,15562,3081,2
-13366,-1910,10775,3069,2
-7172,277,8984,3065,2
-10417,669,15933,3082,2
-13062,-1896,9921,3069,2
-7669,482,9400,3078,2
-10724,322,16189,3085,2
-12722,-1815,9224,3061,2
-7776,652,10032,3072,2
-11051,208,16241,3080,2
-12199,-1766,8480,3052,2
-8331,702,10425,3069,2
-11479,-130,16238,3083,2
-11563,-1595,7942,3064,2
-8868,755,10939,3075,2
-11890,-466,16126,3088,2
-10767,-1358,7502,3066,2
-9034,887,11633,3069,2
-12265,-647,15795,3088,2
-10007,-1140,7143,3053,2
-9477,908,12239,3075,2
-12732,-1014,15406,3081,2
-9297,-979,7019,3052,2
-9595,1061,12884,3077,2
-13052,-1299,14845,3088,2
-8530,-754,7027,3061,2
-9617,1043,13607,3085,2
-13275,-1458,14202,3085,2
-7667,-497,7266,3061,2
-9728,1027,14229,3078,2
-13523,-1780,13458,3068,2
-7297,-293,7590,3059,2
-9843,1032,14805,3082,2
-13643,-1812,12520,3076,2
-6997,-79,8055,3064,2
-10002,937,15272,3085,2
-13626,-1964,11710,3078,2
-6975,74,8545,3070,2
-10191,827,15692,3083,2
-13406,-1936,10778,3068,2
-7103,287,8927,3055,2
-10454,570,15951,3078,2
-13231,-1926,9902,3069,2
-7142,568,9570,3062,2
-10739,461,16177,3081,2
-12708,-1818,9182,3072,2
-7893,642,9940,3079,2
-11024,196,16298,3086,2
-12166,-1697,8460,3067,2
-8396,709,10439,3063,2
-11476,-118,16324,3079,2
-11547,-1569,7870,3061,2
-8956,714,10977,3071,2
-11855,-456,16131,3082,2
-10826,-1353,7389,3065,2
-9069,907,11690,3076,2
-12350,-742,15824,3088,2
-10054,-1089,7052,3071,2
-9260,1013,12351,3076,2
-12736,-1011,15386,3081,2
-9237,-924,6977,3057,2
-9551,1037,13016,3070,2
-13076,-1359,14862,3071,2
-8475,-709,7023,3062,2
-9599,1006,13724,3084,2
-13286,-1570,14131,3085,2
-7757,-515,7285,3069,2
-9765,1072,14320,3084,2
-13525,-1728,13297,3081,2
-7341,-325,7574,3057,2
-9887,1004,14884,3076,2
-13604,-1806,12404,3070,2
-6945,-81,8090,3056,2
-10099,846,15295,3078,2
-13587,-1965,11578,3070,2
-6912,138,8571,3068,2
-10261,770,15709,3085,2
-13365,-1949,10626,3072,2
-6952,325,9118,3070,2
-10549,589,16031,3079,2
-13181,-1959,9736,3069,2
-7392,605,9578,3063,2
-10826,369,16251,3079,2
-12608,-1769,9002,3068,2
-7987,655,10049,3072,2
-11259,177,16233,3078,2
-12082,-1715,8293,3075,2
-8336,769,10654,3073,2
-11675,-227,16272,3077,2
-11360,-1527,7740,3055,2
-8937,834,11134,3063,2
-12028,-545,16087,3083,2
-10520,-1227,7303,3060,2
-9185,833,11895,3076,2
-12521,-804,15700,3078,2
-9644,-1062,7062,3062,2
-9439,1010,12495,3083,2
-12848,-1161,15255,3086,2
-9091,-849,6935,3059,2
-9534,1036,13215,3076,2
-13134,-1342,14600,3076,2
-8221,-683,7045,3054,2
-9730,1039,13869,3071,2
-13392,-1645,13870,3077,2
-7482,-348,7351,3060,2
-9840,1056,14474,3080,2
-13649,-1772,13069,3087,2
-6974,-150,7741,3062,2
-10012,939,14988,3081,2
-13646,-1833,12147,3077,2
-6690,13,8283,3051,2
-10171,877,15414,3082,2
-13656,-2023,11311,3068,2
-6797,221,8730,3060,2
-10302,729,15823,3080,2
-13399,-1963,10439,3080,2
-7125,373,9158,3070,2
-10606,562,16059,3086,2
-13019,-1883,9631,3074,2
-7474,613,9676,3069,2
-10879,336,16276,3078,2
-12567,-1776,8854,3071,2
-8017,690,10138,3060,2
-11287,92,16272,3085,2
-11946,-1646,8164,3062,2
-8518,733,10642,3067,2
-11733,-277,16233,3083,2
-11123,-1438,7641,3072,2
-9003,789,11209,3065,2
-12090,-566,16031,3079,2
-10431,-1265,7238,3063,2
-9229,905,11980,3062,2
-12593,-819,15656,3072,2
-9584,-1020,7031,3060,2
-9491,1008,12565,3072,2
-12897,-1175,15201,3089,2
-8885,-810,6951,3067,2
-9551,1058,13328,3083,2
-13251,-1430,14524,3083,2
-8081,-643,7084,3063,2
-9611,1108,14020,3076,2
-13458,-1602,13737,3076,2
-7557,-415,7358,3054,2
-9813,1134,14600,3075,2
-13624,-1777,12872,3078,2
-7074,-207,7864,3056,2
-10025,1036,15020,3082,2
-13587,-1917,12051,3077,2
-6919,-5,8346,3052,2
-10193,836,15503,3078,2
-13472,-1931,11138,3076,2
-6798,272,8812,3061,2
-10440,641,15913,3071,2
-13461,-1984,10276,3076,2
-7206,408,9275,3058,2
-10693,553,16120,3087,2
-12819,-1864,9474,3083,2
-7683,599,9767,3065,2
-11010,314,16277,3080,2
-12343,-1705,8679,3064,2
-8071,668,10277,3059,2
-11446,-5,16265,3069,2
-11793,-1662,8091,3062,2
-8465,842,10820,3059,2
-11765,-337,16248,3074,2
-11086,-1431,7578,3065,2
-8965,843,11431,3072,2
-12275,-633,15940,3088,2
-10252,-1178,7170,3070,2
-9134,950,12125,3071,2
-12652,-894,15547,3078,2
-9571,-1042,7074,3064,2
-9472,1022,12761,3064,2
-12967,-1232,15104,3073,2
-8639,-773,6969,3062,2
-9579,1018,13488,3068,2
-13330,-1446,14410,3080,2
-7962,-605,7186,3068,2
-9724,1152,14036,3075,2
-13428,-1630,13663,3087,2
-7313,-343,7499,3051,2
-9907,1060,14649,3075,2
-13694,-1851,12773,3072,2
-7094,-197,7967,3046,2
-10028,1007,15105,3079,2
-13482,-1770,11903,3080,2
-6931,8,8447,3058,2
-10240,789,15582,3083,2
-13521,-1994,11066,3083,2
-7037,245,8821,3064,2
-10448,700,15847,3075,2
-13192,-1919,10160,3071,2
-7268,444,9309,3055,2
-10638,522,16130,3072,2
-12811,-1843,9401,3070,2
-7883,524,9752,3058,2
-10978,284,16270,3082,2
-12293,-1695,8633,3077,2
-8183,640,10291,3069,2
-11429,-29,16228,3086,2
-11715,-1663,8091,3068,2
-8698,763,10768,3061,2
-11817,-403,16237,3077,2
-10927,-1385,7506,3068,2
-9061,769,11424,3057,2
-12362,-658,15832,3076,2
-10074,-1192,7211,3069,2
-9380,945,12068,3068,2
-12629,-922,15566,3085,2
-9363,-976,7000,3068,2
-9480,1000,12826,3075,2
-13036,-1220,15008,3079,2
-8657,-808,7056,3068,2
-9628,1055,13496,3058,2
-13206,-1442,14297,3076,2
-7968,-618,7197,3063,2
-9843,1106,14069,3073,2
-13403,-1628,13529,3091,2
-7480,-397,7491,3067,2
-9937,1013,14589,3071,2
-13545,-1777,12684,3078,2
-6919,-180,7933,3061,2
-10027,982,15122,3060,2
-13560,-1918,11905,3077,2
-6952,9,8400,3051,2
-10222,855,15543,3070,2
-13462,-1898,10960,3082,2
-6946,197,8850,3058,2
-10479,648,15837,3077,2
-13170,-1895,10160,3085,2
-7120,465,9391,3064,2
-10685,524,16115,3078,2
-12804,-1855,9358,3069,2
-7803,582,9801,3056,2
-11048,241,16285,3070,2
-12256,-1712,8609,3079,2
-8220,641,10351,3055,2
-11523,-35,16249,3082,2
-11615,-1606,7990,3077,2
-8593,850,10935,3065,2
-11891,-392,16191,3089,2
-10921,-1375,7488,3068,2
-8953,863,11621,3066,2
-12399,-617,15801,3073,2
-10117,-1149,7189,3062,2
-9258,959,12281,3066,2
-12763,-955,15458,3082,2
-9238,-919,6996,3071,2
-9591,1026,12938,3066,2
-13186,-1329,14816,3084,2
-8398,-717,7079,3071,2
-9597,1128,13704,3075,2
-13334,-1518,14166,3071,2
-7751,-536,7276,3051,2
-9806,1113,14310,3061,2
-13566,-1667,13280,3078,2
-7094,-287,7695,3062,2
-9968,985,14831,3076,2
-13658,-1831,12439,3085,2
-6907,-153,8079,3062,2
-10141,894,15310,3077,2
-13495,-1881,11594,3079,2
-6685,114,8587,3061,2
-10365,792,15683,3069,2
-13433,-1919,10685,3075,2
-7058,251,9021,3055,2
-10535,612,15986,3077,2
-13154,-1905,9887,3074,2
-7327,559,9491,3057,2
-10778,436,16277,3090,2
-12789,-1848,9119,3080,2
-7624,721,10119,3056,2
-11284,229,16268,3080,2
-12082,-1755,8437,3073,2
-8380,718,10457,3048,2
-11660,-138,16241,3074,2
-11339,-1547,7814,3070,2
-8875,757,11084,3068,2
-12030,-463,16076,3083,2
-10547,-1297,7395,3068,2
-9233,793,11772,3064,2
-12536,-796,15708,3079,2
-9806,-1096,7116,3070,2
-9303,1127,12472,3061,2
-12911,-1046,15303,3069,2
-9044,-870,7026,3062,2
-9607,1068,13203,3067,2
-13192,-1362,14648,3078,2
-8224,-691,7156,3066,2
-9626,1110,13887,3064,2
-13380,-1563,13955,3087,2
-7740,-549,7334,3067,2
-9790,991,14453,3069,2
-13575,-1703,13009,3076,2
-7046,-230,7785,3052,2
-10062,987,14912,3061,2
-13596,-1841,12225,3075,2
-6763,-43,8287,3060,2
-10187,843,15394,3071,2
-13608,-1972,11350,3087,2
-6752,185,8737,3065,2
-10381,748,15745,3076,2
-13336,-1944,10387,3075,2
-7138,365,9218,3053,2
-10595,600,16013,3072,2
-13048,-1944,9616,3076,2
-7290,653,9738,3066,2
-10982,389,16304,3079,2
-12530,-1779,8808,3085,2
-8054,646,10215,3052,2
-11422,89,16213,3080,2
-11783,-1656,8132,3076,2
-8667,683,10673,3061,2
-11818,-332,16227,3068,2
-11094,-1433,7567,3069,2
-8867,870,11426,3057,2
-12235,-588,15944,3086,2
-10387,-1215,7225,3075,2
-9191,913,12111,3061,2
-12706,-977,15574,3080,2
-9523,-1043,6999,3069,2
-9457,1014,12815,3059,2
-13026,-1193,15035,3065,2
-8526,-772,6998,3056,2
-9609,1040,13525,3059,2
-13344,-1462,14304,3073,2
-7783,-564,7189,3064,2
-9774,1005,14209,3073,2
-13502,-1605,13445,3081,2
-7287,-379,7556,3064,2
-9909,992,14760,3066,2
-13661,-1842,12535,3077,2
-6954,-162,8048,3056,2
-10019,914,15306,3061,2
-13548,-1933,11561,3069,2
-6946,75,8574,3057,2
-10302,677,15762,3072,2
-13512,-1955,10618,3085,2
-6694,437,9172,3067,2
-10613,603,16072,3076,2
-13227,-1954,9731,3083,2
-7443,555,9669,3056,2
-10878,376,16296,3071,2
-12509,-1796,8925,3076,2
-8017,672,10141,3079,2
-11391,48,16290,3077,2
-11936,-1671,8126,3087,2
-8419,823,10746,3066,2
-11810,-222,16202,3087,2
-11057,-1447,7612,3075,2
-9051,774,11388,3062,2
-12310,-584,15955,3082,2
-10166,-1179,7148,3075,2
-9331,869,12141,3058,2
-12683,-927,15500,3079,2
-9231,-948,7060,3078,2
-9579,1017,12883,3070,2
-13116,-1289,14918,3086,2
-8408,-700,6961,3068,2
-9689,1013,13676,3073,2
-13388,-1486,14188,3075,2
-7651,-470,7164,3061,2
-9780,1069,14208,3061,2
-13608,-1719,13320,3076,2
-7236,-315,7540,3068,2
-9931,909,14849,3068,2
-13613,-1798,12476,3077,2
-6723,-131,8113,3069,2
-10138,852,15250,3072,2
-13637,-1907,11627,3075,2
-6788,137,8583,3048,2
-10346,817,15595,3071,2
-13468,-1971,10686,3078,2
-7149,243,9043,3057,2
-10601,595,15984,3073,2
-13016,-1857,9831,3073,2
-7265,544,9603,3067,2
-10911,408,16183,3081,2
-12618,-1823,9059,3080,2
-7675,720,10124,3058,2
-11282,118,16306,3074,2
-12063,-1697,8307,3068,2
-8297,780,10660,3056,2
-11811,-177,16178,3078,2
-11192,-1498,7708,3082,2
-8819,854,11213,3063,2
-12144,-552,16015,3084,2
-10536,-1251,7266,3077,2
-9253,876,11896,3057,2
-12548,-750,15620,3073,2
-9569,-1034,7055,3078,2
-9520,922,12554,3053,2
-13027,-1158,15181,3072,2
-8787,-808,6975,3067,2
-9644,1033,13276,3065,2
-13211,-1389,14572,3070,2
-8116,-670,7098,3074,2
-9687,1047,13903,3071,2
-13375,-1580,13770,3077,2
-7546,-482,7363,3062,2
-9880,996,14461,3060,2
-13578,-1733,12962,3076,2
-6922,-206,7859,3068,2
-9991,957,15003,3068,2
-13650,-1898,12184,3081,2
-6788,31,8303,3074,2
-10184,879,15452,3067,2
-13539,-1948,11236,3083,2
-6803,160,8746,3062,2
-10452,718,15774,3068,2
-13322,-1902,10374,3071,2
-6784,499,9285,3057,2
-10646,533,16126,3065,2
-13068,-1905,9603,3083,2
-7386,615,9802,3058,2
-10972,357,16255,3073,2
-12474,-1811,8843,3076,2
-7933,706,10250,3070,2
-11415,64,16356,3073,2
-11924,-1673,8085,3071,2
-8351,765,10820,3057,2
-11802,-293,16259,3068,2
-11236,-1506,7608,3077,2
-8673,968,11466,3058,2
-12296,-682,16008,3082,2
-10310,-1183,7177,3075,2
-9152,918,12192,3059,2
-12749,-934,15600,3078,2
-9428,-1020,7063,3081,2
-9501,1112,12822,3055,2
-13027,-1258,15010,3067,2
-8682,-813,6980,3066,2
-9626,1042,13528,3057,2
-13282,-1421,14286,3087,2
-7871,-604,7217,3071,2
-9739,1061,14199,3063,2
-13518,-1624,13441,3083,2
-7186,-292,7509,3068,2
-9981,953,14716,3062,2
-13627,-1820,12612,3078,2
-6903,-129,7965,3060,2
-10083,898,15272,3064,2
-13625,-1887,11700,3078,2
-6673,69,8487,3068,2
-10364,804,15618,3063,2
-13423,-1926,10816,3076,2
-6761,298,8978,3071,2
-10583,621,15927,3073,2
-13217,-1898,9967,3077,2
-7214,506,9469,3065,2
-10889,432,16193,3075,2
-12672,-1802,9171,3069,2
-7689,624,9979,3051,2
-11284,181,16282,3072,2
-12123,-1693,8427,3084,2
-8107,779,10552,3068,2
-11676,-108,16299,3072,2
-11537,-1519,7783,3078,2
-8612,839,11072,3054,2
-12073,-497,16132,3067,2
-10627,-1289,7446,3070,2
-8975,935,11756,3056,2
-12490,-724,15834,3078,2
-9893,-1064,7025,3075,2
-9324,911,12451,3053,2
-12941,-1064,15367,3093,2
-9030,-887,6934,3082,2
-9581,1076,13114,3064,2
-13140,-1324,14765,3073,2
-8216,-660,7014,3070,2
-9735,1011,13738,3083,2
-13459,-1575,14107,3080,2
-7484,-415,7220,3071,2
-9826,1043,14376,3053,2
-13642,-1761,13302,3077,2
-7167,-290,7623,3076,2
-10003,1080,14879,3067,2
-13651,-1896,12446,3087,2
-6797,-53,8054,3070,2
-10136,880,15380,3070,2
-13654,-1933,11509,3075,2
-6695,133,8583,3057,2
-10330,779,15696,3061,2
-13509,-1968,10682,3072,2
-6950,339,9088,3063,2
-10626,605,16012,3068,2
-13124,-1869,9816,3084,2
-7065,578,9619,3069,2
-10881,359,16255,3068,2
-12760,-1827,9122,3072,2
-7723,643,10033,3062,2
-11224,183,16316,3061,2
-12088,-1664,8303,3075,2
-8271,709,10584,3058,2
-11680,-206,16316,3070,2
-11351,-1525,7769,3077,2
-8741,852,11095,3068,2
-12127,-498,16139,3075,2
-10615,-1273,7322,3080,2
-9067,905,11816,3062,2
-12578,-763,15739,3068,2
-9804,-1078,7088,3071,2
-9315,973,12536,3056,2
-12975,-1100,15289,3081,2
-8844,-845,6955,3082,2
-9618,1041,13257,3060,2
-13265,-1446,14685,3082,2
-8036,-565,7012,3083,2
-9694,1137,13867,3052,2
-13562,-1658,13910,3071,2
-7605,-453,7277,3070,2
-9800,1109,14507,3051,2
-13660,-1758,13109,3082,2
-7028,-222,7702,3065,2
-10050,1018,15041,3060,2
-13618,-1881,12233,3084,2
-6729,19,8268,3076,2
-10248,871,15462,3071,2
-13588,-1955,11271,3081,2
-6724,228,8806,3063,2
-10440,751,15877,3063,2
-13335,-1957,10329,3080,2
-6998,380,9210,3064,2
-10738,479,16109,3062,2
-12947,-1867,9473,3074,2
-7480,586,9768,3074,2
-11066,256,16288,3075,2
-12344,-1753,8702,3078,2
-11268,158,16301,3068,2
-12253,-1781,8413,3060,2
-7926,891,10605,3078,2
-11777,-214,16288,3062,2
-11487,-1519,7725,3069,2
-8627,795,11177,3081,2
-12092,-506,16124,3059,2
-10652,-1289,7340,3071,2
-9000,938,11829,3091,2
-12588,-793,15755,3065,2
-9850,-1081,6973,3076,2
-9312,1013,12532,3074,2
-12955,-1062,15255,3055,2
-8869,-828,6934,3077,2
-9617,1028,13269,3079,2
-13245,-1387,14604,3057,2
-8047,-636,7025,3082,2
-9691,1022,13963,3085,2
-13479,-1621,13813,3065,2
-7291,-367,7334,3087,2
-9922,1033,14534,3071,2
-13698,-1777,12910,3057,2
-6876,-218,7790,3075,2
-10081,977,15071,3071,2
-13626,-1874,11997,3059,2
-6807,41,8280,3081,2
-10220,771,15557,3072,2
-13597,-1948,11050,3063,2
-6775,190,8853,3087,2
-10511,663,15898,3074,2
-13217,-1895,10161,3061,2
-7121,469,9306,3077,2
-10737,435,16247,3055,2
-12890,-1785,9286,3061,2
-7317,709,9988,3073,2
-11264,209,16300,3065,2
-12366,-1768,8603,3073,2
-7990,771,10411,3085,2
-11609,-105,16327,3072,2
-11652,-1556,7847,3073,2
-8474,810,11055,3077,2
-11976,-419,16206,3056,2
-10757,-1354,7424,3063,2
-9068,862,11712,3069,2
-12509,-704,15796,3059,2
-9938,-1111,7015,3076,2
-9387,997,12375,3078,2
-12928,-1106,15428,3065,2
-8941,-858,6959,3073,2
-9557,1043,13140,3072,2
-13209,-1387,14798,3054,2
-8200,-676,7009,3073,2
-9748,1072,13823,3076,2
-13421,-1552,14031,3053,2
-7405,-437,7217,3077,2
-9883,1017,14439,3082,2
-13711,-1761,13196,3060,2
-6889,-209,7634,3082,2
-10010,1088,14956,3076,2
-13695,-1844,12355,3071,2
-6898,-67,8143,3070,2
-10085,927,15422,3063,2
-13553,-1940,11451,3057,2
-6929,93,8636,3077,2
-10395,727,15777,3070,2
-13326,-1927,10457,3069,2
-6910,350,9152,3081,2
-10660,494,16068,3077,2
-13024,-1895,9658,3064,2
-7321,609,9616,3078,2
-10962,283,16296,3060,2
-12538,-1781,8916,3061,2
-7686,693,10197,3076,2
-11483,99,16284,3064,2
-11972,-1707,8197,3061,2
-8254,812,10733,3079,2
-11831,-297,16307,3073,2
-11257,-1501,7607,3070,2
-8782,894,11406,3079,2
-12312,-614,16018,3061,2
-10340,-1263,7228,3067,2
-9083,1012,12038,3067,2
-12703,-885,15597,3059,2
-9540,-998,6981,3067,2
-9469,1031,12782,3084,2
-13058,-1147,15076,3065,2
-8683,-810,6904,3075,2
-9596,1029,13497,3080,2
-13315,-1496,14362,3064,2
-7944,-581,7097,3072,2
-9802,1054,14197,3069,2
-13496,-1645,13541,3056,2
-7304,-371,7430,3076,2
-9934,1021,14721,3077,2
-13668,-1763,12528,3061,2
-6935,-181,7985,3078,2
-10124,965,15231,3085,2
-13513,-1889,11603,3066,2
-7020,55,8508,3077,2
-10352,697,15707,3071,2
-13403,-1936,10551,3055,2
-6948,350,9106,3078,2
-10713,524,15998,3078,2
-13015,-1922,9645,3064,2
-7351,575,9664,3084,2
-10961,268,16330,3070,2
-12580,-1759,8815,3057,2
-7659,745,10277,3079,2
-11499,40,16327,3066,2
-11991,-1685,8066,3058,2
-8326,847,10777,3071,2
-11888,-320,16259,3061,2
-11120,-1413,7494,3071,2
-8828,829,11466,3078,2
-12316,-704,15989,3067,2
-10268,-1207,7168,3065,2
-9131,955,12174,3072,2
-12730,-878,15558,3053,2
-9399,-994,6939,3070,2
-9419,999,12847,3075,2
-13093,-1295,15098,3061,2
-8681,-784,6901,3062,2
-9594,1033,13532,3077,2
-13344,-1467,14338,3067,2
-7808,-537,7125,3086,2
-9769,1028,14140,3075,2
-13511,-1666,13481,3055,2
-7293,-370,7421,3072,2
-9891,944,14836,3079,2
-13626,-1860,12626,3060,2
-6720,-101,7936,3076,2
-10109,938,15309,3074,2
-13678,-1999,11741,3068,2
-6568,143,8528,3080,2
-10360,818,15675,3071,2
-13568,-2032,10832,3063,2
-6788,307,9021,3074,2
-10599,561,16088,3067,2
-13171,-1903,9869,3055,2
-7111,475,9576,3077,2
-10934,449,16252,3066,2
-12610,-1809,9052,3055,2
-7779,660,10031,3091,2
-11251,116,16355,3072,2
-12087,-1714,8284,3058,2
-8306,693,10590,3074,2
-11754,-188,16267,3067,2
-11363,-1512,7700,3055,2
-8835,796,11153,3075,2
-12052,-552,16209,3067,2
-10554,-1237,7237,3062,2
-8955,913,11941,3081,2
-12628,-796,15652,3066,2
-9850,-1072,6952,3064,2
-9409,1006,12580,3081,2
-12947,-1072,15288,3061,2
-8932,-838,6898,3058,2
-9512,1112,13318,3084,2
-13188,-1388,14650,3050,2
-8300,-673,7043,3067,2
-9586,1096,14034,3075,2
-13442,-1589,13801,3063,2
-7517,-476,7330,3078,2
-9909,1020,14546,3084,2
-13658,-1793,12908,3066,2
-7075,-189,7677,3067,2
-10004,979,15124,3076,2
-13658,-1897,11990,3053,2
-6840,37,8279,3075,2
-10217,753,15586,3072,2
-13482,-1954,11102,3049,2
-6801,200,8820,3087,2
-10457,637,15952,3086,2
-13344,-1925,10165,3071,2
-7066,494,9316,3078,2
-10775,494,16226,3073,2
-12886,-1858,9293,3054,2
-7487,627,9901,3068,2
-11170,259,16292,3074,2
-12405,-1775,8522,3051,2
-7766,805,10491,3078,2
-11599,-109,16317,3074,2
-11684,-1559,7829,3061,2
-8622,757,11017,3078,2
-12038,-521,16169,3067,2
-10761,-1281,7332,3059,2
-8920,922,11729,3071,2
-12532,-805,15877,3063,2
-9920,-1085,6997,3059,2
-9298,918,12535,3084,2
-12967,-1093,15291,3068,2
-8828,-826,6876,3083,2
-9594,1059,13237,3075,2
-13258,-1372,14649,3061,2
-8170,-635,6998,3065,2
-9703,1047,13953,3080,2
-13542,-1625,13789,3056,2
-7474,-391,7311,3072,2
-9946,1069,14631,3082,2
-13635,-1719,12746,3073,2
-6734,-129,7885,3074,2
-10145,903,15188,3076,2
-13711,-1956,11904,3055,2
-6710,132,8386,3071,2
-10298,714,15691,3082,2
-13584,-2004,10778,3053,2
-6602,337,9003,3079,2
-10692,608,15945,3078,2
-13202,-1934,9866,3066,2
-7139,565,9532,3087,2
-10897,430,16226,3082,2
-12657,-1803,9007,3065,2
-7652,758,10071,3072,2
-11408,76,16283,3070,2
-12040,-1630,8239,3061,2
-8220,786,10646,3083,2
-11782,-253,16294,3072,2
-11266,-1424,7618,3090,2
-8589,865,11295,3085,2
-12249,-578,16118,3067,2
-10478,-1246,7237,3062,2
-9195,923,11977,3078,2
-12700,-925,15676,3067,2
-9528,-1033,6948,3053,2
-9442,1050,12707,3070,2
-13052,-1239,15156,3066,2
-8686,-766,6890,3068,2
-9680,1023,13458,3082,2
-13380,-1433,14421,3071,2
-7833,-578,7082,3070,2
-9730,1080,14130,3077,2
-13519,-1648,13570,3058,2
-7395,-403,7432,3061,2
-9952,1016,14763,3072,2
-13689,-1809,12615,3056,2
-6770,-90,7946,3073,2
-10131,905,15330,3080,2
-13706,-1923,11677,3070,2
-6799,78,8492,3074,2
-10311,844,15702,3080,2
-13405,-1925,10733,3058,2
-6895,289,9037,3072,2
-10640,508,16087,3076,2
-13148,-1907,9750,3053,2
-7104,557,9664,3075,2
-10952,350,16271,3083,2
-12585,-1803,8975,3064,2
-7843,654,10110,3085,2
-11426,-3,16362,3072,2
-12025,-1679,8140,3057,2
-7980,862,10850,3077,2
-11889,-263,16264,3068,2
-11223,-1462,7636,3056,2
-8768,881,11380,3075,2
-12294,-546,16016,3072,2
-10239,-1173,7101,3066,2
-9217,912,12095,3088,2
-12741,-962,15596,3064,2
-9429,-949,6891,3067,2
-9557,1003,12904,3080,2
-13169,-1301,14991,3062,2
-8444,-750,6941,3061,2
-9600,1104,13646,3084,2
-13378,-1443,14210,3074,2
-7726,-496,7125,3067,2
-9787,1110,14271,3083,2
-13613,-1685,13380,3069,2
-7244,-289,7470,3064,2
-9999,984,14862,3079,2
-13629,-1834,12423,3059,2
-6853,-94,8087,3070,2
-10154,788,15460,3081,2
-13643,-1919,11422,3064,2
-6548,200,8659,3076,2
-10498,748,15734,3096,2
-13357,-1898,10431,3064,2
-6541,469,9247,3073,2
-10866,335,16145,3073,2
-13288,-1983,9532,3075,2
-7070,648,9886,3076,2
-11017,382,16209,3072,2
-12256,-1590,8803,3057,2
-7325,809,10332,3082,2
-11550,-80,16285,3089,2
-12273,-1694,8167,3061,2
-8573,682,10777,3082,2
-11922,-352,16158,3068,2
-10825,-1313,7503,3058,2
-8462,1020,11577,3083,2
-12329,-618,15871,3071,2
-10231,-1152,7159,3057,2
-9375,888,12158,3090,2
-12867,-1077,15498,3076,2
-9457,-935,6878,3069,2
-9464,944,12927,3079,2
-12936,-1102,14854,3067,2
-8347,-660,6951,3057,2
-9606,837,13706,3078,2
-13605,-1697,14249,3063,2
-7534,-430,7123,3062,2
-9800,1085,14301,3073,2
-13591,-1700,13267,3068,2
-6898,-179,7528,3069,2
-9902,939,14910,3080,2
-13835,-1949,12463,3074,2
-6686,-14,8108,3070,2
-10115,731,15468,3076,2
-13833,-2052,11488,3058,2
-6442,302,8686,3069,2
-10417,836,15827,3078,2
-13468,-1973,10423,3060,2
-6946,309,9212,3066,2
-10644,487,16179,3086,2
-12957,-1838,9540,3063,2
-7876,508,9501,3071,2
-10878,226,16376,3079,2
-12568,-1746,8680,3051,2
-8054,674,10155,3077,2
-11493,13,16333,3082,2
-11674,-1535,8002,3063,2
-8516,775,10780,3082,2
-11916,-495,16248,3085,2
-11097,-1371,7371,3061,2
-9003,766,11550,3077,2
-12334,-715,15970,3071,2
-10066,-1017,6985,3055,2
-9223,946,12270,3068,2
-12810,-985,15536,3067,2
-9170,-886,6891,3062,2
-9703,896,12947,3081,2
-13200,-1385,14955,3073,2
-8283,-625,6852,3064,2
-9649,977,13757,3077,2
-13480,-1576,14218,3066,2
-7652,-454,7145,3055,2
-9821,1096,14327,3075,2
-13631,-1711,13236,3065,2
-6829,-138,7533,3064,2
-10158,911,14990,3083,2
-13863,-1965,12324,3071,2
-6622,10,8207,3069,2
-10031,889,15528,3077,2
-13648,-1962,11378,3061,2
-6800,229,8633,3066,2
-10340,585,15886,3077,2
-13455,-1880,10371,3057,2
-6979,417,9224,3069,2
-10710,358,16249,3071,2
-13065,-1887,9459,3070,2
-6947,813,9888,3077,2
-11078,277,16397,3082,2
-12491,-1772,8667,3060,2
-8234,576,10217,3079,2
-11549,-146,16344,3078,2
-11780,-1601,7833,3052,2
-8394,837,10941,3074,2
-11974,-424,16229,3077,2
-10833,-1317,7317,3065,2
-8959,823,11607,3082,2
-12507,-837,16005,3082,2
-10162,-1084,6903,3059,2
-9204,1004,12372,3079,2
-12955,-1064,15441,3074,2
-9205,-905,6804,3057,2
-9445,1136,13113,3077,2
-13176,-1336,14921,3075,2
-8560,-678,6830,3066,2
-9542,1101,13852,3092,2
-13521,-1540,14139,3079,2
-7777,-497,7161,3071,2
-9815,1035,14435,3083,2
-13638,-1704,13107,3063,2
-7026,-218,7557,3061,2
-10011,1036,14998,3079,2
-13664,-1869,12260,3062,2
-6926,-15,8083,3073,2
-10127,761,15578,3078,2
-13765,-1995,11317,3077,2
-6890,183,8565,3076,2
-10433,756,15842,3073,2
-13336,-1976,10361,3062,2
-6600,508,9269,3060,2
-10680,418,16245,3080,2
-13185,-1868,9451,3058,2
-7680,528,9731,3073,2
-11043,94,16463,3077,2
-12409,-1690,8576,3064,2
-7771,755,10284,3069,2
-11480,-86,16407,3092,2
-11968,-1590,7917,3058,2
-8400,821,10858,3071,2
-11991,-328,16242,3065,2
-10926,-1313,7333,3049,2
-9162,701,11430,3082,2
-12437,-808,15999,3081,2
-10141,-1099,6942,3053,2
-9204,980,12171,3081,2
-12836,-982,15589,3084,2
-9327,-899,6746,3060,2
-9481,979,12951,3072,2
-13165,-1307,15020,3072,2
-8478,-703,6819,3055,2
-9576,930,13723,3078,2
-13493,-1598,14273,3077,2
-7737,-505,7028,3060,2
-9759,1058,14345,3079,2
-13605,-1734,13417,3079,2
-6967,-209,7444,3058,2
-10026,912,14923,3078,2
-13794,-1895,12423,3066,2
-6691,-78,8015,3060,2
-10206,857,15403,3068,2
-13671,-1968,11458,3062,2
-6516,205,8553,3069,2
-10427,634,15890,3076,2
-13581,-1993,10477,3069,2
-6573,411,9182,3068,2
-10708,464,16165,3078,2
-13183,-1907,9602,3064,2
-7198,652,9706,3070,2
-11038,298,16425,3069,2
-12621,-1756,8700,3056,2
-7581,760,10290,3068,2
-11527,-14,16418,3076,2
-12008,-1684,8026,3059,2
-8141,931,10876,3076,2
-11911,-403,16381,3079,2
-11199,-1409,7398,3053,2
-8751,892,11585,3075,2
-12454,-778,16047,3074,2
-10219,-1123,6994,3049,2
-9028,1005,12293,3075,2
-12837,-1058,15581,3072,2
-9361,-920,6821,3054,2
-9391,1105,13048,3092,2
-13277,-1356,14930,3077,2
-8453,-692,6819,3059,2
-9656,1082,13806,3077,2
-13487,-1571,14215,3070,2
-7555,-390,7058,3055,2
-9841,1016,14509,3069,2
-13700,-1776,13276,3076,2
-6993,-200,7479,3062,2
-10081,966,15038,3083,2
-13774,-1900,12241,3074,2
-6553,-36,8075,3069,2
-10192,790,15580,3077,2
-13643,-1932,11269,3052,2
-6648,233,8627,3059,2
-10387,612,15930,3077,2
-13497,-1968,10296,3070,2
-6904,409,9184,3071,2
-10695,420,16287,3088,2
-12970,-1838,9422,3059,2
-7552,622,9703,3066,2
-11012,221,16441,3075,2
-12381,-1677,8580,3064,2
-7899,704,10327,3070,2
-11612,-107,16408,3075,2
-11794,-1584,7833,3058,2
-8599,740,10904,3071,2
-11969,-453,16328,3088,2
-10907,-1364,7325,3063,2
-8980,813,11649,3083,2
-12543,-793,15985,3081,2
-10082,-1062,6831,3057,2
-9123,1078,12442,3077,2
-12950,-1095,15467,3074,2
-9115,-849,6787,3057,2
-9554,1057,13238,3079,2
-13261,-1398,14828,3081,2
-8158,-607,6871,3059,2
-9753,1035,13929,3083,2
-13562,-1648,13963,3077,2
-7392,-400,7136,3070,2
-9858,1000,14607,3070,2
-13752,-1831,13029,3077,2
-6940,-179,7605,3057,2
-10023,932,15210,3083,2
-13713,-1962,12101,3073,2
-6663,95,8235,3067,2
-10293,740,15695,3082,2
-13648,-1950,10986,3072,2
-6751,177,8816,3064,2
-10526,580,16034,3075,2
-13287,-1919,10030,3067,2
-7004,539,9334,3057,2
-10809,350,16337,3070,2
-12879,-1810,9085,3073,2
-7602,628,9985,3077,2
-11373,40,16362,3079,2
-12105,-1706,8263,3069,2
-8043,798,10541,3062,2
-11827,-190,16322,3074,2
-11378,-1467,7560,3064,2
-8748,821,11184,3068,2
-12259,-570,16136,3083,2
-10572,-1194,7083,3068,2
-9025,930,12043,3070,2
-12741,-960,15770,3077,2
-9492,-939,6818,3062,2
-9468,975,12797,3070,2
-13217,-1291,15147,3074,2
-8532,-723,6824,3052,2
-9617,1067,13628,3077,2
-13508,-1562,14372,3079,2
-7777,-499,7029,3065,2
-9740,1024,14354,3107,2
-13555,-1630,13408,3083,2
-7070,-297,7408,3056,2
-9984,898,14928,3074,2
-13802,-1886,12422,3076,2
-6775,-101,8039,3061,2
-10102,843,15481,3081,2
-13657,-1913,11379,3073,2
-6625,204,8650,3060,2
-10458,613,15888,3091,2
-13458,-1912,10348,3072,2
-6766,438,9232,3067,2
-10777,478,16238,3073,2
-13126,-1869,9422,3064,2
-7499,618,9813,3060,2
-11151,189,16412,3082,2
-12400,-1740,8493,3068,2
-7741,797,10441,3069,2
-11732,-181,16399,3079,2
-11708,-1574,7743,3066,2
-8490,789,11100,3060,2
-12099,-485,16169,3077,2
-10571,-1249,7221,3055,2
-9146,810,11746,3068,2
-12654,-918,15865,3084,2
-9777,-1005,6848,3066,2
-9301,946,12653,3079,2
-13149,-1140,15262,3088,2
-8784,-807,6834,3062,2
-9605,1085,13438,3072,2
-13331,-1404,14516,3078,2
-8033,-567,7043,3058,2
-9759,1094,14135,3079,2
-13552,-1656,13571,3077,2
-7385,-428,7436,3065,2
-10002,966,14785,3082,2
-13666,-1752,12476,3077,2
-6726,-136,8002,3061,2
-10203,798,15315,3073,2
-13721,-2023,11523,3069,2
-6397,196,8678,3063,2
-10524,684,15787,3089,2
-13554,-1948,10430,3075,2
-6603,410,9314,3064,2
-10914,506,15983,3085,2
-12850,-1846,9510,3079,2
-7260,587,9862,3059,2
-11248,311,16203,3070,2
-12274,-1683,8630,3062,2
-7807,712,10482,3061,2
-11799,-88,16120,3084,2
-11625,-1608,7941,3069,2
-8178,920,11155,3075,2
-12241,-446,16043,3084,2
-10780,-1339,7434,3063,2
-8486,1085,12047,3064,2
-12803,-728,15653,3067,2
-9895,-1142,7180,3062,2
-8928,1208,12737,3066,2
-13128,-1036,15112,3085,2
-9007,-925,7112,3069,2
-9573,1102,13346,3080,2
-13266,-1297,14437,3081,2
-8060,-710,7205,3065,2
-9842,1007,14018,3068,2
-13564,-1542,13449,3072,2
-7053,-364,7509,3058,2
-10116,999,14606,3079,2
-13638,-1710,12514,3089,2
-6544,-88,8114,3068,2
-10342,879,15197,3081,2
-13703,-1968,11579,3084,2
-6237,249,8705,3059,2
-10579,728,15684,3068,2
-13564,-1965,10657,3070,2
-6395,413,9315,3060,2
-10755,590,15977,3078,2
-13132,-1887,9682,3079,2
-7137,622,9839,3063,2
-11078,337,16216,3081,2
-12462,-1767,8822,3077,2
-7600,778,10427,3058,2
-11692,14,16166,3077,2
-11821,-1723,8106,3057,2
-7940,917,11120,3061,2
-12177,-317,16076,3083,2
-10915,-1417,7549,3076,2
-8691,1004,11745,3074,2
-12697,-592,15644,3083,2
-10012,-1252,7242,3057,2
-9153,1036,12497,3064,2
-13022,-954,15224,3078,2
-8917,-907,7109,3068,2
-9521,1107,13273,3062,2
-13312,-1196,14454,3082,2
-8019,-683,7302,3062,2
-9912,1028,13974,3080,2
-13522,-1517,13549,3083,2
-6924,-384,7594,3067,2
-10231,932,14622,3071,2
-13721,-1724,12545,3073,2
-6392,-84,8179,3059,2
-10408,989,15172,3074,2
-13571,-1855,11565,3084,2
-6466,140,8793,3060,2
-10726,720,15534,3079,2
-13314,-1907,10559,3077,2
-6388,355,9502,3059,2
-11095,563,15891,3074,2
-12919,-1834,9590,3070,2
-6987,617,10000,3067,2
-11338,270,16039,3086,2
-12342,-1764,8827,3073,2
-7401,779,10604,3067,2
-11752,34,16089,3085,2
-11722,-1672,8141,3066,2
-8211,785,11069,3057,2
-12266,-367,16046,3074,2
-10820,-1431,7610,3067,2
-8352,1016,11811,3060,2
-12705,-602,15692,3085,2
-10024,-1221,7292,3071,2
-9140,1027,12427,3075,2
-13036,-908,15210,3079,2
-9001,-962,7128,3062,2
-9515,1028,13119,3064,2
-13260,-1195,14513,3073,2
-8113,-708,7247,3056,2
-9750,1089,13844,3069,2
-13493,-1445,13856,3076,2
-7352,-410,7523,3060,2
-10084,953,14411,3078,2
-13595,-1658,12838,3082,2
-6596,-176,8002,3057,2
-10315,877,14985,3070,2
-13572,-1753,11887,3081,2
-6326,47,8642,3057,2
-10501,799,15479,3082,2
-13465,-1918,10909,3077,2
-6684,238,9081,3064,2
-10839,622,15773,3096,2
-13050,-1831,9915,3082,2
-6597,550,9780,3049,2
-11187,477,16021,3070,2
-12680,-1824,9147,3068,2
-7505,707,10326,3057,2
-11631,152,16057,3078,2
-11836,-1701,8284,3081,2
-8234,700,10893,3068,2
-12067,-252,16116,3082,2
-11084,-1524,7685,3067,2
-8407,912,11595,3051,2
-12483,-509,15812,3075,2
-10337,-1274,7287,3068,2
-9133,921,12248,3065,2
-12898,-802,15278,3081,2
-9180,-1015,7075,3070,2
-9495,1056,12925,3080,2
-13227,-1182,14826,3076,2
-8367,-717,7150,3065,2
-9689,1125,13730,3065,2
-13383,-1371,14024,3077,2
-7557,-521,7433,3056,2
-9937,1029,14311,3067,2
-13591,-1624,13083,3084,2
-6901,-215,7797,3062,2
-10197,935,14912,3072,2
-13624,-1716,12070,3084,2
-6530,93,8414,3057,2
-10471,849,15399,3068,2
-13553,-1924,11113,3074,2
-6170,328,9034,3052,2
-10699,721,15812,3074,2
-13415,-1988,10206,3082,2
-6896,487,9461,3061,2
-10926,472,16143,3089,2
-12829,-1842,9306,3079,2
-7003,783,10231,3057,2
-11354,233,16186,3071,2
-12229,-1718,8498,3070,2
-7889,735,10717,3057,2
-11885,-130,16150,3082,2
-11387,-1588,7828,3080,2
-8390,922,11329,3066,2
-12298,-488,15991,3075,2
-10527,-1359,7394,3072,2
-8725,1025,12119,3064,2
-12748,-738,15610,3069,2
-9674,-1104,7136,3058,2
-9314,1079,12709,3076,2
-13082,-1152,15054,3079,2
-8684,-797,7034,3074,2
-9622,1083,13560,3071,2
-13459,-1396,14246,3086,2
-7812,-591,7231,3063,2
-9790,1097,14236,3067,2
-13518,-1554,13279,3075,2
-7020,-312,7616,3055,2
-10114,939,14827,3067,2
-13735,-1768,12357,3095,2
-6607,-56,8217,3063,2
-10328,874,15334,3072,2
-13620,-1915,11379,3084,2
-6579,180,8802,3056,2
-10588,691,15696,3072,2
-13330,-1901,10316,3081,2
-6387,492,9510,3060,2
-10987,535,16034,3076,2
-12940,-1828,9491,3083,2
-6874,735,10119,3064,2
-11192,278,16265,3082,2
-12420,-1756,8660,3073,2
-7927,720,10503,3054,2
-11717,-43,16259,3074,2
-11612,-1618,7860,3065,2
-8350,853,11231,3045,2
-12218,-444,16102,3085,2
-10660,-1317,7348,3076,2
-8889,966,11933,3064,2
-12662,-707,15719,3086,2
-9755,-1090,7062,3076,2
-9221,983,12697,3062,2
-13060,-1080,15143,3082,2
-8829,-850,6978,3070,2
-9565,1000,13462,3068,2
-13341,-1403,14395,3087,2
-7791,-520,7178,3066,2
-9766,1123,14223,3065,2
-13636,-1675,13462,3075,2
-7237,-353,7515,3062,2
-10016,1036,14880,3062,2
-13681,-1745,12355,3069,2
-6749,-99,8125,3057,2
-10240,896,15292,3067,2
-13590,-1916,11398,3080,2
-6730,179,8701,3068,2
-10467,746,15815,3083,2
-13321,-1945,10335,3072,2
-6786,412,9388,3049,2
-10867,538,16160,3075,2
-12887,-1810,9431,3076,2
-7273,696,9983,3050,2
-11099,259,16340,3073,2
-12332,-1744,8537,3082,2
-8080,723,10552,3065,2
-11831,-55,16196,3078,2
-11421,-1576,7758,3070,2
-8617,776,11190,3053,2
-12163,-403,16142,3074,2
-10519,-1254,7271,3073,2
-9193,797,11915,3059,2
-12639,-772,15657,3084,2
-9574,-969,6886,3073,2
-9455,934,12761,3065,2
-13164,-1188,15078,3068,2
-8394,-695,6948,3067,2
-9676,1044,13590,3062,2
-13504,-1443,14264,3082,2
-7603,-462,7189,3069,2
-9905,1123,14332,3066,2
-13702,-1672,13241,3087,2
-6965,-286,7646,3074,2
-10059,991,14907,3068,2
-13695,-1774,12216,3077,2
-6538,-13,8253,3060,2
-10283,804,15490,3061,2
-13742,-1950,11203,3077,2
-6433,273,8873,3069,2
-10632,758,15809,3075,2
-13411,-1955,10126,3076,2
-6526,551,9476,3058,2
-10957,412,16222,3068,2
-12932,-1906,9293,3077,2
-7274,709,10120,3058,2
-11383,185,16293,3066,2
-12155,-1710,8340,3082,2
-7960,802,10720,3065,2
-11890,-167,16332,3084,2
-11423,-1527,7646,3070,2
-8455,908,11425,3056,2
-12309,-483,16008,3076,2
-10523,-1270,7122,3074,2
-8994,990,12098,3054,2
-12826,-887,15630,3073,2
-9448,-1041,6980,3076,2
-9380,1111,12920,3074,2
-13166,-1170,14897,3077,2
-8444,-734,6907,3076,2
-9636,986,13704,3059,2
-13524,-1562,14166,3076,2
-7486,-503,7178,3069,2
-9895,1109,14351,3066,2
-13708,-1700,13235,3072,2
-7026,-241,7591,3074,2
-9999,974,15012,3074,2
-13674,-1824,12188,3077,2
-6647,5,8217,3067,2
-10292,770,15539,3068,2
-13708,-1953,11117,3073,2
-6349,290,8865,3051,2
-10616,652,15905,3070,2
-13424,-1977,10158,3078,2
-6666,574,9479,3062,2
-10870,412,16215,3068,2
-12928,-1912,9197,3069,2
-7341,735,10154,3057,2
-11421,201,16298,3072,2
-12122,-1747,8384,3075,2
-7801,931,10784,3050,2
-11866,-247,16333,3077,2
-11434,-1564,7674,3079,2
-8315,954,11497,3059,2
-12368,-497,16065,3077,2
-10405,-1291,7267,3077,2
-9096,939,12115,3053,2
-12775,-869,15548,3075,2
-9460,-1041,6913,3072,2
-9468,1004,12922,3060,2
-13223,-1255,14878,3081,2
-8258,-675,6955,3078,2
-9682,1057,13789,3066,2
-13499,-1445,14087,3072,2
-7574,-542,7239,3066,2
-9829,1065,14428,3056,2
-13589,-1657,13044,3070,2
-6948,-234,7744,3063,2
-10113,942,15122,3059,2
-13696,-1800,11977,3081,2
-6413,90,8430,3065,2
-10434,744,15582,3064,2
-13514,-1943,10930,3076,2
-6547,280,9062,3067,2
-10746,590,15942,3069,2
-13115,-1854,9870,3074,2
-7003,526,9644,3066,2
-11024,362,16261,3072,2
-12601,-1786,8982,3086,2
-7602,690,10249,3066,2
-11599,116,16250,3073,2
-11794,-1629,8111,3074,2
-8013,882,10900,3054,2
-12005,-361,16244,3070,2
-11071,-1444,7480,3078,2
-8643,861,11668,3058,2
-12487,-660,15897,3074,2
-9985,-1154,7113,3073,2
-9294,989,12339,3059,2
-12952,-958,15332,3080,2
-8988,-977,6920,3063,2
-9455,1072,13255,3055,2
-13335,-1324,14624,3079,2
-8026,-659,7052,3079,2
-9670,1100,14049,3064,2
-13558,-1537,13736,3084,2
-7301,-406,7413,3065,2
-10023,1056,14759,3066,2
-13671,-1732,12632,3070,2
-6799,-128,7979,3062,2
-10209,906,15327,3059,2
-13634,-1813,11572,3081,2
-6453,150,8662,3068,2
-10548,681,15705,3067,2
-13438,-1947,10540,3086,2
-6653,374,9241,3061,2
-10843,492,16142,3066,2
-13052,-1895,9505,3065,2
-7038,677,9894,3055,2
-11334,359,16225,3072,2
-12364,-1703,8585,3080,2
-7810,752,10466,3060,2
-11739,-86,16314,3073,2
-11697,-1584,7825,3082,2
-8205,894,11226,3058,2
-12212,-384,16110,3067,2
-10785,-1350,7286,3073,2
-8868,939,11899,3061,2
-12749,-753,15699,3077,2
-9580,-1046,6989,3089,2
-9268,957,12751,3062,2
-13155,-1139,15079,3080,2
-8817,-904,6957,3077,2
-9539,1079,13528,3055,2
-13357,-1363,14366,3079,2
-7814,-562,7139,3076,2
-9804,1047,14274,3061,2
-13669,-1659,13433,3085,2
-6932,-288,7523,3078,2
-9942,965,14848,3069,2
-13810,-1912,12441,3078,2
-6645,-91,8151,3058,2
-10262,903,15465,3061,2
-13649,-1901,11331,3073,2
-6487,236,8869,3067,2
-10595,704,15854,3069,2
-13388,-1947,10170,3083,2
-6627,547,9518,3079,2
-11002,546,16150,3069,2
-12783,-1810,9260,3078,2
-7378,681,10065,3057,2
-11390,187,16295,3058,2
-12251,-1777,8342,3079,2
-7866,757,10785,3066,2
-11931,-207,16285,3072,2
-11294,-1516,7579,3085,2
-8460,918,11543,3057,2
-12340,-528,16087,3069,2
-10234,-1248,7162,3074,2
-9208,842,12249,3058,2
-12909,-886,15514,3080,2
-9202,-941,6817,3078,2
-9440,1046,13095,3058,2
-13397,-1297,14720,3084,2
-8113,-720,6994,3081,2
-9643,1159,13909,3049,2
-13506,-1521,13885,3086,2
-7492,-459,7229,3074,2
-10019,1026,14638,3063,2
-13766,-1727,12833,3086,2
-6650,-182,7844,3076,2
-10260,977,15180,3065,2
-13707,-1844,11815,3079,2
-6335,128,8536,3066,2
-10489,773,15685,3060,2
-13580,-1945,10788,3073,2
-6621,318,9127,3060,2
-10804,496,16025,3066,2
-13082,-1894,9717,3073,2
-6773,640,9892,3076,2
-11180,359,16261,3064,2
-12499,-1758,8763,3075,2
-7698,684,10384,3060,2
-11674,-94,16316,3064,2
-11741,-1635,7921,3081,2
-8297,810,10967,3064,2
-12127,-354,16184,3068,2
-10826,-1400,7366,3083,2
-8840,772,11756,3070,2
-12622,-669,15824,3071,2
-9775,-1111,7001,3075,2
-9304,974,12530,3053,2
-13120,-1067,15200,3076,2
-8901,-903,6872,3082,2
-9540,1055,13355,3062,2
-13387,-1325,14514,3091,2
-7824,-580,7053,3083,2
-9759,1116,14148,3065,2
-13670,-1643,13650,3075,2
-7294,-363,7350,3075,2
-9918,1035,14840,3053,2
-13722,-1756,12587,3070,2
-6807,-190,7965,3073,2
-10259,944,15394,3069,2
-13705,-1937,11569,3086,2
-6442,134,8610,3072,2
-10511,689,15792,3062,2
-13474,-1969,10470,3074,2
-6427,433,9263,3061,2
-10841,464,16184,3063,2
-7092,413,9518,3080,2
-11041,397,16273,3066,2
-12696,-1791,8998,3093,2
-7439,703,10183,3083,2
-11501,181,16306,3070,2
-12075,-1723,8142,3069,2
-8159,770,10776,3078,2
-12013,-254,16268,3061,2
-11167,-1449,7469,3073,2
-8546,920,11602,3087,2
-12460,-682,15994,3066,2
-10133,-1194,7088,3081,2
-9115,956,12417,3076,2
-12929,-990,15522,3062,2
-9188,-918,6817,3072,2
-9525,1015,13141,3069,2
-13246,-1293,14764,3057,2
-8132,-681,6960,3091,2
-9682,1082,13926,3086,2
-13588,-1614,13891,3064,2
-7320,-396,7236,3085,2
-9859,1018,14695,3082,2
-13742,-1734,12832,3054,2
-6741,-152,7811,3071,2
-10198,909,15200,3069,2
-13691,-1870,11850,3065,2
-6390,102,8453,3088,2
-10448,780,15689,3080,2
-13593,-1949,10702,3066,2
-6574,333,9062,3093,2
-10763,638,16048,3070,2
-13095,-1899,9778,3060,2
-6958,603,9647,3076,2
-11013,280,16260,3066,2
-12681,-1852,8831,3060,2
-7555,752,10289,3084,2
-11598,64,16375,3070,2
-11920,-1738,8041,3073,2
-8143,844,10940,3080,2
-12103,-297,16285,3061,2
-10962,-1399,7414,3061,2
-8574,984,11695,3071,2
-12620,-621,15867,3055,2
-10042,-1078,6898,3076,2
-9216,955,12400,3088,2
-13037,-1058,15306,3066,2
-9101,-910,6782,3074,2
-9548,1023,13251,3073,2
-13310,-1352,14652,3054,2
-8083,-635,6976,3076,2
-9733,1016,14034,3078,2
-13629,-1565,13713,3063,2
-7192,-390,7296,3093,2
-10016,994,14718,3087,2
-13705,-1697,12650,3063,2
-6766,-134,7902,3080,2
-10190,874,15304,3077,2
-13674,-1885,11661,3054,2
-6347,146,8525,3078,2
-10531,696,15765,3082,2
-13613,-2027,10660,3064,2
-6447,409,9201,3085,2
-10876,555,16143,3074,2
-13144,-1931,9586,3067,2
-7022,602,9793,3078,2
-11156,310,16328,3064,2
-12544,-1769,8634,3060,2
-7593,722,10437,3079,2
-11744,-55,16372,3068,2
-11760,-1630,7931,3074,2
-8295,868,10973,3087,2
-12126,-364,16225,3066,2
-10909,-1399,7338,3067,2
-8609,944,11833,3074,2
-12595,-681,15837,3059,2
-9948,-1110,6987,3067,2
-9180,941,12581,3070,2
-13047,-1047,15358,3066,2
-8900,-860,6861,3077,2
-9493,1055,13348,3088,2
-13448,-1402,14644,3060,2
-8091,-612,6909,3071,2
-9709,1088,14118,3076,2
-13688,-1580,13677,3061,2
-7386,-406,7278,3083,2
-10007,1108,14688,3081,2
-13797,-1789,12696,3065,2
-6717,-127,7875,3092,2
-10167,995,15326,3078,2
-13683,-1868,11721,3052,2
-6439,73,8566,3071,2
-10479,773,15696,3066,2
-13497,-2003,10714,3056,2
-6585,356,9037,3073,2
-10764,546,16104,3083,2
-13234,-1931,9700,3072,2
-7002,567,9764,3085,2
-11162,450,16250,3071,2
-12538,-1747,8790,3062,2
-7629,663,10291,3080,2
-11678,-55,16369,3064,2
-11818,-1657,7963,3058,2
-8007,892,11002,3081,2
-12181,-367,16233,3072,2
-11080,-1459,7436,3071,2
-8664,920,11725,3086,2
-12706,-658,15824,3061,2
-9893,-1151,6958,3066,2
-9174,1071,12459,3076,2
-13165,-1021,15309,3065,2
-9020,-905,6883,3061,2
-9543,1012,13270,3078,2
-13386,-1244,14520,3061,2
-7948,-648,7141,3072,2
-9811,1021,14079,3088,2
-13622,-1552,13561,3066,2
-6940,-320,7393,3075,2
-10195,925,14702,3075,2
-13825,-1783,12544,3059,2
-6392,-5,8068,3084,2
-10345,965,15305,3083,2
-13608,-1847,11437,3058,2
-6315,194,8730,3081,2
-10635,624,15700,3078,2
-13458,-2007,10505,3056,2
-6454,453,9403,3075,2
-11050,489,16060,3072,2
-13034,-1909,9501,3057,2
-6681,751,10181,3086,2
-11391,192,16250,3086,2
-12253,-1813,8642,3073,2
-7810,686,10607,3076,2
-12009,-98,16163,3061,2
-11504,-1622,7817,3066,2
-8037,923,11470,3072,2
-12443,-444,16007,3061,2
-10466,-1341,7347,3068,2
-8745,1014,12153,3075,2
-12967,-730,15599,3068,2
-9480,-1055,6995,3068,2
-9372,949,12831,3072,2
-13293,-1067,14980,3056,2
-8396,-782,7006,3070,2
-9686,1029,13614,3080,2
-13519,-1460,14210,3068,2
-7578,-493,7216,3076,2
-9935,1001,14309,3092,2
-13690,-1625,13187,3063,2
-6653,-177,7654,3069,2
-10332,956,14928,3078,2
-13873,-1825,12180,3049,2
-5970,93,8414,3077,2
-10539,799,15390,3079,2
-13759,-2004,11200,3065,2
-6226,346,8981,3080,2
-10861,627,15808,3086,2
-13381,-1921,10046,3056,2
-6410,533,9707,3071,2
-11215,435,16119,3078,2
-12735,-1854,9207,3054,2
-6920,750,10383,3077,2
-11704,209,16173,3080,2
-12047,-1721,8263,3064,2
-7865,823,10893,3086,2
-12098,-191,16185,3075,2
-11139,-1511,7586,3062,2
-8458,933,11574,3086,2
-12570,-522,15857,3062,2
-10216,-1177,7200,3065,2
-8934,1048,12320,3079,2
-12992,-832,15359,3062,2
-9289,-986,6994,3076,2
-9480,991,13096,3081,2
-13390,-1209,14734,3069,2
-8035,-670,7055,3064,2
-9807,1110,13870,3073,2
-13550,-1471,13931,3062,2
-7386,-496,7377,3070,2
-10026,1036,14480,3087,2
-13723,-1671,12902,3063,2
-6599,-183,7901,3077,2
-10328,961,15087,3082,2
-13669,-1742,11815,3054,2
-6286,156,8578,3070,2
-10733,766,15462,3078,2
-13499,-1943,10820,3058,2
-6136,358,9247,3078,2
-11072,594,15865,3080,2
-13124,-1868,9751,3067,2
-6390,601,9901,3086,2
-11273,333,16163,3071,2
-12645,-1848,8978,3058,2
-7210,782,10474,3078,2
-11757,45,16224,3072,2
-11886,-1650,8089,3060,2
-7603,933,11241,3084,2
-12359,-329,16148,3075,2
-10991,-1508,7581,3070,2
-8333,1072,11850,3076,2
-12666,-619,15840,3069,2
-10067,-1160,7088,3058,2
-9012,1012,12586,3076,2
-13091,-1016,15343,3069,2
-9190,-956,6890,3069,2
-9442,1074,13351,3083,2
-13466,-1327,14578,3070,2
-8026,-659,7058,3070,2
-9766,1137,14051,3075,2
-13540,-1484,13658,3054,2
-7043,-389,7434,3069,2
-10096,937,14737,3075,2
-13811,-1822,12670,3067,2
-6436,-127,8002,3074,2
-10333,904,15329,3081,2
-13712,-1876,11534,3062,2
-6001,232,8745,3076,2
-10695,695,15714,3078,2
-13596,-2008,10487,3056,2
-6250,458,9385,3080,2
-11073,525,16111,3083,2
-12962,-1874,9458,3066,2
-6758,679,10042,3084,2
-11385,244,16287,3079,2
-12519,-1792,8579,3057,2
-7229,865,10770,3080,2
-12033,-60,16244,3073,2
-11641,-1631,7749,3063,2
-8186,922,11309,3080,2
-12427,-445,16075,3075,2
-10419,-1288,7274,3065,2
-8776,900,12146,3078,2
-12864,-832,15668,3062,2
-9608,-1049,6901,3058,2
-9283,999,12919,3078,2
-13259,-1111,15027,3063,2
-8514,-717,6910,3062,2
-9636,1112,13664,3086,2
-13473,-1432,14171,3070,2
-7598,-534,7215,3065,2
-9951,1055,14482,3078,2
-13705,-1595,13122,3060,2
-6779,-230,7666,3062,2
-10253,921,14991,3069,2
-13690,-1795,12099,3061,2
-6406,65,8313,3072,2
-10448,798,15554,3082,2
-13607,-1878,10954,3061,2
-6203,329,9014,3071,2
-10831,607,15966,3073,2
-13329,-1949,10026,3051,2
-6626,574,9702,3071,2
-11130,414,16236,3083,2
-12635,-1798,8962,3063,2
-7191,753,10363,3076,2
-11705,74,16337,3076,2
-12021,-1696,8077,3056,2
-8028,839,10956,3076,2
-12126,-327,16284,3065,2
-10907,-1430,7459,3057,2
-8647,854,11655,3085,2
-12668,-728,15922,3082,2
-9913,-1123,7019,3068,2
-8969,1015,12607,3082,2
-13114,-958,15342,3068,2
-9095,-1014,6936,3060,2
-9487,1122,13257,3068,2
-13385,-1309,14598,3067,2
-8109,-604,6995,3059,2
-9848,1045,14053,3080,2
-13674,-1529,13585,3074,2
-7067,-369,7354,3072,2
-10078,993,14745,3076,2
-13825,-1807,12528,3056,2
-6608,-69,8025,3067,2
-10307,910,15368,3079,2
-13587,-1815,11372,3068,2
-6576,236,8690,3074,2
-10602,633,15835,3083,2
-13489,-1937,10291,3066,2
-6438,517,9444,3070,2
-10995,468,16162,3075,2
-12945,-1869,9278,3048,2
-6932,724,10169,3086,2
-11423,162,16366,3084,2
-12181,-1629,8312,3066,2
-7788,811,10723,3083,2
-12032,-215,16250,3075,2
-11383,-1501,7553,3058,2
-8227,899,11603,3073,2
-12493,-545,15994,3071,2
-10260,-1228,7078,3068,2
-9000,917,12339,3084,2
-13041,-960,15523,3077,2
-9176,-914,6863,3066,2
-9451,1081,13213,3073,2
-13419,-1219,14728,3075,2
-8128,-642,6963,3063,2
-9760,1135,13965,3075,2
-13595,-1530,13767,3065,2
-7109,-301,7253,3069,2
-10044,917,14748,3085,2
-13924,-1820,12689,3071,2
-6434,-61,7911,3067,2
-10408,903,15316,3077,2
-13815,-1900,11534,3057,2
-6249,145,8657,3072,2
-10709,675,15801,3079,2
-13234,-1847,10316,3057,2
-6728,311,9240,3077,2
-11049,465,16144,3083,2
-13166,-1971,9440,3060,2
-6888,762,10017,3072,2
-11368,355,16297,3080,2
-12268,-1687,8378,3053,2
-7843,701,10608,3079,2
-11923,-143,16297,3086,2
-11427,-1531,7718,3067,2
-8729,704,11264,3087,2
-12372,-487,15974,3081,2
-10322,-1186,7033,3060,2
-9160,733,12107,3074,2
-12901,-851,15607,3081,2
-9240,-917,6802,3065,2
-9300,958,13053,3093,2
-13308,-1297,14969,3074,2
-8300,-649,6851,3073,2
-9406,1126,13944,3075,2
-13600,-1576,14159,3066,2
-7957,-520,7121,3061,2
-9850,965,14528,3070,2
-13717,-1712,13002,3062,2
-6877,-226,7676,3060,2
-10058,942,15148,3085,2
-13532,-1668,11797,3058,2
-6209,132,8366,3073,2
-10494,654,15665,3075,2
-13864,-2110,10869,3057,2
-6489,376,9065,3068,2
-10760,569,16108,3079,2
-13178,-1855,9727,3065,2
-6697,611,9794,3082,2
-11160,350,16293,3089,2
-12626,-1826,8768,3055,2
-7830,704,10239,3070,2
-11547,-42,16367,3077,2
-11926,-1597,7788,3061,2
-7890,971,11169,3081,2
-12358,-417,16148,3081,2
-10736,-1362,7265,3071,2
-8783,898,11863,3084,2
-12671,-727,15845,3080,2
-9787,-1118,6950,3059,2
-9366,953,12662,3073,2
-13227,-1176,15150,3072,2
-8543,-755,6777,3068,2
-9467,1020,13663,3076,2
-13512,-1483,14338,3076,2
-7707,-509,7005,3063,2
-9741,1080,14378,3078,2
-13753,-1715,13287,3067,2
-7008,-254,7465,3060,2
-10071,902,15110,3077,2
-13969,-1880,12155,3069,2
-6151,126,8215,3069,2
-10438,851,15651,3074,2
-13677,-1974,10979,3070,2
-6284,395,8918,3066,2
-10712,546,16059,3076,2
-13531,-2015,9938,3058,2
-7106,485,9431,3073,2
-11032,342,16383,3076,2
-12692,-1854,8933,3065,2
-7127,824,10348,3076,2
-11657,31,16387,3082,2
-11959,-1700,7989,3063,2
-8105,874,10880,3074,2
-12110,-337,16274,3076,2
-11164,-1433,7260,3057,2
-8887,782,11668,3083,2
-12640,-790,15950,3085,2
-9812,-1068,6793,3074,2
-9215,941,12549,3083,2
-13166,-1042,15337,3073,2
-8725,-759,6701,3056,2
-9548,984,13465,3071,2
-13550,-1428,14579,3075,2
-7809,-522,6889,3067,2
-9747,1011,14196,3088,2
-13781,-1675,13571,3082,2
-6958,-228,7278,3073,2
-10104,966,14932,3082,2
-13894,-1833,12414,3068,2
-6266,21,7970,3062,2
-10291,782,15490,3082,2
-13823,-1938,11358,3075,2
-6120,286,8699,3068,2
-10550,597,15951,3089,2
-13701,-2006,10251,3066,2
-6611,470,9314,3075,2
-11043,363,16289,3078,2
-12857,-1786,9122,3071,2
-6834,788,10112,3071,2
-11382,137,16425,3085,2
-12304,-1712,8261,3073,2
-8069,724,10582,3076,2
-11973,-311,16422,3083,2
-11337,-1454,7369,3062,2
-8337,925,11520,3073,2
-12452,-669,16161,3079,2
-10281,-1139,7007,3061,2
-9059,1017,12193,3080,2
-12926,-999,15670,3083,2
-9552,-902,6686,3063,2
-9328,1043,13136,3082,2
-13519,-1300,14809,3079,2
-8173,-668,6757,3070,2
-9612,1050,14044,3081,2
-13653,-1642,14025,3075,2
-7470,-407,7084,3055,2
-9794,1024,14757,3089,2
-13795,-1732,12970,3078,2
-6828,-133,7668,3066,2
-10079,867,15296,3084,2
-13907,-1937,11792,3069,2
-6225,189,8403,3055,2
-10469,772,15833,3091,2
-13513,-1941,10573,3070,2
-6722,356,9028,3073,2
-10748,479,16245,3088,2
-13284,-1906,9544,3078,2
-7044,619,9724,3072,2
-11258,190,16429,3079,2
-12578,-1744,8482,3064,2
-7261,832,10573,3071,2
-11806,-159,16451,3083,2
-11703,-1544,7648,3069,2
-8274,856,11171,3075,2
-12280,-622,16368,3077,2
-10804,-1232,7032,3061,2
-8890,840,12022,3072,2
-12947,-868,15701,3078,2
-9494,-919,6632,3059,2
-9364,1031,12901,3085,2
-13395,-1320,15101,3085,2
-8265,-632,6706,3062,2
-9563,948,13826,3083,2
-13632,-1538,14240,3075,2
-7405,-372,6972,3058,2
-9827,880,14498,3078,2
-13827,-1849,13197,3076,2
-6689,-122,7435,3063,2
-10073,720,15227,3086,2
-13995,-1902,11962,3085,2
-6169,125,8312,3064,2
-10467,611,15737,3076,2
-13604,-1901,10710,3070,2
-6337,389,8955,3068,2
-10716,541,16173,3082,2
-13266,-1895,9700,3077,2
-7008,508,9585,3070,2
-11120,224,16427,3095,2
-12810,-1772,8711,3066,2
-7430,737,10361,3062,2
-11706,-99,16474,3073,2
-11681,-1533,7782,3062,2
-8099,858,11002,3079,2
-12192,-600,16325,3082,2
-10918,-1290,7123,3064,2
-8851,907,11822,3080,2
-12836,-865,15928,3073,2
-9739,-980,6753,3056,2
-9379,878,12634,3072,2
-13311,-1222,15329,3084,2
-8536,-655,6630,3060,2
-9457,1056,13623,3071,2
-13698,-1534,14405,3082,2
-7608,-481,6862,3061,2
-9784,965,14417,3086,2
-13871,-1759,13426,3073,2
-6975,-222,7298,3064,2
-10005,957,15110,3079,2
-13833,-1852,12330,3075,2
-6356,36,8051,3073,2
-10289,748,15633,3082,2
-13847,-2048,11202,3072,2
-6434,268,8706,3064,2
-10601,670,16011,3079,2
-13270,-1871,9966,3070,2
-7047,421,9361,3060,2
-10945,367,16439,3091,2
-12768,-1764,8873,3078,2
-7476,691,10125,3072,2
-11562,-83,16478,3090,2
-12102,-1645,7881,3066,2
-8055,807,10836,3063,2
-12117,-445,16399,3085,2
-11112,-1324,7210,3060,2
-8520,874,11720,3074,2
-12675,-764,16054,3085,2
-10090,-1052,6703,3069,2
-8975,948,12650,3079,2
-13238,-1153,15450,3086,2
-8863,-734,6577,3060,2
-9496,958,13511,3082,2
-13604,-1524,14678,3080,2
-7871,-485,6760,3066,2
-9616,1029,14349,3077,2
-13856,-1702,13598,3082,2
-6937,-178,7246,3062,2
-9982,860,15036,3075,2
-14024,-1885,12474,3072,2
-6259,117,7897,3063,2
-10267,805,15689,3083,2
-13924,-1987,11222,3080,2
-6347,260,8702,3070,2
-10634,549,16068,3089,2
-13530,-1971,10085,3079,2
-6537,538,9320,3059,2
-10936,321,16402,3077,2
-12984,-1819,9042,3068,2
-7216,719,10048,3073,2
-11565,61,16467,3093,2
-12240,-1614,7986,3078,2
-7805,817,10747,3072,2
-12178,-365,16367,3083,2
-11302,-1398,7235,3058,2
-8243,970,11618,3067,2
-12661,-745,16144,3077,2
-10203,-1110,6824,3068,2
-9148,918,12375,3081,2
-13173,-1105,15564,3093,2
-9017,-780,6579,3066,2
-9455,959,13366,3075,2
-13540,-1527,14797,3077,2
-8010,-536,6650,3052,2
-9633,936,14232,3077,2
-13805,-1679,13751,3084,2
-7183,-289,7056,3061,2
-9982,990,14916,3094,2
-13963,-1844,12616,3081,2
-6421,41,7819,3066,2
-10212,773,15496,3078,2
-13943,-1964,11466,3074,2
-6123,307,8547,3061,2
-10569,540,16025,3090,2
-13693,-2014,10314,3084,2
-6450,491,9286,3087,2
-11058,392,16350,3084,2
-13027,-1852,9106,3071,2
-7111,689,9943,3052,2
-11442,34,16607,3073,2
-12360,-1701,8150,3077,2
-7611,843,10724,3080,2
-12087,-283,16488,3089,2
-11442,-1479,7385,3075,2
-8373,898,11454,3073,2
-12467,-744,16243,3079,2
-10430,-1153,6787,3058,2
-9070,948,12311,3074,2
-13158,-1048,15580,3083,2
-9201,-835,6577,3073,2
-9426,1044,13172,3079,2
-13476,-1341,14856,3086,2
-8134,-582,6650,3058,2
-9731,947,14082,3077,2
-13839,-1679,13896,3078,2
-6959,-240,7065,3059,2
-9973,1001,14874,3080,2
-13973,-1839,12795,3092,2
-6640,-121,7667,3069,2
-10256,819,15462,3089,2
-13838,-1932,11575,3084,2
-6268,225,8444,3057,2
-10520,564,15980,3076,2
-13665,-1968,10426,3077,2
-6497,382,9170,3074,2
-10955,438,16245,3080,2
-13111,-1838,9288,3083,2
-7008,621,9931,3076,2
-11317,129,16556,3083,2
-12415,-1721,8320,3067,2
-7507,805,10618,3069,2
-11949,-281,16494,3084,2
-11639,-1468,7438,3076,2
-8319,847,11340,3074,2
-12487,-567,16224,3096,2
-10440,-1201,6927,3072,2
-8744,962,12217,3071,2
-12985,-943,15765,3080,2
-9547,-961,6630,3055,2
-9272,988,13070,3067,2
-13397,-1290,15073,3086,2
-8350,-661,6679,3077,2
-9601,962,13969,3078,2
-13718,-1605,14116,3084,2
-7377,-368,6969,3062,2
-9903,949,14696,3074,2
-13895,-1780,12975,3082,2
-6662,-76,7550,3058,2
-10240,839,15336,3087,2
-13902,-1876,11842,3092,2
-6219,220,8328,3061,2
-10454,645,15891,3080,2
-13821,-2028,10673,3083,2
-6326,387,9034,3054,2
-10826,472,16326,3077,2
-13258,-1844,9513,3082,2
-7148,541,9681,3065,2
-11197,191,16546,3083,2
-12602,-1792,8528,3084,2
-7390,819,10459,3067,2
-11833,-129,16470,3081,2
-11797,-1543,7558,3067,2
-8368,796,11080,3061,2
-12335,-552,16275,3086,2
-10710,-1202,6887,3076,2
-8812,890,11960,3081,2
-12988,-865,15812,3091,2
-9730,-957,6556,3064,2
-9283,994,12895,3062,2
-13318,-1238,15166,3086,2
-8478,-718,6614,3057,2
-9468,990,13806,3075,2
-13681,-1528,14276,3083,2
-7474,-396,6872,3067,2
-9823,975,14586,3083,2
-13875,-1756,13210,3079,2
-6740,-136,7407,3054,2
-10112,863,15231,3064,2
-13925,-1866,11998,3093,2
-6313,86,8230,3060,2
-10455,738,15829,3086,2
-13703,-1980,10799,3085,2
-6336,356,8926,3068,2
-10805,486,16234,3077,2
-13363,-1931,9620,3071,2
-6776,607,9650,3056,2
-11227,290,16518,3091,2
-12642,-1728,8571,3082,2
-7584,673,10309,3065,2
-11747,-86,16545,3085,2
-11820,-1496,7636,3076,2
-8002,899,11188,3057,2
-12372,-561,16337,3082,2
-10871,-1272,7010,3067,2
-8607,977,12020,3062,2
-12927,-847,15794,3086,2
-9233,1002,12843,3076,2
-13401,-1290,15193,3092,2
-8562,-665,6573,3069,2
-9580,1087,13765,3066,2
-13676,-1490,14229,3076,2
-7416,-399,6944,3060,2
-9855,1023,14523,3079,2
-13953,-1743,13234,3090,2
-6727,-146,7383,3073,2
-10076,902,15275,3075,2
-13962,-1891,12044,3080,2
-6476,42,8122,3058,2
-10403,724,15761,3081,2
-13721,-1964,10825,3084,2
-6343,380,8817,3063,2
-10792,516,16173,3090,2
-13342,-1855,9696,3080,2
-6748,566,9606,3061,2
-11180,344,16393,3075,2
-12708,-1753,8646,3068,2
-7377,763,10328,3062,2
-11701,-88,16539,3085,2
-11921,-1545,7767,3071,2
-8014,847,11014,3065,2
-12264,-506,16401,3079,2
-10904,-1275,7049,3070,2
-8711,908,11887,3057,2
-12902,-863,15880,3083,2
-9700,-964,6602,3086,2
-9219,1039,12763,3064,2
-13376,-1280,15276,3084,2
-8663,-677,6567,3071,2
-9464,1003,13773,3073,2
-13740,-1472,14276,3081,2
-7491,-398,6839,3063,2
-9861,956,14529,3076,2
-13945,-1768,13268,3079,2
-6758,-149,7430,3066,2
-10097,866,15260,3079,2
-13947,-1933,12070,3083,2
-6363,116,8190,3060,2
-10542,658,15801,3071,2
-13745,-1939,10806,3078,2
-6253,368,8979,3061,2
-10872,508,16123,3083,2
-13221,-1846,9660,3083,2
-6647,649,9702,3066,2
-11250,196,16432,3080,2
-12657,-1728,8578,3074,2
-7391,794,10391,3062,2
-11844,-68,16504,3080,2
-11812,-1610,7719,3078,2
-8130,845,11090,3066,2
-12334,-578,16366,3088,2
-10763,-1240,7030,3074,2
-8671,951,12036,3059,2
-12958,-801,15841,3076,2
-9598,-994,6706,3066,2
-9336,984,12900,3057,2
-13397,-1261,15140,3083,2
-8453,-664,6594,3068,2
-9510,1022,13900,3081,2
-13738,-1570,14219,3086,2
-7438,-404,6949,3061,2
-9785,903,14723,3065,2
-13967,-1746,13068,3076,2
-6544,-139,7544,3079,2
-10198,898,15335,3078,2
-13878,-1959,11821,3088,2
-6405,95,8324,3066,2
-10514,645,15911,3072,2
-13665,-1890,10565,3076,2
-6295,399,9081,3058,2
-10928,376,16266,3076,2
-13211,-1834,9419,3078,2
-6914,656,9774,3060,2
-11269,119,16527,3084,2
-12511,-1721,8355,3079,2
-7450,831,10583,3058,2
-12007,-211,16483,3080,2
-11631,-1526,7508,3074,2
-8122,874,11366,3063,2
-12439,-578,16328,3082,2
-10483,-1159,6903,3078,2
-8905,915,12167,3070,2
-13046,-906,15781,3078,2
-9423,-904,6538,3072,2
-9336,1021,12995,3056,2
-13410,-1266,15054,3076,2
-8245,-656,6724,3068,2
-9600,981,14038,3071,2
-13808,-1604,14069,3090,2
-7230,-318,6955,3074,2
-9843,1059,14765,3063,2
-13984,-1766,12877,3082,2
-6649,-126,7610,3062,2
-10214,775,15495,3071,2
-13953,-1908,11700,3081,2
-6198,212,8379,3069,2
-10532,605,15990,3077,2
-13742,-1946,10462,3083,2
-6394,435,9085,3065,2
-10968,461,16285,3072,2
-13196,-1842,9352,3078,2
-6766,657,9917,3057,2
-11436,251,16475,3078,2
-12428,-1723,8324,3084,2
-7680,753,10517,3064,2
-12008,-168,16519,3082,2
-11454,-1418,7343,3076,2
-8520,778,11319,3059,2
-12595,-637,16185,3079,2
-10352,-1124,6787,3074,2
-9132,875,12146,3070,2
-13088,-998,15721,3082,2
-9070,-817,6566,3074,2
-9351,917,13280,3063,2
-13587,-1374,14848,3075,2
-8115,-614,6695,3071,2
-9617,1060,14077,3064,2
-13808,-1650,13851,3082,2
-7041,-245,7039,3068,2
-9988,868,14931,3066,2
-14046,-1812,12635,3081,2
-6490,-21,7741,3066,2
-10142,811,15508,3071,2
-13937,-2021,11491,3083,2
-6277,259,8405,3064,2
-10621,627,16083,3075,2
-13648,-1964,10252,3083,2
-6473,481,9233,3064,2
-11028,390,16357,3076,2
-13036,-1803,9098,3075,2
-7160,683,10021,3066,2
-11558,-25,16561,3081,2
-12229,-1708,8069,3083,2
-7424,944,10798,3068,2
-12165,-334,16507,3088,2
-11365,-1468,7316,3077,2
-8447,820,11577,3057,2
-12611,-760,16169,3074,2
-10202,-1057,6711,3073,2
-9003,946,12452,3079,2
-13233,-1124,15559,3089,2
-9106,-801,6519,3078,2
-9422,1047,13325,3068,2
-13600,-1447,14704,3080,2
-7862,-489,6652,3084,2
-9701,912,14329,3056,2
-13954,-1726,13635,3080,2
-6824,-207,7146,3074,2
-9994,951,15033,3077,2
-13957,-1888,12520,3079,2
-6359,-13,7844,3072,2
-10289,768,15724,3066,2
-13989,-1994,11271,3074,2
-6197,284,8632,3062,2
-10776,531,16129,3073,2
-13605,-2009,10029,3080,2
-6239,633,9493,3064,2
-11125,409,16501,3076,2
-13009,-1797,8839,3085,2
-6972,771,10224,3063,2
-11648,-26,16571,3078,2
-12203,-1643,7845,3078,2
-7899,831,10910,3055,2
-12263,-490,16487,3078,2
-11223,-1332,7045,3083,2
-8412,960,11759,3068,2
-12899,-847,16060,3084,2
-9919,-992,6583,3070,2
-9016,914,12760,3056,2
-13361,-1165,15411,3086,2
-8710,-724,6461,3078,2
-9488,992,13699,3072,2
-13739,-1552,14536,3083,2
-7713,-431,6668,3066,2
-9764,879,14563,3070,2
-13980,-1674,13318,3079,2
-6785,-159,7210,3067,2
-10169,891,15100,3062,2
-13957,-1853,12217,3086,2
-6260,48,8011,3074,2
-10355,716,15710,3075,2
-13857,-1975,11011,3074,2
-6329,360,8715,3065,2
-10807,566,16176,3064,2
-13453,-1933,9811,3080,2
-6713,570,9577,3071,2
-11151,263,16542,3076,2
-12744,-1699,8646,3088,2
-7139,783,10282,3067,2
-11821,-94,16577,3078,2
-11983,-1633,7756,3079,2
-7734,893,11094,3059,2
-12322,-500,16453,3080,2
-10944,-1280,7058,3079,2
-8783,763,11836,3067,2
-12916,-855,15973,3089,2
-9681,-919,6520,3073,2
-9265,877,12740,3060,2
-13386,-1231,15302,3073,2
-8484,-660,6483,3068,2
-9549,915,13737,3064,2
-13756,-1475,14391,3087,2
-7311,-383,6795,3081,2
-9734,881,14527,3072,2
-13978,-1788,13334,3073,2
-6730,-103,7208,3066,2
-10039,802,15303,3060,2
-14024,-1907,12130,3077,2
-6150,52,8092,3069,2
-10427,662,15830,3069,2
-13812,-1945,10819,3076,2
-6353,346,8813,3066,2
-10805,412,16279,3068,2
-13261,-1891,9574,3084,2
-6851,551,9595,3066,2
-11176,193,16540,3077,2
-12659,-1714,8531,3079,2
-7618,746,10210,3066,2
-11788,-151,16600,3081,2
-11870,-1463,7542,3080,2
-8102,871,11083,3059,2
-12375,-559,16458,3077,2
-10779,-1235,6948,3080,2
-8817,778,11898,3054,2
-13021,-1015,16018,3086,2
-9757,-991,6547,3080,2
-8874,1061,12950,3064,2
-13299,-1170,15354,3083,2
-8772,-717,6477,3071,2
-9434,826,13762,3054,2
-13810,-1556,14433,3083,2
-7536,-432,6705,3079,2
-9790,883,14544,3064,2
-13996,-1736,13317,3088,2
-6593,-45,7226,3074,2
-10091,855,15238,3059,2
-14128,-1916,12135,3077,2
-6123,122,8066,3061,2
-10435,555,15882,3057,2
-14017,-2018,10913,3080,2
-5570,607,8945,3075,2
-10794,484,16295,3068,2
-13734,-1950,9812,3086,2
-6692,601,9530,3062,2
-11212,210,16585,3065,2
-12874,-1799,8656,3080,2
-6989,861,10430,3064,2
-11776,-60,16542,3085,2
-11910,-1597,7730,3090,2
-7887,836,10944,3070,2
-12286,-587,16552,3075,2
-11068,-1330,7078,3078,2
-8779,731,11799,3057,2
-12827,-870,16016,3070,2
-9805,-1025,6621,3081,2
-8984,1101,12753,3057,2
-13281,-1157,15491,3085,2
-8891,-760,6512,3085,2
-9476,908,13559,3061,2
-13700,-1498,14609,3070,2
-7838,-483,6682,3075,2
-9730,939,14324,3057,2
-13933,-1709,13662,3083,2
-6768,-137,7066,3075,2
-10070,800,15053,3068,2
-14175,-1894,12422,3090,2
-6287,-43,7841,3078,2
-10285,682,15660,3062,2
-13817,-1879,11286,3072,2
-5954,270,8527,3070,2
-10482,559,16101,3065,2
-13792,-1952,10222,3082,2
-6611,432,9159,3076,2
-11013,222,16444,3080,2
-13103,-1747,9067,3083,2
-6336,873,10196,3069,2
-11569,16,16594,3079,2
-12404,-1721,8080,3078,2
-7696,857,10665,3056,2
-12039,-377,16641,3078,2
-11623,-1437,7277,3082,2
-8281,820,11390,3068,2
-12515,-750,16358,3076,2
-10583,-1128,6722,3083,2
-8775,985,12298,3063,2
-13147,-1009,15715,3075,2
-9348,-798,6397,3081,2
-9330,1033,13187,3063,2
-13607,-1405,15031,3079,2
-8394,-609,6574,3086,2
-9379,1053,14086,3059,2
-13685,-1518,14029,3074,2
-7412,-399,6880,3075,2
-9818,765,14745,3049,2
-14167,-1879,12897,3080,2
-6328,-43,7504,3083,2
-10115,784,15447,3065,2
-13975,-1852,11737,3088,2
-6199,191,8348,3075,2
-10505,633,15883,3059,2
-13818,-2025,10485,3078,2
-6345,449,8961,3068,2
-10810,555,16357,3065,2
-13191,-1844,9363,3084,2
-7568,427,9464,3074,2
-11159,56,16643,3069,2
-12534,-1630,8405,3085,2
-7981,640,10225,3059,2
-11871,-223,16476,3070,2
-11535,-1413,7442,3082,2
-8111,879,11074,3060,2
-12341,-682,16477,3076,2
-10923,-1256,6947,3088,2
-8921,767,11839,3069,2
-10647,-1156,6667,3081,2
-8627,1104,12456,3082,2
-13137,-986,15723,3060,2
-9391,-890,6460,3072,2
-9297,955,13278,3077,2
-13574,-1439,15053,3058,2
-8325,-604,6516,3087,2
-9428,933,14011,3088,2
-13819,-1616,14095,3069,2
-7249,-345,6875,3082,2
-9857,849,14680,3079,2
-14094,-1764,13076,3053,2
-6351,-49,7456,3079,2
-10065,779,15378,3076,2
-14054,-1889,11947,3059,2
-6329,72,8110,3078,2
-10295,725,15853,3080,2
-13881,-1968,10927,3065,2
-6277,437,8806,3082,2
-10767,417,16284,3069,2
-13628,-1987,9673,3062,2
-6484,602,9644,3089,2
-11258,384,16437,3073,2
-12766,-1724,8698,3074,2
-7524,711,10160,3081,2
-11616,-130,16658,3073,2
-12278,-1611,7813,3068,2
-7409,1075,11071,3069,2
-12184,-422,16539,3059,2
-11317,-1359,7182,3066,2
-8404,893,11805,3079,2
-12729,-855,16174,3067,2
-10196,-1031,6551,3070,2
-8847,955,12592,3084,2
-13233,-1157,15612,3064,2
-9134,-750,6390,3068,2
-9290,1040,13507,3081,2
-13720,-1520,14803,3053,2
-7999,-495,6604,3089,2
-9491,1048,14394,3085,2
-13936,-1757,13811,3064,2
-7187,-234,6997,3083,2
-9752,1027,15074,3079,2
-14077,-1773,12632,3057,2
-6438,-10,7737,3077,2
-10207,824,15626,3071,2
-14004,-1979,11369,3066,2
-6533,227,8365,3082,2
-10503,562,16101,3077,2
-13573,-1931,10282,3057,2
-6722,406,9084,3082,2
-10818,380,16426,3071,2
-13124,-1790,9257,3064,2
-7438,519,9652,3080,2
-11539,140,16462,3073,2
-12490,-1638,8069,3070,2
-7863,700,10533,3089,2
-12003,-290,16530,3073,2
-11573,-1454,7216,3074,2
-8393,857,11360,3081,2
-12448,-664,16320,3066,2
-10553,-1160,6723,3079,2
-8988,690,12118,3084,2
-13193,-1082,15815,3062,2
-9415,-828,6485,3073,2
-8929,1137,13245,3095,2
-13525,-1317,15081,3065,2
-8397,-620,6578,3071,2
-9387,1028,14129,3074,2
-13891,-1680,13996,3064,2
-7705,-399,6791,3083,2
-9691,955,14799,3085,2
-13972,-1774,12945,3068,2
-7052,-192,7391,3080,2
-10022,874,15422,3078,2
-13873,-1872,11703,3057,2
-6455,100,8284,3084,2
-10371,591,15968,3072,2
-13770,-1993,10550,3058,2
-6550,372,8916,3083,2
-10762,404,16350,3082,2
-13321,-1842,9401,3067,2
-6714,659,9784,3082,2
-11481,228,16532,3065,2
-12813,-1758,8450,3059,2
-7340,817,10469,3078,2
-11798,-228,16585,3076,2
-11747,-1489,7509,3072,2
-8021,895,11242,3086,2
-12414,-580,16414,3072,2
-10790,-1148,6900,3085,2
-8798,713,12015,3082,2
-13008,-1034,15861,3062,2
-9717,-937,6463,3076,2
-9102,863,13004,3085,2
-13515,-1266,15167,3069,2
-8423,-623,6462,3080,2
-9490,987,13829,3081,2
-13823,-1609,14285,3058,2
-7444,-381,6776,3070,2
-9656,908,14662,3077,2
-14064,-1820,13213,3065,2
-6584,-113,7291,3085,2
-9998,867,15333,3083,2
-14215,-2014,12017,3062,2
-6428,85,8057,3087,2
-10399,679,15833,3079,2
-13914,-1976,10825,3062,2
-6130,431,8846,3077,2
-10754,519,16263,3078,2
-13543,-1921,9713,3066,2
-6704,574,9552,3090,2
-11103,267,16569,3077,2
-12829,-1740,8614,3067,2
-7427,750,10240,3081,2
-11687,-111,16629,3063,2
-12101,-1584,7727,3061,2
-7943,955,11010,3078,2
-12199,-533,16533,3077,2
-10960,-1236,7001,3069,2
-8695,816,11883,3088,2
-12933,-859,15977,3072,2
-9673,-916,6574,3071,2
-9197,959,12699,3072,2
-13410,-1269,15373,3059,2
-8690,-595,6408,3065,2
-9343,883,13808,3088,2
-13851,-1606,14449,3069,2
-7393,-416,6729,3076,2
-9652,992,14513,3081,2
-14005,-1750,13358,3062,2
-6936,-207,7212,3081,2
-9819,877,15215,3080,2
-13996,-1871,12221,3062,2
-6252,71,7961,3091,2
-10245,630,15879,3088,2
-13969,-2011,10971,3062,2
-6370,252,8651,3082,2
-10527,449,16300,3074,2
-13551,-1946,9860,3060,2
-6636,546,9338,3085,2
-11010,267,16523,3068,2
-12984,-1723,8746,3061,2
-7163,796,10151,3089,2
-11671,-6,16601,3067,2
-12219,-1592,7710,3066,2
-7966,854,10888,3082,2
-12197,-492,16594,3075,2
-11118,-1278,6979,3063,2
-8555,835,11782,3085,2
-12887,-789,16100,3071,2
-9941,-972,6540,3068,2
-8946,951,12769,3082,2
-13316,-1153,15495,3068,2
-8845,-703,6397,3063,2
-9323,927,13608,3079,2
-13721,-1518,14608,3066,2
-7698,-417,6636,3076,2
-9670,941,14546,3089,2
-14079,-1778,13438,3070,2
-6710,-185,7163,3084,2
-10014,937,15182,3082,2
-14037,-1885,12234,3057,2
-6113,110,7952,3073,2
-10330,650,15830,3073,2
-14087,-2031,10991,3062,2
-6180,382,8730,3093,2
-10736,571,16254,3072,2
-13523,-1894,9738,3054,2
-6590,610,9495,3077,2
-11113,276,16572,3065,2
-12892,-1683,8608,3059,2
-7316,775,10251,3088,2
-11797,-117,16656,3081,2
-12010,-1531,7622,3064,2
-7849,880,11137,3081,2
-12305,-556,16532,3072,2
-10889,-1205,6999,3054,2
-8613,908,11912,3079,2
-12965,-850,15910,3076,2
-9643,-945,6506,3074,2
-9131,880,12929,3077,2
-13567,-1306,15221,3073,2
-8455,-647,6486,3067,2
-9349,932,13900,3078,2
-13846,-1580,14358,3060,2
-7357,-376,6808,3071,2
-9869,969,14662,3085,2
-14014,-1710,13001,3069,2
-6290,-35,7429,3078,2
-10105,732,15304,3077,2
-14085,-1919,11880,3063,2
-6074,167,8210,3078,2
-10490,651,15963,3079,2
-13936,-2042,10627,3060,2
-6037,410,9053,3083,2
-10917,392,16381,3087,2
-13225,-1762,9419,3063,2
-6595,726,9876,3089,2
-11343,142,16594,3072,2
-12618,-1720,8289,3054,2
-7489,739,10478,3078,2
-11991,-302,16545,3082,2
-11682,-1470,7343,3069,2
-8122,917,11396,3081,2
-12553,-688,16388,3071,2
-10501,-1171,6735,3065,2
-8789,985,12272,3077,2
-13212,-1001,15754,3072,2
-9436,-868,6410,3065,2
-9224,930,13234,3086,2
-13589,-1409,15075,3069,2
-8109,-583,6537,3074,2
-9590,956,14034,3077,2
-13969,-1713,13983,3064,2
-7008,-247,6905,3069,2
-9958,946,14832,3086,2
-14156,-1842,12805,3064,2
-6260,-75,7562,3078,2
-10146,795,15542,3084,2
-13978,-1860,11669,3064,2
-6075,185,8324,3069,2
-10544,640,16001,3074,2
-13895,-2006,10404,3053,2
-6201,469,9080,3081,2
-10916,331,16524,3080,2
-13191,-1761,9221,3060,2
-6618,748,9907,3085,2
-11462,87,16634,3077,2
-12508,-1682,8170,3053,2
-7433,818,10603,3072,2
-12127,-293,16573,3081,2
-11605,-1454,7257,3056,2
-8197,867,11439,3088,2
-12567,-684,16373,3069,2
-10421,-1074,6675,3070,2
-8782,879,12392,3081,2
-13294,-1033,15797,3062,2
-9257,-897,6431,3057,2
-9249,950,13260,3082,2
-13645,-1402,15006,3073,2
-8004,-583,6537,3069,2
-9596,971,14114,3080,2
-13981,-1615,13927,3070,2
-7027,-256,6950,3065,2
-9910,844,14895,3071,2
-14094,-1817,12771,3061,2
-6367,-28,7567,3078,2
-10118,758,15614,3085,2
-14105,-1937,11534,3067,2
-5964,263,8403,3078,2
-10743,620,16025,3085,2
-13734,-1957,10306,3055,2
-6207,456,9164,3071,2
-10983,321,16482,3078,2
-13183,-1763,9185,3061,2
-6756,742,9871,3088,2
-11509,108,16597,3082,2
-12549,-1669,8030,3057,2
-7697,820,10628,3068,2
-12071,-327,16637,3081,2
-11538,-1423,7256,3061,2
-8218,950,11446,3081,2
-12653,-654,16363,3073,2
-10402,-1094,6659,3065,2
-8796,915,12349,3083,2
-13212,-1049,15789,3081,2
-9359,-870,6349,3067,2
-9189,915,13282,3078,2
-13662,-1464,15023,3065,2
-8156,-556,6438,3068,2
-9499,954,14182,3086,2
-13988,-1626,13875,3068,2
-7098,-297,6801,3073,2
-9935,968,14818,3083,2
-14134,-1867,12873,3062,2
-6516,-82,7495,3067,2
-10175,735,15549,3082,2
-14107,-1944,11640,3065,2
-6094,306,8270,3082,2
-10557,575,16086,3082,2
-13833,-1915,10392,3073,2
-6297,495,9065,3074,2
-10985,390,16471,3081,2
-13252,-1828,9216,3058,2
-6899,724,9788,3072,2
-11509,92,16671,3088,2
-12592,-1682,8116,3064,2
-7544,826,10616,3085,2
-12100,-315,16663,3075,2
-11651,-1478,7310,3063,2
-8118,879,11463,3077,2
-12621,-624,16389,3076,2
-10416,-1080,6686,3066,2
-8858,849,12342,3086,2
-13268,-1018,15808,3067,2
-9336,-861,6363,3074,2
-9168,931,13287,3083,2
-13613,-1400,15080,3066,2
-8128,-550,6452,3057,2
-9483,962,14200,3081,2
-14024,-1669,14003,3070,2
-7118,-371,6803,3071,2
-9863,880,14917,3088,2
-14199,-1836,12848,3079,2
-6380,-148,7478,3066,2
-10238,728,15578,3079,2
-14081,-1996,11673,3066,2
-6002,281,8284,3067,2
-10549,619,16077,3070,2
-13938,-1998,10383,3066,2
-6061,515,9111,3086,2
-11017,406,16455,3090,2
-13324,-1886,9269,3059,2
-6683,674,9953,3071,2
-11462,48,16702,3072,2
-12598,-1777,8166,3056,2
-7250,864,10695,3076,2
-12169,-207,16643,3082,2
-11649,-1463,7269,3064,2
-8122,837,11488,3080,2
-12615,-711,16445,3076,2
-10550,-1146,6638,3057,2
-8795,944,12343,3075,2
-13293,-1066,15824,3078,2
-9355,-881,6383,3063,2
-9223,961,13302,3084,2
-13698,-1400,14933,3082,2
-7930,-527,6442,3067,2
-9640,925,14137,3077,2
-14126,-1708,13874,3062,2
-7057,-301,6831,3071,2
-9878,866,14947,3083,2
-14150,-1800,12707,3069,2
-6233,-28,7598,3074,2
-10235,721,15593,3079,2
-14107,-1978,11565,3064,2
-5916,237,8394,3064,2
-10576,541,16156,3075,2
-13860,-1924,10241,3067,2
-6119,480,9234,3081,2
-11136,420,16464,3089,2
-13241,-1847,9079,3069,2
-6683,728,10042,3084,2
-11572,8,16722,3075,2
-12442,-1655,8040,3059,2
-7406,853,10803,3072,2
-12228,-338,16597,3086,2
-11420,-1376,7104,3060,2
-8203,906,11568,3089,2
-12779,-773,16339,3082,2
-10301,-1067,6552,3068,2
-8742,919,12557,3071,2
-13389,-1082,15667,3074,2
-9045,-742,6318,3060,2
-9202,963,13510,3082,2
-13769,-1475,14872,3084,2
-7855,-447,6507,3070,2
-9504,932,14300,3080,2
-14060,-1765,13766,3072,2
-6995,-242,6952,3059,2
-9909,881,15120,3071,2
-14233,-1912,12524,3061,2
-6142,47,7703,3070,2
-10335,763,15754,3089,2
-14093,-2015,11296,3074,2
-6113,319,8538,3073,2
-10728,517,16214,3072,2
-13690,-1910,9945,3056,2
-6273,542,9375,3073,2
-11065,268,16598,3083,2
-13125,-1784,8790,3070,2
-6950,795,10150,3071,2
-11831,-53,16669,3081,2
-12175,-1627,7724,3057,2
-7666,862,10999,3081,2
-12334,-543,16613,3071,2
-11101,-1327,6998,3065,2
-8387,889,11897,3085,2
-12971,-896,16180,3080,2
-9913,-942,6422,3059,2
-8932,971,12838,3081,2
-13515,-1240,15467,3076,2
-8786,-709,6317,3057,2
-9355,1004,13736,3082,2
-13905,-1555,14493,3081,2
-7468,-397,6591,3068,2
-9757,941,14584,3085,2
-14244,-1795,13316,3073,2
-6396,-138,7198,3055,2
-10113,875,15291,3077,2
-14253,-1896,12120,3064,2
-5990,168,7991,3067,2
-10552,713,15953,3079,2
-13985,-1973,10753,3071,2
-5919,410,8855,3073,2
-10962,508,16327,3081,2
-13548,-1891,9541,3058,2
-6189,736,9721,3069,2
-11339,124,16707,3076,2
-12832,-1697,8367,3063,2
-7030,802,10535,3083,2
-12112,-220,16612,3084,2
-11827,-1486,7338,3063,2
-7892,920,11294,3081,2
-12608,-697,16540,3077,2
-10683,-1134,6711,3064,2
-8546,987,12268,3088,2
-13183,-967,15905,3084,2
-9334,-875,6379,3063,2
-9187,898,13179,3079,2
-13767,-1408,15089,3078,2
-8162,-585,6379,3054,2
-9459,937,14187,3079,2
-14070,-1636,14045,3083,2
-7016,-266,6809,3071,2
-9800,859,14956,3089,2
-14280,-1850,12835,3076,2
-6174,24,7493,3059,2
-10262,763,15632,3078,2
-14218,-2031,11615,3065,2
-5777,262,8360,3060,2
-10604,521,16185,3084,2
-13952,-1924,10269,3080,2
-6097,516,9161,3066,2
-11146,377,16458,3076,2
-13301,-1811,8998,3063,2
-6691,702,10049,3067,2
-11633,5,16742,3080,2
-12419,-1626,7916,3059,2
-7319,886,10825,3074,2
-12218,-441,16677,3091,2
-11456,-1349,6956,3062,2
-8162,904,11782,3062,2
-12994,-798,16266,3081,2
-10166,-1039,6497,3053,2
-8709,970,12710,3074,2
-13530,-1165,15572,3079,2
-9020,-709,6281,3054,2
-9268,941,13699,3078,2
-13902,-1489,14648,3069,2
-7631,-442,6473,3066,2
-9646,844,14530,3076,2
-14176,-1801,13469,3075,2
-6526,-146,7079,3060,2
-9980,842,15287,3088,2
-14279,-1927,12218,3077,2
-6057,160,7885,3070,2
-10540,649,15894,3072,2
-14090,-1954,10874,3066,2
-5782,377,8787,3065,2
-10887,395,16435,3084,2
-13618,-1905,9638,3081,2
-6261,638,9599,3069,2
-11401,72,16697,3074,2
-12947,-1758,8416,3059,2
-7043,792,10444,3071,2
-12137,-237,16622,3076,2
-11973,-1502,7366,3064,2
-7634,1004,11283,3079,2
-12610,-603,16548,3093,2
-10829,-1137,6651,3070,2
-8565,898,12218,3079,2
-13329,-1009,15933,3079,2
-9553,-858,6273,3059,2
-9146,946,13139,3090,2
-13727,-1327,15126,3091,2
-8087,-522,6364,3057,2
-9499,881,14109,3084,2
-14072,-1640,14079,3065,2
-6868,-237,6720,3058,2
-9902,850,14942,3080,2
-14291,-1835,12809,3078,2
-6097,51,7511,3069,2
-10231,791,15641,3084,2
-14181,-2013,11589,3089,2
-5827,204,8359,3066,2
-10662,499,16175,3079,2
-13986,-1950,10255,3067,2
-5830,586,9231,3065,2
-11159,311,16503,3091,2
-13275,-1826,9109,3078,2
-6743,674,9956,3072,2
-11725,7,16643,3083,2
-12451,-1605,7869,3062,2
-7587,785,10756,3052,2
-12244,-390,16666,3092,2
-11400,-1341,7065,3062,2
-8182,867,11666,3077,2
-12916,-794,16281,3085,2
-10118,-1005,6524,3058,2
-8813,1001,12578,3078,2
-13569,-1192,15669,3084,2
-8818,-655,6300,3058,2
-9279,946,13626,3078,2
-14003,-1471,14687,3088,2
-7477,-397,6538,3063,2
-9699,937,14399,3084,2
-14213,-1756,13514,3082,2
-6685,-142,7001,3058,2
-10077,856,15200,3079,2
-14222,-1841,12345,3078,2
-6057,87,7912,3067,2
-10322,647,15841,3083,2
-14070,-1999,11028,3080,2
-5972,325,8668,3071,2
-10917,487,16311,3076,2
-13656,-1867,9641,3072,2
-5930,707,9696,3057,2
-11422,210,16611,3086,2
-13025,-1769,8526,3073,2
-6800,835,10523,3076,2
-11997,-237,16709,3082,2
-11997,-1568,7480,3061,2
-7843,825,11222,3073,2
-12564,-583,16503,3076,2
-10806,-1169,6709,3066,2
-8451,916,12129,3077,2
-13346,-940,15908,3091,2
-9455,-954,6403,3063,2
-9022,958,13126,3082,2
-13705,-1303,15237,3076,2
-8156,-540,6353,3060,2
-9458,967,14108,3079,2
-14179,-1651,14161,3084,2
-7027,-195,6692,3057,2
-9789,805,14991,3087,2
-14336,-1858,12927,3078,2
-6145,-85,7411,3056,2
-10127,756,15611,3077,2
-14318,-1983,11671,3073,2
-5791,276,8288,3060,2
-10704,631,16102,3083,2
-13921,-1947,10335,3078,2
-6026,489,9091,3066,2
-11094,212,16475,3076,2
-13266,-1839,9179,3071,2
-6723,710,9851,3069,2
-11495,5,16782,3079,2
-12622,-1703,7994,3070,2
-7256,882,10797,3071,2
-12344,-299,16608,3088,2
-11638,-1420,7049,3059,2
-7895,1032,11655,3073,2
-12946,-808,16365,3075,2
-10402,-1030,6428,3059,2
-8524,990,12685,3076,2
-13532,-1147,15713,3084,2
-9169,-767,6189,3064,2
-9157,936,13605,3069,2
-13891,-1554,14819,3078,2
-7794,-452,6418,3049,2
-9536,984,14460,3071,2
-14232,-1744,13610,3079,2
-6509,-195,6975,3061,2
-10040,814,15204,3088,2
-14349,-1883,12423,3083,2
-5953,171,7829,3058,2
-10353,666,15808,3071,2
-14179,-2055,11167,3076,2
-5712,362,8662,3052,2
-10795,382,16384,3087,2
-13858,-1933,9821,3087,2
-6026,595,9512,3063,2
-11255,120,16647,3082,2
-13084,-1775,8618,3069,2
-6853,731,10240,3069,2
-11821,-151,16775,3082,2
-12100,-1561,7581,3070,2
-7581,851,11029,3073,2
-12424,-551,16673,3092,2
-11040,-1224,6865,3072,2
-8335,890,11945,3069,2
-13201,-967,16138,3081,2
-9819,-962,6364,3057,2
-8829,1026,12899,3075,2
-13682,-1268,15438,3091,2
-8551,-634,6253,3063,2
-9296,914,13928,3073,2
-14091,-1649,14413,3077,2
-7276,-320,6579,3057,2
-9809,909,14627,3078,2
-14234,-1793,13254,3081,2
-6203,-35,7140,3060,2
-10095,733,15451,3085,2
-14379,-1955,12009,3082,2
-5940,181,8044,3065,2
-10530,490,15972,3083,2
-14022,-1964,10634,3074,2
-5942,479,8825,3055,2
-10912,452,16440,3081,2
-13528,-1828,9381,3085,2
-6378,658,9809,3069,2
-11598,23,16731,3078,2
-12807,-1719,8220,3077,2
-6861,882,10646,3063,2
-12233,-325,16664,3075,2
-11718,-1427,7314,3063,2
-7847,903,11404,3069,2
-12669,-690,16511,3081,2
-10700,-1164,6623,3069,2
-8799,880,12243,3076,2
-13368,-1079,15895,3074,2
-9368,-833,6238,3060,2
-8944,936,13365,3066,2
-13736,-1364,15082,3084,2
-7971,-443,6367,3062,2
-9504,936,14240,3078,2
-14279,-1718,13930,3095,2
-6879,-190,6782,3055,2
-9868,932,15123,3076,2
-14346,-1924,12707,3083,2
-6185,21,7536,3063,2
-10226,710,15781,3087,2
-14289,-1955,11371,3088,2
-5630,446,8457,3067,2
-10732,506,16273,3084,2
-13977,-1926,10066,3074,2
-6106,524,9251,3057,2
-11191,388,16527,3080,2
-13302,-1767,8847,3075,2
-6496,829,10100,3069,2
-11812,-31,16687,3087,2
-12545,-1584,7661,3078,2
-7292,921,10940,3065,2
-12357,-481,16705,3080,2
-11256,-1305,6976,3060,2
-8242,943,11771,3059,2
-13086,-773,16170,3077,2
-10008,-957,6314,3068,2
-8883,835,12783,3074,2
-13598,-1215,15627,3080,2
-8680,-687,6221,3065,2
-9255,913,13722,3066,2
-13945,-1536,14665,3080,2
-7510,-455,6478,3057,2
-9625,874,14598,3078,2
-14222,-1777,13456,3080,2
-6836,-155,6906,3060,2
-9984,830,15387,3074,2
-14251,-1843,12168,3077,2
-5972,75,7932,3059,2
-10456,627,15916,3085,2
-14180,-2027,10871,3083,2
-5858,408,8726,3068,2
-10858,444,16433,3082,2
-13675,-1871,9565,3069,2
-6361,582,9581,3054,2
-11292,119,16749,3082,2
-12938,-1769,8394,3072,2
-7240,744,10295,3063,2
-12117,-236,16720,3083,2
-11964,-1487,7271,3079,2
-7734,924,11300,3064,2
-12684,-663,16647,3075,2
-10770,-1117,6598,3061,2
-8514,957,12255,3066,2
-13397,-935,15931,3081,2
-9609,-866,6163,3072,2
-9020,909,13300,3070,2
-13824,-1408,15154,3070,2
-8221,-571,6274,3068,2
-9355,900,14246,3070,2
-14125,-1596,13994,3078,2
-7159,-307,6563,3065,2
-9805,831,14975,3076,2
-14304,-1845,12841,3087,2
-6283,-5,7400,3063,2
-10114,804,15758,3074,2
-14256,-1938,11537,3079,2
-5840,287,8277,3056,2
-10605,539,16191,3080,2
-14021,-1918,10168,3083,2
-5987,563,9105,3064,2
-11101,413,16541,3088,2
-13345,-1778,8984,3068,2
-6780,718,9850,3056,2
-11636,-60,16755,3080,2
-12508,-1589,7819,3073,2
-7182,859,10843,3060,2
-12434,-417,16703,3090,2
-11523,-1363,6991,3079,2
-7900,1025,11721,3063,2
-12961,-795,16358,3077,2
-10368,-1100,6432,3073,2
-8660,1008,12665,3070,2
-13636,-1156,15641,3091,2
-9020,-698,6162,3070,2
-9083,917,13693,3070,2
-13902,-1455,14891,3084,2
-7819,-488,6277,3064,2
-9569,894,14495,3076,2
-14313,-1779,13647,3074,2
-6727,-112,6773,3063,2
-10022,815,15192,3076,2
-14353,-1940,12503,3083,2
-5992,40,7700,3072,2
-10322,672,15895,3077,2
-14088,-1924,11177,3075,2
-5958,303,8466,3060,2
-10759,469,16307,3076,2
-13841,-1907,9843,3076,2
-5954,602,9473,3060,2
-11360,226,16651,3086,2
-13059,-1736,8495,3078,2
-6840,783,10240,3048,2
-11991,-195,16747,3063,2
-12139,-1557,7518,3076,2
-7705,843,11080,3063,2
-12566,-643,16671,3086,2
-10955,-1199,6749,3071,2
-8229,903,12090,3059,2
-13248,-887,16110,3083,2
-9699,-882,6265,3063,2
-8911,860,13027,3064,2
-13779,-1311,15392,3075,2
-8227,-623,6284,3070,2
-9390,904,13988,3077,2
-14214,-1658,14229,3078,2
-7150,-237,6501,3067,2
-9860,893,14884,3062,2
-14503,-1854,12991,3075,2
-6196,-36,7155,3062,2
-10168,771,15576,3073,2
-14360,-1941,11798,3086,2
-5655,281,8089,3066,2
-10605,503,16114,3072,2
-14030,-1956,10493,3073,2
-5779,490,8969,3058,2
-10960,300,16658,3074,2
-13604,-1870,9257,3080,2
-6329,731,9846,3073,2
-11633,109,16747,3086,2
-12693,-1600,7949,3087,2
-7045,850,10687,3060,2
-12314,-348,16767,3080,2
-11846,-1416,7068,3079,2
-7898,951,11564,3055,2
-12821,-791,16521,3088,2
-10565,-1034,6387,3077,2
-8695,803,12468,3068,2
-13543,-1172,15800,3075,2
-9126,-743,6094,3071,2
-9259,949,13393,3055,2
-13946,-1486,15005,3073,2
-7859,-397,6305,3081,2
-9494,934,14422,3057,2
-14273,-1697,13818,3085,2
-6568,-160,6753,3069,2
-9898,840,15184,3069,2
-14352,-1900,12655,3081,2
-5879,80,7589,3059,2
-10373,658,15833,3077,2
-14274,-1939,11257,3085,2
-5676,344,8442,3066,2
-10801,419,16328,3076,2
-13987,-1925,9949,3077,2
-5892,651,9390,3058,2
-11264,261,16681,3076,2
-13258,-1760,8711,3081,2
-6840,775,10131,3064,2
-11865,-86,16879,3092,2
-12419,-1590,7581,3086,2
-7479,874,10962,3064,2
-12476,-541,16699,3077,2
-11136,-1212,6780,3080,2
-8316,977,11878,3059,2
-13229,-873,16174,3076,2
-10025,-863,6134,3077,2
-8870,885,12954,3062,2
-13719,-1221,15565,3081,2
-8585,-620,6154,3066,2
-9316,883,13902,3060,2
-14109,-1602,14531,3080,2
-7311,-322,6402,3076,2
-9804,940,14719,3069,2
-14344,-1752,13231,3080,2
-6396,-123,7093,3067,2
-10121,748,15468,3067,2
-14241,-1873,11954,3079,2
-5906,131,8013,3065,2
-10452,553,16109,3069,2
-14115,-1966,10583,3083,2
-5898,483,8808,3065,2
-10950,386,16585,3074,2
-13567,-1809,9266,3078,2
-6251,668,9815,3052,2
-11541,35,16831,3075,2
-12918,-1779,8148,3080,2
-6980,876,10630,3062,2
-12264,-316,16805,3084,2
-11798,-1445,7061,3084,2
-7997,788,11385,3057,2
-12793,-679,16523,3069,2
-10584,-1105,6478,3070,2
-8642,897,12331,3057,2
-13440,-1043,15912,3082,2
-9339,-803,6153,3081,2
-9040,916,13396,3063,2
-13952,-1470,15144,3076,2
-8018,-520,6250,3075,2
-9469,883,14355,3057,2
-14261,-1671,13868,3075,2
-6900,-202,6611,3073,2
-9891,779,15105,3068,2
-14406,-1903,12654,3080,2
-5925,70,7441,3075,2
-10194,614,15916,3070,2
-14457,-1978,11390,3077,2
-5598,372,8403,3061,2
-10824,512,16286,3073,2
-13947,-1927,10004,3082,2
-5804,618,9281,3072,2
-11215,269,16723,3073,2
-13291,-1719,8773,3077,2
-6671,694,10047,3059,2
-11974,-130,16747,3072,2
-12490,-1535,7564,3079,2
-7408,892,10918,3058,2
-12520,-509,16766,3081,2
-11374,-1315,6810,3083,2
-7960,963,11857,3061,2
-13117,-873,16316,3081,2
-10133,-1007,6349,3072,2
-8675,905,12838,3053,2
-13742,-1259,15656,3075,2
-8885,-669,6101,3079,2
-9200,983,13672,3066,2
-14065,-1575,14740,3087,2
-7625,-402,6317,3076,2
-9572,854,14595,3063,2
-14424,-1772,13594,3083,2
-6496,-126,6827,3066,2
-10042,882,15285,3062,2
-14381,-1920,12348,3082,2
-5990,46,7656,3070,2
-10347,558,16030,3076,2
-14355,-1976,11068,3076,2
-5629,440,8520,3058,2
-10869,456,16321,3064,2
-13836,-1906,9768,3075,2
-5870,690,9450,3065,2
-11327,232,16716,3078,2
-13276,-1683,8498,3086,2
-6618,859,10199,3066,2
-12038,-147,16832,3074,2
-12460,-1558,7445,3079,2
-7383,869,10994,3053,2
-12436,-535,16757,3083,2
-11291,-1266,6765,3081,2
-8030,886,11961,3065,2
-13161,-871,16295,3078,2
-10062,-904,6185,3078,2
-8733,956,12850,3054,2
-13679,-1241,15638,3078,2
-8720,-634,6129,3072,2
-9220,939,13852,3063,2
-14086,-1526,14718,3081,2
-7412,-360,6334,3077,2
-9507,796,14689,3066,2
-14317,-1746,13541,3078,2
-6470,-34,6820,3067,2
-9943,771,15364,3067,2
-14333,-1889,12361,3079,2
-5766,136,7720,3063,2
-10315,602,15961,3069,2
-14289,-1980,11050,3088,2
-5685,371,8555,3071,2
-10873,385,16415,3061,2
-13914,-1831,9763,3076,2
-5830,638,9414,3059,2
-11362,313,16639,3071,2
-13263,-1727,8592,3078,2
-6601,778,10187,3068,2
-12031,-136,16776,3070,2
-12378,-1581,7495,3078,2
-7492,805,10911,3066,2
-12459,-566,16770,3073,2
-11272,-1214,6716,3077,2
-8193,797,11892,3057,2
-13182,-820,16362,3082,2
-10007,-961,6295,3083,2
-8783,827,12844,3058,2
-13685,-1202,15661,3079,2
-8775,-634,6085,3073,2
-9222,907,13846,3050,2
-14098,-1520,14713,3088,2
-7372,-371,6333,3076,2
-9624,833,14658,3062,2
-14374,-1834,13546,3078,2
-6485,-42,6793,3064,2
-10071,764,15384,3056,2
-14568,-1857,12280,3076,2
-5531,218,7796,3065,2
-10514,654,15998,3061,2
-14394,-1980,11057,3077,2
-5424,406,8610,3074,2
-10871,466,16483,3071,2
-13953,-1920,9755,3071,2
-5946,633,9469,3060,2
-11308,120,16778,3066,2
-13306,-1862,8613,3083,2
-6491,810,10238,3062,2
-12050,-117,16787,3074,2
-12331,-1550,7401,3083,2
-7551,861,11032,3070,2
-12559,-537,16730,3089,2
-11124,-1201,6683,3080,2
-8165,845,12012,3058,2
-13198,-955,16268,3071,2
-10089,-925,6051,3089,2
-8776,860,12941,3063,2
-13783,-1299,15586,3087,2
-8654,-596,6076,3082,2
-9244,981,13943,3054,2
-14159,-1512,14590,3076,2
-7466,-320,6358,3081,2
-9696,881,14691,3060,2
-14441,-1797,13379,3086,2
-6215,-49,6959,3073,2
-9988,656,15619,3074,2
-14504,-2002,12126,3085,2
-5789,242,7787,3065,2
-10541,553,16099,3065,2
-14344,-2030,10838,3080,2
-5538,475,8742,3067,2
-11004,373,16463,3063,2
-13803,-1901,9533,3080,2
-5937,675,9604,3075,2
-11448,64,16875,3062,2
-13051,-1684,8295,3073,2
-6817,740,10386,3059,2
-12152,-145,16761,3068,2
-12101,-1386,7183,3079,2
-7736,809,11125,3069,2
-12786,-598,16595,3076,2
-11120,-1115,6437,3079,2
-8265,916,12157,3062,2
-13445,-991,16133,3072,2
-9781,-855,6104,3072,2
-8804,897,13131,3057,2
-13849,-1358,15477,3084,2
-8407,-553,6092,3112,2
-9356,970,14055,3066,2
-14333,-1612,14365,3079,2
-7270,-285,6372,3073,2
-9629,787,14936,3049,2
-14509,-1832,13142,3081,2
-6125,-44,7112,3077,2
-10120,803,15567,3055,2
-14507,-1982,12000,3088,2
-5673,255,7956,3077,2
-10580,644,16175,3067,2
-14259,-1924,10632,3079,2
-5609,472,8799,3060,2
-11013,222,16610,3071,2
-13771,-1918,9375,3085,2
-6112,724,9673,3075,2
-11588,15,16868,3066,2
-12937,-1635,8244,3080,2
-6417,855,10570,3061,2
-12271,-221,16786,3069,2
-7357,747,10814,3076,2
-12393,-525,16834,3066,2
-11532,-1307,6866,3074,2
-7971,857,11763,3084,2
-13015,-900,16531,3066,2
-10284,-936,6242,3083,2
-8556,890,12734,3073,2
-13731,-1164,15827,3058,2
-8796,-717,6164,3071,2
-9074,921,13674,3081,2
-14008,-1516,14969,3061,2
-7520,-372,6241,3086,2
-9427,754,14570,3079,2
-14383,-1827,13795,3049,2
-6439,-155,6750,3073,2
-9942,773,15297,3070,2
-14446,-1856,12576,3057,2
-5642,147,7614,3086,2
-10311,602,15955,3072,2
-14440,-1987,11199,3070,2
-5625,396,8408,3077,2
-10825,370,16508,3064,2
-13969,-1821,9838,3058,2
-5940,586,9272,3076,2
-11287,96,16761,3070,2
-13308,-1767,8668,3072,2
-6487,731,10106,3082,2
-11829,-178,16919,3064,2
-12493,-1554,7512,3066,2
-7429,765,10891,3077,2
-12476,-552,16887,3060,2
-11313,-1220,6712,3068,2
-8279,870,11721,3085,2
-13072,-940,16435,3068,2
-10109,-979,6200,3078,2
-8791,907,12780,3078,2
-13752,-1248,15737,3058,2
-8598,-627,6072,3072,2
-9136,860,13782,3076,2
-14146,-1615,14741,3059,2
-7607,-353,6240,3080,2
-9470,737,14754,3079,2
-14503,-1871,13586,3051,2
-6551,-28,6710,3084,2
-9937,753,15495,3082,2
-14421,-1869,12362,3052,2
-5660,217,7672,3081,2
-10291,583,16021,3081,2
-14278,-1904,11037,3068,2
-5891,406,8419,3086,2
-10712,339,16533,3077,2
-13969,-1872,9695,3052,2
-5872,683,9417,3073,2
-11211,118,16836,3067,2
-13151,-1642,8513,3063,2
-6820,800,10108,3086,2
-11940,-141,16868,3072,2
-12439,-1519,7426,3064,2
-7510,808,11031,3079,2
-12487,-571,16855,3059,2
-11311,-1115,6572,3068,2
-8312,793,11918,3082,2
-13155,-941,16335,3057,2
-9869,-828,6108,3073,2
-8753,740,12947,3087,2
-13707,-1336,15651,3064,2
-8616,-504,5948,3072,2
-9040,776,14002,3079,2
-14132,-1640,14663,3055,2
-7233,-267,6308,3080,2
-9503,841,14733,3088,2
-14504,-1798,13428,3062,2
-6605,-66,6887,3083,2
-9688,672,15600,3088,2
-14442,-1898,12145,3057,2
-5802,149,7873,3078,2
-10114,507,16211,3077,2
-14436,-1955,10798,3068,2
-5938,428,8578,3092,2
-10686,364,16608,3078,2
-14000,-1713,9436,3071,2
-6200,653,9601,3073,2
-11281,185,16752,3066,2
-13174,-1544,8178,3062,2
-7272,707,10202,3082,2
-11947,-308,16891,3074,2
-12179,-1304,7210,3064,2
-7920,644,11111,3084,2
-12652,-732,16583,3069,2
-10916,-942,6331,3065,2
-8433,801,12153,3074,2
-13441,-1068,16108,3061,2
-9632,-650,5917,3075,2
-8824,762,13266,3089,2
-13824,-1444,15471,3070,2
-8336,-493,6160,3071,2
-9003,819,14207,3075,2
-14339,-1669,14202,3055,2
-7229,-203,6408,3077,2
-9487,812,15010,3078,2
-14514,-1757,13087,3067,2
-6458,-71,7117,3083,2
-9686,603,15741,3080,2
-14491,-1878,11833,3059,2
-6126,191,7950,3086,2
-10273,403,16213,3079,2
-14289,-1859,10358,3054,2
-5993,465,8869,3084,2
-10905,234,16640,3082,2
-13560,-1658,9123,3068,2
-6483,671,9765,3076,2
-11446,-45,16926,3067,2
-12927,-1546,7851,3056,2
-7245,751,10574,3081,2
-12251,-461,16804,3071,2
-11761,-1285,6872,3066,2
-8006,747,11435,3097,2
-12946,-819,16527,3073,2
-10584,-943,6231,3070,2
-8459,840,12561,3078,2
-13666,-1142,15945,3049,2
-9037,-649,6058,3077,2
-8963,884,13522,3083,2
-14111,-1515,14949,3064,2
-7972,-418,6107,3077,2
-9291,743,14566,3082,2
-14435,-1697,13865,3064,2
-6964,-165,6535,3076,2
-9840,666,15267,3077,2
-14550,-1852,12576,3057,2
-5742,82,7485,3086,2
-10191,538,15847,3080,2
-14497,-2061,11329,3059,2
-5530,385,8370,3073,2
-10667,381,16477,3067,2
-14147,-1889,9971,3057,2
-5749,571,9281,3080,2
-11204,177,16817,3071,2
-13430,-1689,8646,3066,2
-6719,656,9990,3082,2
-11813,-187,16914,3071,2
-12478,-1472,7515,3059,2
-7341,769,10928,3064,2
-12553,-621,16877,3066,2
-11379,-1183,6682,3071,2
-8062,828,11890,3086,2
-13286,-912,16346,3074,2
-9865,-865,6145,3064,2
-8670,779,12861,3081,2
-13779,-1269,15686,3059,2
-8695,-549,5962,3070,2
-9043,820,13968,3076,2
-14307,-1565,14609,3064,2
-7422,-303,6236,3075,2
-9712,868,14637,3086,2
-14530,-1797,13459,3062,2
-6271,60,6769,3065,2
-9995,689,15572,3075,2
-14675,-1921,12158,3052,2
-5537,247,7824,3081,2
-10458,532,16137,3085,2
-14424,-1898,10859,3059,2
-5663,361,8635,3087,2
-10935,262,16543,3074,2
-13861,-1722,9583,3047,2
-6031,654,9480,3083,2
-11420,18,16899,3078,2
-13182,-1629,8311,3055,2
-6874,673,10324,3087,2
-12093,-336,16962,3077,2
-12088,-1368,7304,3062,2
-7559,807,11078,3076,2
-12642,-669,16806,3066,2
-11061,-1018,6466,3053,2
-8199,758,12121,3086,2
-13507,-965,16148,3072,2
-9660,-777,6014,3071,2
-8867,853,13017,3078,2
-13950,-1381,15437,3063,2
-8411,-465,6011,3061,2
-9061,811,14146,3084,2
-14468,-1678,14405,3061,2
-7110,-268,6324,3071,2
-9684,758,14963,3080,2
-14618,-1828,13196,3063,2
-6076,37,7099,3076,2
-9912,662,15614,3069,2
-14586,-1952,11947,3055,2
-5808,208,7894,3070,2
-10395,348,16240,3080,2
-14533,-1927,10565,3063,2
-5404,484,8905,3084,2
-11139,227,16607,3079,2
-13713,-1804,9296,3056,2
-6005,739,9730,3074,2
-11492,-44,16950,3072,2
-13168,-1661,8172,3057,2
-7006,657,10390,3077,2
-12329,-316,16832,3078,2
-11950,-1314,7066,3063,2
-7668,803,11341,3082,2
-12949,-634,16574,3067,2
-10684,-996,6391,3064,2
-8393,698,12221,3069,2
-13546,-1056,16109,3071,2
-9523,-722,6025,3066,2
-8821,765,13273,3085,2
-14083,-1417,15166,3070,2
-8070,-388,6059,3067,2
-9296,917,14213,3083,2
-14581,-1648,14150,3061,2
-7181,-208,6485,3072,2
-9790,548,15004,3081,2
-14846,-1760,12815,3070,2
-5866,177,7272,3078,2
-10246,624,15720,3076,2
-14371,-1886,11597,3056,2
-5319,293,8116,3075,2
-10563,264,16269,3081,2
-14609,-1895,10427,3063,2
-5658,498,9070,3082,2
-11065,149,16671,3080,2
-13677,-1663,9051,3057,2
-6175,742,9946,3076,2
-11745,75,16678,3074,2
-12682,-1484,7824,3059,2
-6930,800,10598,3076,2
-12382,-466,16859,3073,2
-12068,-1312,7073,3061,2
-8184,633,11406,3088,2
-12975,-832,16513,3072,2
-10471,-972,6256,3056,2
-8439,951,12497,3072,2
-13723,-1102,15805,3081,2
-9344,-741,5979,3059,2
-8860,887,13439,3087,2
-14226,-1473,15057,3076,2
-8282,-511,6120,3071,2
-9409,791,14282,3077,2
-14442,-1648,13967,3061,2
-6694,-154,6540,3071,2
-9769,780,15218,3075,2
-14460,-1829,12712,3070,2
-5895,-29,7482,3078,2
-10158,606,15748,3084,2
-14432,-1885,11511,3067,2
-5729,299,8200,3070,2
-10685,288,16326,3079,2
-14267,-1939,10166,3056,2
-5499,607,9239,3078,2
-11267,172,16674,3078,2
-13435,-1722,8826,3054,2
-6024,792,10159,3088,2
-11893,-93,16912,3078,2
-12827,-1621,7756,3064,2
-7162,671,10783,3079,2
-12565,-631,16918,3078,2
-11531,-1255,6836,3064,2
-7688,921,11888,3079,2
-13213,-857,16393,3073,2
-10142,-923,6240,3066,2
-8451,916,12706,3082,2
-13680,-1206,15892,3065,2
-9257,-658,6020,3056,2
-8955,746,13592,3076,2
-14253,-1545,15017,3069,2
-7713,-371,6247,3069,2
-9196,964,14480,3085,2
-14362,-1715,13827,3085,2
-7031,-169,6691,3069,2
-9569,848,15260,3078,2
-14449,-1798,12711,3054,2
-6467,31,7419,3072,2
-10068,475,15871,3079,2
-14663,-1988,11373,3065,2
-5779,306,8221,3082,2
-10722,399,16387,3082,2
-14167,-1856,10067,3055,2
-5689,554,9254,3068,2
-11266,193,16732,3077,2
-13551,-1733,8809,3056,2
-6493,688,9949,3085,2
-11967,-125,16796,3082,2
-12648,-1484,7626,3062,2
-6984,817,10785,3082,2
-12415,-475,16882,3077,2
-11773,-1247,6789,3056,2
-7792,811,11702,3077,2
-13070,-856,16567,3076,2
-10393,-1004,6220,3062,2
-8514,864,12629,3087,2
-13699,-1177,15826,3074,2
-9085,-685,5993,3066,2
-8844,958,13595,3075,2
-14154,-1421,14952,3064,2
-8009,-474,6120,3063,2
-9448,732,14389,3079,2
-14454,-1701,13850,3072,2
-6571,-152,6584,3069,2
-9849,735,15126,3086,2
-14532,-1808,12696,3062,2
-5936,176,7408,3062,2
-10238,478,15904,3075,2
-14617,-1903,11288,3069,2
-5221,420,8435,3075,2
-10817,387,16349,3084,2
-14178,-1874,9973,3063,2
-5445,619,9278,3080,2
-11214,126,16748,3083,2
-13460,-1708,8749,3049,2
-6404,712,10030,3074,2
-11960,-185,16896,3079,2
-12673,-1530,7572,3057,2
-7047,839,10879,3082,2
-12446,-480,16850,3080,2
-11548,-1274,6803,3062,2
-7771,922,11790,3071,2
-13338,-829,16375,3077,2
-10259,-892,6129,3061,2
-8701,800,12757,3087,2
-13808,-1155,15758,3076,2
-8677,-596,6024,3061,2
-9173,875,13641,3085,2
-14258,-1614,14853,3069,2
-7659,-344,6149,3056,2
-9601,774,14576,3077,2
-14611,-1728,13649,3072,2
-6326,-21,6632,3062,2
-9936,652,15272,3086,2
-14637,-1893,12385,3062,2
-5751,181,7535,3064,2
-10384,435,16001,3084,2
-14594,-1973,11055,3061,2
-5198,440,8557,3070,2
-10973,238,16487,3082,2
-14085,-1874,9714,3073,2
-5413,699,9527,3074,2
-11416,133,16799,3081,2
-13323,-1758,8616,3055,2
-6734,653,10082,3080,2
-11896,-243,17003,3078,2
-12449,-1463,7412,3059,2
-7553,687,10888,3087,2
-12563,-624,16843,3081,2
-11230,-1145,6622,3062,2
-7966,921,11972,3082,2
-13355,-901,16334,3073,2
-10075,-904,6098,3054,2
-8587,854,12972,3079,2
-13867,-1253,15658,3080,2
-8582,-617,5992,3071,2
-9064,725,13955,3080,2
-14407,-1657,14553,3074,2
-7280,-360,6269,3056,2
-9666,916,14754,3081,2
-14547,-1753,13389,3070,2
-6221,-33,6838,3068,2
-9928,694,15540,3083,2
-14710,-1901,12157,3079,2
-5679,227,7740,3076,2
-10474,538,16040,3080,2
-14517,-1954,10812,3062,2
-5252,471,8641,3059,2
-10970,343,16498,3077,2
-14052,-1805,9520,3062,2
-5649,698,9645,3082,2
-11714,135,16696,3084,2
-13319,-1628,8232,3062,2
-6820,645,10224,3070,2
-12161,-269,16861,3071,2
-12185,-1442,7213,3052,2
-7319,805,11238,3071,2
-12861,-638,16769,3082,2
-11154,-1144,6427,3065,2
-8134,964,12101,3080,2
-13561,-829,16126,3080,2
-9863,-806,5946,3055,2
-8820,849,12985,3073,2
-14139,-1406,15385,3066,2
-8520,-540,5940,3052,2
-9242,862,14070,3092,2
-14523,-1665,14317,3078,2
-7066,-253,6290,3057,2
-9728,839,14913,3077,2
-14705,-1821,13119,3069,2
-6168,-45,7015,3060,2
-10094,720,15587,3078,2
-14583,-1895,11863,3065,2
-5550,289,7925,3066,2
-10565,456,16225,3081,2
-14357,-1929,10524,3068,2
-5527,408,8884,3063,2
-11068,318,16549,3076,2
-13791,-1752,9239,3054,2
-6215,653,9606,3065,2
-11722,144,16802,3083,2
-13067,-1550,8019,3067,2
-6766,691,10463,3072,2
-12332,-326,16920,3078,2
-11936,-1388,7056,3060,2
-7479,803,11344,3071,2
-12826,-730,16748,3069,2
-10795,-1065,6444,3057,2
-8365,721,12220,3088,2
-13593,-1017,16189,3082,2
-9441,-768,6024,3063,2
-8778,803,13340,3083,2
-14051,-1459,15358,3069,2
-7908,-448,6008,3055,2
-9192,824,14315,3078,2
-14490,-1653,14245,3081,2
-6962,-236,6450,3063,2
-9708,734,15043,3071,2
-14674,-1794,13016,3072,2
-6026,107,7190,3053,2
-9971,666,15834,3084,2
-14524,-1950,11643,3062,2
-5697,239,8103,3058,2
-10597,324,16311,3078,2
-14327,-1900,10220,3074,2
-5785,442,8999,3076,2
-11063,202,16771,3071,2
-13637,-1747,8928,3052,2
-6074,688,9871,3069,2
-11647,-159,17030,3081,2
-12940,-1576,7783,3068,2
-6936,732,10752,3078,2
-12507,-549,16862,3071,2
-11673,-1270,6764,3051,2
-7726,882,11695,3062,2
-13234,-863,16524,3071,2
-10244,-855,6067,3055,2
-8537,847,12669,3078,2
-13966,-1232,15811,3082,2
-8947,-568,5916,3065,2
-9030,750,13542,3078,2
-14407,-1535,14963,3078,2
-7545,-276,6127,3047,2
-9454,785,14573,3077,2
-14731,-1817,13711,3073,2
-6429,-53,6575,3065,2
-9807,700,15367,3090,2
-14673,-1887,12513,3070,2
-5765,103,7478,3069,2
-10194,534,16012,3077,2
-14672,-1944,11276,3064,2
-5613,327,8400,3066,2
-10790,338,16519,3085,2
-14143,-1804,9771,3072,2
-5886,637,9357,3070,2
-11327,74,16891,3077,2
-13364,-1629,8356,3057,2
-6521,783,10196,3070,2
-12104,-176,16924,3077,2
-12469,-1471,7351,3069,2
-7320,734,11004,3075,2
-12750,-773,16862,3078,2
-11279,-1134,6527,3064,2
-7785,866,12171,3071,2
-13491,-911,16213,3076,2
-9837,-822,5949,3056,2
-8614,976,13028,3079,2
-14109,-1399,15488,3082,2
-8631,-517,5860,3069,2
-9064,778,14065,3080,2
-14535,-1637,14445,3076,2
-7362,-301,6227,3053,2
-9590,737,14818,3071,2
-14733,-1739,13304,3074,2
-6160,101,6885,3065,2
-9976,628,15679,3090,2
-14814,-1885,11973,3076,2
-5493,254,7820,3059,2
-10503,399,16292,3073,2
-14583,-1959,10701,3069,2
-5551,372,8685,3063,2
-10938,261,16667,3071,2
-13931,-1725,9347,3077,2
-5956,602,9636,3069,2
-11506,-56,16987,3089,2
-13253,-1649,8079,3066,2
-6234,832,10667,3068,2
-12342,-433,16976,3083,2
-12091,-1363,7128,3063,2
-7188,898,11524,3082,2
-12971,-767,16803,3095,2
-10854,-1031,6389,3063,2
-8134,863,12357,3080,2
-13710,-996,16200,3084,2
-9389,-737,6083,3052,2
-8686,879,13374,3075,2
-14166,-1377,15408,3089,2
-8112,-412,5979,3058,2
-9168,755,14248,3086,2
-14625,-1666,14314,3075,2
-6829,-224,6394,3066,2
-9787,713,14998,3079,2
-14775,-1818,13007,3079,2
-5771,133,7084,3061,2
-10167,613,15802,3090,2
-14785,-1932,11710,3078,2
-5529,299,8012,3073,2
-10624,396,16424,3085,2
-14488,-1821,10307,3067,2
-5296,525,9002,3059,2
-11194,274,16684,3080,2
-13727,-1646,8979,3072,2
-5971,695,9808,3069,2
-11792,-99,16988,3077,2
-12895,-1468,7796,3070,2
-6809,834,10638,3078,2
-12439,-485,16944,3080,2
-11803,-1263,6889,3066,2
-7459,869,11607,3067,2
-13121,-855,16756,3079,2
-10620,-954,6174,3066,2
-8303,812,12544,3078,2
-13830,-1134,16077,3075,2
-9124,-647,5925,3057,2
-8783,749,13486,3070,2
-14287,-1460,15214,3081,2
-7942,-425,5983,3073,2
-9187,764,14440,3078,2
-14529,-1634,14068,3086,2
-6726,-199,6389,3062,2
-9724,742,15129,3084,2
-14680,-1784,12901,3079,2
-5630,82,7242,3052,2
-10097,593,15869,3080,2
-14604,-1879,11558,3078,2
-5362,304,8091,3070,2
-10631,423,16397,3086,2
-14421,-1823,10202,3069,2
-5657,436,8977,3068,2
-11057,112,16784,3082,2
-13795,-1745,8951,3074,2
-5961,673,9897,3071,2
-11732,-200,17134,3084,2
-13006,-1554,7759,3076,2
-6780,821,10725,3064,2
-12685,-475,16860,3083,2
-11723,-1259,6750,3065,2
-7524,858,11517,3066,2
-13124,-799,16668,3073,2
-10643,-894,6135,3057,2
-8343,780,12454,3077,2
-13873,-1218,16034,3093,2
-9412,-694,5776,3067,2
-8803,791,13525,3076,2
-14339,-1483,15191,3081,2
-7872,-435,5977,3060,2
-9238,686,14476,3075,2
-14611,-1695,14023,3080,2
-6350,-170,6402,3060,2
-9671,654,15249,3097,2
-14747,-1819,12872,3088,2
-5706,49,7157,3060,2
-10140,562,15844,3074,2
-14732,-1867,11554,3080,2
-5403,282,8072,3060,2
-10721,375,16371,3086,2
-14350,-1860,10104,3081,2
-5436,531,8985,3072,2
-11251,204,16714,3083,2
-13770,-1705,8908,3074,2
-5986,726,9862,3069,2
-11876,-117,16927,3082,2
-6817,720,10688,3072,2
-12507,-470,16996,3074,2
-11828,-1222,6789,3075,2
-7438,842,11724,3084,2
-13238,-855,16755,3077,2
-10471,-1001,6173,3063,2
-8253,767,12615,3065,2
-13896,-1114,16070,3086,2
-9115,-707,5900,3067,2
-8720,787,13591,3080,2
-14312,-1430,15206,3085,2
-7749,-422,5953,3065,2
-9163,699,14471,3073,2
-14705,-1642,14016,3081,2
-6606,-149,6390,3053,2
-9805,627,15253,3081,2
-14833,-1777,12752,3083,2
-5613,104,7223,3068,2
-10297,557,15978,3082,2
-14748,-1939,11414,3074,2
-5194,317,8133,3054,2
-10847,318,16373,3082,2
-14389,-1869,10053,3078,2
-5353,516,9077,3070,2
-11415,218,16738,3092,2
-13623,-1646,8791,3077,2
-6014,717,9880,3056,2
-12025,-119,16967,3080,2
-12889,-1547,7624,3074,2
-6678,791,10797,3061,2
-12635,-533,17026,3088,2
-11797,-1228,6729,3074,2
-7465,820,11714,3080,2
-13311,-845,16670,3083,2
-10490,-917,6080,3071,2
-8224,891,12655,3066,2
-13900,-1141,16018,3083,2
-9083,-651,5789,3063,2
-8668,794,13719,3075,2
-14404,-1519,15183,3093,2
-7644,-450,5972,3069,2
-9142,684,14655,3069,2
-14792,-1659,13838,3086,2
-6551,-188,6424,3056,2
-9699,641,15312,3080,2
-14839,-1875,12678,3085,2
-5846,116,7253,3058,2
-10187,486,16016,3083,2
-14887,-1900,11310,3084,2
-5165,318,8237,3058,2
-10741,272,16615,3076,2
-14438,-1839,10025,3075,2
-5337,517,9096,3066,2
-11217,39,17012,3080,2
-13869,-1686,8751,3084,2
-6060,634,9963,3067,2
-11959,-228,17142,3079,2
-12853,-1556,7527,3071,2
-6659,791,10805,3061,2
-12688,-443,17057,3082,2
-11635,-1191,6625,3067,2
-7359,877,11801,3063,2
-13529,-961,16645,3084,2
-10456,-936,5924,3082,2
-8198,844,12795,3065,2
-14068,-1184,15985,3077,2
-8880,-635,5814,3060,2
-8841,709,13681,3069,2
-14530,-1578,15092,3084,2
-7336,-337,5949,3063,2
-9297,723,14621,3075,2
-14819,-1713,13874,3083,2
-5989,-81,6439,3068,2
-9845,514,15297,3071,2
-14946,-1882,12659,3085,2
-5184,153,7308,3057,2
-10267,598,15991,3079,2
-14804,-1962,11314,3085,2
-5116,378,8184,3063,2
-10886,234,16528,3092,2
-14505,-1895,9949,3083,2
-5265,538,9190,3054,2
-11472,301,16747,3079,2
-13769,-1673,8654,3081,2
-5958,731,9922,3059,2
-12185,-113,16873,3091,2
-12915,-1425,7403,3083,2
-6666,701,10860,3068,2
-12848,-520,16956,3081,2
-11835,-1197,6528,3073,2
-7445,869,11741,3067,2
-13611,-974,16603,3085,2
-10487,-905,5863,3076,2
-8293,966,12721,3071,2
-13997,-1220,15950,3089,2
-9135,-613,5707,3074,2
-8779,669,13693,3066,2
-14787,-1573,15028,3080,2
-7506,-300,5996,3063,2
-9537,774,14603,3078,2
-15050,-1739,13530,3090,2
-5763,115,6427,3069,2
-9968,705,15412,3079,2
-15253,-1915,12506,3073,2
-5497,242,7355,3055,2
-10316,540,16045,3073,2
-14944,-1871,11230,3078,2
-5468,364,8243,3061,2
-10711,252,16697,3091,2
-14402,-1798,9743,3088,2
-5366,540,9240,3059,2
-11471,0,16968,3081,2
-13840,-1738,8609,3078,2
-5742,713,10191,3061,2
-12203,-346,17165,3077,2
-12749,-1497,7309,3077,2
-6433,913,11124,3062,2
-12825,-625,17001,3081,2
-11600,-1168,6479,3080,2
-7486,793,11912,3059,2
-13550,-956,16645,3073,2
-10190,-805,5955,3073,2
-8301,725,12879,3066,2
-14220,-1230,15909,3084,2
-8658,-589,5811,3073,2
-8761,796,13962,3071,2
-14579,-1575,14873,3077,2
-7165,-242,5967,3067,2
-9348,624,14871,3069,2
-14942,-1704,13576,3078,2
-6016,-138,6566,3063,2
-9843,588,15564,3083,2
-14970,-1875,12383,3088,2
-5151,115,7516,3060,2
-10506,366,16178,3074,2
-14827,-1860,10882,3083,2
-5049,439,8498,3054,2
-11040,324,16641,3077,2
-14230,-1810,9451,3085,2
-5409,649,9442,3062,2
-11744,1,17030,3083,2
-13421,-1586,8035,3078,2
-6355,694,10309,3051,2
-12460,-365,17088,3080,2
-12353,-1395,6935,3088,2
-7022,804,11317,3065,2
-13323,-698,16758,3089,2
-11029,-1077,6096,3080,2
-7801,847,12290,3065,2
-14078,-1003,16266,3076,2
-9587,-701,5711,3065,2
-8613,829,13192,3061,2
-14482,-1442,15488,3073,2
-8286,-534,5706,3072,2
-9045,833,14281,3072,2
-14874,-1635,14373,3088,2
-6684,-156,6039,3060,2
-9633,654,15200,3070,2
-15109,-1813,13119,3084,2
-5714,99,6826,3063,2
-10029,566,15970,3071,2
-15099,-1948,11750,3086,2
-5244,273,7821,3071,2
-10573,294,16550,3069,2
-14855,-1949,10349,3078,2
-5055,517,8858,3055,2
-11381,240,16822,3078,2
-13957,-1680,8929,3083,2
-5342,842,9819,3066,2
-12071,-38,17003,3089,2
-13269,-1538,7603,3080,2
-6394,791,10601,3053,2
-12705,-458,17044,3094,2
-12105,-1239,6637,3077,2
-7230,829,11536,3061,2
-13505,-812,16712,3090,2
-10750,-936,5868,3078,2
-8052,929,12627,3067,2
-14313,-1177,16000,3086,2
-9164,-612,5582,3066,2
-8623,846,13614,3058,2
-14592,-1483,15254,3080,2
-7713,-348,5763,3081,2
-9117,696,14581,3068,2
-15014,-1699,14042,3087,2
-6217,-111,6224,3071,2
-9660,687,15411,3065,2
-15068,-1854,12768,3083,2
-5054,208,7187,3057,2
-10255,530,16032,3068,2
-14964,-1897,11356,3089,2
-4934,388,8124,3072,2
-10703,389,16596,3076,2
-14765,-1890,9938,3081,2
-5121,582,9045,3051,2
-11523,124,16867,3074,2
-13798,-1610,8561,3088,2
-5486,815,10080,3064,2
-12207,-149,17082,3084,2
-13061,-1461,7292,3084,2
-6579,717,10764,3063,2
-12930,-579,17104,3081,2
-11850,-1165,6345,3078,2
-13786,-871,16615,3079,2
-10515,-896,5728,3075,2
-8062,995,12918,3063,2
-14355,-1223,15897,3087,2
-8938,-561,5529,3069,2
-8750,978,13894,3057,2
-14877,-1586,14931,3076,2
-7542,-324,5756,3073,2
-9404,716,14749,3064,2
-15192,-1772,13723,3093,2
-6166,1,6291,3074,2
-9879,573,15625,3063,2
-15252,-1845,12422,3079,2
-5016,226,7280,3064,2
-10489,386,16183,3069,2
-15045,-1911,11116,3081,2
-5013,388,8220,3064,2
-11008,270,16665,3079,2
-14474,-1797,9653,3084,2
-4869,705,9326,3061,2
-11721,16,17053,3075,2
-13894,-1680,8277,3076,2
-5556,816,10260,3051,2
-12546,-212,17064,3085,2
-12816,-1479,7005,3091,2
-6506,800,11089,3062,2
-13230,-621,17029,3074,2
-11608,-1158,6157,3070,2
-7442,792,12033,3046,2
-13918,-914,16558,3083,2
-10101,-786,5650,3075,2
-8261,821,13036,3060,2
-14502,-1375,15831,3086,2
-8593,-498,5456,3078,2
-8754,785,14112,3062,2
-15010,-1688,14716,3075,2
-7034,-257,5818,3069,2
-9491,728,14942,3057,2
-15293,-1851,13470,3083,2
-5737,39,6423,3072,2
-9917,560,15817,3073,2
-15206,-1953,12256,3077,2
-4944,248,7399,3063,2
-10450,340,16466,3064,2
-15143,-1939,10882,3077,2
-4765,414,8458,3080,2
-11082,39,16898,3076,2
-14461,-1845,9403,3085,2
-4797,683,9519,3064,2
-11717,-108,17255,3075,2
-13712,-1665,8096,3078,2
-5837,742,10321,3055,2
-12558,-351,17249,3079,2
-12656,-1353,6901,3085,2
-6567,755,11276,3064,2
-13389,-669,16976,3080,2
-11398,-1099,6060,3074,2
-7326,924,12303,3057,2
-14188,-943,16431,3075,2
-9798,-720,5583,3078,2
-8252,875,13209,3063,2
-14686,-1296,15640,3087,2
-8454,-442,5485,3078,2
-8874,820,14190,3061,2
-15093,-1669,14603,3080,2
-7015,-153,5817,3072,2
-9379,660,15147,3056,2
-15278,-1835,13359,3073,2
-5731,73,6512,3068,2
-9994,524,15842,3065,2
-15281,-1869,12032,3089,2
-4932,250,7507,3075,2
-10479,311,16584,3067,2
-15097,-1849,10575,3073,2
-4655,479,8579,3058,2
-11150,87,17024,3066,2
-14436,-1783,9252,3086,2
-5152,579,9467,3063,2
-11826,-129,17268,3074,2
-13597,-1614,7921,3086,2
-5906,748,10417,3062,2
-12614,-436,17312,3069,2
-12472,-1354,6846,3080,2
-6492,789,11475,3058,2
-13354,-864,17161,3080,2
-11254,-1068,6039,3086,2
-7382,895,12468,3062,2
-14188,-1073,16471,3077,2
-9560,-740,5581,3077,2
-8208,843,13500,3057,2
-14732,-1403,15682,3081,2
-8126,-435,5536,3074,2
-8758,778,14512,3062,2
-15089,-1688,14500,3083,2
-6664,-133,5878,3077,2
-9476,652,15365,3055,2
-15359,-1846,13228,3076,2
-5242,115,6688,3069,2
-10061,464,15986,3068,2
-15219,-1871,11763,3090,2
-4521,426,7645,3084,2
-10687,240,16633,3068,2
-14989,-1842,10336,3075,2
-4577,566,8758,3063,2
-11265,-48,17120,3062,2
-14401,-1669,8965,3084,2
-5175,698,9685,3064,2
-12070,-193,17340,3076,2
-13298,-1567,7637,3087,2
-5850,707,10683,3067,2
-12885,-552,17353,3069,2
-12077,-1264,6613,3075,2
-6713,769,11585,3046,2
-13463,-912,17065,3066,2
-10943,-1003,5855,3081,2
-7856,672,12423,3061,2
-14177,-1099,16489,3082,2
-9276,-594,5460,3079,2
-8272,826,13622,3056,2
-14886,-1465,15541,3076,2
-7702,-344,5499,3083,2
-8914,781,14620,3056,2
-15255,-1686,14332,3083,2
-6349,-100,5899,3078,2
-9512,610,15403,3074,2
-15404,-1839,13088,3082,2
-5453,58,6618,3067,2
-10080,532,16053,3056,2
-15275,-1835,11616,3075,2
-4713,341,7764,3074,2
-10747,326,16688,3062,2
-14912,-1844,10112,3081,2
-4526,578,8763,3066,2
-11448,155,17036,3064,2
-14352,-1673,8681,3076,2
-4991,732,9825,3059,2
-12267,-170,17261,3068,2
-13467,-1453,7341,3085,2
-6012,727,10762,3069,2
-13080,-521,17206,3077,2
-12187,-1149,6228,3078,2
-6700,825,11793,3057,2
-13929,-861,16888,3067,2
-10691,-896,5582,3082,2
-7580,727,12852,3041,2
-14518,-1159,16296,3085,2
-9095,-525,5345,3081,2
-8265,803,13853,3058,2
-14962,-1556,15432,3077,2
-7535,-309,5430,3078,2
-8958,588,14733,3051,2
-15319,-1725,14089,3080,2
-5970,30,5970,3082,2
-9595,567,15644,3061,2
-15480,-1848,12748,3087,2
-4929,170,6885,3068,2
-10224,387,16319,3052,2
-15386,-1837,11178,3070,2
-4382,434,8019,3073,2
-10999,209,16795,3068,2
-14814,-1816,9843,3089,2
-4542,630,9010,3074,2
-11570,-41,17235,3064,2
-14246,-1622,8372,3080,2
-5171,704,10028,3060,2
-12545,-205,17209,3062,2
-13276,-1378,6984,3087,2
-5950,798,10989,3061,2
-13323,-618,17147,3083,2
-11940,-1127,5991,3090,2
-6796,787,11987,3051,2
-14134,-904,16832,3079,2
-10621,-762,5380,3079,2
-7720,834,13003,3050,2
-14862,-1239,15998,3090,2
-8878,-457,5167,3090,2
-8349,810,14187,3064,2
-15345,-1613,15077,3073,2
-7225,-181,5430,3077,2
-9116,710,15092,3054,2
-15686,-1795,13719,3073,2
-5718,88,6072,3082,2
-9789,516,15848,3063,2
-15608,-1911,12344,3089,2
-4675,325,7114,3084,2
-10375,337,16570,3071,2
-15449,-1934,10932,3071,2
-4376,495,8244,3067,2
-11136,-26,17168,3058,2
-4201,564,8835,3080,2
-11535,-86,17270,3071,2
-14541,-1819,8640,3073,2
-4657,785,9922,3081,2
-12341,-363,17521,3065,2
-13471,-1478,7279,3066,2
-5719,795,10855,3087,2
-13102,-684,17447,3059,2
-12209,-1153,6113,3076,2
-6526,790,11894,3086,2
-13896,-1043,17081,3066,2
-10698,-889,5514,3064,2
-7375,793,13040,3078,2
-14764,-1217,16209,3054,2
-9036,-492,5119,3074,2
-8131,764,14092,3091,2
-15262,-1537,15221,3063,2
-7332,-199,5364,3084,2
-8929,598,15080,3080,2
-15630,-1723,13897,3043,2
-5691,-25,5954,3075,2
-9591,494,15873,3075,2
-15667,-1826,12612,3057,2
-4517,389,6928,3083,2
-10380,371,16541,3071,2
-15592,-1814,10979,3059,2
-4202,524,8063,3075,2
-11112,168,16973,3067,2
-15004,-1778,9493,3060,2
-4298,674,9198,3086,2
-11956,-135,17336,3074,2
-14336,-1596,7971,3065,2
-4584,818,10313,3083,2
-12952,-353,17388,3067,2
-13185,-1362,6669,3062,2
-5518,901,11322,3079,2
-13746,-647,17208,3064,2
-11865,-1033,5655,3069,2
-6652,846,12338,3096,2
-14697,-1016,16632,3064,2
-10162,-739,5096,3074,2
-7517,835,13373,3080,2
-15293,-1363,16001,3056,2
-8569,-411,4871,3071,2
-8289,789,14440,3077,2
-15884,-1575,14846,3065,2
-6737,-121,5231,3082,2
-8999,511,15374,3080,2
-16084,-1839,13630,3057,2
-5357,156,5819,3070,2
-9778,382,16085,3074,2
-16239,-1957,12229,3053,2
-4007,441,6894,3088,2
-10622,199,16836,3078,2
-16000,-1972,10706,3063,2
-3236,612,8190,3081,2
-11421,-95,17380,3075,2
-15442,-1907,9338,3052,2
-3512,710,9228,3073,2
-12086,-313,17773,3079,2
-14580,-1642,7877,3063,2
-4289,804,10251,3088,2
-13037,-525,17799,3072,2
-13285,-1351,6519,3067,2
-5014,859,11445,3078,2
-13994,-891,17693,3060,2
-11923,-1022,5477,3075,2
-5984,849,12543,3092,2
-15072,-1158,17069,3067,2
-10249,-621,4776,3078,2
-7060,770,13604,3089,2
-15692,-1344,16284,3054,2
-8403,-386,4613,3073,2
-7740,669,14854,3067,2
-12580,-102,11806,3064,2
-10082,-636,11630,3084,2
-9946,11,11692,3081,2
-10795,-677,12010,3076,2
-10533,-117,11175,3085,2
-10006,-411,12166,3074,2
-10564,-297,11773,3068,2
-10630,-323,11317,3076,2
-10018,-393,12107,3071,2
-10642,-369,11676,3086,2
-10685,-374,11327,3078,2
-10026,-428,12134,3072,2
-10585,-306,11609,3069,2
-10736,-454,11389,3074,2
-10295,-586,12139,3061,2
-10326,-168,11575,3069,2
-9873,169,11373,3074,2
-10548,-698,12187,3072,2
-10591,-258,11501,3070,2
-10282,-300,11596,3074,2
-10252,-454,12016,3065,2
-10539,-178,11409,3081,2
-10775,-642,11693,3079,2
-9832,-42,12038,3071,2
-11194,-704,11432,3078,2
-10130,-299,11728,3074,2
-10459,-427,11971,3063,2
-10476,-163,11281,3075,2
-9805,-25,11889,3072,2
-10432,-350,11885,3068,2
-10759,-442,11276,3075,2
-10105,-376,12008,3072,2
-10675,-431,11793,3062,2
-10632,-344,11216,3070,2
-10187,-478,12074,3067,2
-10862,-528,11678,3076,2
-10629,-321,11341,3077,2
-9867,-206,12094,3072,2
-10532,-307,11687,3064,2
-10587,-356,11348,3069,2
-9891,-317,12103,3067,2
-10620,-292,11521,3073,2
-10604,-475,11529,3081,2
-10401,-582,12088,3077,2
-10797,-384,11451,3074,2
-10217,-263,11604,3069,2
-9952,-281,12056,3066,2
-10699,-275,11367,3070,2
-10334,-411,11743,3075,2
-10410,-413,11990,3075,2
-11103,-553,11284,3079,2
-10403,-445,11836,3073,2
-10222,-224,11909,3068,2
-10194,-111,11301,3073,2
-9786,-111,11990,3081,2
-10819,-598,11860,3073,2
-10690,-318,11253,3082,2
-10096,-397,12090,3081,2
-10846,-465,11658,3072,2
-10485,-274,11347,3081,2
-10047,-362,12057,3076,2
-10640,-429,11721,3078,2
-10477,-298,11397,3086,2
-10169,-481,12129,3075,2
-10403,-259,11469,3071,2
-10131,-401,12064,3075,2
-10695,-361,11492,3080,2
-10359,-331,11533,3083,2
-10324,-519,12032,3077,2
-10832,-376,11346,3079,2
-10106,-285,11725,3076,2
-10353,-398,11982,3068,2
-10730,-324,11328,3080,2
-10192,-415,11836,3086,2
-10495,-409,11901,3082,2
-10837,-409,11253,3077,2
-10083,-328,11876,3076,2
-10480,-344,11936,3070,2
-10627,-321,11269,3081,2
-10024,-296,12034,3080,2
-10553,-298,11785,3080,2
-10766,-457,11262,3078,2
-10059,-371,12040,3077,2
-10524,-286,11745,3066,2
-10637,-379,11326,3073,2
-10059,-422,12135,3076,2
-10704,-351,11634,3077,2
-10404,-287,11408,3084,2
-10191,-478,12116,3070,2
-10672,-245,11498,3068,2
-10506,-418,11501,3068,2
-10201,-446,12094,3078,2
-10590,-281,11484,3081,2
-10342,-342,11584,3089,2
-10113,-331,12045,3073,2
-10789,-333,11335,3077,2
-10185,-369,11775,3072,2
-10363,-379,11969,3077,2
-10818,-419,11341,3076,2
-10043,-278,11865,3083,2
-10527,-426,11927,3079,2
-10887,-476,11256,3075,2
-10022,-315,11930,3078,2
-10406,-265,11832,3069,2
-10671,-376,11281,3075,2
-10037,-346,12007,3081,2
-10553,-326,11748,3075,2
-10669,-379,11288,3084,2
-10002,-390,12091,3072,2
-10545,-270,11712,3057,2
-10550,-331,11323,3071,2
-10180,-465,12102,3082,2
-10748,-364,11582,3075,2
-10445,-335,11399,3080,2
-10097,-399,12093,3081,2
-10722,-346,11575,3074,2
-10349,-350,11527,3076,2
-10195,-460,12069,3074,2
-10663,-273,11419,3072,2
-10316,-372,11652,3071,2
-10291,-388,11969,3080,2
-10811,-364,11348,3076,2
-10112,-322,11765,3081,2
-10390,-368,11972,3075,2
-10795,-415,11253,3071,2
-10073,-336,11882,3082,2
-10484,-337,11904,3080,2
-10728,-415,11227,3082,2
-9965,-267,12031,3076,2
-10658,-357,11788,3070,2
-10627,-368,11224,3074,2
-10015,-311,12014,3080,2
-10596,-325,11748,3067,2
-10505,-309,11303,3085,2
-10116,-430,12129,3077,2
-10574,-256,11618,3073,2
-10557,-401,11362,3076,2
-10194,-412,12072,3073,2
-10706,-352,11529,3076,2
-10501,-416,11399,3085,2
-10050,-364,12133,3078,2
-10769,-360,11504,3082,2
-10316,-365,11587,3070,2
-10200,-379,12053,3076,2
-10859,-384,11375,3074,2
-10195,-307,11632,3081,2
-10330,-372,11999,3086,2
-10765,-366,11319,3081,2
-10066,-337,11809,3079,2
-10389,-341,11938,3070,2
-10871,-443,11257,3077,2
-10038,-296,11861,3086,2
-10513,-308,11915,3101,2
-10754,-418,11285,3084,2
-9949,-241,11955,3083,2
-10639,-368,11809,3072,2
-10568,-329,11222,3078,2
-10056,-369,12056,3072,2
-10566,-290,11704,3076,2
-10670,-457,11345,3084,2
-9954,-287,12111,3094,2
-10656,-349,11653,3073,2
-10582,-427,11353,3073,2
-10134,-429,12121,3076,2
-10779,-330,11490,3074,2
-10347,-348,11457,3081,2
-10179,-411,12093,3080,2
-10758,-324,11457,3078,2
-10309,-377,11563,3076,2
-10265,-386,12036,3074,2
-10825,-340,11369,3063,2
-10188,-324,11666,3080,2
-10347,-348,12019,3071,2
-10847,-410,11306,3088,2
-10051,-335,11838,3074,2
-10412,-281,11893,3076,2
-10839,-430,11273,3075,2
-10037,-289,11919,3076,2
-10520,-328,11831,3067,2
-10684,-370,11228,3079,2
-10039,-350,12030,3077,2
-10608,-330,11698,3071,2
-10691,-436,11258,3075,2
-10047,-317,12038,3069,2
-10592,-295,11710,3073,2
-10631,-431,11311,3081,2
-10006,-354,12080,3083,2
-10738,-378,11609,3075,2
-10442,-349,11330,3075,2
-10172,-451,12086,3070,2
-10738,-326,11503,3074,2
-10303,-325,11491,3086,2
-10221,-404,12070,3079,2
-10858,-406,11481,3072,2
-10229,-293,11552,3080,2
-10341,-413,12059,3070,2
-10743,-310,11331,3071,2
-10210,-356,11758,3070,2
-10376,-353,11957,3078,2
-10767,-405,11295,3078,2
-10065,-319,11811,3084,2
-10436,-351,11871,3083,2
-10772,-404,11245,3070,2
-10077,-372,11981,3073,2
-10522,-292,11861,3072,2
-10757,-426,11275,3077,2
-10027,-305,11985,3092,2
-10545,-305,11745,3090,2
-10715,-479,11216,3081,2
-9979,-347,12097,3073,2
-10634,-337,11720,3069,2
-10542,-394,11381,3085,2
-10143,-413,12070,3082,2
-10723,-361,11597,3080,2
-10469,-360,11382,3086,2
-10165,-404,12039,3072,2
-10696,-299,11523,3069,2
-10403,-363,11445,3112,2
-10296,-467,12065,3106,2
-10474,-196,11579,3115,2
-10540,-453,11526,3121,2
-10063,-336,12013,3127,2
-10570,-360,11809,3124,2
-10713,-353,11404,3124,2
-10517,-398,11424,3125,2
-10026,-248,11862,3128,2
-10219,-367,11940,3130,2
-10582,-406,11815,3112,2
-10411,-337,11707,3126,2
-10626,-405,11554,3116,2
-10719,-482,11423,3118,2
-10674,-434,11403,3107,2
-10586,-401,11385,3126,2
-10562,-348,11416,3120,2
-10597,-371,11486,3117,2
-10576,-361,11457,3117,2
-10653,-411,11411,3114,2
-10683,-458,11393,3112,2
-10679,-417,11469,3118,2
-10686,-457,11561,3113,2
-10396,-470,11797,3113,2
-10352,-425,11828,3115,2
-10223,-462,11852,3121,2
-10144,-158,11756,3109,2
-10641,-373,11504,3110,2
-10653,-394,11493,3105,2
-10363,-405,11836,3117,2
-10210,-405,11873,3113,2
-10462,-320,11629,3109,2
-10677,-409,11503,3110,2
-10205,-429,11881,3110,2
-10260,-283,11770,3110,2
-10643,-361,11540,3110,2
-10295,-372,11816,3121,2
-10493,-417,11746,3107,2
-10639,-379,11508,3109,2
-10109,-365,11924,3107,2
-10714,-429,11534,3109,2
-10321,-374,11788,3126,2
-10465,-424,11671,3106,2
-10409,-333,11722,3098,2
-10288,-438,11819,3099,2
-10451,-327,11718,3128,2
-10618,-473,11605,3103,2
-10298,-412,11744,3122,2
-10266,-372,11787,3127,2
-10218,-370,11810,3121,2
-10344,-459,11733,3122,2
-10487,-298,11611,3104,2
-10286,-453,11836,3106,2
-10695,-474,11572,3120,2
-10769,-333,11465,3125,2
-10774,-351,11513,3105,2
-9989,-362,11960,3103,2
-10719,-369,11498,3108,2
-9929,-394,11981,3117,2
-10358,-409,11771,3122,2
-10263,-336,11719,3118,2
-9831,-348,11959,3112,2
-10481,-332,11608,3112,2
-10319,-409,11735,3109,2
-11126,-507,11418,3120,2
-10623,-403,11549,3110,2
-10980,-982,11562,3117,2
-10868,-544,11450,3110,2
-10351,-440,11658,3110,2
-11087,-630,11410,3109,2
-10220,-406,11661,3110,2
-10541,-571,11521,3104,2
-10454,-498,11561,3106,2
-11055,-433,11226,3110,2
-10023,-506,12013,3111,2
