#ifndef MODEL_DATA_V2_H
#define MODEL_DATA_V2_H

#ifdef __cplusplus
extern "C" {
#endif

unsigned char motor_v2_tflite[] = {
  0x20, 0x00, 0x00, 0x00, 0x54, 0x46, 0x4c, 0x33, 0x00, 0x00, 0x00, 0x00,
  0x14, 0x00, 0x20, 0x00, 0x1c, 0x00, 0x18, 0x00, 0x14, 0x00, 0x10, 0x00,
  0x0c, 0x00, 0x00, 0x00, 0x08, 0x00, 0x04, 0x00, 0x14, 0x00, 0x00, 0x00,
  0x1c, 0x00, 0x00, 0x00, 0x8c, 0x00, 0x00, 0x00, 0xe4, 0x00, 0x00, 0x00,
  0xec, 0x2b, 0x00, 0x00, 0xfc, 0x2b, 0x00, 0x00, 0x2c, 0x56, 0x00, 0x00,
  0x03, 0x00, 0x00, 0x00, 0x01, 0x00, 0x00, 0x00, 0x04, 0x00, 0x00, 0x00,
  0x1e, 0xd0, 0xff, 0xff, 0x0c, 0x00, 0x00, 0x00, 0x1c, 0x00, 0x00, 0x00,
  0x3c, 0x00, 0x00, 0x00, 0x0f, 0x00, 0x00, 0x00, 0x73, 0x65, 0x72, 0x76,
  0x69, 0x6e, 0x67, 0x5f, 0x64, 0x65, 0x66, 0x61, 0x75, 0x6c, 0x74, 0x00,
  0x01, 0x00, 0x00, 0x00, 0x04, 0x00, 0x00, 0x00, 0x90, 0xff, 0xff, 0xff,
  0x29, 0x00, 0x00, 0x00, 0x04, 0x00, 0x00, 0x00, 0x08, 0x00, 0x00, 0x00,
  0x6f, 0x75, 0x74, 0x70, 0x75, 0x74, 0x5f, 0x30, 0x00, 0x00, 0x00, 0x00,
  0x01, 0x00, 0x00, 0x00, 0x04, 0x00, 0x00, 0x00, 0x26, 0xd0, 0xff, 0xff,
  0x04, 0x00, 0x00, 0x00, 0x0c, 0x00, 0x00, 0x00, 0x6b, 0x65, 0x72, 0x61,
  0x73, 0x5f, 0x74, 0x65, 0x6e, 0x73, 0x6f, 0x72, 0x00, 0x00, 0x00, 0x00,
  0x02, 0x00, 0x00, 0x00, 0x34, 0x00, 0x00, 0x00, 0x04, 0x00, 0x00, 0x00,
  0xdc, 0xff, 0xff, 0xff, 0x2c, 0x00, 0x00, 0x00, 0x04, 0x00, 0x00, 0x00,
  0x13, 0x00, 0x00, 0x00, 0x43, 0x4f, 0x4e, 0x56, 0x45, 0x52, 0x53, 0x49,
  0x4f, 0x4e, 0x5f, 0x4d, 0x45, 0x54, 0x41, 0x44, 0x41, 0x54, 0x41, 0x00,
  0x08, 0x00, 0x0c, 0x00, 0x08, 0x00, 0x04, 0x00, 0x08, 0x00, 0x00, 0x00,
  0x2b, 0x00, 0x00, 0x00, 0x04, 0x00, 0x00, 0x00, 0x13, 0x00, 0x00, 0x00,
  0x6d, 0x69, 0x6e, 0x5f, 0x72, 0x75, 0x6e, 0x74, 0x69, 0x6d, 0x65, 0x5f,
  0x76, 0x65, 0x72, 0x73, 0x69, 0x6f, 0x6e, 0x00, 0x2d, 0x00, 0x00, 0x00,
  0x04, 0x2b, 0x00, 0x00, 0xfc, 0x2a, 0x00, 0x00, 0xe8, 0x2a, 0x00, 0x00,
  0xd4, 0x2a, 0x00, 0x00, 0xc0, 0x2a, 0x00, 0x00, 0xb8, 0x2a, 0x00, 0x00,
  0xa4, 0x2a, 0x00, 0x00, 0x88, 0x2a, 0x00, 0x00, 0x6c, 0x2a, 0x00, 0x00,
  0x50, 0x2a, 0x00, 0x00, 0x38, 0x2a, 0x00, 0x00, 0xc4, 0x29, 0x00, 0x00,
  0xec, 0x28, 0x00, 0x00, 0x5c, 0x1c, 0x00, 0x00, 0x0c, 0x1c, 0x00, 0x00,
  0xbc, 0x1b, 0x00, 0x00, 0xac, 0x1a, 0x00, 0x00, 0x9c, 0x02, 0x00, 0x00,
  0x6c, 0x02, 0x00, 0x00, 0x3c, 0x02, 0x00, 0x00, 0xac, 0x01, 0x00, 0x00,
  0x3c, 0x01, 0x00, 0x00, 0x34, 0x01, 0x00, 0x00, 0x2c, 0x01, 0x00, 0x00,
  0x24, 0x01, 0x00, 0x00, 0x1c, 0x01, 0x00, 0x00, 0x14, 0x01, 0x00, 0x00,
  0x0c, 0x01, 0x00, 0x00, 0x04, 0x01, 0x00, 0x00, 0xfc, 0x00, 0x00, 0x00,
  0xf4, 0x00, 0x00, 0x00, 0xec, 0x00, 0x00, 0x00, 0xe4, 0x00, 0x00, 0x00,
  0xdc, 0x00, 0x00, 0x00, 0xd4, 0x00, 0x00, 0x00, 0xcc, 0x00, 0x00, 0x00,
  0xc4, 0x00, 0x00, 0x00, 0xbc, 0x00, 0x00, 0x00, 0xb4, 0x00, 0x00, 0x00,
  0xac, 0x00, 0x00, 0x00, 0xa4, 0x00, 0x00, 0x00, 0x9c, 0x00, 0x00, 0x00,
  0x94, 0x00, 0x00, 0x00, 0x74, 0x00, 0x00, 0x00, 0x04, 0x00, 0x00, 0x00,
  0x56, 0xd1, 0xff, 0xff, 0x04, 0x00, 0x00, 0x00, 0x60, 0x00, 0x00, 0x00,
  0x0c, 0x00, 0x00, 0x00, 0x08, 0x00, 0x0e, 0x00, 0x08, 0x00, 0x04, 0x00,
  0x08, 0x00, 0x00, 0x00, 0x10, 0x00, 0x00, 0x00, 0x28, 0x00, 0x00, 0x00,
  0x00, 0x00, 0x06, 0x00, 0x08, 0x00, 0x04, 0x00, 0x06, 0x00, 0x00, 0x00,
  0x04, 0x00, 0x00, 0x00, 0x01, 0x00, 0x00, 0x00, 0xeb, 0x03, 0x00, 0x00,
  0x0c, 0x00, 0x18, 0x00, 0x14, 0x00, 0x10, 0x00, 0x0c, 0x00, 0x04, 0x00,
  0x0c, 0x00, 0x00, 0x00, 0x68, 0xed, 0xe5, 0xe5, 0x7d, 0x81, 0x01, 0x63,
  0x02, 0x00, 0x00, 0x00, 0x02, 0x00, 0x00, 0x00, 0x04, 0x00, 0x00, 0x00,
  0x06, 0x00, 0x00, 0x00, 0x32, 0x2e, 0x32, 0x30, 0x2e, 0x30, 0x00, 0x00,
  0xc2, 0xd1, 0xff, 0xff, 0x04, 0x00, 0x00, 0x00, 0x10, 0x00, 0x00, 0x00,
  0x31, 0x2e, 0x31, 0x34, 0x2e, 0x30, 0x00, 0x00, 0x00, 0x00, 0x00, 0x00,
  0x00, 0x00, 0x00, 0x00, 0xb4, 0xac, 0xff, 0xff, 0xb8, 0xac, 0xff, 0xff,
  0xbc, 0xac, 0xff, 0xff, 0xc0, 0xac, 0xff, 0xff, 0xc4, 0xac, 0xff, 0xff,
  0xc8, 0xac, 0xff, 0xff, 0xcc, 0xac, 0xff, 0xff, 0xd0, 0xac, 0xff, 0xff,
  0xd4, 0xac, 0xff, 0xff, 0xd8, 0xac, 0xff, 0xff, 0xdc, 0xac, 0xff, 0xff,
  0xe0, 0xac, 0xff, 0xff, 0xe4, 0xac, 0xff, 0xff, 0xe8, 0xac, 0xff, 0xff,
  0xec, 0xac, 0xff, 0xff, 0xf0, 0xac, 0xff, 0xff, 0xf4, 0xac, 0xff, 0xff,
  0xf8, 0xac, 0xff, 0xff, 0xfc, 0xac, 0xff, 0xff, 0x00, 0xad, 0xff, 0xff,
  0x04, 0xad, 0xff, 0xff, 0x32, 0xd2, 0xff, 0xff, 0x04, 0x00, 0x00, 0x00,
  0x60, 0x00, 0x00, 0x00, 0xb1, 0x4c, 0x81, 0x81, 0xda, 0xce, 0x7f, 0xfc,
  0x19, 0x81, 0xb9, 0xa9, 0x7f, 0x2f, 0xe6, 0x66, 0x7f, 0xbc, 0x95, 0x81,
  0xfe, 0xad, 0xeb, 0x81, 0x81, 0x48, 0x3a, 0x59, 0x3a, 0x7f, 0xf7, 0x7f,
  0x33, 0x71, 0xa6, 0x81, 0x2e, 0x9e, 0x81, 0x81, 0x07, 0x27, 0xb1, 0xbc,
  0x7f, 0x72, 0x7f, 0xd4, 0xf9, 0xb0, 0x7f, 0x7f, 0x23, 0xe6, 0xe7, 0xf9,
  0x7f, 0xc3, 0x0a, 0x81, 0xb7, 0xa3, 0x81, 0xc4, 0x81, 0xe4, 0xc1, 0x81,
  0x8a, 0x24, 0x81, 0xf7, 0x81, 0x96, 0xb9, 0x19, 0x10, 0x7f, 0x7f, 0x92,
  0x57, 0x06, 0xe3, 0x7f, 0xba, 0x7f, 0x55, 0x7f, 0x8f, 0xc9, 0x3a, 0xa7,
  0x7f, 0x1a, 0xbf, 0x7f, 0x9e, 0xd2, 0xff, 0xff, 0x04, 0x00, 0x00, 0x00,
  0x80, 0x00, 0x00, 0x00, 0x70, 0x04, 0x00, 0x00, 0x8a, 0x02, 0x00, 0x00,
  0xe4, 0xfc, 0xff, 0xff, 0x13, 0xfe, 0xff, 0xff, 0xf7, 0xfa, 0xff, 0xff,
  0x80, 0x06, 0x00, 0x00, 0xcf, 0x03, 0x00, 0x00, 0xad, 0x06, 0x00, 0x00,
  0x1f, 0x02, 0x00, 0x00, 0x38, 0xff, 0xff, 0xff, 0xd6, 0xff, 0xff, 0xff,
  0x49, 0xfc, 0xff, 0xff, 0xdb, 0x05, 0x00, 0x00, 0x78, 0x03, 0x00, 0x00,
  0x0e, 0x02, 0x00, 0x00, 0x0a, 0x04, 0x00, 0x00, 0xb4, 0x07, 0x00, 0x00,
  0x51, 0xf9, 0xff, 0xff, 0xbc, 0xfe, 0xff, 0xff, 0x3c, 0xff, 0xff, 0xff,
  0xa9, 0x07, 0x00, 0x00, 0x95, 0x01, 0x00, 0x00, 0xc8, 0x01, 0x00, 0x00,
  0xc6, 0x04, 0x00, 0x00, 0x5b, 0x07, 0x00, 0x00, 0xbf, 0x00, 0x00, 0x00,
  0x4c, 0x0e, 0x00, 0x00, 0x41, 0x00, 0x00, 0x00, 0xd7, 0x00, 0x00, 0x00,
  0xb7, 0x07, 0x00, 0x00, 0xe0, 0x05, 0x00, 0x00, 0x87, 0x05, 0x00, 0x00,
  0x2a, 0xd3, 0xff, 0xff, 0x04, 0x00, 0x00, 0x00, 0x20, 0x00, 0x00, 0x00,
  0xf1, 0x41, 0x06, 0xe6, 0x14, 0x07, 0xfe, 0xd1, 0xea, 0x23, 0xef, 0xf4,
  0xd6, 0x07, 0xe6, 0x7f, 0x3b, 0x1d, 0xf9, 0xf7, 0xc6, 0xfc, 0xd4, 0xed,
  0xde, 0x30, 0x61, 0x14, 0xda, 0xe4, 0xf5, 0x49, 0x56, 0xd3, 0xff, 0xff,
  0x04, 0x00, 0x00, 0x00, 0x20, 0x00, 0x00, 0x00, 0xa5, 0xb3, 0xf5, 0xbf,
  0xfc, 0xa9, 0xb9, 0x96, 0xd5, 0xd1, 0xbc, 0xd9, 0xa8, 0xf1, 0xc6, 0xc8,
  0xae, 0xfd, 0xc4, 0xcc, 0xa0, 0xd0, 0xcb, 0xa8, 0x97, 0xd0, 0x8c, 0xb9,
  0xc0, 0x80, 0xa0, 0xaa, 0x82, 0xd3, 0xff, 0xff, 0x04, 0x00, 0x00, 0x00,
  0x00, 0x18, 0x00, 0x00, 0xc2, 0x0a, 0x3a, 0x7c, 0x19, 0x0f, 0xf0, 0xdd,
  0xc4, 0x05, 0xe5, 0x32, 0xfd, 0x59, 0xf0, 0x11, 0x02, 0x6f, 0x43, 0xe2,
  0xff, 0xea, 0x32, 0x2e, 0xbe, 0x52, 0x95, 0xe6, 0xdc, 0xde, 0xc4, 0x1d,
  0x49, 0x3d, 0xda, 0x1a, 0xbc, 0x9b, 0xda, 0x6e, 0x16, 0xba, 0x05, 0x65,
  0x57, 0xd3, 0x0e, 0x1e, 0x1e, 0xd3, 0x13, 0x1c, 0x67, 0xf6, 0x7f, 0xc8,
  0xfc, 0x0a, 0x30, 0xb4, 0xdc, 0x26, 0x63, 0xf3, 0x5f, 0xfc, 0xae, 0xfd,
  0xeb, 0x3b, 0x73, 0x2b, 0xf4, 0x07, 0x42, 0xe1, 0xe8, 0xd4, 0x5d, 0x4c,
  0x0b, 0xf9, 0x67, 0x61, 0xbb, 0x68, 0xc1, 0xba, 0x22, 0xec, 0xa6, 0x75,
  0x4b, 0x9b, 0xd3, 0xb1, 0x96, 0xbb, 0x56, 0xf2, 0xd2, 0x30, 0x15, 0x0b,
  0x0e, 0xa6, 0x04, 0xe1, 0x62, 0x15, 0x74, 0x62, 0xf9, 0x12, 0x6d, 0xcd,
  0xab, 0x06, 0x03, 0xcb, 0xb5, 0xb5, 0x67, 0x2e, 0x5d, 0x4b, 0xe4, 0xa2,
  0xa7, 0x28, 0x28, 0xc8, 0x59, 0xde, 0x13, 0xcb, 0x18, 0xf5, 0x69, 0xc7,
  0x29, 0x68, 0x5b, 0x58, 0xf5, 0x30, 0x10, 0xd5, 0x20, 0x36, 0x59, 0x0a,
  0x1e, 0xf8, 0xb1, 0xe5, 0x12, 0xe1, 0xe6, 0xc8, 0x2f, 0xaa, 0x73, 0x22,
  0x0a, 0x39, 0x98, 0xce, 0x24, 0xbf, 0x11, 0x97, 0x9d, 0x60, 0x17, 0x7f,
  0xd5, 0x21, 0xfb, 0x06, 0xda, 0xeb, 0xf1, 0x33, 0x12, 0xd8, 0x30, 0xb4,
  0xd0, 0xae, 0xae, 0xd0, 0x33, 0xb4, 0xf2, 0x1d, 0x15, 0x05, 0x43, 0xe5,
  0xfc, 0x37, 0x18, 0x43, 0x06, 0x34, 0x2a, 0x8c, 0xa5, 0xf4, 0xd6, 0x55,
  0x37, 0x90, 0xdd, 0xf6, 0x3a, 0x0c, 0xe0, 0xeb, 0x92, 0x19, 0x19, 0x15,
  0xb2, 0x43, 0xc4, 0xe8, 0xc4, 0x0d, 0xc2, 0x3e, 0xfd, 0xf2, 0xab, 0xf1,
  0x20, 0xc4, 0xb5, 0x15, 0xa2, 0x4b, 0x39, 0x58, 0xc7, 0xdc, 0xc5, 0xd1,
  0x1b, 0xbd, 0x2b, 0xa7, 0xc9, 0x22, 0x4a, 0x19, 0x0f, 0xdd, 0x9a, 0x3c,
  0x0e, 0x0b, 0xb8, 0x34, 0xd0, 0xc5, 0xe7, 0xd2, 0x26, 0x25, 0xb4, 0x30,
  0x3d, 0xed, 0x9c, 0x16, 0x2d, 0x2e, 0x00, 0xf7, 0x5e, 0xf3, 0xb8, 0x81,
  0x8a, 0xcc, 0xe9, 0x2a, 0x47, 0x2f, 0x13, 0x36, 0xec, 0x5e, 0xea, 0x7f,
  0x5d, 0x5b, 0x0f, 0xb6, 0xee, 0xda, 0x29, 0x3e, 0x9a, 0xfe, 0xd6, 0xfe,
  0x5a, 0xb5, 0xbc, 0x6a, 0xbf, 0xf9, 0x54, 0xf4, 0x06, 0xbb, 0xdd, 0x56,
  0xe2, 0x06, 0x06, 0x30, 0xe3, 0xc2, 0xfe, 0x25, 0xed, 0x1e, 0x13, 0x1c,
  0xb1, 0xd5, 0x06, 0x1f, 0x31, 0xf5, 0xc3, 0xcb, 0x9a, 0x1b, 0xaa, 0x5a,
  0x31, 0x43, 0xb5, 0xbc, 0xa5, 0x19, 0x9c, 0x0d, 0x3b, 0x9f, 0x94, 0x48,
  0x2c, 0xc9, 0xd6, 0x98, 0x19, 0x54, 0x4e, 0xe7, 0x06, 0x4b, 0x29, 0xdd,
  0x36, 0x45, 0x05, 0xe6, 0x36, 0xb1, 0x2f, 0xd7, 0x01, 0xbf, 0x55, 0x5a,
  0xdc, 0xad, 0x4c, 0xca, 0xf2, 0xda, 0xd8, 0x0b, 0x06, 0xb4, 0xe9, 0xe4,
  0xd0, 0xed, 0xd2, 0x08, 0x03, 0xde, 0x12, 0xb4, 0xdb, 0xd4, 0x1d, 0xcc,
  0xf1, 0x39, 0xdb, 0xfc, 0xd6, 0x55, 0xd9, 0xc5, 0xc7, 0x38, 0xe6, 0x13,
  0xc2, 0x1f, 0x66, 0x23, 0x57, 0x77, 0xc9, 0xd2, 0x00, 0x68, 0x7f, 0xbb,
  0xa7, 0x29, 0x12, 0x38, 0xd5, 0x6b, 0xeb, 0xe0, 0xd9, 0xaa, 0x1e, 0xc2,
  0xc0, 0x6d, 0x6d, 0xf8, 0x17, 0x5b, 0x61, 0xf2, 0x15, 0x5e, 0x1f, 0xe3,
  0x42, 0xd5, 0xfb, 0x3d, 0x75, 0xda, 0x35, 0x28, 0xbc, 0xd7, 0xc8, 0x29,
  0x1d, 0xbc, 0xfd, 0xe9, 0x3d, 0x50, 0x19, 0xb2, 0xfa, 0x64, 0xfb, 0xe4,
  0x75, 0xc9, 0xbb, 0x69, 0xa9, 0x19, 0x42, 0x7f, 0x10, 0xfc, 0xd1, 0xf3,
  0x27, 0x09, 0x49, 0x1d, 0xe6, 0x3d, 0xf8, 0x41, 0x0c, 0x3f, 0x4f, 0xc1,
  0xaa, 0xd1, 0xf3, 0xcc, 0x6d, 0x42, 0xf2, 0xe7, 0xa6, 0xc2, 0xbd, 0x1c,
  0x11, 0xc2, 0xf5, 0xec, 0x18, 0x26, 0x26, 0x4b, 0x6b, 0x6f, 0x6a, 0x0a,
  0x3e, 0xe0, 0xca, 0xb6, 0x99, 0x68, 0x14, 0x25, 0xef, 0x1c, 0x16, 0x4e,
  0x65, 0x1d, 0xdd, 0x07, 0xfe, 0x8e, 0x63, 0xe8, 0xff, 0xe6, 0xc2, 0xf1,
  0x64, 0x60, 0x1f, 0x0d, 0xdd, 0xf0, 0x3f, 0x62, 0xfa, 0x4d, 0xf0, 0x07,
  0xb2, 0x46, 0x6a, 0x19, 0x27, 0xbe, 0x47, 0xfb, 0x5c, 0x02, 0xd9, 0xbf,
  0xb0, 0xb8, 0x42, 0x43, 0xc8, 0x23, 0xf0, 0xae, 0xef, 0xb0, 0xa0, 0xf4,
  0x29, 0x1d, 0x36, 0x8f, 0x0a, 0xb1, 0xc2, 0x25, 0xec, 0xae, 0x99, 0xb9,
  0x2c, 0xdd, 0x46, 0x67, 0x94, 0xa2, 0xc9, 0x50, 0x18, 0xbe, 0x57, 0x46,
  0xd6, 0xf3, 0x8f, 0x03, 0x2d, 0x54, 0xfa, 0xe5, 0xe2, 0xb8, 0x02, 0xcf,
  0xd6, 0x2f, 0xc0, 0x1d, 0x21, 0xf1, 0xa9, 0x6e, 0x42, 0x44, 0x59, 0x5e,
  0xc4, 0xed, 0xc3, 0x06, 0x0e, 0x01, 0x3b, 0x02, 0x58, 0xba, 0xa3, 0xd9,
  0xf5, 0x24, 0x45, 0x4d, 0xa0, 0x89, 0xab, 0x3a, 0xb0, 0x81, 0xc2, 0x09,
  0xbc, 0x84, 0xb7, 0x31, 0x39, 0xfc, 0xb1, 0xb1, 0x4c, 0x09, 0x61, 0xdc,
  0x84, 0x55, 0x38, 0x2a, 0x24, 0x01, 0x63, 0xaf, 0xd2, 0xdd, 0xdd, 0xda,
  0x1e, 0x00, 0xf7, 0xf2, 0x5a, 0xf4, 0x50, 0xe1, 0xef, 0x34, 0x22, 0x0a,
  0x45, 0xb7, 0x91, 0x25, 0x9e, 0x57, 0xd1, 0xb9, 0xc4, 0x34, 0xd7, 0xac,
  0x3d, 0xa8, 0x69, 0xe2, 0x59, 0x07, 0x96, 0xf5, 0x42, 0xc1, 0x1c, 0x56,
  0xb3, 0x2f, 0x0b, 0x1c, 0x40, 0xed, 0x35, 0x0c, 0x25, 0xac, 0x11, 0xcc,
  0x81, 0x6d, 0xc7, 0xe9, 0xcf, 0x94, 0x9f, 0x4a, 0x33, 0x52, 0x1e, 0x3b,
  0x4a, 0xd7, 0x4d, 0xe3, 0xbe, 0x50, 0x4b, 0x62, 0xad, 0xdd, 0xdb, 0x0d,
  0x29, 0xeb, 0xdd, 0x6a, 0x26, 0xc5, 0x4f, 0xa2, 0xf8, 0x89, 0x18, 0xc7,
  0x01, 0xb8, 0xb5, 0xcb, 0x14, 0xc4, 0x24, 0xc3, 0x35, 0xf2, 0xe8, 0xfe,
  0x22, 0x37, 0xec, 0x50, 0x37, 0xe5, 0xe6, 0x53, 0xf7, 0x44, 0x7f, 0x29,
  0xd9, 0x04, 0x3a, 0x0d, 0x4f, 0xd9, 0xfb, 0x21, 0x2f, 0x01, 0x1f, 0x2f,
  0x29, 0x65, 0xc5, 0x64, 0x43, 0x22, 0x47, 0xa7, 0xc5, 0xd2, 0x10, 0x61,
  0xb8, 0x05, 0xd8, 0xbd, 0xc6, 0xdc, 0x3e, 0xbf, 0x5f, 0xca, 0xdd, 0x44,
  0x50, 0xd1, 0xbf, 0xca, 0xb7, 0xbd, 0x0e, 0xad, 0xf6, 0xb0, 0x57, 0xc4,
  0xc2, 0x1c, 0xc0, 0xca, 0xe9, 0xdf, 0x50, 0x9e, 0xb5, 0x3f, 0xcc, 0x60,
  0xda, 0xf2, 0x41, 0x9a, 0xa2, 0x4e, 0x97, 0xb3, 0x19, 0x6c, 0xbd, 0x61,
  0x01, 0x1a, 0x2c, 0x54, 0x3f, 0x59, 0xc5, 0x4e, 0x10, 0xe6, 0x34, 0x3d,
  0xf6, 0xe0, 0xa6, 0xb3, 0xc9, 0xda, 0x0a, 0xae, 0xc6, 0x0d, 0xbf, 0x11,
  0x4d, 0x3b, 0x2a, 0x1d, 0x18, 0xe3, 0xf1, 0x2e, 0xb3, 0xb2, 0xb4, 0x9e,
  0x01, 0x02, 0xaf, 0xd0, 0xdb, 0x56, 0x3f, 0xb9, 0x18, 0xbf, 0x1b, 0x24,
  0x42, 0xdd, 0xd3, 0x37, 0xe3, 0x1a, 0x37, 0x1e, 0x40, 0xb9, 0xd1, 0xaf,
  0xc8, 0xe3, 0xc7, 0x3e, 0xc8, 0xc3, 0xb5, 0x29, 0x11, 0x1a, 0x03, 0x29,
  0x0c, 0x0a, 0x16, 0x29, 0xc8, 0x1d, 0x12, 0xa9, 0x2d, 0x4f, 0xd8, 0x13,
  0x05, 0x58, 0x2a, 0xff, 0x10, 0xab, 0xe8, 0x43, 0xca, 0x62, 0xd3, 0x22,
  0x1e, 0x81, 0x52, 0x29, 0x94, 0x4f, 0x5b, 0x6e, 0x5c, 0xcb, 0xbb, 0xd3,
  0x9b, 0x06, 0xc5, 0xf4, 0x7f, 0x55, 0xe8, 0x19, 0x71, 0x16, 0xb6, 0x3d,
  0x4c, 0xa4, 0x6b, 0x72, 0xf2, 0x74, 0xa3, 0x06, 0x13, 0x0d, 0x4a, 0xbe,
  0x31, 0x1c, 0xf5, 0x20, 0xe1, 0xc0, 0x33, 0xf3, 0xc9, 0xda, 0xd1, 0x7b,
  0x24, 0x35, 0xfa, 0xd6, 0xab, 0x93, 0x01, 0xe7, 0xc4, 0xff, 0x2e, 0x3f,
  0x48, 0xc1, 0x8d, 0x76, 0x64, 0x9b, 0x74, 0xa7, 0x22, 0x78, 0x92, 0xea,
  0x49, 0x11, 0x4d, 0x8c, 0xf9, 0x77, 0xfd, 0xea, 0x42, 0x42, 0x78, 0x25,
  0x93, 0x10, 0x2b, 0xcf, 0xef, 0x0c, 0xc9, 0x5e, 0x78, 0x06, 0xa3, 0xcd,
  0xf2, 0x94, 0xf1, 0xc7, 0x91, 0xef, 0x28, 0x22, 0x95, 0xf2, 0xd9, 0x1b,
  0x12, 0xda, 0xd2, 0xf1, 0x83, 0x49, 0x82, 0x4b, 0x99, 0x26, 0xc9, 0x98,
  0xf2, 0x12, 0x98, 0x12, 0xf8, 0x26, 0xdb, 0x47, 0xbf, 0x9d, 0xe9, 0x31,
  0x5b, 0x15, 0x46, 0x40, 0xd9, 0xaa, 0xbf, 0x37, 0x8c, 0xf3, 0x93, 0xfd,
  0x09, 0x8f, 0x81, 0x13, 0x18, 0x8e, 0x84, 0xf7, 0xde, 0x2a, 0x81, 0xe7,
  0x46, 0x14, 0xa4, 0xfd, 0x2b, 0x31, 0x1b, 0x30, 0x3e, 0x28, 0xf1, 0x89,
  0xa8, 0x1e, 0xb3, 0x36, 0xc2, 0x8e, 0x84, 0x2d, 0x79, 0xa1, 0xf8, 0x22,
  0x15, 0xe2, 0xe8, 0xaf, 0x0c, 0xe3, 0xff, 0x12, 0x2e, 0x1e, 0x31, 0xc9,
  0xb0, 0xdc, 0xf4, 0x0a, 0xd9, 0x3f, 0xe2, 0xac, 0xf3, 0x24, 0x31, 0x26,
  0xef, 0x94, 0xf8, 0x9f, 0x35, 0x3f, 0x41, 0xa9, 0x21, 0xe6, 0x94, 0x85,
  0x3f, 0x0b, 0xe7, 0x9f, 0x9e, 0x17, 0x76, 0xb0, 0xf7, 0xd9, 0xd0, 0x9b,
  0x3c, 0xde, 0xa5, 0x3d, 0xf5, 0x08, 0xb9, 0x48, 0x09, 0xa7, 0x41, 0xfb,
  0xae, 0x41, 0xcf, 0xd8, 0x92, 0x9c, 0xe0, 0x2c, 0xa7, 0xc6, 0x20, 0x1c,
  0xc8, 0x32, 0x6f, 0xcd, 0xa9, 0xcf, 0xda, 0x2f, 0x3b, 0x32, 0x0c, 0x46,
  0x4e, 0x47, 0xca, 0xde, 0xc7, 0x9f, 0x4d, 0xc5, 0x32, 0x2f, 0x1f, 0x4b,
  0x81, 0x14, 0x24, 0xb3, 0x3f, 0x3a, 0x66, 0x2c, 0x9c, 0xf9, 0x3a, 0x21,
  0xd7, 0x49, 0xfe, 0xa7, 0xf1, 0x55, 0xe9, 0x42, 0x2f, 0x62, 0x48, 0x1a,
  0xc0, 0x7f, 0x65, 0xe0, 0xcb, 0x9c, 0x48, 0xb3, 0x38, 0xb9, 0xd6, 0x0f,
  0xf7, 0x91, 0xef, 0x0d, 0xd6, 0x66, 0x19, 0x64, 0xc3, 0xcc, 0x0b, 0x19,
  0xe3, 0xcf, 0x6d, 0xea, 0x36, 0x5d, 0x17, 0x4f, 0xde, 0xa6, 0xf0, 0xc8,
  0x5f, 0x7d, 0x65, 0x2f, 0x43, 0x27, 0x32, 0xf6, 0xb0, 0x9b, 0xdf, 0x13,
  0x29, 0xaf, 0xf5, 0x0b, 0xda, 0x17, 0xab, 0x6b, 0x25, 0xba, 0x1f, 0x60,
  0xcc, 0x21, 0x91, 0xd2, 0x2c, 0x56, 0x26, 0x47, 0x61, 0xaf, 0x39, 0x7e,
  0xf8, 0xd9, 0xb9, 0x3d, 0x25, 0xe6, 0x5d, 0xca, 0xa3, 0xdc, 0x0a, 0xcf,
  0x71, 0x47, 0xe6, 0xe3, 0x9e, 0x44, 0xbe, 0xc8, 0xb5, 0xe0, 0xb8, 0xb0,
  0xee, 0x0f, 0x50, 0x64, 0xb9, 0xe4, 0xa2, 0xee, 0x9c, 0x2b, 0x2f, 0x5f,
  0x50, 0x5a, 0x17, 0xaf, 0x6f, 0x1b, 0x52, 0xb9, 0xa7, 0x26, 0x06, 0xf3,
  0xd9, 0xbc, 0xf4, 0xa4, 0xb2, 0x06, 0x28, 0x17, 0x5f, 0x9e, 0x0e, 0x2f,
  0x08, 0x28, 0xe5, 0x97, 0x1a, 0x5a, 0x9b, 0x59, 0x5c, 0x1d, 0x97, 0x41,
  0x39, 0xe5, 0xd4, 0xaf, 0x35, 0xb2, 0x49, 0xbb, 0x9c, 0x65, 0xc1, 0x3f,
  0x86, 0xb7, 0x22, 0x6b, 0xf1, 0x1c, 0xc2, 0xd5, 0xc0, 0x4e, 0x00, 0x54,
  0x01, 0x8e, 0xb8, 0xb3, 0xb0, 0xbf, 0x14, 0x17, 0xc0, 0x81, 0xf9, 0x05,
  0xcd, 0x17, 0x15, 0x12, 0xa5, 0x15, 0xe1, 0x11, 0xca, 0x99, 0xb9, 0xfb,
  0x86, 0x12, 0x07, 0x39, 0x99, 0xd8, 0x0b, 0x46, 0x4a, 0xc5, 0xf1, 0x57,
  0xbf, 0xc3, 0xce, 0x17, 0xc5, 0xbe, 0xae, 0xea, 0x56, 0x2a, 0xc4, 0x9e,
  0x2d, 0x2b, 0x0a, 0x6a, 0xd4, 0xda, 0x34, 0xd6, 0x20, 0x2e, 0xc9, 0xe8,
  0x34, 0x4a, 0x13, 0x59, 0xeb, 0x51, 0x31, 0x63, 0x07, 0xa5, 0x6b, 0x79,
  0x75, 0x29, 0xf4, 0x35, 0x27, 0x46, 0xee, 0x1f, 0x8f, 0x9b, 0x4e, 0x60,
  0x98, 0x55, 0xcb, 0x36, 0xa8, 0xea, 0xb4, 0x46, 0xcc, 0xd4, 0xe4, 0xf5,
  0x81, 0xcd, 0xe9, 0x31, 0xbc, 0x98, 0x62, 0xe2, 0x9c, 0x44, 0x15, 0x9d,
  0xcf, 0x88, 0xf5, 0xd5, 0x38, 0x05, 0xd8, 0x41, 0xb1, 0x31, 0x31, 0xeb,
  0xee, 0x19, 0xc0, 0xb4, 0x43, 0x01, 0xaa, 0xa6, 0x3f, 0x2b, 0xd2, 0xda,
  0xfb, 0x0d, 0xd1, 0xe9, 0x9c, 0x06, 0xd7, 0xe5, 0xea, 0x0f, 0xfa, 0xde,
  0x09, 0x29, 0xd0, 0x27, 0x33, 0x12, 0xf7, 0xa2, 0xe0, 0x08, 0xae, 0xb7,
  0x1c, 0x09, 0x12, 0xd1, 0xa4, 0xab, 0xe2, 0x17, 0x2b, 0x2d, 0xab, 0x1c,
  0x20, 0xd7, 0x21, 0x8e, 0xc9, 0x06, 0x44, 0x96, 0xe3, 0xe2, 0xbc, 0x26,
  0x1e, 0xc2, 0xc7, 0x12, 0xe3, 0xac, 0x2b, 0xbc, 0x60, 0x2d, 0x0c, 0x49,
  0x81, 0xe2, 0xaa, 0x36, 0xe6, 0x2f, 0xb1, 0x3e, 0xd1, 0x02, 0xdb, 0x88,
  0xce, 0x65, 0xdf, 0xdd, 0x52, 0x5e, 0x3f, 0x33, 0xdb, 0x9b, 0x0c, 0x3b,
  0x14, 0xbe, 0x01, 0x5e, 0x03, 0x6c, 0x1d, 0xa7, 0xcf, 0xf3, 0x58, 0x54,
  0x60, 0x37, 0x51, 0xfc, 0xfd, 0xbd, 0x10, 0x25, 0x51, 0x3b, 0xd0, 0xb6,
  0xa4, 0xba, 0x65, 0x45, 0xfa, 0xaa, 0x39, 0x15, 0x0f, 0xec, 0xda, 0x2d,
  0x3a, 0x29, 0xe3, 0xf4, 0x70, 0x10, 0xd6, 0x29, 0x07, 0xba, 0xca, 0x0a,
  0x14, 0x5b, 0x29, 0x56, 0xfc, 0x69, 0x3c, 0x17, 0x49, 0xeb, 0xd0, 0xce,
  0x10, 0xbd, 0x44, 0x82, 0xdd, 0xbf, 0x03, 0x08, 0x1c, 0x24, 0x6b, 0x05,
  0x22, 0x33, 0x28, 0x25, 0x9b, 0xae, 0x81, 0x31, 0x44, 0xc8, 0xfe, 0x0f,
  0xc8, 0x41, 0x20, 0x51, 0xae, 0xdb, 0xab, 0x65, 0x9e, 0xb9, 0x48, 0xf0,
  0x37, 0xd1, 0x56, 0xe9, 0x0a, 0x81, 0x99, 0x42, 0x13, 0xc2, 0xc0, 0xb5,
  0x57, 0x0b, 0xd8, 0x68, 0x8f, 0xac, 0x99, 0x38, 0xa1, 0x4a, 0xad, 0xa0,
  0xeb, 0xc7, 0x1c, 0xbb, 0xa9, 0x83, 0x9e, 0xb0, 0x45, 0x1f, 0x17, 0xbf,
  0x40, 0xae, 0xd5, 0xae, 0xe5, 0x34, 0x49, 0x30, 0x6e, 0xa2, 0xd4, 0xd3,
  0x09, 0x0b, 0x24, 0x29, 0x97, 0xa5, 0x2a, 0x90, 0x31, 0x9e, 0x49, 0xad,
  0xdf, 0x9e, 0x19, 0x54, 0x31, 0x90, 0x95, 0xa7, 0x6a, 0xf2, 0x28, 0x61,
  0x13, 0xe0, 0xb8, 0x2c, 0xfe, 0x12, 0xc0, 0xef, 0xd2, 0xf6, 0x91, 0x3a,
  0x4d, 0x4e, 0x26, 0x97, 0xe0, 0x27, 0x2f, 0xf3, 0xea, 0xa4, 0xa8, 0x5a,
  0x20, 0xcb, 0x41, 0x02, 0xb8, 0xd6, 0xb1, 0xc2, 0xed, 0xe0, 0x56, 0xb4,
  0x01, 0xd0, 0xea, 0xfc, 0x9e, 0x99, 0xd1, 0xa1, 0xaf, 0x61, 0x2a, 0xa9,
  0xa8, 0xe0, 0x4f, 0x0f, 0xbc, 0x9f, 0x3e, 0x0e, 0x49, 0xdf, 0x90, 0xc6,
  0xc1, 0xac, 0x3d, 0x13, 0xa1, 0xd2, 0x1b, 0x24, 0xaf, 0x43, 0x54, 0x51,
  0xa0, 0xb3, 0x4d, 0xfd, 0x9a, 0x3a, 0xe4, 0x1e, 0x29, 0xd7, 0xd6, 0x13,
  0xe1, 0xb0, 0x27, 0x21, 0x28, 0x95, 0x21, 0xcb, 0xcc, 0xc7, 0x50, 0xe7,
  0x3b, 0xef, 0x81, 0x2e, 0x3e, 0xf3, 0xb0, 0x03, 0x41, 0xfd, 0x1e, 0xe0,
  0xaf, 0x5e, 0xd6, 0x00, 0xf2, 0x9e, 0x4c, 0x2a, 0xaf, 0x51, 0x53, 0x3e,
  0x04, 0xf4, 0xa2, 0x22, 0x61, 0x0e, 0xd8, 0x97, 0xee, 0x38, 0x40, 0x08,
  0x81, 0xa1, 0x24, 0xe8, 0xfb, 0x36, 0x60, 0x34, 0x03, 0xea, 0xf3, 0xa9,
  0x3d, 0xfd, 0x7a, 0xb7, 0xe4, 0x5e, 0x38, 0x19, 0xdf, 0x12, 0xeb, 0xb0,
  0x41, 0xb7, 0xde, 0x37, 0x31, 0x01, 0x7c, 0x8f, 0xb9, 0x6d, 0xc9, 0xc0,
  0xd7, 0x4f, 0xe0, 0x07, 0x56, 0x31, 0x6d, 0xd5, 0xba, 0xe4, 0xc3, 0x0f,
  0x6f, 0xe7, 0x3c, 0x69, 0xbc, 0xb2, 0xee, 0xa4, 0x82, 0x38, 0x58, 0x70,
  0xa2, 0x6d, 0x0e, 0x64, 0x39, 0xb1, 0x5b, 0xc2, 0xd3, 0xa6, 0xba, 0xe8,
  0x39, 0xe0, 0x45, 0x48, 0x14, 0x2b, 0x94, 0xae, 0xd8, 0x11, 0x13, 0x49,
  0x03, 0xe5, 0x0e, 0x88, 0xa4, 0x1a, 0x3d, 0x3c, 0xbd, 0x13, 0x9c, 0xd7,
  0xb9, 0xb2, 0xb7, 0xb4, 0x44, 0xfe, 0x56, 0x1a, 0xf8, 0xef, 0xd4, 0x20,
  0x45, 0xa1, 0x44, 0xce, 0x4e, 0x0b, 0x79, 0x33, 0x2b, 0xa5, 0xf1, 0x0a,
  0x01, 0x48, 0xb2, 0xe4, 0x23, 0x02, 0xb6, 0xf8, 0x41, 0x4d, 0x08, 0x49,
  0xc7, 0x9b, 0xc2, 0xd4, 0x1e, 0x97, 0xad, 0x4b, 0x11, 0xec, 0xed, 0xc2,
  0xad, 0x2b, 0x93, 0x47, 0xec, 0x28, 0xa0, 0xd9, 0x1c, 0xcf, 0x81, 0x65,
  0x34, 0x1b, 0xb0, 0x67, 0x07, 0x31, 0x1c, 0x24, 0xd5, 0x92, 0x9e, 0x34,
  0x9b, 0x59, 0xba, 0x42, 0xda, 0xee, 0x97, 0x31, 0x23, 0x18, 0x33, 0x4b,
  0x21, 0x3e, 0xee, 0xbe, 0x19, 0x30, 0xd9, 0xbf, 0xfe, 0xcc, 0xc3, 0xfc,
  0x25, 0xca, 0xca, 0x24, 0xb9, 0x3b, 0x17, 0x9b, 0x1f, 0x40, 0xbe, 0xdd,
  0xe1, 0xfd, 0x06, 0x51, 0x1b, 0x23, 0x6d, 0xc6, 0x79, 0x1b, 0x28, 0xad,
  0x5d, 0x4f, 0xbe, 0xb7, 0x35, 0x24, 0x58, 0xba, 0x0f, 0x20, 0xdc, 0xbc,
  0xc6, 0x6b, 0x78, 0x38, 0xfc, 0x2a, 0x3a, 0x58, 0xfc, 0x16, 0xec, 0xc3,
  0xea, 0x81, 0xb4, 0xa8, 0x5f, 0x9b, 0x0d, 0x44, 0xf5, 0xbc, 0xdb, 0x10,
  0x02, 0x56, 0xc1, 0x3a, 0x1f, 0x33, 0xdb, 0xc3, 0x6a, 0x48, 0x4c, 0xe5,
  0x2d, 0xeb, 0xa2, 0x69, 0xda, 0x12, 0xfe, 0x2d, 0xae, 0x26, 0x62, 0x06,
  0x0e, 0x28, 0xa8, 0x11, 0xf4, 0xb3, 0xf3, 0xa4, 0x2b, 0x29, 0xc3, 0x27,
  0xa5, 0xd2, 0x13, 0xc1, 0xa4, 0x88, 0xba, 0x37, 0xc8, 0x3e, 0xbf, 0x21,
  0x1f, 0x07, 0x32, 0xde, 0x2c, 0x03, 0xe2, 0x47, 0x4c, 0x9a, 0xd0, 0xf4,
  0x64, 0xfb, 0x8e, 0xbe, 0x99, 0xac, 0xd0, 0x3b, 0xc5, 0xb3, 0x31, 0xeb,
  0x2a, 0x26, 0x55, 0xae, 0xc9, 0xc5, 0xe5, 0xc8, 0xde, 0x3b, 0x3e, 0xda,
  0x19, 0xd2, 0x4f, 0xd9, 0xb6, 0xee, 0x9e, 0x48, 0x5b, 0xa9, 0x28, 0xea,
  0xd2, 0xae, 0x81, 0xc6, 0xf6, 0x37, 0xfd, 0x06, 0xa6, 0x0d, 0xae, 0xff,
  0x85, 0xf8, 0xd2, 0xe7, 0xdd, 0xaf, 0xef, 0xd3, 0x1e, 0xac, 0xc4, 0xd5,
  0x4f, 0xcf, 0x39, 0xee, 0xb1, 0xe6, 0x36, 0xed, 0x48, 0xce, 0x1d, 0xf8,
  0x4a, 0xdb, 0xf4, 0xe2, 0x28, 0xbf, 0x6e, 0xd1, 0x4b, 0xac, 0x23, 0x1a,
  0x36, 0x1e, 0x5e, 0x01, 0xc7, 0x0b, 0xaa, 0xc7, 0x26, 0x98, 0xe8, 0xb0,
  0x23, 0x8e, 0xea, 0xae, 0x28, 0xc7, 0x81, 0x32, 0x2e, 0xee, 0x3a, 0xe7,
  0xc8, 0x9e, 0x18, 0xad, 0xfe, 0x28, 0x1a, 0x26, 0xb0, 0xad, 0xdf, 0x26,
  0xcf, 0x31, 0xba, 0x1d, 0x86, 0xcb, 0x87, 0x2a, 0x49, 0xed, 0x28, 0xe1,
  0xee, 0x0b, 0x81, 0xf1, 0x21, 0xad, 0x27, 0x50, 0x2e, 0xa8, 0xb2, 0x8d,
  0xbd, 0xf4, 0xe5, 0x35, 0x44, 0x76, 0x4f, 0xd2, 0xaf, 0x39, 0x20, 0x46,
  0x44, 0xda, 0xec, 0x26, 0x1c, 0x0f, 0x1c, 0xef, 0x64, 0x9f, 0x6b, 0x41,
  0x32, 0xe5, 0xdf, 0xd3, 0x3b, 0x1a, 0xb5, 0xd8, 0x95, 0x22, 0x1d, 0xbe,
  0x43, 0x57, 0x07, 0xf7, 0x29, 0x18, 0x99, 0xa0, 0xa3, 0xa4, 0xf0, 0x6f,
  0x54, 0xfe, 0xae, 0x25, 0x06, 0x50, 0x61, 0xc4, 0x4e, 0xcc, 0x6f, 0x1b,
  0xe7, 0xf2, 0x8d, 0x30, 0x9a, 0x9b, 0x54, 0xb4, 0xf3, 0xd5, 0x50, 0x00,
  0xd3, 0xbd, 0x01, 0x94, 0xf8, 0xd3, 0xf9, 0xc9, 0x9c, 0x7f, 0xb0, 0xcf,
  0x7b, 0xd2, 0xbc, 0xda, 0x97, 0x26, 0x60, 0x49, 0xa7, 0x1b, 0xe7, 0x23,
  0xf9, 0xed, 0xed, 0x1e, 0xcd, 0x34, 0x5e, 0x63, 0x5b, 0x52, 0x39, 0x41,
  0xd9, 0x2a, 0xd4, 0xc3, 0x0a, 0xf8, 0xf6, 0x41, 0xbc, 0xb0, 0x07, 0x4c,
  0xac, 0xed, 0xb8, 0x21, 0xde, 0x34, 0xc8, 0xe1, 0x91, 0xd6, 0xd5, 0xf7,
  0x8e, 0x90, 0xbe, 0x1c, 0xf5, 0x98, 0x21, 0xa8, 0x43, 0xbd, 0xd8, 0xe9,
  0xff, 0xeb, 0x2a, 0x4b, 0xcc, 0x4e, 0xad, 0xb9, 0xfa, 0x16, 0x25, 0xbd,
  0xfd, 0x9e, 0x37, 0xb1, 0x05, 0xca, 0xfa, 0x13, 0x54, 0x47, 0xa7, 0xee,
  0x2b, 0x64, 0x52, 0xdd, 0xbb, 0xa4, 0x9f, 0xe4, 0xc3, 0xb5, 0xa4, 0xe3,
  0x16, 0x5e, 0x00, 0x3e, 0x2c, 0x40, 0x03, 0x5b, 0x37, 0xac, 0x51, 0x00,
  0x98, 0x5c, 0x81, 0x37, 0x8f, 0xf4, 0x1d, 0xc4, 0x14, 0xb3, 0xb6, 0x38,
  0xcd, 0x17, 0x28, 0xdb, 0x05, 0xc4, 0x62, 0x40, 0x27, 0xaa, 0x5a, 0x3f,
  0xa6, 0xb1, 0x9f, 0xba, 0xcf, 0x68, 0xf9, 0x39, 0x0e, 0x1d, 0xae, 0xf0,
  0xd2, 0x44, 0x3d, 0xee, 0xd8, 0xcd, 0x1d, 0x0d, 0xe3, 0x26, 0x02, 0x38,
  0xed, 0x26, 0x16, 0x17, 0xc0, 0xd5, 0xe7, 0x16, 0x23, 0xde, 0xb8, 0xe1,
  0xd3, 0x00, 0x24, 0x4c, 0xcf, 0x8e, 0xa8, 0x89, 0x86, 0xb9, 0xcb, 0x81,
  0x3e, 0x2a, 0x3c, 0x27, 0xec, 0xd8, 0x1d, 0xae, 0xef, 0x24, 0xe7, 0xa5,
  0x8b, 0x53, 0xe3, 0x14, 0xd4, 0xaa, 0xb7, 0x42, 0xc5, 0xac, 0x33, 0xcc,
  0xb2, 0x44, 0x8e, 0xa2, 0xd6, 0xd7, 0x0d, 0xa3, 0x54, 0xa0, 0xad, 0x61,
  0xe9, 0x70, 0x62, 0xc5, 0x55, 0xc6, 0xdc, 0x57, 0xfa, 0xa1, 0x3e, 0xd8,
  0xb5, 0xc9, 0xb0, 0xee, 0x99, 0x1d, 0x00, 0x0d, 0x6a, 0x91, 0x9d, 0x39,
  0x14, 0xaf, 0xca, 0x36, 0xd7, 0xfe, 0x87, 0xba, 0xda, 0x31, 0xf6, 0xf5,
  0x0d, 0xae, 0x3f, 0xe4, 0xf0, 0xdf, 0xc8, 0x3d, 0xe8, 0x4d, 0x47, 0x15,
  0xc4, 0x0d, 0xf6, 0xce, 0xb6, 0xb2, 0xde, 0xed, 0x9c, 0x81, 0x31, 0xff,
  0xd9, 0x00, 0x8e, 0xb5, 0xa9, 0xb8, 0xc5, 0x29, 0xff, 0xaa, 0x05, 0x37,
  0x0e, 0xa1, 0x63, 0xe6, 0x1a, 0xf9, 0x58, 0xb9, 0x33, 0x37, 0x37, 0x36,
  0x54, 0x4c, 0x09, 0x30, 0x52, 0xd8, 0xda, 0xd4, 0x0e, 0xc6, 0x5a, 0x6a,
  0xd1, 0xc6, 0x55, 0x91, 0x62, 0xaa, 0xbf, 0xef, 0xf8, 0xbe, 0xd9, 0x33,
  0x9a, 0xfa, 0xda, 0xd2, 0x40, 0xbb, 0x04, 0x38, 0x90, 0x25, 0x34, 0xc9,
  0xbc, 0xc4, 0xa4, 0x86, 0xc4, 0xf3, 0xde, 0xff, 0x4a, 0x72, 0xf2, 0xd7,
  0xd3, 0xcc, 0xb2, 0x54, 0xae, 0xe5, 0x40, 0xa8, 0xa2, 0xb4, 0xe2, 0x1a,
  0xe1, 0x46, 0xff, 0x49, 0x46, 0x0d, 0xf3, 0xad, 0x4b, 0xec, 0x56, 0x3e,
  0xf9, 0x4f, 0xc6, 0xb7, 0x6a, 0x15, 0x69, 0x97, 0x2b, 0x35, 0xb5, 0xb0,
  0x42, 0x94, 0x60, 0x81, 0x07, 0x8a, 0x0e, 0xcf, 0xbd, 0xf8, 0xca, 0x2a,
  0x74, 0xa9, 0xe6, 0x02, 0x4e, 0xf1, 0xc5, 0x37, 0x70, 0x37, 0xe6, 0xfd,
  0xcd, 0x66, 0x49, 0x69, 0x64, 0x02, 0x4f, 0xba, 0xda, 0xe7, 0xf7, 0xfc,
  0xcf, 0xf7, 0xb6, 0x7f, 0xb7, 0x6a, 0xbf, 0xec, 0xa4, 0xfd, 0xa8, 0xdc,
  0x55, 0xad, 0x3f, 0xf7, 0xd4, 0xe5, 0x0e, 0x59, 0xe8, 0xbd, 0xe8, 0xb0,
  0x04, 0x66, 0x6a, 0xc4, 0xdd, 0x94, 0x48, 0xf5, 0x29, 0x60, 0x53, 0x20,
  0x4b, 0x4f, 0x17, 0x36, 0xbd, 0x4d, 0xb6, 0x2d, 0xce, 0x57, 0x16, 0x53,
  0x2b, 0x43, 0x10, 0xaa, 0xc5, 0x17, 0xbc, 0xdc, 0x34, 0x1b, 0x4b, 0xa5,
  0xb8, 0x1c, 0x1a, 0xcd, 0xf9, 0xee, 0xa8, 0xe0, 0x2d, 0x63, 0xb9, 0xe3,
  0x05, 0x36, 0x9a, 0xea, 0x1f, 0xb3, 0x38, 0x04, 0x2d, 0xa8, 0xc6, 0x2f,
  0x2b, 0x25, 0xc1, 0x0d, 0x2f, 0x20, 0x11, 0x4b, 0xee, 0x21, 0x46, 0xaa,
  0x2d, 0x9d, 0x2e, 0x3f, 0xf6, 0x45, 0x81, 0x52, 0x9c, 0xad, 0xf1, 0xf7,
  0x38, 0xc2, 0xa5, 0xda, 0x3b, 0x69, 0xa7, 0xc4, 0x5c, 0xab, 0x1f, 0x2e,
  0x28, 0xcb, 0x38, 0xf0, 0xf3, 0x2c, 0xd1, 0x22, 0xd4, 0x24, 0xa4, 0xee,
  0x91, 0xf1, 0x49, 0x72, 0x42, 0xb9, 0xac, 0x63, 0xf0, 0x59, 0xcd, 0x11,
  0x1b, 0xa2, 0x4a, 0xfd, 0xc0, 0x17, 0xdd, 0xed, 0x0e, 0x0a, 0xf6, 0x4d,
  0xe2, 0x1f, 0x33, 0xc0, 0x4d, 0xcc, 0xad, 0xd3, 0x3b, 0x20, 0x1e, 0xf7,
  0x4e, 0x28, 0xbd, 0xf3, 0x26, 0x55, 0xb2, 0x90, 0xa1, 0x4e, 0x01, 0x29,
  0xef, 0xf1, 0xd8, 0x38, 0x3e, 0x53, 0x20, 0x59, 0xfc, 0xc2, 0xc1, 0xd5,
  0x03, 0x18, 0x9d, 0x54, 0x01, 0x27, 0xb5, 0xdd, 0xff, 0x17, 0x28, 0xcf,
  0x5a, 0xee, 0x3b, 0x42, 0xdb, 0x47, 0xe6, 0x51, 0x1b, 0x94, 0x37, 0x37,
  0x41, 0x81, 0x89, 0xa4, 0x18, 0x98, 0x0a, 0xda, 0xaa, 0x59, 0x33, 0xf9,
  0xef, 0xb1, 0x5f, 0x10, 0xa0, 0x04, 0x10, 0x1e, 0xdc, 0xc5, 0xdb, 0x0b,
  0x07, 0x4c, 0x03, 0xaf, 0x01, 0xd6, 0x81, 0x3c, 0x69, 0xbb, 0xe1, 0xc1,
  0x2a, 0xe1, 0xe3, 0xeb, 0x91, 0x33, 0xea, 0xfc, 0xce, 0x9d, 0xa5, 0x4b,
  0xf4, 0xf5, 0x03, 0x04, 0x4f, 0xac, 0x4e, 0x4c, 0x4e, 0xc0, 0x54, 0x6e,
  0xf8, 0xed, 0x67, 0x5f, 0x44, 0xac, 0xbf, 0xc5, 0x07, 0x2a, 0xc7, 0xd1,
  0xf2, 0x9f, 0xca, 0x03, 0xf5, 0xa0, 0xa8, 0xb7, 0xa4, 0x4c, 0x31, 0x5b,
  0x34, 0x57, 0x9c, 0x61, 0x08, 0x1e, 0xaa, 0xcb, 0xa4, 0xd5, 0xe2, 0x87,
  0xd0, 0xd7, 0xce, 0x28, 0x7b, 0x5d, 0xe6, 0x57, 0xd8, 0x90, 0x05, 0x84,
  0x8b, 0xbb, 0x8a, 0x7e, 0x65, 0x0f, 0x3e, 0x16, 0x01, 0xd7, 0x4c, 0xf5,
  0xcd, 0x3b, 0xd5, 0x81, 0x50, 0xf1, 0x2d, 0xb2, 0x36, 0xe1, 0xcd, 0xdc,
  0xde, 0x3f, 0x5d, 0xb1, 0xe6, 0x15, 0xf3, 0xbb, 0x06, 0xc1, 0x66, 0xda,
  0x4a, 0x02, 0x30, 0x29, 0x21, 0x1c, 0x56, 0x59, 0x51, 0x66, 0x4c, 0x5a,
  0x64, 0x5c, 0xc4, 0xb4, 0x6d, 0xd4, 0xab, 0x4a, 0xd8, 0x02, 0xd9, 0x08,
  0xc1, 0xec, 0xfe, 0xff, 0xee, 0x14, 0xab, 0x75, 0x16, 0xcf, 0x00, 0x1f,
  0xf2, 0x37, 0xc7, 0xc3, 0xee, 0xf7, 0xe7, 0x12, 0xe1, 0xb9, 0x12, 0xed,
  0xa4, 0x0f, 0xc6, 0x0b, 0xe9, 0xc1, 0x12, 0xd2, 0x53, 0x3c, 0x1b, 0xf9,
  0xc0, 0xb0, 0x3b, 0x1f, 0x1a, 0x03, 0xb7, 0x48, 0x01, 0x33, 0xf9, 0x09,
  0x54, 0x38, 0xa4, 0x32, 0x69, 0x69, 0x44, 0x24, 0xbc, 0x55, 0x7a, 0x11,
  0x6c, 0xb1, 0x43, 0xcd, 0xb9, 0x0c, 0x02, 0x1f, 0x92, 0xd7, 0xbf, 0xcf,
  0xb8, 0x8f, 0x35, 0x7f, 0xe2, 0x01, 0x91, 0x95, 0xf0, 0xa9, 0x81, 0xa0,
  0x9e, 0x31, 0xc5, 0xe0, 0xe2, 0xf7, 0x98, 0x89, 0x95, 0xee, 0x2b, 0xf8,
  0x99, 0x3e, 0xba, 0x26, 0xea, 0x42, 0x4f, 0xce, 0xe9, 0x07, 0xfa, 0x2a,
  0xc5, 0xc1, 0xa2, 0x33, 0x2a, 0x3c, 0xe6, 0xdc, 0xc9, 0x44, 0x1c, 0x14,
  0x26, 0x37, 0xc9, 0x13, 0x4a, 0x25, 0x8c, 0x3d, 0xb1, 0x5f, 0xdb, 0x06,
  0x3c, 0xdc, 0x23, 0x50, 0xfc, 0x20, 0xd6, 0x12, 0x42, 0x98, 0xba, 0x0a,
  0x28, 0x17, 0x2c, 0x2f, 0xce, 0xd0, 0xfd, 0xbb, 0xc3, 0x19, 0x3f, 0x3b,
  0x3c, 0xe2, 0xf4, 0x24, 0xc6, 0x45, 0xb9, 0xc2, 0x56, 0x0f, 0xa4, 0xc3,
  0xdd, 0xd3, 0xb7, 0xb5, 0xbe, 0xa7, 0x08, 0x65, 0x10, 0xf4, 0xed, 0x96,
  0x0d, 0x76, 0x44, 0x15, 0xdf, 0x35, 0xfe, 0xae, 0xee, 0x51, 0xb3, 0x45,
  0x19, 0xc6, 0x5b, 0x5c, 0x2d, 0x12, 0xc9, 0x52, 0x3d, 0x19, 0xd2, 0xbb,
  0x20, 0x09, 0x13, 0x17, 0x20, 0xba, 0x22, 0xd8, 0xea, 0x39, 0xfe, 0x12,
  0x2a, 0xdc, 0xad, 0x06, 0x9f, 0x63, 0xe7, 0x4f, 0xf8, 0xb7, 0x31, 0x25,
  0xec, 0x6e, 0xd4, 0x63, 0x5f, 0x4c, 0x47, 0x27, 0xbf, 0x10, 0x4f, 0x38,
  0x0e, 0x1d, 0x00, 0x0f, 0x14, 0xfd, 0xe8, 0x21, 0xfd, 0x5c, 0xe6, 0x27,
  0x4e, 0x22, 0x81, 0x60, 0xcf, 0x24, 0xa8, 0x39, 0xf2, 0x61, 0xce, 0xae,
  0xfd, 0x78, 0xec, 0xf4, 0xbc, 0xb4, 0xf1, 0xdd, 0xc3, 0xf3, 0xfa, 0xd1,
  0xbf, 0xe9, 0x06, 0xb9, 0xfc, 0x12, 0xac, 0x34, 0x25, 0xcb, 0xbe, 0xf3,
  0x94, 0xfe, 0x02, 0xb3, 0xbe, 0x39, 0x11, 0xda, 0x3e, 0xec, 0x46, 0x3b,
  0xd1, 0xb0, 0xd9, 0xca, 0x35, 0x11, 0x4c, 0x1d, 0xdf, 0xab, 0xfa, 0xc2,
  0x3b, 0x24, 0xfe, 0xd6, 0x31, 0xe0, 0x14, 0xda, 0x4a, 0x1f, 0xcc, 0x15,
  0x06, 0x81, 0xd1, 0xb4, 0xca, 0xf0, 0xe4, 0xe5, 0x25, 0x24, 0xd6, 0x3f,
  0x3c, 0x31, 0xbe, 0x2a, 0xe7, 0xf8, 0xe8, 0xee, 0x47, 0xf8, 0x08, 0x13,
  0x17, 0xe1, 0xdb, 0x40, 0x47, 0x08, 0xc9, 0x0d, 0x15, 0xf0, 0xc3, 0xbb,
  0xb2, 0x13, 0xc9, 0x01, 0x74, 0x96, 0x11, 0x5e, 0xc0, 0x9a, 0x93, 0x0f,
  0x66, 0xd1, 0xe5, 0x88, 0x56, 0x45, 0x4b, 0x22, 0x6d, 0x7d, 0xa9, 0x4a,
  0xed, 0xb3, 0xf5, 0xb6, 0x30, 0xea, 0x92, 0xbc, 0x41, 0xfc, 0x61, 0xc8,
  0x65, 0xae, 0x78, 0x4d, 0x22, 0x00, 0x81, 0x24, 0xe5, 0x46, 0x72, 0x41,
  0x3c, 0xf5, 0x4e, 0xca, 0xd6, 0xf9, 0xb0, 0x90, 0xac, 0x64, 0x48, 0x8c,
  0xe3, 0xf3, 0x25, 0x2a, 0xa0, 0x38, 0xa2, 0xc6, 0x0b, 0xdd, 0x31, 0x34,
  0x6f, 0xd9, 0x23, 0x62, 0x18, 0x39, 0xe8, 0x47, 0xe6, 0x51, 0x08, 0x4f,
  0x01, 0x10, 0x5f, 0x17, 0xb1, 0x69, 0xab, 0x9a, 0x1d, 0xaa, 0x25, 0xa6,
  0x44, 0x22, 0x31, 0xac, 0xc9, 0xa7, 0xd0, 0xdc, 0xd9, 0xae, 0xae, 0x9e,
  0xb6, 0x42, 0xec, 0x18, 0xed, 0x3b, 0x9c, 0xef, 0x25, 0xef, 0xeb, 0xab,
  0xb2, 0xb1, 0x25, 0xaf, 0x48, 0xbf, 0xf4, 0x3a, 0x13, 0x5e, 0x57, 0xb9,
  0xc9, 0x24, 0xe5, 0xd8, 0x27, 0x85, 0x56, 0x19, 0x9f, 0x0b, 0x3a, 0xc7,
  0xac, 0x81, 0x08, 0xfa, 0xf9, 0x30, 0xe8, 0x3e, 0x19, 0xdc, 0x01, 0x6f,
  0xee, 0x2e, 0xcf, 0xa9, 0xf9, 0x50, 0xc0, 0x32, 0xfd, 0x23, 0x8d, 0x23,
  0xe7, 0xc3, 0x0d, 0x39, 0xb8, 0x42, 0x0e, 0xe5, 0xfb, 0xe6, 0xd6, 0x42,
  0xc6, 0x19, 0x9c, 0x28, 0x14, 0x30, 0xd4, 0xe4, 0xd1, 0x9b, 0x3a, 0xd5,
  0xd1, 0x4a, 0xfe, 0xf8, 0x46, 0x33, 0x3c, 0xa7, 0x05, 0xa9, 0xc2, 0xec,
  0xe8, 0xb7, 0xb4, 0x44, 0xf5, 0xa7, 0x45, 0x78, 0xaf, 0x35, 0x0f, 0x60,
  0xe9, 0x5d, 0x7f, 0xbd, 0x3e, 0xa2, 0xcf, 0xfd, 0x4f, 0x02, 0x5e, 0x2a,
  0xfa, 0x5e, 0x94, 0x1f, 0x98, 0x1e, 0xd8, 0x47, 0xb9, 0x6a, 0x12, 0xa1,
  0xca, 0xe7, 0x2f, 0x6b, 0xe3, 0x67, 0xf1, 0x25, 0xe1, 0x35, 0x3b, 0xe9,
  0x64, 0xd6, 0xef, 0x58, 0xde, 0x8c, 0xf1, 0x9d, 0x3f, 0x2b, 0x1f, 0x88,
  0xfe, 0xa4, 0xeb, 0xd5, 0x6a, 0x2c, 0x76, 0xf8, 0x30, 0x6e, 0x6a, 0x4c,
  0x07, 0xae, 0xfb, 0x2f, 0x4a, 0x22, 0x69, 0x60, 0xe7, 0x68, 0xa8, 0x0f,
  0xc1, 0x83, 0x10, 0xcd, 0x47, 0xf6, 0x7c, 0x2f, 0x00, 0x10, 0x3c, 0xf7,
  0x27, 0x20, 0xf0, 0x2e, 0x28, 0x54, 0x29, 0x00, 0x55, 0x33, 0x48, 0x4c,
  0x2b, 0xf0, 0x35, 0xdc, 0x23, 0xc1, 0xbf, 0x2e, 0x54, 0xf1, 0x35, 0x01,
  0xcb, 0xe9, 0x43, 0x59, 0xe8, 0xf8, 0xc6, 0xc9, 0x26, 0x44, 0x58, 0x02,
  0x5d, 0xd0, 0xfc, 0xd3, 0xc5, 0x39, 0xeb, 0xdc, 0xb6, 0x5b, 0xc9, 0x19,
  0xc2, 0x04, 0x65, 0x08, 0x50, 0x20, 0xca, 0xe1, 0x20, 0x38, 0xd1, 0x28,
  0x58, 0xbb, 0xdb, 0xbc, 0xf5, 0x35, 0x22, 0xda, 0x9e, 0x7f, 0x2c, 0xe4,
  0xdc, 0x5e, 0x3b, 0xb0, 0x08, 0x37, 0x1b, 0xa5, 0x19, 0x3c, 0xe2, 0xf7,
  0xf2, 0x6a, 0x16, 0xf0, 0xe1, 0x35, 0xd8, 0x6b, 0xce, 0x62, 0x3f, 0xe7,
  0x6c, 0xb2, 0xfd, 0xc5, 0xf4, 0x52, 0x68, 0x95, 0xcd, 0xbb, 0xce, 0x72,
  0x69, 0xbd, 0x2c, 0xe1, 0x06, 0x12, 0xff, 0x6a, 0xf4, 0xc6, 0xe6, 0xfb,
  0x14, 0xf1, 0x05, 0xcf, 0xc5, 0x9f, 0x69, 0x1c, 0x74, 0x5e, 0xc5, 0x05,
  0x2e, 0xaa, 0xbc, 0x24, 0x64, 0xd4, 0x47, 0x0e, 0x9b, 0x49, 0x19, 0x6b,
  0xb1, 0x31, 0x8d, 0x16, 0xc3, 0x24, 0x1b, 0x93, 0xca, 0xdd, 0xb5, 0xe1,
  0x1c, 0xb2, 0x37, 0x0b, 0x39, 0x67, 0x63, 0xf2, 0x14, 0x7f, 0x5b, 0xbf,
  0xaa, 0xaf, 0xe6, 0x9f, 0x03, 0x66, 0x2d, 0x21, 0xd7, 0xd0, 0x22, 0x30,
  0x36, 0x65, 0xe1, 0x2f, 0xaf, 0x55, 0x0c, 0x1f, 0x34, 0x12, 0xb5, 0x52,
  0x55, 0xe4, 0x48, 0xe5, 0xa2, 0x24, 0xa2, 0xdb, 0x46, 0x46, 0x26, 0x1c,
  0x31, 0x49, 0xce, 0x21, 0x15, 0xfd, 0x4e, 0xe6, 0x26, 0xcc, 0xcb, 0x10,
  0xad, 0x3b, 0x54, 0x5f, 0x0c, 0xc3, 0xb3, 0xfb, 0x1c, 0xcc, 0xb0, 0xef,
  0x45, 0xa5, 0x59, 0xe0, 0xd5, 0xdd, 0xdb, 0x1e, 0x48, 0xe9, 0xdc, 0xf1,
  0xb7, 0xd3, 0x9c, 0xdd, 0x0c, 0xe1, 0xb3, 0x25, 0x9d, 0xec, 0xe7, 0x4b,
  0x15, 0x3b, 0xb4, 0x96, 0xe9, 0xbe, 0x16, 0x5a, 0xa9, 0xfb, 0x20, 0x4e,
  0xdd, 0xb3, 0x7f, 0xcb, 0xf2, 0xf4, 0xc8, 0xab, 0xb8, 0x35, 0x52, 0x42,
  0xe6, 0xc6, 0xaf, 0x64, 0x06, 0xea, 0xcc, 0x13, 0xd7, 0x30, 0xfa, 0x57,
  0x36, 0xd4, 0x33, 0xba, 0xd2, 0xe9, 0xd1, 0xc1, 0x13, 0x66, 0x9b, 0x23,
  0x54, 0x1e, 0xe1, 0xa3, 0x15, 0x9f, 0xa1, 0x39, 0x33, 0x19, 0xda, 0xe2,
  0x7a, 0x19, 0xde, 0xec, 0x30, 0x09, 0x0a, 0x36, 0xdc, 0x50, 0x10, 0x5e,
  0x8b, 0x7e, 0x71, 0xd6, 0xd4, 0xdb, 0x37, 0x03, 0xc9, 0xff, 0xaf, 0x98,
  0xcc, 0xae, 0x77, 0x48, 0x26, 0xe5, 0x3b, 0xd4, 0x2e, 0x11, 0x49, 0x69,
  0xba, 0xa0, 0x1d, 0xab, 0x15, 0xed, 0x7f, 0x59, 0x47, 0x3f, 0x43, 0xcb,
  0xec, 0xad, 0x44, 0xa2, 0x68, 0x38, 0x5f, 0xb9, 0xa0, 0xc4, 0xff, 0x78,
  0xe2, 0x63, 0x3e, 0xd2, 0x09, 0x24, 0x4b, 0xff, 0xe7, 0xcf, 0x47, 0x0b,
  0xfe, 0xda, 0x4e, 0xbb, 0xf4, 0xcd, 0xed, 0xcd, 0x5e, 0xbe, 0x30, 0x2e,
  0xa9, 0x49, 0x0d, 0x25, 0x01, 0xd9, 0xfe, 0xc6, 0x59, 0xda, 0x1b, 0x4b,
  0x1f, 0xaa, 0x06, 0xc1, 0xc0, 0xa3, 0xe7, 0x9e, 0x4f, 0xee, 0xeb, 0xc7,
  0xcb, 0x25, 0x31, 0xd1, 0x3f, 0x44, 0x64, 0xed, 0x15, 0xb1, 0x2d, 0x5a,
  0x40, 0xa5, 0x54, 0xb8, 0x26, 0x40, 0xe3, 0x54, 0x31, 0xcc, 0xaa, 0x05,
  0xda, 0x11, 0xa1, 0xac, 0xe4, 0x51, 0x50, 0x46, 0x95, 0xcd, 0x15, 0xed,
  0x24, 0x0e, 0x7f, 0xa4, 0x35, 0xfd, 0x08, 0xa3, 0xbf, 0xfd, 0xc5, 0xfa,
  0xdf, 0xcb, 0xfc, 0x52, 0xc1, 0x27, 0x01, 0x14, 0xcd, 0x2d, 0xe1, 0xc6,
  0x20, 0x81, 0x34, 0x28, 0x3a, 0xa8, 0xaf, 0xc6, 0x09, 0xea, 0x11, 0x26,
  0x3b, 0x43, 0xf4, 0xb5, 0xbd, 0xf8, 0x0f, 0xbf, 0xea, 0xb4, 0xeb, 0xc3,
  0xbd, 0xb7, 0x09, 0xad, 0x38, 0x3c, 0xbd, 0x08, 0x24, 0x42, 0xe4, 0xc5,
  0x06, 0x54, 0x0c, 0xf5, 0x3b, 0xd4, 0x09, 0x41, 0xde, 0xcb, 0xe4, 0x34,
  0x3a, 0x54, 0xf7, 0xe7, 0x35, 0xf2, 0xd9, 0x1f, 0xf7, 0x29, 0x04, 0x40,
  0xd9, 0xc0, 0x3d, 0xa9, 0x22, 0xc7, 0xf7, 0xed, 0xdb, 0x59, 0xc3, 0x40,
  0xea, 0xea, 0xfe, 0xdc, 0x11, 0x3c, 0xd4, 0x28, 0xff, 0x03, 0xc5, 0x19,
  0xba, 0xf3, 0xeb, 0xff, 0xfb, 0xf5, 0x31, 0x10, 0xdc, 0x3c, 0x9e, 0xd2,
  0xb6, 0x24, 0xda, 0x15, 0xf3, 0x4a, 0xe5, 0x07, 0xa9, 0xfe, 0xd5, 0xb6,
  0x3a, 0xcd, 0x51, 0x4d, 0x99, 0x1a, 0xfa, 0x4b, 0x46, 0x07, 0xe0, 0xfc,
  0x50, 0x88, 0xe4, 0x2d, 0x18, 0x3c, 0xe2, 0x3a, 0x81, 0x50, 0xbb, 0xf1,
  0x3b, 0xc8, 0xf7, 0xce, 0x50, 0xa2, 0xa2, 0x2a, 0x14, 0x9a, 0xf4, 0x25,
  0x07, 0x26, 0xc7, 0x16, 0xed, 0x1e, 0x09, 0x9a, 0x3e, 0xe6, 0x38, 0x2b,
  0x1c, 0xe8, 0x2e, 0x44, 0x85, 0xa0, 0x0c, 0x64, 0xe7, 0xe3, 0x07, 0x1d,
  0xea, 0x97, 0xc2, 0x35, 0x3e, 0x0e, 0x98, 0xfa, 0xa1, 0xe2, 0xe8, 0xcc,
  0xe9, 0x42, 0x91, 0xed, 0x26, 0xd1, 0xde, 0x3e, 0x62, 0xca, 0xc9, 0x51,
  0x29, 0xd5, 0x4e, 0xa8, 0x18, 0xc5, 0x0f, 0x3e, 0x36, 0x08, 0xce, 0xeb,
  0x4c, 0x56, 0x53, 0x49, 0x5e, 0x67, 0xb7, 0x2e, 0x02, 0xb4, 0x38, 0x2c,
  0xc5, 0x04, 0x1d, 0x47, 0xc1, 0x23, 0x2f, 0xa7, 0x46, 0x4f, 0xb4, 0x41,
  0xe6, 0x4a, 0xcc, 0xc9, 0x1c, 0xf9, 0x1e, 0xe5, 0x11, 0xd2, 0x4f, 0xe4,
  0xc7, 0xec, 0xe4, 0xbf, 0x21, 0x25, 0xf9, 0xfe, 0x45, 0xa9, 0xfd, 0x11,
  0x2f, 0xf9, 0xde, 0xdb, 0x30, 0x1e, 0x02, 0xe1, 0xf6, 0xc7, 0x7f, 0xc9,
  0xfb, 0x0a, 0x2a, 0xb9, 0xe0, 0xa0, 0x4c, 0xfa, 0x02, 0x51, 0xdb, 0x23,
  0x7d, 0xde, 0x5b, 0x5c, 0x5b, 0x23, 0x9a, 0xd4, 0x0a, 0xb4, 0x4f, 0x9a,
  0x6a, 0xa0, 0x06, 0x9e, 0xec, 0xe2, 0x2c, 0xd7, 0x3d, 0x09, 0xd7, 0x0b,
  0x12, 0x09, 0x08, 0x45, 0xf3, 0xe5, 0xf9, 0x8c, 0xa2, 0xd8, 0xe4, 0x3b,
  0xa8, 0x90, 0xe2, 0x67, 0xe3, 0xd3, 0xbb, 0xc8, 0xde, 0x40, 0x9f, 0x25,
  0x28, 0x13, 0x55, 0xda, 0x20, 0x5b, 0xe7, 0x8c, 0x55, 0xab, 0xe2, 0x95,
  0x2e, 0x27, 0x0d, 0x22, 0xa6, 0x19, 0x64, 0x41, 0xf2, 0x09, 0x97, 0x5a,
  0xb1, 0x95, 0x11, 0xcc, 0x36, 0xf6, 0xbc, 0x47, 0x45, 0x7f, 0x4c, 0xc4,
  0xfa, 0xc4, 0xf5, 0xd6, 0x0d, 0x97, 0xc3, 0xaa, 0x00, 0xe1, 0x29, 0x3c,
  0x08, 0xa0, 0x60, 0x1f, 0x2f, 0x23, 0x5c, 0x26, 0x47, 0x60, 0x62, 0xc3,
  0xe3, 0x3c, 0x08, 0xd6, 0x4a, 0xe3, 0xf6, 0xfd, 0x2a, 0xc6, 0xc2, 0xd0,
  0x56, 0xf1, 0xf6, 0xe9, 0xca, 0x1a, 0x2f, 0x11, 0x5f, 0x16, 0xc2, 0xd5,
  0xc7, 0x22, 0x14, 0x16, 0x32, 0xc5, 0x0b, 0xb7, 0xfe, 0xf6, 0x27, 0xb2,
  0xfd, 0x09, 0x3b, 0x4a, 0x0f, 0x51, 0xd6, 0x0c, 0xc3, 0x45, 0x2f, 0xfe,
  0x0d, 0xbe, 0x44, 0xe7, 0xfe, 0xdf, 0x38, 0x03, 0x47, 0xd0, 0xc6, 0x2a,
  0xce, 0xe3, 0xe1, 0xab, 0x41, 0xe6, 0x7f, 0xd0, 0xb1, 0xd9, 0xfe, 0x17,
  0x3a, 0xad, 0x4c, 0xb5, 0xaf, 0xc1, 0xf0, 0xba, 0x21, 0x70, 0xe2, 0x21,
  0xd8, 0x12, 0xea, 0x06, 0x43, 0xe6, 0x6a, 0xdd, 0x34, 0xbd, 0x79, 0xe9,
  0x5d, 0xd8, 0xc4, 0x08, 0x7f, 0xf1, 0xc9, 0x3d, 0x1b, 0x16, 0xbc, 0x7d,
  0xb0, 0x43, 0x01, 0xb3, 0x43, 0x30, 0xa9, 0xc5, 0xab, 0x0a, 0x97, 0x4e,
  0x9d, 0xdb, 0x29, 0xfa, 0x63, 0x5f, 0xc6, 0x6f, 0x36, 0xeb, 0xbc, 0x3e,
  0x61, 0x0b, 0x70, 0xf7, 0x17, 0x24, 0x55, 0xc3, 0xc9, 0x4d, 0x5a, 0x60,
  0x4e, 0xf9, 0x57, 0xbe, 0x5e, 0xad, 0xd1, 0x00, 0x5f, 0xcb, 0x49, 0xde,
  0x0a, 0x12, 0xb9, 0x12, 0x7e, 0x50, 0xc6, 0x01, 0xad, 0x45, 0xad, 0x9b,
  0x1a, 0x53, 0xa3, 0x56, 0x57, 0x23, 0xed, 0x34, 0x20, 0xce, 0xda, 0x79,
  0xc8, 0xe0, 0xff, 0xff, 0xe0, 0x61, 0x2e, 0x39, 0xf8, 0xc6, 0x05, 0x4c,
  0xe0, 0x58, 0xd3, 0x36, 0xac, 0x22, 0x2c, 0xfb, 0x1f, 0xf3, 0xdb, 0x60,
  0x0d, 0x65, 0x12, 0x1f, 0xf3, 0x54, 0xd3, 0x1c, 0x1b, 0xff, 0x52, 0x4f,
  0x18, 0x4e, 0xd8, 0x42, 0x50, 0x45, 0xc7, 0xfc, 0x0a, 0xc0, 0xdf, 0xec,
  0x0b, 0xd6, 0xc5, 0x27, 0x54, 0x0b, 0x30, 0x4b, 0xb9, 0x1c, 0x48, 0xfd,
  0xb1, 0x03, 0xd8, 0x10, 0x14, 0xa3, 0x0e, 0x55, 0xc7, 0xac, 0xcb, 0x06,
  0xb6, 0x57, 0xe4, 0x37, 0x1b, 0x4f, 0x2d, 0x2f, 0x8a, 0x4e, 0x1d, 0xbe,
  0x7f, 0xe6, 0x7d, 0xcb, 0x93, 0xbd, 0x90, 0x32, 0xe0, 0x37, 0xae, 0x55,
  0x13, 0x1b, 0x6b, 0x1b, 0xf5, 0x0d, 0xe8, 0xb3, 0x18, 0xc5, 0xe0, 0xa8,
  0xe7, 0x46, 0xd4, 0x20, 0xf8, 0x08, 0x2c, 0xda, 0xf9, 0xcf, 0x1c, 0xa2,
  0x29, 0x3d, 0x1e, 0xca, 0x38, 0x0d, 0x45, 0x0d, 0x43, 0xbb, 0xa6, 0xfb,
  0xff, 0x26, 0xca, 0x19, 0xd5, 0xb5, 0x4b, 0xfb, 0xda, 0xe4, 0xad, 0xd2,
  0x0d, 0x1d, 0xd5, 0xd9, 0xe2, 0xbc, 0xe3, 0xbf, 0xa7, 0xad, 0xbc, 0x42,
  0x95, 0xc1, 0x0a, 0xcb, 0x1d, 0xe8, 0xd2, 0xe9, 0xd2, 0xc0, 0x03, 0x56,
  0x95, 0xe2, 0x9e, 0xde, 0x0a, 0xca, 0x81, 0xbf, 0x11, 0x14, 0x01, 0xcd,
  0xb3, 0x1a, 0xdd, 0x4e, 0x26, 0x0b, 0x1b, 0x4f, 0x34, 0xae, 0x3d, 0x28,
  0xf8, 0x6b, 0xe7, 0xff, 0x12, 0x8b, 0x1e, 0xec, 0xf1, 0x18, 0xf6, 0x42,
  0x1b, 0xf3, 0x4f, 0x2b, 0x2f, 0x3a, 0xd8, 0xb9, 0xe4, 0xdb, 0xad, 0xd5,
  0xd9, 0xc7, 0x5a, 0x8a, 0xe8, 0xcc, 0x55, 0xec, 0x40, 0x03, 0x4d, 0x48,
  0xd6, 0x55, 0x52, 0xd2, 0x44, 0x56, 0xe2, 0x2f, 0xa1, 0x70, 0x0d, 0x9f,
  0x37, 0x5a, 0x45, 0x56, 0x9e, 0xad, 0x08, 0xad, 0xa4, 0xc7, 0xe5, 0x03,
  0xfd, 0x11, 0x47, 0x7f, 0xb3, 0x55, 0x20, 0x0d, 0xa3, 0x26, 0x5e, 0xa7,
  0x67, 0x27, 0xe6, 0x31, 0xae, 0x10, 0xd8, 0xc6, 0xe1, 0x29, 0x63, 0x34,
  0xd2, 0xd2, 0x0e, 0x0c, 0x6b, 0xa0, 0x14, 0x35, 0x37, 0xe1, 0xdd, 0xa6,
  0x36, 0x50, 0x12, 0x2c, 0x12, 0x09, 0x25, 0x35, 0x0a, 0x86, 0x9e, 0xc9,
  0xc7, 0x08, 0xe1, 0xc1, 0x21, 0xf3, 0x00, 0xe3, 0xf6, 0x1e, 0xc3, 0xfd,
  0x93, 0x2f, 0x52, 0x48, 0xd1, 0xa8, 0x69, 0x4c, 0x17, 0xa4, 0xda, 0xf5,
  0x54, 0x16, 0xfe, 0x3b, 0xd7, 0xbd, 0xc3, 0x00, 0x42, 0xc2, 0x2c, 0xa2,
  0x01, 0xe9, 0x98, 0xb2, 0x38, 0x15, 0xa2, 0x61, 0xcb, 0xda, 0xb7, 0x13,
  0x16, 0xd9, 0xff, 0xbb, 0xd1, 0x56, 0xf3, 0x33, 0xdd, 0x22, 0x16, 0x08,
  0xb4, 0x38, 0x48, 0xeb, 0x20, 0xe3, 0xfb, 0x7f, 0xd1, 0xa5, 0xa4, 0xdc,
  0xe2, 0x1e, 0xcd, 0x17, 0x27, 0xf2, 0x71, 0xf3, 0xb2, 0xac, 0x05, 0x92,
  0x9b, 0xe5, 0x2c, 0xfa, 0xa3, 0xb1, 0x9f, 0xbb, 0xd6, 0x19, 0xc2, 0xb4,
  0x2a, 0x1e, 0xec, 0xa3, 0x9c, 0x47, 0x9b, 0x2a, 0xb3, 0xab, 0x1a, 0xd6,
  0x5f, 0xb4, 0x44, 0xd1, 0x62, 0xde, 0xa5, 0x1c, 0xac, 0x2e, 0xe2, 0x02,
  0xe5, 0x19, 0x1c, 0xe2, 0x56, 0xad, 0xd8, 0x3a, 0x69, 0xe7, 0x76, 0x08,
  0x45, 0x04, 0x25, 0x62, 0x41, 0xf7, 0x7f, 0xd6, 0x3b, 0xce, 0xd1, 0xe0,
  0xcc, 0x53, 0x31, 0x54, 0x5a, 0x92, 0xff, 0x2e, 0x26, 0xe7, 0x37, 0xf5,
  0xa1, 0x29, 0x5d, 0xe5, 0xbe, 0xc4, 0x20, 0xba, 0xe2, 0xdc, 0xfb, 0x90,
  0x4f, 0xc4, 0xa3, 0xe3, 0xe4, 0x61, 0x02, 0x54, 0x15, 0x32, 0xaf, 0xbd,
  0x1e, 0xb7, 0xac, 0x13, 0x27, 0x7f, 0xf7, 0x4c, 0xd9, 0xf1, 0xce, 0x4f,
  0x2a, 0x49, 0xbe, 0xf0, 0x32, 0xfc, 0x43, 0xc0, 0x61, 0x3a, 0x4a, 0xe8,
  0xee, 0xcd, 0x0f, 0x44, 0x67, 0xff, 0xf6, 0xce, 0xd3, 0x0b, 0xe2, 0x11,
  0xca, 0xd5, 0xe8, 0x4a, 0xce, 0xda, 0x1e, 0x0c, 0xef, 0x4f, 0xa4, 0x04,
  0x0e, 0xd9, 0xd2, 0xef, 0x1b, 0x23, 0xd5, 0x05, 0x22, 0x24, 0x2e, 0x28,
  0xc7, 0xc8, 0xc1, 0xec, 0x13, 0xca, 0xc0, 0xd7, 0xe3, 0xc6, 0x33, 0xcb,
  0xda, 0xb0, 0x0c, 0x48, 0xeb, 0xd1, 0x00, 0xb1, 0x03, 0x25, 0xde, 0xb1,
  0x89, 0x22, 0x8f, 0xdc, 0xe0, 0xda, 0xb8, 0x27, 0x30, 0xb7, 0xad, 0x8c,
  0xbc, 0x47, 0xc7, 0x93, 0xee, 0xdb, 0x61, 0x8b, 0xf1, 0x48, 0xdb, 0xb2,
  0xf1, 0x68, 0x37, 0x58, 0x43, 0x15, 0xf0, 0x49, 0x10, 0xf1, 0x24, 0xe8,
  0x3e, 0xa5, 0xdd, 0xcb, 0x4e, 0x1a, 0x0e, 0x67, 0xde, 0xb3, 0x6b, 0x7f,
  0xca, 0x59, 0xea, 0x55, 0x06, 0xda, 0x0b, 0x43, 0xc3, 0x5f, 0xbd, 0xec,
  0xd7, 0xf1, 0x1b, 0xd5, 0xfe, 0xb1, 0x21, 0x52, 0x38, 0xfe, 0x4c, 0x51,
  0xf3, 0xa8, 0xe6, 0x92, 0x4e, 0x07, 0xf0, 0xc4, 0x17, 0x1d, 0x33, 0xc1,
  0x00, 0x23, 0x29, 0xcb, 0xea, 0xb9, 0xa9, 0x95, 0xd4, 0x9a, 0x97, 0xd7,
  0xcf, 0x05, 0x18, 0xe3, 0x43, 0xa9, 0x55, 0xa9, 0x03, 0xb5, 0xb0, 0x69,
  0x47, 0x37, 0xd2, 0xa0, 0x14, 0x6b, 0x34, 0x05, 0xf5, 0x44, 0xa4, 0xa0,
  0xf0, 0x84, 0xdf, 0x3d, 0x14, 0x99, 0x1f, 0x93, 0xfd, 0xca, 0x4a, 0x77,
  0x3c, 0x6b, 0x9b, 0x56, 0x6e, 0x52, 0xf5, 0xa7, 0xd8, 0x19, 0xbf, 0xe0,
  0xfd, 0x28, 0x5a, 0x47, 0xf6, 0x19, 0x0b, 0xed, 0xf6, 0x2b, 0x4b, 0x08,
  0x05, 0xef, 0x9b, 0x22, 0x17, 0xc5, 0xe2, 0x11, 0xc4, 0xde, 0x22, 0xa7,
  0xe5, 0xe5, 0x0b, 0x6a, 0x14, 0x44, 0xe3, 0x7d, 0x13, 0x13, 0x0d, 0x2c,
  0x94, 0xb1, 0xf1, 0x4a, 0xc7, 0x45, 0xf7, 0xb9, 0x52, 0xe9, 0xa7, 0x1e,
  0x5b, 0x65, 0xe9, 0x39, 0x98, 0xfb, 0xbc, 0xb2, 0xa7, 0x42, 0x9e, 0xf9,
  0xc8, 0x58, 0x81, 0x14, 0xa7, 0x9f, 0xa6, 0x9d, 0xab, 0x68, 0xd4, 0xa9,
  0xf8, 0x26, 0xc1, 0xd6, 0x0f, 0xbe, 0x45, 0x32, 0x03, 0x29, 0x7d, 0xca,
  0xb9, 0x10, 0xb9, 0xac, 0x46, 0xc6, 0xa1, 0x68, 0x17, 0xbd, 0x10, 0x35,
  0xc8, 0x41, 0x64, 0x4c, 0x01, 0xc6, 0xcf, 0x40, 0x16, 0x24, 0x49, 0xa2,
  0x86, 0x62, 0xce, 0xdf, 0x2e, 0xec, 0x41, 0x8b, 0x81, 0x4c, 0x20, 0x23,
  0xee, 0x6d, 0xd0, 0x54, 0xdf, 0xdd, 0x31, 0xc2, 0xb9, 0xcc, 0xa3, 0xe8,
  0xf1, 0xab, 0xd9, 0xd0, 0xc5, 0xb6, 0x5c, 0xa4, 0x35, 0xbf, 0x39, 0xb1,
  0x25, 0xda, 0x5d, 0xf6, 0xab, 0x41, 0xaa, 0xb3, 0x90, 0x70, 0xd8, 0x18,
  0x64, 0xf7, 0x03, 0x32, 0xc7, 0x5f, 0xb4, 0xdd, 0x9a, 0x0f, 0x67, 0xc7,
  0x70, 0xff, 0x67, 0x3a, 0xca, 0xda, 0xd0, 0x0f, 0xec, 0x39, 0x78, 0xa4,
  0xf9, 0xe0, 0xbb, 0xea, 0xde, 0xdb, 0x47, 0x1a, 0xe2, 0x0d, 0xff, 0x6d,
  0x0d, 0x28, 0x02, 0xa0, 0x47, 0xf7, 0x98, 0xd2, 0x3f, 0x19, 0x79, 0x13,
  0xaf, 0x7a, 0x07, 0xf4, 0x06, 0x97, 0x15, 0xdc, 0x68, 0xa0, 0x40, 0xb3,
  0xa9, 0x7e, 0xb0, 0xc0, 0xcf, 0x60, 0x00, 0x0b, 0xf8, 0x42, 0x69, 0xd7,
  0xbb, 0xd0, 0xc2, 0x5e, 0xba, 0xe9, 0xec, 0x12, 0x7e, 0xa2, 0x09, 0x0b,
  0x15, 0x73, 0x45, 0xfb, 0xc7, 0xc6, 0x22, 0x7f, 0x1e, 0x76, 0xe9, 0x06,
  0x58, 0x70, 0x3f, 0x4f, 0x58, 0x3a, 0x3f, 0xb7, 0x26, 0x06, 0xf0, 0x71,
  0xa1, 0xff, 0x81, 0xba, 0xfa, 0x5c, 0x1b, 0x54, 0x53, 0x4e, 0x04, 0x2e,
  0x3f, 0xf1, 0xe1, 0x60, 0xbe, 0xe1, 0x06, 0xd8, 0x3d, 0xee, 0x0f, 0x09,
  0xf7, 0xe5, 0xa1, 0x07, 0xf1, 0xda, 0x09, 0x33, 0xfc, 0x46, 0xcd, 0xee,
  0xd9, 0x6f, 0x41, 0xd8, 0x02, 0xad, 0x4d, 0xb0, 0xae, 0xed, 0xe0, 0x04,
  0x5f, 0x55, 0x62, 0x0e, 0x3c, 0x4f, 0xee, 0xb2, 0xa9, 0xd4, 0xd1, 0x09,
  0xaf, 0x56, 0x07, 0xb1, 0xd4, 0x52, 0xe7, 0xb6, 0xb1, 0x3b, 0xc4, 0xb1,
  0x63, 0x09, 0x19, 0x30, 0xc1, 0xb5, 0xea, 0x1b, 0xd5, 0xbf, 0x08, 0xb8,
  0x6b, 0x30, 0x0d, 0x1d, 0x27, 0x63, 0xcb, 0xb5, 0x71, 0x7b, 0x21, 0x2e,
  0x38, 0xab, 0x46, 0xc8, 0x4c, 0xb7, 0xab, 0xc0, 0xde, 0x7f, 0x63, 0x75,
  0xf4, 0xef, 0xea, 0xf9, 0xfe, 0x27, 0x12, 0xac, 0xe7, 0xae, 0x6e, 0x08,
  0x51, 0xe9, 0xef, 0x13, 0x58, 0xc5, 0x1a, 0x08, 0xf5, 0x5c, 0x06, 0xc1,
  0x02, 0xd9, 0x57, 0xad, 0xfc, 0x5d, 0xe8, 0xb2, 0xc0, 0xde, 0x3a, 0xb9,
  0xcd, 0xca, 0xd7, 0xa5, 0xde, 0xf9, 0xbd, 0x68, 0xfa, 0x1c, 0x53, 0x61,
  0x37, 0xac, 0xf2, 0x3f, 0x9d, 0x9b, 0x0a, 0xba, 0x67, 0xdc, 0x62, 0xbd,
  0x5e, 0xf4, 0x32, 0x4b, 0xfc, 0x06, 0xfe, 0x67, 0xb8, 0x08, 0x22, 0xa5,
  0x53, 0xff, 0x48, 0xdc, 0x8e, 0xeb, 0xff, 0xff, 0x04, 0x00, 0x00, 0x00,
  0x00, 0x01, 0x00, 0x00, 0xc0, 0xfd, 0xff, 0xff, 0x9c, 0x01, 0x00, 0x00,
  0x1c, 0x01, 0x00, 0x00, 0xab, 0xff, 0xff, 0xff, 0x72, 0x01, 0x00, 0x00,
  0x63, 0xfe, 0xff, 0xff, 0x5f, 0x04, 0x00, 0x00, 0x1f, 0xff, 0xff, 0xff,
  0x67, 0xf8, 0xff, 0xff, 0xb3, 0xff, 0xff, 0xff, 0x9d, 0x00, 0x00, 0x00,
  0x89, 0x03, 0x00, 0x00, 0x66, 0x04, 0x00, 0x00, 0x78, 0x04, 0x00, 0x00,
  0xd0, 0x06, 0x00, 0x00, 0x2d, 0x00, 0x00, 0x00, 0xd0, 0xff, 0xff, 0xff,
  0xca, 0x05, 0x00, 0x00, 0xdd, 0x00, 0x00, 0x00, 0xec, 0xfe, 0xff, 0xff,
  0x5c, 0x00, 0x00, 0x00, 0x74, 0x01, 0x00, 0x00, 0x24, 0x03, 0x00, 0x00,
  0x41, 0x00, 0x00, 0x00, 0x0e, 0x04, 0x00, 0x00, 0xd9, 0x00, 0x00, 0x00,
  0x8f, 0xfc, 0xff, 0xff, 0x43, 0x00, 0x00, 0x00, 0x63, 0x00, 0x00, 0x00,
  0xc6, 0x03, 0x00, 0x00, 0x6f, 0xfe, 0xff, 0xff, 0x57, 0x06, 0x00, 0x00,
  0x3c, 0x07, 0x00, 0x00, 0x1d, 0x00, 0x00, 0x00, 0x3d, 0x05, 0x00, 0x00,
  0x7e, 0xff, 0xff, 0xff, 0xb1, 0x05, 0x00, 0x00, 0x02, 0x00, 0x00, 0x00,
  0x2d, 0x05, 0x00, 0x00, 0xf9, 0x00, 0x00, 0x00, 0xa2, 0xff, 0xff, 0xff,
  0xe9, 0x01, 0x00, 0x00, 0x7b, 0xfe, 0xff, 0xff, 0x72, 0xf9, 0xff, 0xff,
  0x5c, 0x04, 0x00, 0x00, 0xf0, 0x00, 0x00, 0x00, 0x42, 0x0a, 0x00, 0x00,
  0x24, 0x07, 0x00, 0x00, 0xea, 0x0f, 0x00, 0x00, 0x8d, 0x03, 0x00, 0x00,
  0x3f, 0xfb, 0xff, 0xff, 0x3d, 0x01, 0x00, 0x00, 0x4b, 0x0a, 0x00, 0x00,
  0xa4, 0xfa, 0xff, 0xff, 0x6a, 0xfe, 0xff, 0xff, 0x13, 0xfb, 0xff, 0xff,
  0xa4, 0x02, 0x00, 0x00, 0x05, 0xfd, 0xff, 0xff, 0x29, 0x00, 0x00, 0x00,
  0x94, 0x04, 0x00, 0x00, 0xce, 0xfe, 0xff, 0xff, 0x45, 0xff, 0xff, 0xff,
  0x66, 0x04, 0x00, 0x00, 0xf9, 0xfa, 0xff, 0xff, 0x9a, 0xec, 0xff, 0xff,
  0x04, 0x00, 0x00, 0x00, 0x40, 0x00, 0x00, 0x00, 0xa1, 0xb9, 0x00, 0x7f,
  0x9e, 0xc8, 0xc6, 0xe2, 0xcd, 0xcd, 0xb2, 0xd7, 0x0c, 0xc5, 0xff, 0xc6,
  0x0e, 0xa7, 0x25, 0xe4, 0xc6, 0xf8, 0xb0, 0x48, 0xe3, 0xda, 0xc4, 0xe8,
  0xfc, 0xbd, 0xa8, 0xc9, 0xd5, 0xc9, 0xd7, 0xdd, 0xb6, 0xe0, 0xdb, 0xfb,
  0xcc, 0xa6, 0xc8, 0x4f, 0xd8, 0xd0, 0x10, 0xdc, 0xc0, 0x73, 0xcb, 0xb4,
  0xb1, 0xde, 0xb8, 0x04, 0xc2, 0xdf, 0xd1, 0xd6, 0xb3, 0xb2, 0xbb, 0xde,
  0xe6, 0xec, 0xff, 0xff, 0x04, 0x00, 0x00, 0x00, 0x40, 0x00, 0x00, 0x00,
  0xf5, 0xcf, 0xdf, 0x25, 0xf5, 0xbb, 0xae, 0xd6, 0x06, 0xf1, 0x12, 0xa9,
  0x9a, 0xd3, 0xcc, 0xd7, 0x9c, 0xe4, 0x03, 0x8e, 0xd9, 0x98, 0xcf, 0xa6,
  0x8c, 0x06, 0x04, 0x37, 0x0c, 0x1c, 0xf3, 0xeb, 0xcf, 0x07, 0xef, 0xeb,
  0xd3, 0x99, 0xf4, 0xa0, 0x19, 0xbe, 0xef, 0x44, 0xb6, 0xfa, 0x0b, 0xad,
  0xad, 0x29, 0xeb, 0xc9, 0xaf, 0xf1, 0xef, 0x80, 0xed, 0x26, 0xe0, 0x07,
  0xf9, 0xbf, 0xeb, 0xd3, 0x32, 0xed, 0xff, 0xff, 0x04, 0x00, 0x00, 0x00,
  0x80, 0x0c, 0x00, 0x00, 0x2d, 0xb9, 0x29, 0xec, 0x31, 0xac, 0xea, 0xaf,
  0xf1, 0xc8, 0xc0, 0xf1, 0x08, 0x23, 0xfb, 0xb1, 0xad, 0x54, 0xbc, 0xaf,
  0x75, 0x81, 0xef, 0xd9, 0x2b, 0xec, 0xb2, 0x9f, 0xf6, 0xc1, 0x38, 0xe3,
  0x54, 0x2f, 0x35, 0x02, 0x67, 0x85, 0xf8, 0x5a, 0x6e, 0x27, 0xad, 0xb7,
  0xe0, 0x17, 0x44, 0xfd, 0x23, 0xbe, 0xdf, 0x29, 0x18, 0x9e, 0xd6, 0x3b,
  0xdd, 0xf7, 0xa2, 0x02, 0xdd, 0xae, 0x2c, 0xea, 0xcf, 0xda, 0xd5, 0xb2,
  0xfe, 0xde, 0x49, 0x58, 0xaf, 0x27, 0xf1, 0x1e, 0x42, 0x53, 0xce, 0x53,
  0x2a, 0xbb, 0x03, 0xf4, 0x3a, 0x42, 0x38, 0xbe, 0x08, 0xfb, 0xef, 0xae,
  0xdd, 0x09, 0xc2, 0x87, 0xd6, 0x87, 0xa4, 0xbc, 0x3c, 0x29, 0xb8, 0x6b,
  0x3d, 0xde, 0xed, 0xcc, 0x53, 0x3b, 0xc8, 0x7f, 0x10, 0x17, 0xec, 0x90,
  0x87, 0xd8, 0xb9, 0x7b, 0xae, 0xd7, 0x5b, 0x5c, 0x08, 0xc7, 0x9e, 0x2e,
  0x57, 0x9b, 0x06, 0x06, 0xe9, 0x95, 0xba, 0xde, 0xb4, 0xc6, 0x4b, 0x58,
  0xc3, 0x3c, 0xeb, 0x09, 0x7c, 0x48, 0x59, 0x18, 0x40, 0xd7, 0xbe, 0x1f,
  0x57, 0x17, 0xc4, 0x7f, 0xec, 0xef, 0x0d, 0xe5, 0xcd, 0xe7, 0xa2, 0x5a,
  0x01, 0x48, 0xe5, 0xed, 0x15, 0x2f, 0xa3, 0x1c, 0xd3, 0xed, 0xb1, 0xdf,
  0xc6, 0xbc, 0x0f, 0x8b, 0xb7, 0x2a, 0xe2, 0xfc, 0x20, 0xea, 0xb6, 0x1c,
  0x99, 0x1c, 0x09, 0x43, 0xe2, 0xfc, 0x9d, 0xc7, 0xd0, 0xd8, 0x8e, 0xdd,
  0xc5, 0x31, 0xcc, 0xa5, 0x91, 0xd6, 0x97, 0xc9, 0x89, 0x39, 0x0c, 0x89,
  0xab, 0x9f, 0x3b, 0xa7, 0x35, 0xe7, 0xb8, 0x37, 0x43, 0x73, 0x51, 0x5e,
  0xa4, 0x25, 0x2f, 0x3d, 0x2d, 0xf2, 0x1c, 0xf1, 0xe4, 0x09, 0xae, 0x29,
  0x13, 0xa8, 0x53, 0xa2, 0x31, 0xf7, 0x5b, 0x02, 0xb0, 0x28, 0x2c, 0x81,
  0x00, 0x89, 0xa3, 0x29, 0x11, 0x32, 0x51, 0xdc, 0x09, 0x8c, 0x88, 0xf8,
  0x15, 0x2c, 0xb5, 0xe2, 0xb4, 0x46, 0x96, 0x24, 0xdb, 0xab, 0x6f, 0xa2,
  0x86, 0xdd, 0x6a, 0xb7, 0x2a, 0xe5, 0x70, 0x41, 0x00, 0x78, 0xa6, 0xd1,
  0x0d, 0x4b, 0x5d, 0x2a, 0x54, 0x45, 0x21, 0x0b, 0x13, 0x0e, 0x08, 0x02,
  0x64, 0xa2, 0x02, 0x49, 0x65, 0xe2, 0x29, 0xc5, 0xe3, 0x41, 0xf6, 0x5c,
  0xc5, 0x83, 0x5e, 0x10, 0xc6, 0x81, 0x34, 0x30, 0xdd, 0x1d, 0xa7, 0x40,
  0xf5, 0x2f, 0x4a, 0xfe, 0x31, 0xb1, 0xf7, 0x33, 0x0b, 0xb3, 0xb8, 0xdf,
  0xd0, 0xe1, 0xe7, 0x1b, 0x5f, 0x03, 0x3e, 0x07, 0xa6, 0x7f, 0xb5, 0x32,
  0x61, 0xe3, 0xd9, 0xe8, 0x25, 0x0a, 0xe8, 0xa6, 0x21, 0xc6, 0xcc, 0xec,
  0xf1, 0xfc, 0x28, 0x37, 0x0f, 0x0c, 0xf3, 0xca, 0x2c, 0x2e, 0xec, 0x34,
  0xe9, 0xd5, 0xdc, 0xcd, 0xa6, 0x0c, 0x02, 0xfb, 0xe1, 0x08, 0x14, 0xcd,
  0xeb, 0x31, 0x01, 0x2b, 0xe0, 0x3f, 0x6e, 0x0e, 0xef, 0xc9, 0xbb, 0xf7,
  0xae, 0xbe, 0x27, 0x41, 0x5c, 0xbd, 0x41, 0xa4, 0xcc, 0x1d, 0x05, 0x3c,
  0xdb, 0xd7, 0xb7, 0xd5, 0x7f, 0x3f, 0xcf, 0x10, 0xf7, 0xe1, 0x4a, 0x8d,
  0xb1, 0x3d, 0x96, 0x43, 0x4d, 0x51, 0xd6, 0x11, 0xc9, 0xd1, 0xec, 0xf1,
  0xac, 0x20, 0xc3, 0x24, 0xe1, 0xc4, 0xf5, 0xcd, 0xc6, 0xf8, 0x14, 0x0b,
  0xbb, 0x0b, 0xb6, 0x9a, 0xb0, 0xa7, 0x47, 0xd3, 0x8f, 0xc2, 0x83, 0xe8,
  0x49, 0xb5, 0x8d, 0xd8, 0x48, 0xb8, 0xec, 0x0c, 0x68, 0xbf, 0xb7, 0xa9,
  0xb5, 0xa7, 0x96, 0xc1, 0x1e, 0x0c, 0xba, 0xf5, 0xf4, 0x9e, 0x27, 0x48,
  0xec, 0xa4, 0xe6, 0xbe, 0xe8, 0x54, 0x7f, 0x4c, 0x59, 0xb8, 0x7a, 0x27,
  0xe3, 0xda, 0x87, 0x72, 0xba, 0x62, 0x4a, 0x40, 0x06, 0x21, 0x61, 0x5b,
  0x25, 0x41, 0x7e, 0xa9, 0x35, 0xc0, 0x4b, 0xb8, 0x22, 0x25, 0x0d, 0x24,
  0x9f, 0xaa, 0x53, 0xf2, 0x90, 0xab, 0x05, 0xb2, 0x08, 0x81, 0xcd, 0x2c,
  0xdf, 0xe2, 0x3a, 0x20, 0x4d, 0xe4, 0x24, 0xc7, 0xbb, 0x5b, 0x08, 0x23,
  0x63, 0xc8, 0x2b, 0x2c, 0x2c, 0x37, 0xc2, 0x20, 0x54, 0x0e, 0xe2, 0xd9,
  0xf0, 0x16, 0xf2, 0xf0, 0xf6, 0x4a, 0x0b, 0x98, 0xbf, 0xe3, 0xdc, 0x0e,
  0xdf, 0xca, 0xb7, 0xf4, 0xe4, 0x5b, 0x37, 0xd4, 0xfc, 0xcf, 0xee, 0x02,
  0x04, 0x40, 0xa9, 0x5f, 0xc1, 0x1d, 0x66, 0x2f, 0x00, 0xe4, 0x72, 0xba,
  0x51, 0x81, 0xf9, 0x2b, 0x70, 0xbb, 0xab, 0xda, 0xfa, 0xc0, 0xdf, 0x1b,
  0xe4, 0x28, 0x2d, 0x77, 0x0b, 0xab, 0xfd, 0x13, 0x29, 0x29, 0x0b, 0xa9,
  0xdd, 0xc2, 0xf7, 0xf2, 0x0b, 0xf6, 0x9b, 0x29, 0xd1, 0x15, 0x13, 0xa5,
  0x8e, 0xa9, 0x10, 0x3f, 0x01, 0xbc, 0xee, 0xcc, 0xf5, 0x31, 0xe9, 0x41,
  0x1d, 0x1c, 0x26, 0x45, 0x12, 0xb1, 0xd2, 0x33, 0x25, 0x31, 0xf4, 0x87,
  0x3f, 0xaf, 0x26, 0x13, 0x50, 0xd9, 0xc0, 0x74, 0x27, 0x3b, 0xe2, 0x2c,
  0x74, 0xc7, 0xdb, 0x23, 0xa7, 0x18, 0xf9, 0x35, 0x21, 0x1a, 0x72, 0xb7,
  0xfe, 0xe2, 0xa6, 0xb0, 0x23, 0xe9, 0x52, 0xc6, 0x04, 0xe0, 0xa3, 0x0f,
  0xc2, 0xae, 0x4f, 0xfb, 0x2b, 0xb7, 0x3d, 0xe0, 0x89, 0xf5, 0xcc, 0x09,
  0xdf, 0x65, 0x8a, 0x27, 0xd0, 0xb7, 0xad, 0xeb, 0xec, 0x1a, 0x81, 0x2f,
  0xe1, 0x25, 0x43, 0x4f, 0xd4, 0x19, 0xb6, 0xc0, 0x0f, 0x7f, 0x6a, 0x2e,
  0xa1, 0xb5, 0x2d, 0x4f, 0x42, 0xef, 0x30, 0x51, 0xfd, 0x02, 0xb2, 0x0b,
  0x23, 0x52, 0x24, 0xd5, 0xb0, 0xe3, 0x50, 0x14, 0xfa, 0x11, 0xd7, 0xe2,
  0x59, 0x3d, 0x1e, 0x14, 0x13, 0xfa, 0x57, 0x2c, 0xd3, 0xe7, 0x20, 0x08,
  0x30, 0x10, 0x13, 0x66, 0x25, 0x2a, 0xd2, 0x0a, 0xc1, 0x30, 0x12, 0xcc,
  0x2c, 0xaf, 0x5a, 0xae, 0x3d, 0x3e, 0x2b, 0xbe, 0xc7, 0xd8, 0x39, 0x1f,
  0x2b, 0x3c, 0x0e, 0xcc, 0x2e, 0xff, 0xba, 0xe3, 0xb5, 0xbc, 0x1a, 0x44,
  0x1e, 0xa4, 0x2a, 0xc3, 0xd2, 0x39, 0x20, 0xba, 0x3e, 0xeb, 0xe3, 0x29,
  0xc7, 0x36, 0x0a, 0x52, 0x02, 0x81, 0x3d, 0xb5, 0xf7, 0xfd, 0x51, 0xd1,
  0x2e, 0x3c, 0x55, 0x08, 0x4b, 0x4c, 0x04, 0x1a, 0xfe, 0xf6, 0x3c, 0x97,
  0xd0, 0x1e, 0xfb, 0xc2, 0x03, 0xa1, 0x18, 0xac, 0xf3, 0x1b, 0xc0, 0xb6,
  0xa5, 0x0d, 0x62, 0xb9, 0xbc, 0x96, 0x3b, 0x92, 0xc0, 0xd5, 0xcd, 0xff,
  0xa5, 0x14, 0xd4, 0x43, 0x43, 0x17, 0x10, 0x0a, 0x11, 0xb1, 0xe9, 0xe5,
  0x2d, 0x27, 0x02, 0xcb, 0xc6, 0x1e, 0x2e, 0x0c, 0x73, 0xe6, 0x7f, 0x9c,
  0x27, 0x46, 0xe8, 0xb4, 0xe3, 0x12, 0xa1, 0x25, 0x07, 0x9e, 0xb9, 0xe2,
  0xb0, 0x8d, 0x67, 0xe3, 0x67, 0x30, 0x42, 0xb2, 0x59, 0x2f, 0x0b, 0x32,
  0x39, 0x01, 0xf6, 0xdf, 0xa6, 0x11, 0x41, 0xc8, 0x40, 0xc9, 0x19, 0x0b,
  0xed, 0xbf, 0xb0, 0xcf, 0x1f, 0xd3, 0xed, 0x00, 0x00, 0x09, 0xb5, 0xff,
  0x5c, 0x03, 0x32, 0x67, 0xdd, 0xff, 0xd1, 0xa2, 0xd1, 0x36, 0xc6, 0xc3,
  0xe3, 0x67, 0x14, 0x5f, 0x1b, 0xbd, 0x04, 0x12, 0x04, 0xf6, 0xd4, 0x44,
  0xd6, 0x13, 0xc0, 0xc8, 0x24, 0x7f, 0xc5, 0x23, 0xcf, 0x03, 0xca, 0xae,
  0xe2, 0xf4, 0xbd, 0x52, 0x54, 0x1b, 0x2a, 0xcd, 0xea, 0xaa, 0x52, 0xf5,
  0xe7, 0xf8, 0x4c, 0x19, 0x49, 0x2f, 0x6e, 0xe2, 0xfe, 0x50, 0xc4, 0xa1,
  0xc2, 0xbe, 0x06, 0xe1, 0x05, 0x7f, 0xdf, 0xda, 0x8f, 0x99, 0xfa, 0xc1,
  0xee, 0xe7, 0x20, 0x3b, 0x64, 0xea, 0x10, 0xd0, 0x08, 0x41, 0x36, 0xd2,
  0xd1, 0x58, 0x5f, 0xc8, 0xa9, 0x14, 0x3f, 0x73, 0x1e, 0xdc, 0xa3, 0xd4,
  0xd9, 0xa1, 0x67, 0x60, 0xd2, 0x24, 0x16, 0x1b, 0xe0, 0xcd, 0x3d, 0xdd,
  0x15, 0xdb, 0xf1, 0x0a, 0x67, 0xb7, 0xd5, 0xd5, 0x2e, 0x5a, 0x94, 0x1b,
  0x8b, 0x56, 0x41, 0x81, 0x0e, 0xf1, 0x6b, 0xb7, 0x33, 0xfe, 0xae, 0x37,
  0x07, 0x3d, 0xb8, 0xc4, 0xf3, 0xe6, 0xf5, 0xde, 0x1a, 0x15, 0x58, 0x2d,
  0xb3, 0x0b, 0x02, 0x61, 0x0d, 0x01, 0x67, 0xcb, 0x44, 0xd8, 0xd2, 0xb1,
  0x30, 0xf0, 0x62, 0xb9, 0xcb, 0x9d, 0x03, 0x57, 0x44, 0x70, 0xc8, 0x43,
  0x2f, 0x15, 0x96, 0x37, 0x2c, 0x7b, 0xf7, 0x57, 0x0b, 0x0e, 0xae, 0xad,
  0xae, 0xe3, 0xe1, 0x59, 0x45, 0x17, 0x8a, 0xc7, 0x4e, 0x52, 0x52, 0x19,
  0x44, 0x5d, 0xb8, 0x4e, 0xfa, 0x20, 0xe8, 0x7f, 0x9f, 0x5d, 0x45, 0xc6,
  0xe3, 0xcb, 0xa4, 0xa4, 0x2e, 0x06, 0x0a, 0xc0, 0x05, 0x61, 0xae, 0x3a,
  0xc2, 0xf8, 0xb6, 0xca, 0xf1, 0x05, 0x09, 0xe4, 0xe6, 0xfc, 0xf5, 0x16,
  0xd7, 0xf3, 0xfc, 0x22, 0x69, 0xc8, 0xd9, 0xb5, 0x7f, 0xc8, 0x83, 0x27,
  0x3c, 0xe2, 0x5b, 0xdd, 0xa0, 0x69, 0xff, 0x11, 0x04, 0x20, 0x86, 0x85,
  0x40, 0xe9, 0xb0, 0xa2, 0xbe, 0x40, 0x25, 0xca, 0x17, 0x9d, 0x78, 0x24,
  0xc3, 0x60, 0x42, 0x0a, 0x64, 0x2f, 0x27, 0x2d, 0x5b, 0x9d, 0x5a, 0x11,
  0xa4, 0x50, 0x7e, 0x9d, 0x7e, 0xfd, 0xd0, 0x08, 0x2a, 0x88, 0x0b, 0x9f,
  0x2c, 0x53, 0x9b, 0x6c, 0x45, 0xdb, 0x1f, 0x2f, 0x07, 0x57, 0xcd, 0x69,
  0xc7, 0x5a, 0x96, 0xd9, 0xc5, 0xcf, 0x5e, 0x92, 0xda, 0x95, 0x13, 0x83,
  0x3f, 0xdf, 0xf3, 0x05, 0xdc, 0x98, 0x0b, 0xb1, 0x49, 0x34, 0xe7, 0x7f,
  0x9b, 0x0c, 0xe7, 0x20, 0x52, 0x61, 0x2e, 0x24, 0x60, 0x44, 0xb9, 0xab,
  0x8b, 0xd6, 0xdb, 0x2e, 0x49, 0x1c, 0x38, 0xdb, 0xc4, 0x0f, 0x67, 0x21,
  0xd4, 0x69, 0x95, 0x93, 0xe2, 0xa7, 0x3e, 0xe4, 0x61, 0x0c, 0xc9, 0x14,
  0x3f, 0xd6, 0xed, 0x51, 0xdd, 0x0e, 0xb0, 0x43, 0x1a, 0xfb, 0x19, 0xce,
  0xef, 0xe5, 0x02, 0x30, 0xf4, 0x05, 0xf9, 0xcb, 0xe9, 0x9d, 0xee, 0x88,
  0x81, 0xae, 0xc6, 0x2c, 0x11, 0x6b, 0x4f, 0x4d, 0xf1, 0xdd, 0x40, 0xc5,
  0x2a, 0x99, 0x40, 0xc0, 0x4b, 0xe7, 0xf3, 0x1d, 0xe0, 0x03, 0xc4, 0xfe,
  0xc6, 0x64, 0x3c, 0xf3, 0x01, 0x15, 0x05, 0xa4, 0x1f, 0x92, 0xe8, 0x13,
  0x1f, 0xc9, 0x15, 0xc1, 0xd0, 0xb0, 0xcd, 0x1e, 0xf1, 0xc8, 0x3e, 0xe5,
  0x31, 0x4a, 0x26, 0x21, 0xcd, 0xdd, 0x2f, 0x46, 0xc0, 0x46, 0xd9, 0xdc,
  0x49, 0xb0, 0x1b, 0x81, 0xc2, 0x0c, 0x12, 0x1e, 0x21, 0xe2, 0x08, 0x38,
  0x3e, 0x3f, 0xcc, 0x9b, 0x1d, 0xd8, 0x27, 0xc7, 0x24, 0x45, 0xbd, 0x36,
  0xb9, 0x28, 0x37, 0xe8, 0xe1, 0x74, 0x37, 0xf1, 0x0f, 0xc3, 0x09, 0x1a,
  0x5b, 0x9b, 0xe8, 0x65, 0x53, 0xb4, 0xf4, 0x15, 0xcc, 0x90, 0x3c, 0xd8,
  0x17, 0xd3, 0x40, 0xcb, 0xa0, 0xa2, 0xe7, 0xda, 0xc5, 0xdb, 0x09, 0x1c,
  0xc1, 0x9b, 0x01, 0xd7, 0x1f, 0x0b, 0xfb, 0x25, 0x37, 0xbf, 0xfa, 0xcd,
  0x50, 0x8d, 0x4c, 0xfa, 0x36, 0xaa, 0x3d, 0x43, 0xc3, 0x75, 0xc7, 0x20,
  0xfa, 0xd8, 0xf3, 0xbc, 0xb9, 0xe1, 0xc1, 0x29, 0xef, 0x0d, 0x93, 0xbb,
  0xeb, 0x7f, 0xba, 0xeb, 0x0f, 0x2e, 0xb2, 0xc1, 0xcf, 0x3d, 0x3d, 0x16,
  0x4e, 0x98, 0x7f, 0xbf, 0x1b, 0xc2, 0xcf, 0x2f, 0x14, 0x8b, 0xcf, 0xc1,
  0xf5, 0x0f, 0x34, 0x21, 0xec, 0x03, 0x46, 0x52, 0xc3, 0xef, 0x9b, 0x5d,
  0x31, 0xf1, 0xe2, 0x6e, 0xf5, 0x97, 0x2d, 0xa9, 0x13, 0x26, 0xd8, 0x1d,
  0x06, 0x2f, 0xf9, 0xc0, 0xbb, 0xba, 0xa9, 0xaf, 0x95, 0xe6, 0xec, 0x42,
  0x08, 0xaa, 0xe4, 0x9b, 0xec, 0xd1, 0xa1, 0x2a, 0xba, 0x52, 0xed, 0x11,
  0xfb, 0x2a, 0x0f, 0xfe, 0xbc, 0x16, 0x43, 0x90, 0x14, 0x52, 0x62, 0x8c,
  0xb7, 0x0c, 0x36, 0x46, 0x41, 0xf1, 0xc7, 0xf3, 0xbc, 0xf8, 0x15, 0xc9,
  0xec, 0x0c, 0xd5, 0xf9, 0x5f, 0x9e, 0x64, 0x7f, 0xbf, 0x0d, 0x1e, 0x32,
  0x55, 0xd3, 0x85, 0xea, 0xc1, 0x3a, 0x88, 0xf9, 0xd2, 0xb1, 0xc7, 0xb5,
  0xab, 0x53, 0x17, 0x62, 0x8b, 0xec, 0xfc, 0x2b, 0xb9, 0x45, 0xd4, 0x1b,
  0xad, 0xd5, 0xdd, 0xce, 0xc9, 0xb6, 0x0d, 0xc3, 0xac, 0xf6, 0xc3, 0xb2,
  0x56, 0xae, 0xa8, 0x69, 0xf7, 0xe7, 0x2e, 0x39, 0x45, 0x3c, 0xe6, 0xfd,
  0xfb, 0x93, 0xc4, 0xee, 0xe3, 0x3f, 0x01, 0x83, 0x91, 0x66, 0x3c, 0xe3,
  0x1a, 0x38, 0x4b, 0x2f, 0xfc, 0x40, 0x2d, 0x07, 0x2e, 0x81, 0xf9, 0xae,
  0xc1, 0x0a, 0x10, 0x19, 0x9e, 0x58, 0xc1, 0xff, 0x28, 0xe7, 0x36, 0x9e,
  0xb8, 0x30, 0x22, 0x06, 0x6d, 0xac, 0x36, 0xb4, 0x59, 0x3f, 0x49, 0x6c,
  0x25, 0x66, 0xa8, 0x46, 0xf5, 0xcb, 0x3b, 0x3d, 0x5b, 0x3e, 0xc2, 0x37,
  0x59, 0x76, 0xa8, 0x92, 0x9d, 0x03, 0x07, 0x81, 0xda, 0xf8, 0x27, 0xe2,
  0xfc, 0x5e, 0xa4, 0xfa, 0x5a, 0xf1, 0x0d, 0x59, 0x9e, 0xdf, 0xae, 0x5e,
  0xbe, 0xf3, 0xa8, 0xda, 0x66, 0xb0, 0x6b, 0x55, 0xe5, 0x1a, 0xbf, 0x38,
  0x09, 0xce, 0x13, 0xa3, 0x00, 0xdb, 0x1d, 0xc5, 0x4f, 0xe6, 0x41, 0x30,
  0x0e, 0x43, 0x73, 0x89, 0x70, 0xcd, 0xa4, 0x21, 0x5e, 0xea, 0x34, 0xc0,
  0xb6, 0x0b, 0xf2, 0x44, 0x8e, 0x4a, 0x75, 0xc1, 0x9f, 0x16, 0xec, 0x53,
  0x59, 0xaa, 0x36, 0xbd, 0x53, 0x0d, 0x56, 0x95, 0x0f, 0xad, 0x71, 0x3c,
  0xb5, 0x67, 0x77, 0xc7, 0xc7, 0x15, 0x64, 0xe0, 0x5d, 0x3c, 0xf2, 0xf5,
  0x7f, 0xb5, 0x1b, 0xb7, 0xe0, 0x51, 0x2d, 0x5a, 0xa6, 0xa5, 0x6a, 0xe1,
  0x4b, 0x66, 0xf7, 0x74, 0xd6, 0xdc, 0x00, 0x11, 0x67, 0x07, 0x4c, 0x3b,
  0x06, 0xee, 0x81, 0xdb, 0xf6, 0x4a, 0x39, 0x89, 0x26, 0xee, 0xd6, 0xa0,
  0xf8, 0xa9, 0x51, 0xd6, 0xd5, 0x40, 0xa9, 0xc2, 0x97, 0xcd, 0xe2, 0xb5,
  0x26, 0x4b, 0x4c, 0x13, 0x9d, 0x0b, 0x2c, 0x6e, 0xc8, 0x16, 0x54, 0x15,
  0x49, 0xfc, 0xf0, 0x4e, 0xaf, 0xb1, 0x41, 0x12, 0xe7, 0xfe, 0x2d, 0xaf,
  0xf8, 0x9c, 0x44, 0x2b, 0x77, 0x81, 0x10, 0x65, 0x3e, 0xbe, 0x07, 0x9e,
  0x37, 0x39, 0xbd, 0x0e, 0xd0, 0x3d, 0xc0, 0x3a, 0x49, 0xdc, 0x4d, 0xeb,
  0xbd, 0x07, 0xcd, 0xec, 0xc1, 0x0c, 0xc8, 0x0b, 0x2d, 0xb6, 0xc2, 0x1a,
  0x9a, 0x0f, 0xe8, 0x2c, 0x04, 0xf4, 0x4b, 0x24, 0x38, 0x50, 0x32, 0xc3,
  0xca, 0x81, 0xcb, 0xd4, 0x1c, 0xdb, 0xeb, 0x21, 0xc1, 0xd1, 0x38, 0xc8,
  0x2b, 0x48, 0xbe, 0xe5, 0x15, 0xaa, 0x3f, 0xab, 0xe8, 0xb6, 0xe7, 0x3a,
  0xe9, 0xd1, 0x1a, 0x10, 0x44, 0xfc, 0x0c, 0x60, 0xef, 0xde, 0x3e, 0xba,
  0x2d, 0xc1, 0x57, 0x13, 0xd5, 0xae, 0x3f, 0xf8, 0xb0, 0xb4, 0x56, 0x1a,
  0xb1, 0x2a, 0x50, 0x9d, 0x81, 0xc5, 0xb8, 0xd9, 0xcc, 0xf5, 0xad, 0xce,
  0x60, 0x05, 0x1f, 0x51, 0x3a, 0x97, 0x39, 0x93, 0x1c, 0xb3, 0x2d, 0x48,
  0x55, 0xe8, 0xdc, 0xbf, 0xb3, 0x3c, 0x1a, 0xf4, 0xba, 0x17, 0xe0, 0xcd,
  0xed, 0xd9, 0xf1, 0xa9, 0xd5, 0xcb, 0x59, 0x07, 0xc5, 0xda, 0xd5, 0x75,
  0xee, 0x20, 0xa8, 0xf1, 0xe4, 0x78, 0x26, 0x00, 0x81, 0x3d, 0x62, 0xdc,
  0x3e, 0x34, 0x96, 0x36, 0x37, 0xa0, 0x35, 0x9e, 0xbc, 0x2f, 0xc9, 0x37,
  0xf2, 0x01, 0xdc, 0xd2, 0x44, 0xd5, 0x08, 0xbc, 0xbe, 0x0f, 0x05, 0x99,
  0x5c, 0x1d, 0xea, 0x0b, 0x69, 0x5c, 0xcc, 0x05, 0x6f, 0x29, 0x20, 0x13,
  0x14, 0xa4, 0xeb, 0x03, 0xd1, 0x28, 0x29, 0xc4, 0xed, 0xa6, 0x6a, 0xee,
  0x1a, 0x0e, 0x35, 0xd7, 0xfe, 0xad, 0x3a, 0xb1, 0xe1, 0x9d, 0x14, 0x7f,
  0x16, 0xb9, 0xf4, 0x2f, 0x46, 0xbe, 0x1e, 0x54, 0xf7, 0x17, 0xb2, 0x70,
  0x19, 0x0b, 0x3b, 0x2d, 0x1f, 0xfa, 0x25, 0x0f, 0xe7, 0xa9, 0xcb, 0xf0,
  0x1b, 0x33, 0x0f, 0x4b, 0xe0, 0xf6, 0xe5, 0xfd, 0xca, 0xd8, 0xbe, 0x02,
  0x0c, 0xc5, 0xe9, 0xc6, 0xb7, 0x51, 0xb9, 0x40, 0xb0, 0x18, 0x0d, 0xd0,
  0x9c, 0x1b, 0xe6, 0xf0, 0x61, 0x18, 0x53, 0xd8, 0x50, 0x9b, 0x25, 0xca,
  0x9e, 0xb3, 0xe1, 0x58, 0x25, 0x5a, 0x42, 0xdd, 0x10, 0x19, 0x15, 0xe5,
  0x9a, 0x53, 0xfe, 0x3f, 0x50, 0x8f, 0x19, 0x27, 0xe5, 0x31, 0x92, 0xe9,
  0xb9, 0x92, 0xdb, 0x32, 0xc6, 0x75, 0x92, 0xab, 0xd0, 0x9a, 0x16, 0xae,
  0xfe, 0x25, 0xe0, 0x1c, 0x49, 0x88, 0x86, 0xaa, 0xe8, 0x61, 0x3e, 0x1a,
  0xcf, 0x7f, 0x36, 0x92, 0x4b, 0x0a, 0x24, 0x01, 0xa1, 0xe1, 0xa5, 0x3b,
  0x5e, 0x38, 0xb6, 0x45, 0x0a, 0x38, 0xcc, 0xca, 0xe6, 0x12, 0x28, 0xba,
  0x1d, 0xa8, 0x4b, 0xd6, 0x66, 0x24, 0x08, 0xfe, 0xf3, 0x3f, 0xf7, 0x06,
  0x4c, 0x25, 0xaa, 0x4b, 0x38, 0xd7, 0xb8, 0x3f, 0x2f, 0xd0, 0xf5, 0x18,
  0x0e, 0xd0, 0xd6, 0x46, 0x21, 0x11, 0x25, 0xd8, 0x09, 0xdc, 0xfb, 0x10,
  0x57, 0xf5, 0x1b, 0xf6, 0x0d, 0x81, 0xd7, 0xeb, 0xec, 0x2c, 0xd3, 0x18,
  0xfe, 0xee, 0x8c, 0x5a, 0x2d, 0xf1, 0xaa, 0x11, 0x53, 0x0a, 0x37, 0xc6,
  0xf7, 0x3c, 0xf7, 0xe8, 0xa5, 0x19, 0xb9, 0xcc, 0xee, 0x96, 0x31, 0x90,
  0xbb, 0x08, 0xce, 0xaf, 0x10, 0x19, 0x37, 0xf7, 0xcd, 0x59, 0x44, 0x1a,
  0x54, 0x89, 0x07, 0xd0, 0x14, 0xe0, 0x3c, 0xf4, 0xf7, 0x41, 0x3e, 0xca,
  0x19, 0x3e, 0x43, 0x1b, 0xfe, 0xce, 0x2b, 0x81, 0x1d, 0x99, 0x0e, 0x2d,
  0x07, 0x14, 0x0f, 0x90, 0xec, 0xae, 0x60, 0x55, 0xdb, 0xcc, 0xe8, 0xe3,
  0xaf, 0x6d, 0x39, 0xe1, 0xca, 0x05, 0x31, 0x7f, 0x46, 0x79, 0x99, 0x5b,
  0xdf, 0x35, 0xe7, 0x8d, 0x15, 0x77, 0xe3, 0xe3, 0xfb, 0xcd, 0x79, 0xd6,
  0xc4, 0xfa, 0x32, 0xef, 0x03, 0xfd, 0x72, 0xe0, 0xbe, 0x35, 0x3c, 0x53,
  0x29, 0x3b, 0x1d, 0x04, 0x77, 0x57, 0xb8, 0x50, 0x17, 0x0d, 0xa6, 0xa5,
  0xc1, 0xc7, 0x9f, 0xf6, 0xa6, 0xda, 0xe9, 0xdc, 0x4a, 0xec, 0x4a, 0xec,
  0xcc, 0x18, 0xc4, 0x8f, 0x02, 0xf3, 0xa5, 0x60, 0x63, 0x5c, 0x13, 0x3e,
  0xa4, 0xc1, 0xd7, 0x0a, 0x02, 0x38, 0xaa, 0xea, 0x31, 0x08, 0x09, 0xf1,
  0x50, 0xfd, 0x96, 0xf7, 0x5c, 0x28, 0x36, 0x34, 0x05, 0x31, 0xb3, 0xec,
  0x4d, 0xed, 0x00, 0x1f, 0x35, 0x2f, 0x34, 0x46, 0xa7, 0x0f, 0x23, 0x98,
  0x11, 0x26, 0x21, 0xde, 0x58, 0x7f, 0x3d, 0xdf, 0x44, 0x45, 0xf1, 0xee,
  0xbc, 0x69, 0x23, 0x44, 0xb0, 0x24, 0xaf, 0xd5, 0x53, 0xf6, 0xe3, 0xc6,
  0xe0, 0x1c, 0xc7, 0x4c, 0xda, 0x44, 0xa8, 0x81, 0xf0, 0x19, 0x31, 0x81,
  0x41, 0x3e, 0x2b, 0xf7, 0x33, 0x13, 0x16, 0x4b, 0xaa, 0xa5, 0xa9, 0x08,
  0xca, 0x0e, 0xda, 0xd3, 0xe6, 0xb9, 0xe4, 0x55, 0x6a, 0x4c, 0xb5, 0x38,
  0xca, 0xca, 0x16, 0x51, 0x9e, 0xfc, 0x7e, 0x9f, 0x11, 0x9e, 0xe6, 0xb3,
  0xbf, 0x29, 0x3f, 0x26, 0xa4, 0x0a, 0x7f, 0x04, 0xa5, 0xcf, 0x54, 0x42,
  0x44, 0x2d, 0x4a, 0x0e, 0x70, 0xea, 0xc5, 0x47, 0x35, 0x9a, 0x4f, 0x5d,
  0x9d, 0x1f, 0xaa, 0x04, 0xd9, 0xcc, 0x37, 0x3f, 0xe5, 0x37, 0xca, 0xf7,
  0xd1, 0x89, 0x9b, 0x43, 0xff, 0x5a, 0x1e, 0x36, 0xc7, 0xd3, 0x3b, 0xfd,
  0xf1, 0xa2, 0x48, 0xc5, 0xa0, 0x84, 0xc7, 0x2b, 0x2d, 0xc9, 0x4f, 0x65,
  0x19, 0x4f, 0xa0, 0x15, 0xce, 0xc0, 0xae, 0x13, 0xb3, 0xdf, 0x53, 0xe6,
  0xe2, 0x91, 0x0f, 0xf8, 0xea, 0x12, 0xce, 0xf3, 0xf3, 0x0d, 0x6f, 0xf5,
  0xc5, 0xb3, 0xd9, 0x39, 0xca, 0xbd, 0x38, 0xd1, 0x3a, 0xc8, 0x6a, 0xc2,
  0x47, 0x94, 0xd7, 0x5f, 0xa6, 0x86, 0x06, 0x0e, 0xe4, 0xc1, 0x3a, 0xd9,
  0xa5, 0x81, 0xeb, 0xce, 0xd3, 0xfa, 0x30, 0xa9, 0x54, 0x99, 0x5e, 0x21,
  0xa3, 0x17, 0x3a, 0x45, 0x0b, 0x65, 0xe0, 0xfb, 0x64, 0xce, 0x04, 0x6e,
  0xc6, 0x13, 0xd2, 0x17, 0x02, 0x9a, 0x18, 0x28, 0xbb, 0x09, 0xc7, 0x1d,
  0x4f, 0xae, 0xf4, 0x3b, 0x68, 0x56, 0xf3, 0xf6, 0xdf, 0x51, 0x41, 0xd5,
  0x1e, 0xe2, 0x3d, 0xba, 0xcf, 0x9e, 0x9c, 0xd9, 0x1d, 0x81, 0xeb, 0xf2,
  0xaf, 0x5e, 0x99, 0x64, 0x24, 0x4c, 0x46, 0xd8, 0x43, 0xfa, 0x35, 0x24,
  0xc5, 0xf2, 0xc3, 0xad, 0xb8, 0x66, 0x19, 0xc2, 0x8d, 0xd2, 0x31, 0x95,
  0xd1, 0x1a, 0xa8, 0x09, 0x90, 0x7f, 0x4b, 0x11, 0x19, 0x26, 0xf7, 0x52,
  0xe2, 0xa5, 0x0c, 0x17, 0x53, 0x5d, 0xa3, 0x12, 0xd4, 0x33, 0x45, 0xaf,
  0xd0, 0xc7, 0x20, 0xa8, 0x43, 0xbd, 0x18, 0x8b, 0x40, 0x52, 0x9f, 0x44,
  0x3c, 0x43, 0xc4, 0xd3, 0x6d, 0x93, 0xde, 0xdb, 0x8c, 0x5b, 0xc6, 0x6a,
  0x0d, 0x66, 0xd2, 0x8e, 0xdb, 0xc8, 0x03, 0x5f, 0xbb, 0xe9, 0xcc, 0xe6,
  0x5a, 0xc9, 0x3b, 0xaa, 0xf0, 0x6c, 0x0b, 0x68, 0x21, 0xcd, 0xb4, 0xb6,
  0x34, 0x60, 0xf7, 0x45, 0x25, 0x7f, 0xe3, 0xcf, 0x02, 0x4b, 0xb4, 0xe4,
  0x0a, 0xbc, 0xb3, 0xd4, 0xec, 0xa2, 0xe0, 0xb7, 0x01, 0xa9, 0x89, 0x12,
  0xac, 0xcb, 0xeb, 0x42, 0xbd, 0x50, 0xc3, 0x2b, 0x1b, 0xe3, 0x13, 0xcf,
  0x0a, 0xe4, 0x2e, 0x6e, 0x38, 0xfc, 0xb0, 0xaf, 0xd9, 0x04, 0x3b, 0x2b,
  0xec, 0x9e, 0x52, 0x28, 0x68, 0xf6, 0xbc, 0x0a, 0x5c, 0x1d, 0xf1, 0xa9,
  0xd9, 0xb3, 0x41, 0xf5, 0x9d, 0xcb, 0xe4, 0x98, 0xe3, 0xf8, 0x05, 0x49,
  0x71, 0xf2, 0x36, 0xd0, 0x46, 0x3e, 0xf7, 0x53, 0x49, 0x07, 0x97, 0xf2,
  0x7f, 0x2d, 0x4e, 0xd7, 0xe6, 0x99, 0xf7, 0x14, 0x0a, 0x05, 0xac, 0xbd,
  0x43, 0x53, 0x1f, 0x4b, 0xa6, 0xae, 0x9b, 0xaf, 0xea, 0xb1, 0xb1, 0x1f,
  0xd5, 0xab, 0x05, 0xfd, 0xbe, 0xd1, 0x32, 0x52, 0xd5, 0xc4, 0x51, 0xb1,
  0xab, 0xda, 0xa3, 0x4b, 0xfc, 0xfc, 0xb3, 0x4e, 0x2e, 0xe9, 0xbe, 0x29,
  0x59, 0x39, 0xe7, 0x90, 0xb0, 0xd4, 0x0f, 0x21, 0xa8, 0x31, 0xf8, 0xdf,
  0x26, 0x81, 0x25, 0xe7, 0xec, 0x1e, 0xa6, 0xd3, 0x26, 0x21, 0xec, 0xde,
  0xbf, 0x17, 0x23, 0xdc, 0x20, 0xc9, 0x2b, 0xbb, 0x18, 0xed, 0x25, 0x3c,
  0xc9, 0x14, 0x34, 0x95, 0x11, 0x3b, 0x2a, 0x1b, 0x07, 0x8d, 0x0c, 0xc6,
  0x2e, 0xc7, 0x22, 0x2d, 0xf5, 0xc5, 0x37, 0xee, 0x66, 0x21, 0x19, 0x35,
  0x73, 0xd2, 0xa9, 0xb4, 0xd1, 0x6d, 0x65, 0x88, 0x95, 0x62, 0xd4, 0xde,
  0x81, 0x55, 0x89, 0xed, 0x3a, 0x97, 0x08, 0x16, 0xf5, 0xf3, 0xc3, 0x23,
  0xae, 0xd9, 0x12, 0x6c, 0xe6, 0x2a, 0x2f, 0xc7, 0xe8, 0xec, 0x28, 0x98,
  0x0e, 0xca, 0x23, 0xc1, 0xc7, 0x09, 0x19, 0x58, 0x75, 0x51, 0x1c, 0x10,
  0x71, 0x9c, 0x18, 0xd1, 0xed, 0xcc, 0xd0, 0xb5, 0x48, 0x55, 0x5a, 0x53,
  0x42, 0x06, 0x25, 0xe1, 0xb5, 0x28, 0xe6, 0xeb, 0x5f, 0x44, 0x06, 0x06,
  0xf7, 0xb3, 0xcb, 0x0c, 0xd0, 0x5a, 0x5f, 0x93, 0xe9, 0xbe, 0x51, 0x0d,
  0xa5, 0xd1, 0x23, 0xfd, 0xb7, 0x4f, 0x27, 0xe4, 0xe1, 0xb0, 0x66, 0xc1,
  0xad, 0x81, 0xe4, 0x0f, 0xe4, 0xef, 0x61, 0x3a, 0xb2, 0x10, 0x47, 0x95,
  0x61, 0x02, 0x57, 0x40, 0xee, 0x06, 0xaf, 0xb2, 0x38, 0xa2, 0xd9, 0x22,
  0xdc, 0xc8, 0xcb, 0x41, 0xea, 0x94, 0x5a, 0x3c, 0x8f, 0x26, 0xb0, 0xdf,
  0xd0, 0xc1, 0xca, 0x43, 0xd8, 0x20, 0x56, 0xdf, 0x3f, 0x15, 0xff, 0x37,
  0x07, 0x71, 0xf7, 0x91, 0xdd, 0x68, 0xe0, 0x4a, 0xfd, 0x99, 0x88, 0x81,
  0x2f, 0xd5, 0x61, 0x06, 0xb3, 0x5a, 0xcb, 0x25, 0xb3, 0x68, 0xad, 0xe0,
  0x37, 0x70, 0x4a, 0x39, 0xfb, 0x07, 0x63, 0xd2, 0x46, 0x7c, 0xa3, 0xf9,
  0x6d, 0x8d, 0x85, 0xa9, 0x0a, 0x59, 0x62, 0xa7, 0xd0, 0xff, 0xdc, 0xb9,
  0x15, 0x0b, 0x3c, 0x40, 0xa0, 0xa6, 0xda, 0xde, 0x40, 0xbc, 0xcb, 0xf2,
  0x0f, 0x17, 0xfc, 0xe7, 0xb2, 0x44, 0xaa, 0x4d, 0x38, 0x1e, 0xf8, 0x15,
  0x1e, 0x44, 0x45, 0x38, 0x5e, 0x04, 0x81, 0x43, 0xde, 0x45, 0xd3, 0x01,
  0x4f, 0xbd, 0xf1, 0x29, 0x0a, 0xbb, 0xd2, 0x17, 0xf0, 0x0a, 0xcc, 0x2e,
  0xbb, 0xcb, 0x30, 0x1b, 0xf2, 0x58, 0x46, 0xc0, 0x21, 0x1a, 0x00, 0x0a,
  0xbe, 0xf9, 0xff, 0xff, 0x04, 0x00, 0x00, 0x00, 0xc8, 0x00, 0x00, 0x00,
  0xba, 0x01, 0x00, 0x00, 0xe8, 0xff, 0xff, 0xff, 0xb2, 0x03, 0x00, 0x00,
  0x29, 0x07, 0x00, 0x00, 0x31, 0x05, 0x00, 0x00, 0x13, 0x02, 0x00, 0x00,
  0xe0, 0x00, 0x00, 0x00, 0xac, 0x03, 0x00, 0x00, 0xb8, 0x02, 0x00, 0x00,
  0xf1, 0x04, 0x00, 0x00, 0x8d, 0x03, 0x00, 0x00, 0x09, 0xfe, 0xff, 0xff,
  0x48, 0x07, 0x00, 0x00, 0xb2, 0xfe, 0xff, 0xff, 0xaf, 0x03, 0x00, 0x00,
  0x73, 0x04, 0x00, 0x00, 0x5b, 0x04, 0x00, 0x00, 0xfa, 0x01, 0x00, 0x00,
  0x73, 0x06, 0x00, 0x00, 0xc5, 0xfd, 0xff, 0xff, 0x6e, 0x06, 0x00, 0x00,
  0x95, 0x06, 0x00, 0x00, 0xb1, 0x03, 0x00, 0x00, 0x75, 0x02, 0x00, 0x00,
  0x30, 0x03, 0x00, 0x00, 0x23, 0x05, 0x00, 0x00, 0x21, 0x07, 0x00, 0x00,
  0xa3, 0x02, 0x00, 0x00, 0x7c, 0x06, 0x00, 0x00, 0x78, 0x07, 0x00, 0x00,
  0xd4, 0x01, 0x00, 0x00, 0xf2, 0x02, 0x00, 0x00, 0x65, 0x06, 0x00, 0x00,
  0x09, 0x03, 0x00, 0x00, 0x53, 0x05, 0x00, 0x00, 0x67, 0x14, 0x00, 0x00,
  0xef, 0x03, 0x00, 0x00, 0x0d, 0xfe, 0xff, 0xff, 0xe1, 0x00, 0x00, 0x00,
  0x0c, 0x05, 0x00, 0x00, 0x7a, 0x00, 0x00, 0x00, 0xa7, 0x02, 0x00, 0x00,
  0x4b, 0x03, 0x00, 0x00, 0x03, 0x04, 0x00, 0x00, 0xf0, 0x02, 0x00, 0x00,
  0x1b, 0x10, 0x00, 0x00, 0x56, 0x04, 0x00, 0x00, 0xd5, 0x05, 0x00, 0x00,
  0x83, 0xfe, 0xff, 0xff, 0xa2, 0x00, 0x00, 0x00, 0x92, 0xfa, 0xff, 0xff,
  0x04, 0x00, 0x00, 0x00, 0x64, 0x00, 0x00, 0x00, 0x2b, 0xb6, 0xc9, 0xfa,
  0x4d, 0x8e, 0x8c, 0x27, 0x88, 0xf2, 0x11, 0xf6, 0x02, 0x46, 0x88, 0x3b,
  0x70, 0x3c, 0x3c, 0xa9, 0x60, 0x7f, 0xf3, 0xbe, 0x85, 0x6c, 0xfb, 0x6a,
  0xdf, 0xc1, 0x12, 0x42, 0xbd, 0x9d, 0xda, 0x2b, 0x67, 0xa7, 0x71, 0xf7,
  0xd1, 0xb9, 0x5b, 0xdb, 0x88, 0x73, 0x73, 0x13, 0xcc, 0xb3, 0xea, 0x0d,
  0x41, 0x98, 0xa2, 0xcc, 0x40, 0xaa, 0x4d, 0x3b, 0x33, 0xbf, 0x86, 0x09,
  0xd0, 0xae, 0xe5, 0xdf, 0xc5, 0xad, 0x8d, 0x95, 0x59, 0x2f, 0x6b, 0xe4,
  0x81, 0xb7, 0x97, 0x9a, 0xbd, 0x11, 0x0a, 0x33, 0xb3, 0xb4, 0xe9, 0x12,
  0x46, 0x4c, 0xe5, 0x17, 0xbf, 0xcf, 0xe7, 0x30, 0x9d, 0xd2, 0xda, 0x42,
  0x02, 0xfb, 0xff, 0xff, 0x04, 0x00, 0x00, 0x00, 0x08, 0x00, 0x00, 0x00,
  0x12, 0x00, 0x00, 0x00, 0xf1, 0xff, 0xff, 0xff, 0x16, 0xfb, 0xff, 0xff,
  0x04, 0x00, 0x00, 0x00, 0x0c, 0x00, 0x00, 0x00, 0xff, 0xff, 0xff, 0xff,
  0x02, 0x00, 0x00, 0x00, 0x40, 0x00, 0x00, 0x00, 0x2e, 0xfb, 0xff, 0xff,
  0x04, 0x00, 0x00, 0x00, 0x0c, 0x00, 0x00, 0x00, 0xff, 0xff, 0xff, 0xff,
  0x02, 0x00, 0x00, 0x00, 0x20, 0x00, 0x00, 0x00, 0x46, 0xfb, 0xff, 0xff,
  0x04, 0x00, 0x00, 0x00, 0x0c, 0x00, 0x00, 0x00, 0xff, 0xff, 0xff, 0xff,
  0x04, 0x00, 0x00, 0x00, 0x20, 0x00, 0x00, 0x00, 0x5e, 0xfb, 0xff, 0xff,
  0x04, 0x00, 0x00, 0x00, 0x04, 0x00, 0x00, 0x00, 0xfd, 0xff, 0xff, 0xff,
  0x44, 0xd6, 0xff, 0xff, 0x72, 0xfb, 0xff, 0xff, 0x04, 0x00, 0x00, 0x00,
  0x04, 0x00, 0x00, 0x00, 0x04, 0x00, 0x00, 0x00, 0x82, 0xfb, 0xff, 0xff,
  0x04, 0x00, 0x00, 0x00, 0x04, 0x00, 0x00, 0x00, 0x01, 0x00, 0x00, 0x00,
  0x92, 0xfb, 0xff, 0xff, 0x04, 0x00, 0x00, 0x00, 0x04, 0x00, 0x00, 0x00,
  0x00, 0x00, 0x00, 0x00, 0x78, 0xd6, 0xff, 0xff, 0x7c, 0xd6, 0xff, 0xff,
  0x0f, 0x00, 0x00, 0x00, 0x4d, 0x4c, 0x49, 0x52, 0x20, 0x43, 0x6f, 0x6e,
  0x76, 0x65, 0x72, 0x74, 0x65, 0x64, 0x2e, 0x00, 0x01, 0x00, 0x00, 0x00,
  0x14, 0x00, 0x00, 0x00, 0x00, 0x00, 0x0e, 0x00, 0x18, 0x00, 0x14, 0x00,
  0x10, 0x00, 0x0c, 0x00, 0x08, 0x00, 0x04, 0x00, 0x0e, 0x00, 0x00, 0x00,
  0x14, 0x00, 0x00, 0x00, 0x1c, 0x00, 0x00, 0x00, 0xe4, 0x04, 0x00, 0x00,
  0xe8, 0x04, 0x00, 0x00, 0xec, 0x04, 0x00, 0x00, 0x04, 0x00, 0x00, 0x00,
  0x6d, 0x61, 0x69, 0x6e, 0x00, 0x00, 0x00, 0x00, 0x15, 0x00, 0x00, 0x00,
  0x94, 0x04, 0x00, 0x00, 0x34, 0x04, 0x00, 0x00, 0xe0, 0x03, 0x00, 0x00,
  0xb8, 0x03, 0x00, 0x00, 0x78, 0x03, 0x00, 0x00, 0x28, 0x03, 0x00, 0x00,
  0xf4, 0x02, 0x00, 0x00, 0xc0, 0x02, 0x00, 0x00, 0x98, 0x02, 0x00, 0x00,
  0x64, 0x02, 0x00, 0x00, 0x10, 0x02, 0x00, 0x00, 0xe8, 0x01, 0x00, 0x00,
  0xb4, 0x01, 0x00, 0x00, 0x70, 0x01, 0x00, 0x00, 0x3c, 0x01, 0x00, 0x00,
  0x08, 0x01, 0x00, 0x00, 0xe0, 0x00, 0x00, 0x00, 0xac, 0x00, 0x00, 0x00,
  0x70, 0x00, 0x00, 0x00, 0x38, 0x00, 0x00, 0x00, 0x04, 0x00, 0x00, 0x00,
  0x2a, 0xfc, 0xff, 0xff, 0x14, 0x00, 0x00, 0x00, 0x00, 0x00, 0x00, 0x09,
  0x14, 0x00, 0x00, 0x00, 0x18, 0x00, 0x00, 0x00, 0x0b, 0x00, 0x00, 0x00,
  0x6a, 0xfc, 0xff, 0xff, 0x00, 0x00, 0x80, 0x3f, 0x01, 0x00, 0x00, 0x00,
  0x29, 0x00, 0x00, 0x00, 0x01, 0x00, 0x00, 0x00, 0x28, 0x00, 0x00, 0x00,
  0x5a, 0xfc, 0xff, 0xff, 0x14, 0x00, 0x00, 0x00, 0x00, 0x00, 0x00, 0x08,
  0x10, 0x00, 0x00, 0x00, 0x14, 0x00, 0x00, 0x00, 0x0a, 0x00, 0x00, 0x00,
  0x70, 0xd7, 0xff, 0xff, 0x01, 0x00, 0x00, 0x00, 0x28, 0x00, 0x00, 0x00,
  0x03, 0x00, 0x00, 0x00, 0x27, 0x00, 0x00, 0x00, 0x0a, 0x00, 0x00, 0x00,
  0x09, 0x00, 0x00, 0x00, 0x8e, 0xfc, 0xff, 0xff, 0x14, 0x00, 0x00, 0x00,
  0x00, 0x00, 0x00, 0x08, 0x14, 0x00, 0x00, 0x00, 0x18, 0x00, 0x00, 0x00,
  0x0a, 0x00, 0x00, 0x00, 0x26, 0xfc, 0xff, 0xff, 0x00, 0x00, 0x00, 0x01,
  0x01, 0x00, 0x00, 0x00, 0x27, 0x00, 0x00, 0x00, 0x03, 0x00, 0x00, 0x00,
  0x26, 0x00, 0x00, 0x00, 0x0c, 0x00, 0x00, 0x00, 0x0b, 0x00, 0x00, 0x00,
  0xc6, 0xfc, 0xff, 0xff, 0x14, 0x00, 0x00, 0x00, 0x00, 0x00, 0x00, 0x1b,
  0x10, 0x00, 0x00, 0x00, 0x14, 0x00, 0x00, 0x00, 0x09, 0x00, 0x00, 0x00,
  0xdc, 0xd7, 0xff, 0xff, 0x01, 0x00, 0x00, 0x00, 0x26, 0x00, 0x00, 0x00,
  0x02, 0x00, 0x00, 0x00, 0x25, 0x00, 0x00, 0x00, 0x04, 0x00, 0x00, 0x00,
  0x66, 0xfd, 0xff, 0xff, 0x0c, 0x00, 0x00, 0x00, 0x10, 0x00, 0x00, 0x00,
  0x03, 0x00, 0x00, 0x00, 0x01, 0x00, 0x00, 0x00, 0x25, 0x00, 0x00, 0x00,
  0x02, 0x00, 0x00, 0x00, 0x24, 0x00, 0x00, 0x00, 0x08, 0x00, 0x00, 0x00,
  0x1a, 0xfd, 0xff, 0xff, 0x14, 0x00, 0x00, 0x00, 0x00, 0x00, 0x00, 0x0b,
  0x10, 0x00, 0x00, 0x00, 0x14, 0x00, 0x00, 0x00, 0x07, 0x00, 0x00, 0x00,
  0x30, 0xd8, 0xff, 0xff, 0x01, 0x00, 0x00, 0x00, 0x24, 0x00, 0x00, 0x00,
  0x02, 0x00, 0x00, 0x00, 0x23, 0x00, 0x00, 0x00, 0x0d, 0x00, 0x00, 0x00,
  0x4a, 0xfd, 0xff, 0xff, 0x14, 0x00, 0x00, 0x00, 0x00, 0x00, 0x00, 0x15,
  0x10, 0x00, 0x00, 0x00, 0x14, 0x00, 0x00, 0x00, 0x06, 0x00, 0x00, 0x00,
  0x60, 0xd8, 0xff, 0xff, 0x01, 0x00, 0x00, 0x00, 0x23, 0x00, 0x00, 0x00,
  0x02, 0x00, 0x00, 0x00, 0x22, 0x00, 0x00, 0x00, 0x0e, 0x00, 0x00, 0x00,
  0x7a, 0xfd, 0xff, 0xff, 0x14, 0x00, 0x00, 0x00, 0x00, 0x00, 0x00, 0x01,
  0x1c, 0x00, 0x00, 0x00, 0x20, 0x00, 0x00, 0x00, 0x05, 0x00, 0x00, 0x00,
  0x68, 0xfe, 0xff, 0xff, 0x00, 0x00, 0x00, 0x01, 0x01, 0x00, 0x00, 0x00,
  0x01, 0x00, 0x00, 0x00, 0x01, 0x00, 0x00, 0x00, 0x22, 0x00, 0x00, 0x00,
  0x03, 0x00, 0x00, 0x00, 0x21, 0x00, 0x00, 0x00, 0x10, 0x00, 0x00, 0x00,
  0x0f, 0x00, 0x00, 0x00, 0xba, 0xfd, 0xff, 0xff, 0x14, 0x00, 0x00, 0x00,
  0x00, 0x00, 0x00, 0x34, 0x10, 0x00, 0x00, 0x00, 0x14, 0x00, 0x00, 0x00,
  0x04, 0x00, 0x00, 0x00, 0xd0, 0xd8, 0xff, 0xff, 0x01, 0x00, 0x00, 0x00,
  0x21, 0x00, 0x00, 0x00, 0x02, 0x00, 0x00, 0x00, 0x20, 0x00, 0x00, 0x00,
  0x05, 0x00, 0x00, 0x00, 0x5a, 0xfe, 0xff, 0xff, 0x0c, 0x00, 0x00, 0x00,
  0x10, 0x00, 0x00, 0x00, 0x03, 0x00, 0x00, 0x00, 0x01, 0x00, 0x00, 0x00,
  0x20, 0x00, 0x00, 0x00, 0x02, 0x00, 0x00, 0x00, 0x1f, 0x00, 0x00, 0x00,
  0x07, 0x00, 0x00, 0x00, 0x0e, 0xfe, 0xff, 0xff, 0x24, 0x00, 0x00, 0x00,
  0x00, 0x00, 0x00, 0x05, 0x34, 0x00, 0x00, 0x00, 0x38, 0x00, 0x00, 0x00,
  0x08, 0x00, 0x00, 0x00, 0x00, 0x00, 0x0e, 0x00, 0x18, 0x00, 0x17, 0x00,
  0x10, 0x00, 0x0c, 0x00, 0x08, 0x00, 0x04, 0x00, 0x0e, 0x00, 0x00, 0x00,
  0x01, 0x00, 0x00, 0x00, 0x02, 0x00, 0x00, 0x00, 0x01, 0x00, 0x00, 0x00,
  0x02, 0x00, 0x00, 0x00, 0x00, 0x00, 0x00, 0x01, 0x01, 0x00, 0x00, 0x00,
  0x1f, 0x00, 0x00, 0x00, 0x01, 0x00, 0x00, 0x00, 0x1e, 0x00, 0x00, 0x00,
  0x5e, 0xfe, 0xff, 0xff, 0x14, 0x00, 0x00, 0x00, 0x00, 0x00, 0x00, 0x34,
  0x10, 0x00, 0x00, 0x00, 0x14, 0x00, 0x00, 0x00, 0x04, 0x00, 0x00, 0x00,
  0x74, 0xd9, 0xff, 0xff, 0x01, 0x00, 0x00, 0x00, 0x1e, 0x00, 0x00, 0x00,
  0x02, 0x00, 0x00, 0x00, 0x1d, 0x00, 0x00, 0x00, 0x04, 0x00, 0x00, 0x00,
  0xfe, 0xfe, 0xff, 0xff, 0x0c, 0x00, 0x00, 0x00, 0x10, 0x00, 0x00, 0x00,
  0x03, 0x00, 0x00, 0x00, 0x01, 0x00, 0x00, 0x00, 0x1d, 0x00, 0x00, 0x00,
  0x02, 0x00, 0x00, 0x00, 0x1c, 0x00, 0x00, 0x00, 0x06, 0x00, 0x00, 0x00,
  0xb2, 0xfe, 0xff, 0xff, 0x14, 0x00, 0x00, 0x00, 0x00, 0x00, 0x00, 0x0b,
  0x10, 0x00, 0x00, 0x00, 0x14, 0x00, 0x00, 0x00, 0x07, 0x00, 0x00, 0x00,
  0xc8, 0xd9, 0xff, 0xff, 0x01, 0x00, 0x00, 0x00, 0x1c, 0x00, 0x00, 0x00,
  0x02, 0x00, 0x00, 0x00, 0x1b, 0x00, 0x00, 0x00, 0x11, 0x00, 0x00, 0x00,
  0xe2, 0xfe, 0xff, 0xff, 0x14, 0x00, 0x00, 0x00, 0x00, 0x00, 0x00, 0x15,
  0x10, 0x00, 0x00, 0x00, 0x14, 0x00, 0x00, 0x00, 0x06, 0x00, 0x00, 0x00,
  0xf8, 0xd9, 0xff, 0xff, 0x01, 0x00, 0x00, 0x00, 0x1b, 0x00, 0x00, 0x00,
  0x02, 0x00, 0x00, 0x00, 0x1a, 0x00, 0x00, 0x00, 0x12, 0x00, 0x00, 0x00,
  0x12, 0xff, 0xff, 0xff, 0x20, 0x00, 0x00, 0x00, 0x00, 0x00, 0x00, 0x01,
  0x28, 0x00, 0x00, 0x00, 0x2c, 0x00, 0x00, 0x00, 0x05, 0x00, 0x00, 0x00,
  0x0c, 0x00, 0x10, 0x00, 0x00, 0x00, 0x0c, 0x00, 0x08, 0x00, 0x07, 0x00,
  0x0c, 0x00, 0x00, 0x00, 0x00, 0x00, 0x00, 0x01, 0x01, 0x00, 0x00, 0x00,
  0x01, 0x00, 0x00, 0x00, 0x01, 0x00, 0x00, 0x00, 0x1a, 0x00, 0x00, 0x00,
  0x03, 0x00, 0x00, 0x00, 0x19, 0x00, 0x00, 0x00, 0x14, 0x00, 0x00, 0x00,
  0x13, 0x00, 0x00, 0x00, 0x5e, 0xff, 0xff, 0xff, 0x14, 0x00, 0x00, 0x00,
  0x00, 0x00, 0x00, 0x34, 0x10, 0x00, 0x00, 0x00, 0x14, 0x00, 0x00, 0x00,
  0x04, 0x00, 0x00, 0x00, 0x74, 0xda, 0xff, 0xff, 0x01, 0x00, 0x00, 0x00,
  0x19, 0x00, 0x00, 0x00, 0x02, 0x00, 0x00, 0x00, 0x18, 0x00, 0x00, 0x00,
  0x05, 0x00, 0x00, 0x00, 0x00, 0x00, 0x0a, 0x00, 0x10, 0x00, 0x0c, 0x00,
  0x08, 0x00, 0x04, 0x00, 0x0a, 0x00, 0x00, 0x00, 0x0c, 0x00, 0x00, 0x00,
  0x10, 0x00, 0x00, 0x00, 0x03, 0x00, 0x00, 0x00, 0x01, 0x00, 0x00, 0x00,
  0x18, 0x00, 0x00, 0x00, 0x02, 0x00, 0x00, 0x00, 0x00, 0x00, 0x00, 0x00,
  0x17, 0x00, 0x00, 0x00, 0xbe, 0xff, 0xff, 0xff, 0x1c, 0x00, 0x00, 0x00,
  0x00, 0x00, 0x00, 0x3b, 0x1c, 0x00, 0x00, 0x00, 0x20, 0x00, 0x00, 0x00,
  0x02, 0x00, 0x00, 0x00, 0x00, 0x00, 0x06, 0x00, 0x08, 0x00, 0x04, 0x00,
  0x06, 0x00, 0x00, 0x00, 0x03, 0x00, 0x00, 0x00, 0x01, 0x00, 0x00, 0x00,
  0x17, 0x00, 0x00, 0x00, 0x03, 0x00, 0x00, 0x00, 0x16, 0x00, 0x00, 0x00,
  0x03, 0x00, 0x00, 0x00, 0x04, 0x00, 0x00, 0x00, 0x00, 0x00, 0x0e, 0x00,
  0x1a, 0x00, 0x14, 0x00, 0x10, 0x00, 0x0c, 0x00, 0x0b, 0x00, 0x04, 0x00,
  0x0e, 0x00, 0x00, 0x00, 0x24, 0x00, 0x00, 0x00, 0x00, 0x00, 0x00, 0x20,
  0x24, 0x00, 0x00, 0x00, 0x28, 0x00, 0x00, 0x00, 0x01, 0x00, 0x00, 0x00,
  0x00, 0x00, 0x0e, 0x00, 0x08, 0x00, 0x00, 0x00, 0x00, 0x00, 0x00, 0x00,
  0x00, 0x00, 0x04, 0x00, 0x0e, 0x00, 0x00, 0x00, 0x01, 0x00, 0x00, 0x00,
  0x01, 0x00, 0x00, 0x00, 0x16, 0x00, 0x00, 0x00, 0x04, 0x00, 0x00, 0x00,
  0x15, 0x00, 0x00, 0x00, 0x01, 0x00, 0x00, 0x00, 0x02, 0x00, 0x00, 0x00,
  0x02, 0x00, 0x00, 0x00, 0x00, 0x00, 0x0e, 0x00, 0x16, 0x00, 0x00, 0x00,
  0x10, 0x00, 0x0c, 0x00, 0x0b, 0x00, 0x04, 0x00, 0x0e, 0x00, 0x00, 0x00,
  0x18, 0x00, 0x00, 0x00, 0x00, 0x00, 0x00, 0x37, 0x18, 0x00, 0x00, 0x00,
  0x1c, 0x00, 0x00, 0x00, 0x00, 0x00, 0x06, 0x00, 0x08, 0x00, 0x07, 0x00,
  0x06, 0x00, 0x00, 0x00, 0x00, 0x00, 0x00, 0x02, 0x01, 0x00, 0x00, 0x00,
  0x15, 0x00, 0x00, 0x00, 0x01, 0x00, 0x00, 0x00, 0x00, 0x00, 0x00, 0x00,
  0x01, 0x00, 0x00, 0x00, 0x29, 0x00, 0x00, 0x00, 0x01, 0x00, 0x00, 0x00,
  0x00, 0x00, 0x00, 0x00, 0x2a, 0x00, 0x00, 0x00, 0x8c, 0x24, 0x00, 0x00,
  0x30, 0x24, 0x00, 0x00, 0xd8, 0x23, 0x00, 0x00, 0x9c, 0x23, 0x00, 0x00,
  0x60, 0x23, 0x00, 0x00, 0x24, 0x23, 0x00, 0x00, 0xe4, 0x22, 0x00, 0x00,
  0xa4, 0x22, 0x00, 0x00, 0x64, 0x22, 0x00, 0x00, 0xf4, 0x21, 0x00, 0x00,
  0x80, 0x21, 0x00, 0x00, 0xd4, 0x1e, 0x00, 0x00, 0x20, 0x1c, 0x00, 0x00,
  0xbc, 0x1b, 0x00, 0x00, 0x58, 0x1b, 0x00, 0x00, 0x04, 0x18, 0x00, 0x00,
  0xa0, 0x14, 0x00, 0x00, 0x3c, 0x14, 0x00, 0x00, 0xd8, 0x13, 0x00, 0x00,
  0x04, 0x12, 0x00, 0x00, 0x20, 0x10, 0x00, 0x00, 0xd0, 0x0f, 0x00, 0x00,
  0x7c, 0x0f, 0x00, 0x00, 0x24, 0x0f, 0x00, 0x00, 0x9c, 0x0e, 0x00, 0x00,
  0xfc, 0x0d, 0x00, 0x00, 0x00, 0x0d, 0x00, 0x00, 0xf4, 0x0b, 0x00, 0x00,
  0xb8, 0x0a, 0x00, 0x00, 0x80, 0x09, 0x00, 0x00, 0xd8, 0x08, 0x00, 0x00,
  0x3c, 0x08, 0x00, 0x00, 0xa4, 0x07, 0x00, 0x00, 0x04, 0x07, 0x00, 0x00,
  0x00, 0x06, 0x00, 0x00, 0xec, 0x04, 0x00, 0x00, 0xa8, 0x03, 0x00, 0x00,
  0x68, 0x02, 0x00, 0x00, 0xd8, 0x01, 0x00, 0x00, 0x24, 0x01, 0x00, 0x00,
  0x80, 0x00, 0x00, 0x00, 0x04, 0x00, 0x00, 0x00, 0x32, 0xdc, 0xff, 0xff,
  0x00, 0x00, 0x00, 0x01, 0x18, 0x00, 0x00, 0x00, 0x20, 0x00, 0x00, 0x00,
  0x3c, 0x00, 0x00, 0x00, 0x2a, 0x00, 0x00, 0x00, 0x00, 0x00, 0x00, 0x09,
  0x50, 0x00, 0x00, 0x00, 0x02, 0x00, 0x00, 0x00, 0xff, 0xff, 0xff, 0xff,
  0x02, 0x00, 0x00, 0x00, 0x1c, 0xdc, 0xff, 0xff, 0x08, 0x00, 0x00, 0x00,
  0x10, 0x00, 0x00, 0x00, 0x01, 0x00, 0x00, 0x00, 0x80, 0xff, 0xff, 0xff,
  0xff, 0xff, 0xff, 0xff, 0x01, 0x00, 0x00, 0x00, 0x00, 0x00, 0x80, 0x3b,
  0x1b, 0x00, 0x00, 0x00, 0x53, 0x74, 0x61, 0x74, 0x65, 0x66, 0x75, 0x6c,
  0x50, 0x61, 0x72, 0x74, 0x69, 0x74, 0x69, 0x6f, 0x6e, 0x65, 0x64, 0x43,
  0x61, 0x6c, 0x6c, 0x5f, 0x31, 0x3a, 0x30, 0x00, 0x02, 0x00, 0x00, 0x00,
  0x01, 0x00, 0x00, 0x00, 0x02, 0x00, 0x00, 0x00, 0xaa, 0xdc, 0xff, 0xff,
  0x00, 0x00, 0x00, 0x01, 0x18, 0x00, 0x00, 0x00, 0x20, 0x00, 0x00, 0x00,
  0x40, 0x00, 0x00, 0x00, 0x29, 0x00, 0x00, 0x00, 0x00, 0x00, 0x00, 0x09,
  0x78, 0x00, 0x00, 0x00, 0x02, 0x00, 0x00, 0x00, 0xff, 0xff, 0xff, 0xff,
  0x02, 0x00, 0x00, 0x00, 0x94, 0xdc, 0xff, 0xff, 0x08, 0x00, 0x00, 0x00,
  0x14, 0x00, 0x00, 0x00, 0x01, 0x00, 0x00, 0x00, 0x13, 0x00, 0x00, 0x00,
  0x00, 0x00, 0x00, 0x00, 0x00, 0x00, 0x00, 0x00, 0x01, 0x00, 0x00, 0x00,
  0xd3, 0x24, 0xfd, 0x3d, 0x3c, 0x00, 0x00, 0x00, 0x73, 0x65, 0x71, 0x75,
  0x65, 0x6e, 0x74, 0x69, 0x61, 0x6c, 0x5f, 0x31, 0x2f, 0x64, 0x65, 0x6e,
  0x73, 0x65, 0x5f, 0x31, 0x5f, 0x32, 0x2f, 0x4d, 0x61, 0x74, 0x4d, 0x75,
  0x6c, 0x3b, 0x73, 0x65, 0x71, 0x75, 0x65, 0x6e, 0x74, 0x69, 0x61, 0x6c,
  0x5f, 0x31, 0x2f, 0x64, 0x65, 0x6e, 0x73, 0x65, 0x5f, 0x31, 0x5f, 0x32,
  0x2f, 0x42, 0x69, 0x61, 0x73, 0x41, 0x64, 0x64, 0x00, 0x00, 0x00, 0x00,
  0x02, 0x00, 0x00, 0x00, 0x01, 0x00, 0x00, 0x00, 0x02, 0x00, 0x00, 0x00,
  0x4a, 0xdd, 0xff, 0xff, 0x00, 0x00, 0x00, 0x01, 0x18, 0x00, 0x00, 0x00,
  0x20, 0x00, 0x00, 0x00, 0x3c, 0x00, 0x00, 0x00, 0x28, 0x00, 0x00, 0x00,
  0x00, 0x00, 0x00, 0x09, 0x88, 0x00, 0x00, 0x00, 0x02, 0x00, 0x00, 0x00,
  0xff, 0xff, 0xff, 0xff, 0x32, 0x00, 0x00, 0x00, 0x34, 0xdd, 0xff, 0xff,
  0x08, 0x00, 0x00, 0x00, 0x10, 0x00, 0x00, 0x00, 0x01, 0x00, 0x00, 0x00,
  0x80, 0xff, 0xff, 0xff, 0xff, 0xff, 0xff, 0xff, 0x01, 0x00, 0x00, 0x00,
  0x0e, 0x0b, 0x27, 0x3d, 0x52, 0x00, 0x00, 0x00, 0x73, 0x65, 0x71, 0x75,
  0x65, 0x6e, 0x74, 0x69, 0x61, 0x6c, 0x5f, 0x31, 0x2f, 0x64, 0x65, 0x6e,
  0x73, 0x65, 0x5f, 0x31, 0x2f, 0x4d, 0x61, 0x74, 0x4d, 0x75, 0x6c, 0x3b,
  0x73, 0x65, 0x71, 0x75, 0x65, 0x6e, 0x74, 0x69, 0x61, 0x6c, 0x5f, 0x31,
  0x2f, 0x64, 0x65, 0x6e, 0x73, 0x65, 0x5f, 0x31, 0x2f, 0x52, 0x65, 0x6c,
  0x75, 0x3b, 0x73, 0x65, 0x71, 0x75, 0x65, 0x6e, 0x74, 0x69, 0x61, 0x6c,
  0x5f, 0x31, 0x2f, 0x64, 0x65, 0x6e, 0x73, 0x65, 0x5f, 0x31, 0x2f, 0x42,
  0x69, 0x61, 0x73, 0x41, 0x64, 0x64, 0x00, 0x00, 0x02, 0x00, 0x00, 0x00,
  0x01, 0x00, 0x00, 0x00, 0x32, 0x00, 0x00, 0x00, 0xfa, 0xdd, 0xff, 0xff,
  0x00, 0x00, 0x00, 0x01, 0x18, 0x00, 0x00, 0x00, 0x20, 0x00, 0x00, 0x00,
  0x3c, 0x00, 0x00, 0x00, 0x27, 0x00, 0x00, 0x00, 0x00, 0x00, 0x00, 0x09,
  0x64, 0x00, 0x00, 0x00, 0x02, 0x00, 0x00, 0x00, 0xff, 0xff, 0xff, 0xff,
  0x40, 0x00, 0x00, 0x00, 0xe4, 0xdd, 0xff, 0xff, 0x08, 0x00, 0x00, 0x00,
  0x10, 0x00, 0x00, 0x00, 0x01, 0x00, 0x00, 0x00, 0xc3, 0xff, 0xff, 0xff,
  0xff, 0xff, 0xff, 0xff, 0x01, 0x00, 0x00, 0x00, 0x44, 0x0e, 0x8e, 0x3c,
  0x2c, 0x00, 0x00, 0x00, 0x73, 0x65, 0x71, 0x75, 0x65, 0x6e, 0x74, 0x69,
  0x61, 0x6c, 0x5f, 0x31, 0x2f, 0x67, 0x6c, 0x6f, 0x62, 0x61, 0x6c, 0x5f,
  0x61, 0x76, 0x65, 0x72, 0x61, 0x67, 0x65, 0x5f, 0x70, 0x6f, 0x6f, 0x6c,
  0x69, 0x6e, 0x67, 0x31, 0x64, 0x5f, 0x31, 0x2f, 0x4d, 0x65, 0x61, 0x6e,
  0x00, 0x00, 0x00, 0x00, 0x02, 0x00, 0x00, 0x00, 0x01, 0x00, 0x00, 0x00,
  0x40, 0x00, 0x00, 0x00, 0x86, 0xde, 0xff, 0xff, 0x00, 0x00, 0x00, 0x01,
  0x18, 0x00, 0x00, 0x00, 0x24, 0x00, 0x00, 0x00, 0x40, 0x00, 0x00, 0x00,
  0x26, 0x00, 0x00, 0x00, 0x00, 0x00, 0x00, 0x09, 0x10, 0x01, 0x00, 0x00,
  0x03, 0x00, 0x00, 0x00, 0xff, 0xff, 0xff, 0xff, 0x02, 0x00, 0x00, 0x00,
  0x40, 0x00, 0x00, 0x00, 0x74, 0xde, 0xff, 0xff, 0x08, 0x00, 0x00, 0x00,
  0x10, 0x00, 0x00, 0x00, 0x01, 0x00, 0x00, 0x00, 0xa6, 0xff, 0xff, 0xff,
  0xff, 0xff, 0xff, 0xff, 0x01, 0x00, 0x00, 0x00, 0x5a, 0xa0, 0xf9, 0x3c,
  0xd4, 0x00, 0x00, 0x00, 0x73, 0x65, 0x71, 0x75, 0x65, 0x6e, 0x74, 0x69,
  0x61, 0x6c, 0x5f, 0x31, 0x2f, 0x62, 0x61, 0x74, 0x63, 0x68, 0x5f, 0x6e,
  0x6f, 0x72, 0x6d, 0x61, 0x6c, 0x69, 0x7a, 0x61, 0x74, 0x69, 0x6f, 0x6e,
  0x5f, 0x31, 0x5f, 0x32, 0x2f, 0x62, 0x61, 0x74, 0x63, 0x68, 0x6e, 0x6f,
  0x72, 0x6d, 0x2f, 0x61, 0x64, 0x64, 0x5f, 0x31, 0x3b, 0x73, 0x65, 0x71,
  0x75, 0x65, 0x6e, 0x74, 0x69, 0x61, 0x6c, 0x5f, 0x31, 0x2f, 0x63, 0x6f,
  0x6e, 0x76, 0x31, 0x64, 0x5f, 0x31, 0x5f, 0x32, 0x2f, 0x63, 0x6f, 0x6e,
  0x76, 0x6f, 0x6c, 0x75, 0x74, 0x69, 0x6f, 0x6e, 0x2f, 0x53, 0x71, 0x75,
  0x65, 0x65, 0x7a, 0x65, 0x3b, 0x73, 0x65, 0x71, 0x75, 0x65, 0x6e, 0x74,
  0x69, 0x61, 0x6c, 0x5f, 0x31, 0x2f, 0x62, 0x61, 0x74, 0x63, 0x68, 0x5f,
  0x6e, 0x6f, 0x72, 0x6d, 0x61, 0x6c, 0x69, 0x7a, 0x61, 0x74, 0x69, 0x6f,
  0x6e, 0x5f, 0x31, 0x5f, 0x32, 0x2f, 0x62, 0x61, 0x74, 0x63, 0x68, 0x6e,
  0x6f, 0x72, 0x6d, 0x2f, 0x6d, 0x75, 0x6c, 0x5f, 0x31, 0x3b, 0x73, 0x65,
  0x71, 0x75, 0x65, 0x6e, 0x74, 0x69, 0x61, 0x6c, 0x5f, 0x31, 0x2f, 0x63,
  0x6f, 0x6e, 0x76, 0x31, 0x64, 0x5f, 0x31, 0x5f, 0x32, 0x2f, 0x52, 0x65,
  0x6c, 0x75, 0x3b, 0x73, 0x65, 0x71, 0x75, 0x65, 0x6e, 0x74, 0x69, 0x61,
  0x6c, 0x5f, 0x31, 0x2f, 0x63, 0x6f, 0x6e, 0x76, 0x31, 0x64, 0x5f, 0x31,
  0x5f, 0x32, 0x2f, 0x42, 0x69, 0x61, 0x73, 0x41, 0x64, 0x64, 0x3b, 0x31,
  0x00, 0x00, 0x00, 0x00, 0x03, 0x00, 0x00, 0x00, 0x01, 0x00, 0x00, 0x00,
  0x02, 0x00, 0x00, 0x00, 0x40, 0x00, 0x00, 0x00, 0xc2, 0xdf, 0xff, 0xff,
  0x00, 0x00, 0x00, 0x01, 0x18, 0x00, 0x00, 0x00, 0x28, 0x00, 0x00, 0x00,
  0x44, 0x00, 0x00, 0x00, 0x25, 0x00, 0x00, 0x00, 0x00, 0x00, 0x00, 0x09,
  0x10, 0x01, 0x00, 0x00, 0x04, 0x00, 0x00, 0x00, 0xff, 0xff, 0xff, 0xff,
  0x01, 0x00, 0x00, 0x00, 0x02, 0x00, 0x00, 0x00, 0x40, 0x00, 0x00, 0x00,
  0xb4, 0xdf, 0xff, 0xff, 0x08, 0x00, 0x00, 0x00, 0x10, 0x00, 0x00, 0x00,
  0x01, 0x00, 0x00, 0x00, 0xa6, 0xff, 0xff, 0xff, 0xff, 0xff, 0xff, 0xff,
  0x01, 0x00, 0x00, 0x00, 0x5a, 0xa0, 0xf9, 0x3c, 0xd3, 0x00, 0x00, 0x00,
  0x73, 0x65, 0x71, 0x75, 0x65, 0x6e, 0x74, 0x69, 0x61, 0x6c, 0x5f, 0x31,
  0x2f, 0x62, 0x61, 0x74, 0x63, 0x68, 0x5f, 0x6e, 0x6f, 0x72, 0x6d, 0x61,
  0x6c, 0x69, 0x7a, 0x61, 0x74, 0x69, 0x6f, 0x6e, 0x5f, 0x31, 0x5f, 0x32,
  0x2f, 0x62, 0x61, 0x74, 0x63, 0x68, 0x6e, 0x6f, 0x72, 0x6d, 0x2f, 0x61,
  0x64, 0x64, 0x5f, 0x31, 0x3b, 0x73, 0x65, 0x71, 0x75, 0x65, 0x6e, 0x74,
  0x69, 0x61, 0x6c, 0x5f, 0x31, 0x2f, 0x63, 0x6f, 0x6e, 0x76, 0x31, 0x64,
  0x5f, 0x31, 0x5f, 0x32, 0x2f, 0x63, 0x6f, 0x6e, 0x76, 0x6f, 0x6c, 0x75,
  0x74, 0x69, 0x6f, 0x6e, 0x2f, 0x53, 0x71, 0x75, 0x65, 0x65, 0x7a, 0x65,
  0x3b, 0x73, 0x65, 0x71, 0x75, 0x65, 0x6e, 0x74, 0x69, 0x61, 0x6c, 0x5f,
  0x31, 0x2f, 0x62, 0x61, 0x74, 0x63, 0x68, 0x5f, 0x6e, 0x6f, 0x72, 0x6d,
  0x61, 0x6c, 0x69, 0x7a, 0x61, 0x74, 0x69, 0x6f, 0x6e, 0x5f, 0x31, 0x5f,
  0x32, 0x2f, 0x62, 0x61, 0x74, 0x63, 0x68, 0x6e, 0x6f, 0x72, 0x6d, 0x2f,
  0x6d, 0x75, 0x6c, 0x5f, 0x31, 0x3b, 0x73, 0x65, 0x71, 0x75, 0x65, 0x6e,
  0x74, 0x69, 0x61, 0x6c, 0x5f, 0x31, 0x2f, 0x63, 0x6f, 0x6e, 0x76, 0x31,
  0x64, 0x5f, 0x31, 0x5f, 0x32, 0x2f, 0x52, 0x65, 0x6c, 0x75, 0x3b, 0x73,
  0x65, 0x71, 0x75, 0x65, 0x6e, 0x74, 0x69, 0x61, 0x6c, 0x5f, 0x31, 0x2f,
  0x63, 0x6f, 0x6e, 0x76, 0x31, 0x64, 0x5f, 0x31, 0x5f, 0x32, 0x2f, 0x42,
  0x69, 0x61, 0x73, 0x41, 0x64, 0x64, 0x3b, 0x00, 0x04, 0x00, 0x00, 0x00,
  0x01, 0x00, 0x00, 0x00, 0x01, 0x00, 0x00, 0x00, 0x02, 0x00, 0x00, 0x00,
  0x40, 0x00, 0x00, 0x00, 0x02, 0xe1, 0xff, 0xff, 0x00, 0x00, 0x00, 0x01,
  0x18, 0x00, 0x00, 0x00, 0x28, 0x00, 0x00, 0x00, 0x48, 0x00, 0x00, 0x00,
  0x24, 0x00, 0x00, 0x00, 0x00, 0x00, 0x00, 0x09, 0xe0, 0x00, 0x00, 0x00,
  0x04, 0x00, 0x00, 0x00, 0xff, 0xff, 0xff, 0xff, 0x01, 0x00, 0x00, 0x00,
  0x02, 0x00, 0x00, 0x00, 0x40, 0x00, 0x00, 0x00, 0xf4, 0xe0, 0xff, 0xff,
  0x08, 0x00, 0x00, 0x00, 0x14, 0x00, 0x00, 0x00, 0x01, 0x00, 0x00, 0x00,
  0xa4, 0xff, 0xff, 0xff, 0xff, 0xff, 0xff, 0xff, 0x00, 0x00, 0x00, 0x00,
  0x01, 0x00, 0x00, 0x00, 0xd5, 0x4a, 0x03, 0x3d, 0x9e, 0x00, 0x00, 0x00,
  0x73, 0x65, 0x71, 0x75, 0x65, 0x6e, 0x74, 0x69, 0x61, 0x6c, 0x5f, 0x31,
  0x2f, 0x62, 0x61, 0x74, 0x63, 0x68, 0x5f, 0x6e, 0x6f, 0x72, 0x6d, 0x61,
  0x6c, 0x69, 0x7a, 0x61, 0x74, 0x69, 0x6f, 0x6e, 0x5f, 0x31, 0x5f, 0x32,
  0x2f, 0x62, 0x61, 0x74, 0x63, 0x68, 0x6e, 0x6f, 0x72, 0x6d, 0x2f, 0x6d,
  0x75, 0x6c, 0x5f, 0x31, 0x3b, 0x73, 0x65, 0x71, 0x75, 0x65, 0x6e, 0x74,
  0x69, 0x61, 0x6c, 0x5f, 0x31, 0x2f, 0x63, 0x6f, 0x6e, 0x76, 0x31, 0x64,
  0x5f, 0x31, 0x5f, 0x32, 0x2f, 0x63, 0x6f, 0x6e, 0x76, 0x6f, 0x6c, 0x75,
  0x74, 0x69, 0x6f, 0x6e, 0x2f, 0x53, 0x71, 0x75, 0x65, 0x65, 0x7a, 0x65,
  0x3b, 0x73, 0x65, 0x71, 0x75, 0x65, 0x6e, 0x74, 0x69, 0x61, 0x6c, 0x5f,
  0x31, 0x2f, 0x63, 0x6f, 0x6e, 0x76, 0x31, 0x64, 0x5f, 0x31, 0x5f, 0x32,
  0x2f, 0x52, 0x65, 0x6c, 0x75, 0x3b, 0x73, 0x65, 0x71, 0x75, 0x65, 0x6e,
  0x74, 0x69, 0x61, 0x6c, 0x5f, 0x31, 0x2f, 0x63, 0x6f, 0x6e, 0x76, 0x31,
  0x64, 0x5f, 0x31, 0x5f, 0x32, 0x2f, 0x42, 0x69, 0x61, 0x73, 0x41, 0x64,
  0x64, 0x3b, 0x00, 0x00, 0x04, 0x00, 0x00, 0x00, 0x01, 0x00, 0x00, 0x00,
  0x01, 0x00, 0x00, 0x00, 0x02, 0x00, 0x00, 0x00, 0x40, 0x00, 0x00, 0x00,
  0x12, 0xe2, 0xff, 0xff, 0x00, 0x00, 0x00, 0x01, 0x18, 0x00, 0x00, 0x00,
  0x28, 0x00, 0x00, 0x00, 0x48, 0x00, 0x00, 0x00, 0x23, 0x00, 0x00, 0x00,
  0x00, 0x00, 0x00, 0x09, 0xd0, 0x00, 0x00, 0x00, 0x04, 0x00, 0x00, 0x00,
  0xff, 0xff, 0xff, 0xff, 0x01, 0x00, 0x00, 0x00, 0x02, 0x00, 0x00, 0x00,
  0x40, 0x00, 0x00, 0x00, 0x04, 0xe2, 0xff, 0xff, 0x08, 0x00, 0x00, 0x00,
  0x14, 0x00, 0x00, 0x00, 0x01, 0x00, 0x00, 0x00, 0x80, 0xff, 0xff, 0xff,
  0xff, 0xff, 0xff, 0xff, 0x00, 0x00, 0x00, 0x00, 0x01, 0x00, 0x00, 0x00,
  0x23, 0x40, 0xe1, 0x3c, 0x8d, 0x00, 0x00, 0x00, 0x73, 0x65, 0x71, 0x75,
  0x65, 0x6e, 0x74, 0x69, 0x61, 0x6c, 0x5f, 0x31, 0x2f, 0x63, 0x6f, 0x6e,
  0x76, 0x31, 0x64, 0x5f, 0x31, 0x5f, 0x32, 0x2f, 0x52, 0x65, 0x6c, 0x75,
  0x3b, 0x73, 0x65, 0x71, 0x75, 0x65, 0x6e, 0x74, 0x69, 0x61, 0x6c, 0x5f,
  0x31, 0x2f, 0x63, 0x6f, 0x6e, 0x76, 0x31, 0x64, 0x5f, 0x31, 0x5f, 0x32,
  0x2f, 0x42, 0x69, 0x61, 0x73, 0x41, 0x64, 0x64, 0x3b, 0x73, 0x65, 0x71,
  0x75, 0x65, 0x6e, 0x74, 0x69, 0x61, 0x6c, 0x5f, 0x31, 0x2f, 0x63, 0x6f,
  0x6e, 0x76, 0x31, 0x64, 0x5f, 0x31, 0x5f, 0x32, 0x2f, 0x63, 0x6f, 0x6e,
  0x76, 0x6f, 0x6c, 0x75, 0x74, 0x69, 0x6f, 0x6e, 0x2f, 0x53, 0x71, 0x75,
  0x65, 0x65, 0x7a, 0x65, 0x3b, 0x3b, 0x73, 0x65, 0x71, 0x75, 0x65, 0x6e,
  0x74, 0x69, 0x61, 0x6c, 0x5f, 0x31, 0x2f, 0x63, 0x6f, 0x6e, 0x76, 0x31,
  0x64, 0x5f, 0x31, 0x5f, 0x32, 0x2f, 0x63, 0x6f, 0x6e, 0x76, 0x6f, 0x6c,
  0x75, 0x74, 0x69, 0x6f, 0x6e, 0x00, 0x00, 0x00, 0x04, 0x00, 0x00, 0x00,
  0x01, 0x00, 0x00, 0x00, 0x01, 0x00, 0x00, 0x00, 0x02, 0x00, 0x00, 0x00,
  0x40, 0x00, 0x00, 0x00, 0x12, 0xe3, 0xff, 0xff, 0x00, 0x00, 0x00, 0x01,
  0x18, 0x00, 0x00, 0x00, 0x28, 0x00, 0x00, 0x00, 0x44, 0x00, 0x00, 0x00,
  0x22, 0x00, 0x00, 0x00, 0x00, 0x00, 0x00, 0x09, 0x6c, 0x00, 0x00, 0x00,
  0x04, 0x00, 0x00, 0x00, 0xff, 0xff, 0xff, 0xff, 0x01, 0x00, 0x00, 0x00,
  0x02, 0x00, 0x00, 0x00, 0x20, 0x00, 0x00, 0x00, 0x04, 0xe3, 0xff, 0xff,
  0x08, 0x00, 0x00, 0x00, 0x10, 0x00, 0x00, 0x00, 0x01, 0x00, 0x00, 0x00,
  0xa9, 0xff, 0xff, 0xff, 0xff, 0xff, 0xff, 0xff, 0x01, 0x00, 0x00, 0x00,
  0xb0, 0x07, 0xa9, 0x3c, 0x2e, 0x00, 0x00, 0x00, 0x73, 0x65, 0x71, 0x75,
  0x65, 0x6e, 0x74, 0x69, 0x61, 0x6c, 0x5f, 0x31, 0x2f, 0x63, 0x6f, 0x6e,
  0x76, 0x31, 0x64, 0x5f, 0x31, 0x5f, 0x32, 0x2f, 0x63, 0x6f, 0x6e, 0x76,
  0x6f, 0x6c, 0x75, 0x74, 0x69, 0x6f, 0x6e, 0x2f, 0x45, 0x78, 0x70, 0x61,
  0x6e, 0x64, 0x44, 0x69, 0x6d, 0x73, 0x00, 0x00, 0x04, 0x00, 0x00, 0x00,
  0x01, 0x00, 0x00, 0x00, 0x01, 0x00, 0x00, 0x00, 0x02, 0x00, 0x00, 0x00,
  0x20, 0x00, 0x00, 0x00, 0xae, 0xe3, 0xff, 0xff, 0x00, 0x00, 0x00, 0x01,
  0x18, 0x00, 0x00, 0x00, 0x24, 0x00, 0x00, 0x00, 0x40, 0x00, 0x00, 0x00,
  0x21, 0x00, 0x00, 0x00, 0x00, 0x00, 0x00, 0x09, 0x68, 0x00, 0x00, 0x00,
  0x03, 0x00, 0x00, 0x00, 0xff, 0xff, 0xff, 0xff, 0x02, 0x00, 0x00, 0x00,
  0x20, 0x00, 0x00, 0x00, 0x9c, 0xe3, 0xff, 0xff, 0x08, 0x00, 0x00, 0x00,
  0x10, 0x00, 0x00, 0x00, 0x01, 0x00, 0x00, 0x00, 0xa9, 0xff, 0xff, 0xff,
  0xff, 0xff, 0xff, 0xff, 0x01, 0x00, 0x00, 0x00, 0xb0, 0x07, 0xa9, 0x3c,
  0x2e, 0x00, 0x00, 0x00, 0x73, 0x65, 0x71, 0x75, 0x65, 0x6e, 0x74, 0x69,
  0x61, 0x6c, 0x5f, 0x31, 0x2f, 0x6d, 0x61, 0x78, 0x5f, 0x70, 0x6f, 0x6f,
  0x6c, 0x69, 0x6e, 0x67, 0x31, 0x64, 0x5f, 0x31, 0x2f, 0x4d, 0x61, 0x78,
  0x50, 0x6f, 0x6f, 0x6c, 0x31, 0x64, 0x2f, 0x53, 0x71, 0x75, 0x65, 0x65,
  0x7a, 0x65, 0x00, 0x00, 0x03, 0x00, 0x00, 0x00, 0x01, 0x00, 0x00, 0x00,
  0x02, 0x00, 0x00, 0x00, 0x20, 0x00, 0x00, 0x00, 0x42, 0xe4, 0xff, 0xff,
  0x00, 0x00, 0x00, 0x01, 0x18, 0x00, 0x00, 0x00, 0x28, 0x00, 0x00, 0x00,
  0x48, 0x00, 0x00, 0x00, 0x20, 0x00, 0x00, 0x00, 0x00, 0x00, 0x00, 0x09,
  0x68, 0x00, 0x00, 0x00, 0x04, 0x00, 0x00, 0x00, 0xff, 0xff, 0xff, 0xff,
  0x01, 0x00, 0x00, 0x00, 0x02, 0x00, 0x00, 0x00, 0x20, 0x00, 0x00, 0x00,
  0x34, 0xe4, 0xff, 0xff, 0x08, 0x00, 0x00, 0x00, 0x14, 0x00, 0x00, 0x00,
  0x01, 0x00, 0x00, 0x00, 0xa9, 0xff, 0xff, 0xff, 0xff, 0xff, 0xff, 0xff,
  0x00, 0x00, 0x00, 0x00, 0x01, 0x00, 0x00, 0x00, 0xb0, 0x07, 0xa9, 0x3c,
  0x26, 0x00, 0x00, 0x00, 0x73, 0x65, 0x71, 0x75, 0x65, 0x6e, 0x74, 0x69,
  0x61, 0x6c, 0x5f, 0x31, 0x2f, 0x6d, 0x61, 0x78, 0x5f, 0x70, 0x6f, 0x6f,
  0x6c, 0x69, 0x6e, 0x67, 0x31, 0x64, 0x5f, 0x31, 0x2f, 0x4d, 0x61, 0x78,
  0x50, 0x6f, 0x6f, 0x6c, 0x31, 0x64, 0x00, 0x00, 0x04, 0x00, 0x00, 0x00,
  0x01, 0x00, 0x00, 0x00, 0x01, 0x00, 0x00, 0x00, 0x02, 0x00, 0x00, 0x00,
  0x20, 0x00, 0x00, 0x00, 0xda, 0xe4, 0xff, 0xff, 0x00, 0x00, 0x00, 0x01,
  0x18, 0x00, 0x00, 0x00, 0x28, 0x00, 0x00, 0x00, 0x48, 0x00, 0x00, 0x00,
  0x1f, 0x00, 0x00, 0x00, 0x00, 0x00, 0x00, 0x09, 0x74, 0x00, 0x00, 0x00,
  0x04, 0x00, 0x00, 0x00, 0xff, 0xff, 0xff, 0xff, 0x01, 0x00, 0x00, 0x00,
  0x04, 0x00, 0x00, 0x00, 0x20, 0x00, 0x00, 0x00, 0xcc, 0xe4, 0xff, 0xff,
  0x08, 0x00, 0x00, 0x00, 0x14, 0x00, 0x00, 0x00, 0x01, 0x00, 0x00, 0x00,
  0xa9, 0xff, 0xff, 0xff, 0xff, 0xff, 0xff, 0xff, 0x00, 0x00, 0x00, 0x00,
  0x01, 0x00, 0x00, 0x00, 0xb0, 0x07, 0xa9, 0x3c, 0x31, 0x00, 0x00, 0x00,
  0x73, 0x65, 0x71, 0x75, 0x65, 0x6e, 0x74, 0x69, 0x61, 0x6c, 0x5f, 0x31,
  0x2f, 0x6d, 0x61, 0x78, 0x5f, 0x70, 0x6f, 0x6f, 0x6c, 0x69, 0x6e, 0x67,
  0x31, 0x64, 0x5f, 0x31, 0x2f, 0x4d, 0x61, 0x78, 0x50, 0x6f, 0x6f, 0x6c,
  0x31, 0x64, 0x2f, 0x45, 0x78, 0x70, 0x61, 0x6e, 0x64, 0x44, 0x69, 0x6d,
  0x73, 0x00, 0x00, 0x00, 0x04, 0x00, 0x00, 0x00, 0x01, 0x00, 0x00, 0x00,
  0x01, 0x00, 0x00, 0x00, 0x04, 0x00, 0x00, 0x00, 0x20, 0x00, 0x00, 0x00,
  0x7e, 0xe5, 0xff, 0xff, 0x00, 0x00, 0x00, 0x01, 0x18, 0x00, 0x00, 0x00,
  0x24, 0x00, 0x00, 0x00, 0x44, 0x00, 0x00, 0x00, 0x1e, 0x00, 0x00, 0x00,
  0x00, 0x00, 0x00, 0x09, 0x08, 0x01, 0x00, 0x00, 0x03, 0x00, 0x00, 0x00,
  0xff, 0xff, 0xff, 0xff, 0x04, 0x00, 0x00, 0x00, 0x20, 0x00, 0x00, 0x00,
  0x6c, 0xe5, 0xff, 0xff, 0x08, 0x00, 0x00, 0x00, 0x14, 0x00, 0x00, 0x00,
  0x01, 0x00, 0x00, 0x00, 0xa9, 0xff, 0xff, 0xff, 0xff, 0xff, 0xff, 0xff,
  0x00, 0x00, 0x00, 0x00, 0x01, 0x00, 0x00, 0x00, 0xb0, 0x07, 0xa9, 0x3c,
  0xca, 0x00, 0x00, 0x00, 0x73, 0x65, 0x71, 0x75, 0x65, 0x6e, 0x74, 0x69,
  0x61, 0x6c, 0x5f, 0x31, 0x2f, 0x62, 0x61, 0x74, 0x63, 0x68, 0x5f, 0x6e,
  0x6f, 0x72, 0x6d, 0x61, 0x6c, 0x69, 0x7a, 0x61, 0x74, 0x69, 0x6f, 0x6e,
  0x5f, 0x31, 0x2f, 0x62, 0x61, 0x74, 0x63, 0x68, 0x6e, 0x6f, 0x72, 0x6d,
  0x2f, 0x61, 0x64, 0x64, 0x5f, 0x31, 0x3b, 0x73, 0x65, 0x71, 0x75, 0x65,
  0x6e, 0x74, 0x69, 0x61, 0x6c, 0x5f, 0x31, 0x2f, 0x63, 0x6f, 0x6e, 0x76,
  0x31, 0x64, 0x5f, 0x31, 0x2f, 0x63, 0x6f, 0x6e, 0x76, 0x6f, 0x6c, 0x75,
  0x74, 0x69, 0x6f, 0x6e, 0x2f, 0x53, 0x71, 0x75, 0x65, 0x65, 0x7a, 0x65,
  0x3b, 0x73, 0x65, 0x71, 0x75, 0x65, 0x6e, 0x74, 0x69, 0x61, 0x6c, 0x5f,
  0x31, 0x2f, 0x62, 0x61, 0x74, 0x63, 0x68, 0x5f, 0x6e, 0x6f, 0x72, 0x6d,
  0x61, 0x6c, 0x69, 0x7a, 0x61, 0x74, 0x69, 0x6f, 0x6e, 0x5f, 0x31, 0x2f,
  0x62, 0x61, 0x74, 0x63, 0x68, 0x6e, 0x6f, 0x72, 0x6d, 0x2f, 0x6d, 0x75,
  0x6c, 0x5f, 0x31, 0x3b, 0x73, 0x65, 0x71, 0x75, 0x65, 0x6e, 0x74, 0x69,
  0x61, 0x6c, 0x5f, 0x31, 0x2f, 0x63, 0x6f, 0x6e, 0x76, 0x31, 0x64, 0x5f,
  0x31, 0x2f, 0x52, 0x65, 0x6c, 0x75, 0x3b, 0x73, 0x65, 0x71, 0x75, 0x65,
  0x6e, 0x74, 0x69, 0x61, 0x6c, 0x5f, 0x31, 0x2f, 0x63, 0x6f, 0x6e, 0x76,
  0x31, 0x64, 0x5f, 0x31, 0x2f, 0x42, 0x69, 0x61, 0x73, 0x41, 0x64, 0x64,
  0x3b, 0x31, 0x00, 0x00, 0x03, 0x00, 0x00, 0x00, 0x01, 0x00, 0x00, 0x00,
  0x04, 0x00, 0x00, 0x00, 0x20, 0x00, 0x00, 0x00, 0xb2, 0xe6, 0xff, 0xff,
  0x00, 0x00, 0x00, 0x01, 0x18, 0x00, 0x00, 0x00, 0x28, 0x00, 0x00, 0x00,
  0x44, 0x00, 0x00, 0x00, 0x1d, 0x00, 0x00, 0x00, 0x00, 0x00, 0x00, 0x09,
  0x08, 0x01, 0x00, 0x00, 0x04, 0x00, 0x00, 0x00, 0xff, 0xff, 0xff, 0xff,
  0x01, 0x00, 0x00, 0x00, 0x04, 0x00, 0x00, 0x00, 0x20, 0x00, 0x00, 0x00,
  0xa4, 0xe6, 0xff, 0xff, 0x08, 0x00, 0x00, 0x00, 0x10, 0x00, 0x00, 0x00,
  0x01, 0x00, 0x00, 0x00, 0xa9, 0xff, 0xff, 0xff, 0xff, 0xff, 0xff, 0xff,
  0x01, 0x00, 0x00, 0x00, 0xb0, 0x07, 0xa9, 0x3c, 0xc9, 0x00, 0x00, 0x00,
  0x73, 0x65, 0x71, 0x75, 0x65, 0x6e, 0x74, 0x69, 0x61, 0x6c, 0x5f, 0x31,
  0x2f, 0x62, 0x61, 0x74, 0x63, 0x68, 0x5f, 0x6e, 0x6f, 0x72, 0x6d, 0x61,
  0x6c, 0x69, 0x7a, 0x61, 0x74, 0x69, 0x6f, 0x6e, 0x5f, 0x31, 0x2f, 0x62,
  0x61, 0x74, 0x63, 0x68, 0x6e, 0x6f, 0x72, 0x6d, 0x2f, 0x61, 0x64, 0x64,
  0x5f, 0x31, 0x3b, 0x73, 0x65, 0x71, 0x75, 0x65, 0x6e, 0x74, 0x69, 0x61,
  0x6c, 0x5f, 0x31, 0x2f, 0x63, 0x6f, 0x6e, 0x76, 0x31, 0x64, 0x5f, 0x31,
  0x2f, 0x63, 0x6f, 0x6e, 0x76, 0x6f, 0x6c, 0x75, 0x74, 0x69, 0x6f, 0x6e,
  0x2f, 0x53, 0x71, 0x75, 0x65, 0x65, 0x7a, 0x65, 0x3b, 0x73, 0x65, 0x71,
  0x75, 0x65, 0x6e, 0x74, 0x69, 0x61, 0x6c, 0x5f, 0x31, 0x2f, 0x62, 0x61,
  0x74, 0x63, 0x68, 0x5f, 0x6e, 0x6f, 0x72, 0x6d, 0x61, 0x6c, 0x69, 0x7a,
  0x61, 0x74, 0x69, 0x6f, 0x6e, 0x5f, 0x31, 0x2f, 0x62, 0x61, 0x74, 0x63,
  0x68, 0x6e, 0x6f, 0x72, 0x6d, 0x2f, 0x6d, 0x75, 0x6c, 0x5f, 0x31, 0x3b,
  0x73, 0x65, 0x71, 0x75, 0x65, 0x6e, 0x74, 0x69, 0x61, 0x6c, 0x5f, 0x31,
  0x2f, 0x63, 0x6f, 0x6e, 0x76, 0x31, 0x64, 0x5f, 0x31, 0x2f, 0x52, 0x65,
  0x6c, 0x75, 0x3b, 0x73, 0x65, 0x71, 0x75, 0x65, 0x6e, 0x74, 0x69, 0x61,
  0x6c, 0x5f, 0x31, 0x2f, 0x63, 0x6f, 0x6e, 0x76, 0x31, 0x64, 0x5f, 0x31,
  0x2f, 0x42, 0x69, 0x61, 0x73, 0x41, 0x64, 0x64, 0x3b, 0x00, 0x00, 0x00,
  0x04, 0x00, 0x00, 0x00, 0x01, 0x00, 0x00, 0x00, 0x01, 0x00, 0x00, 0x00,
  0x04, 0x00, 0x00, 0x00, 0x20, 0x00, 0x00, 0x00, 0xea, 0xe7, 0xff, 0xff,
  0x00, 0x00, 0x00, 0x01, 0x18, 0x00, 0x00, 0x00, 0x28, 0x00, 0x00, 0x00,
  0x48, 0x00, 0x00, 0x00, 0x1c, 0x00, 0x00, 0x00, 0x00, 0x00, 0x00, 0x09,
  0xd8, 0x00, 0x00, 0x00, 0x04, 0x00, 0x00, 0x00, 0xff, 0xff, 0xff, 0xff,
  0x01, 0x00, 0x00, 0x00, 0x04, 0x00, 0x00, 0x00, 0x20, 0x00, 0x00, 0x00,
  0xdc, 0xe7, 0xff, 0xff, 0x08, 0x00, 0x00, 0x00, 0x14, 0x00, 0x00, 0x00,
  0x01, 0x00, 0x00, 0x00, 0xa4, 0xff, 0xff, 0xff, 0xff, 0xff, 0xff, 0xff,
  0x00, 0x00, 0x00, 0x00, 0x01, 0x00, 0x00, 0x00, 0x59, 0x44, 0xbd, 0x3c,
  0x96, 0x00, 0x00, 0x00, 0x73, 0x65, 0x71, 0x75, 0x65, 0x6e, 0x74, 0x69,
  0x61, 0x6c, 0x5f, 0x31, 0x2f, 0x62, 0x61, 0x74, 0x63, 0x68, 0x5f, 0x6e,
  0x6f, 0x72, 0x6d, 0x61, 0x6c, 0x69, 0x7a, 0x61, 0x74, 0x69, 0x6f, 0x6e,
  0x5f, 0x31, 0x2f, 0x62, 0x61, 0x74, 0x63, 0x68, 0x6e, 0x6f, 0x72, 0x6d,
  0x2f, 0x6d, 0x75, 0x6c, 0x5f, 0x31, 0x3b, 0x73, 0x65, 0x71, 0x75, 0x65,
  0x6e, 0x74, 0x69, 0x61, 0x6c, 0x5f, 0x31, 0x2f, 0x63, 0x6f, 0x6e, 0x76,
  0x31, 0x64, 0x5f, 0x31, 0x2f, 0x63, 0x6f, 0x6e, 0x76, 0x6f, 0x6c, 0x75,
  0x74, 0x69, 0x6f, 0x6e, 0x2f, 0x53, 0x71, 0x75, 0x65, 0x65, 0x7a, 0x65,
  0x3b, 0x73, 0x65, 0x71, 0x75, 0x65, 0x6e, 0x74, 0x69, 0x61, 0x6c, 0x5f,
  0x31, 0x2f, 0x63, 0x6f, 0x6e, 0x76, 0x31, 0x64, 0x5f, 0x31, 0x2f, 0x52,
  0x65, 0x6c, 0x75, 0x3b, 0x73, 0x65, 0x71, 0x75, 0x65, 0x6e, 0x74, 0x69,
  0x61, 0x6c, 0x5f, 0x31, 0x2f, 0x63, 0x6f, 0x6e, 0x76, 0x31, 0x64, 0x5f,
  0x31, 0x2f, 0x42, 0x69, 0x61, 0x73, 0x41, 0x64, 0x64, 0x3b, 0x00, 0x00,
  0x04, 0x00, 0x00, 0x00, 0x01, 0x00, 0x00, 0x00, 0x01, 0x00, 0x00, 0x00,
  0x04, 0x00, 0x00, 0x00, 0x20, 0x00, 0x00, 0x00, 0xf2, 0xe8, 0xff, 0xff,
  0x00, 0x00, 0x00, 0x01, 0x18, 0x00, 0x00, 0x00, 0x28, 0x00, 0x00, 0x00,
  0x48, 0x00, 0x00, 0x00, 0x1b, 0x00, 0x00, 0x00, 0x00, 0x00, 0x00, 0x09,
  0xc8, 0x00, 0x00, 0x00, 0x04, 0x00, 0x00, 0x00, 0xff, 0xff, 0xff, 0xff,
  0x01, 0x00, 0x00, 0x00, 0x04, 0x00, 0x00, 0x00, 0x20, 0x00, 0x00, 0x00,
  0xe4, 0xe8, 0xff, 0xff, 0x08, 0x00, 0x00, 0x00, 0x14, 0x00, 0x00, 0x00,
  0x01, 0x00, 0x00, 0x00, 0x80, 0xff, 0xff, 0xff, 0xff, 0xff, 0xff, 0xff,
  0x00, 0x00, 0x00, 0x00, 0x01, 0x00, 0x00, 0x00, 0x6c, 0x64, 0xa2, 0x3c,
  0x85, 0x00, 0x00, 0x00, 0x73, 0x65, 0x71, 0x75, 0x65, 0x6e, 0x74, 0x69,
  0x61, 0x6c, 0x5f, 0x31, 0x2f, 0x63, 0x6f, 0x6e, 0x76, 0x31, 0x64, 0x5f,
  0x31, 0x2f, 0x52, 0x65, 0x6c, 0x75, 0x3b, 0x73, 0x65, 0x71, 0x75, 0x65,
  0x6e, 0x74, 0x69, 0x61, 0x6c, 0x5f, 0x31, 0x2f, 0x63, 0x6f, 0x6e, 0x76,
  0x31, 0x64, 0x5f, 0x31, 0x2f, 0x42, 0x69, 0x61, 0x73, 0x41, 0x64, 0x64,
  0x3b, 0x73, 0x65, 0x71, 0x75, 0x65, 0x6e, 0x74, 0x69, 0x61, 0x6c, 0x5f,
  0x31, 0x2f, 0x63, 0x6f, 0x6e, 0x76, 0x31, 0x64, 0x5f, 0x31, 0x2f, 0x63,
  0x6f, 0x6e, 0x76, 0x6f, 0x6c, 0x75, 0x74, 0x69, 0x6f, 0x6e, 0x2f, 0x53,
  0x71, 0x75, 0x65, 0x65, 0x7a, 0x65, 0x3b, 0x3b, 0x73, 0x65, 0x71, 0x75,
  0x65, 0x6e, 0x74, 0x69, 0x61, 0x6c, 0x5f, 0x31, 0x2f, 0x63, 0x6f, 0x6e,
  0x76, 0x31, 0x64, 0x5f, 0x31, 0x2f, 0x63, 0x6f, 0x6e, 0x76, 0x6f, 0x6c,
  0x75, 0x74, 0x69, 0x6f, 0x6e, 0x00, 0x00, 0x00, 0x04, 0x00, 0x00, 0x00,
  0x01, 0x00, 0x00, 0x00, 0x01, 0x00, 0x00, 0x00, 0x04, 0x00, 0x00, 0x00,
  0x20, 0x00, 0x00, 0x00, 0xea, 0xe9, 0xff, 0xff, 0x00, 0x00, 0x00, 0x01,
  0x18, 0x00, 0x00, 0x00, 0x28, 0x00, 0x00, 0x00, 0x44, 0x00, 0x00, 0x00,
  0x1a, 0x00, 0x00, 0x00, 0x00, 0x00, 0x00, 0x09, 0x6c, 0x00, 0x00, 0x00,
  0x04, 0x00, 0x00, 0x00, 0xff, 0xff, 0xff, 0xff, 0x01, 0x00, 0x00, 0x00,
  0x04, 0x00, 0x00, 0x00, 0x01, 0x00, 0x00, 0x00, 0xdc, 0xe9, 0xff, 0xff,
  0x08, 0x00, 0x00, 0x00, 0x10, 0x00, 0x00, 0x00, 0x01, 0x00, 0x00, 0x00,
  0x0d, 0x00, 0x00, 0x00, 0x00, 0x00, 0x00, 0x00, 0x01, 0x00, 0x00, 0x00,
  0x4b, 0xb9, 0xa1, 0x3c, 0x2c, 0x00, 0x00, 0x00, 0x73, 0x65, 0x71, 0x75,
  0x65, 0x6e, 0x74, 0x69, 0x61, 0x6c, 0x5f, 0x31, 0x2f, 0x63, 0x6f, 0x6e,
  0x76, 0x31, 0x64, 0x5f, 0x31, 0x2f, 0x63, 0x6f, 0x6e, 0x76, 0x6f, 0x6c,
  0x75, 0x74, 0x69, 0x6f, 0x6e, 0x2f, 0x45, 0x78, 0x70, 0x61, 0x6e, 0x64,
  0x44, 0x69, 0x6d, 0x73, 0x00, 0x00, 0x00, 0x00, 0x04, 0x00, 0x00, 0x00,
  0x01, 0x00, 0x00, 0x00, 0x01, 0x00, 0x00, 0x00, 0x04, 0x00, 0x00, 0x00,
  0x01, 0x00, 0x00, 0x00, 0x86, 0xea, 0xff, 0xff, 0x00, 0x00, 0x00, 0x01,
  0x18, 0x00, 0x00, 0x00, 0x24, 0x00, 0x00, 0x00, 0x40, 0x00, 0x00, 0x00,
  0x19, 0x00, 0x00, 0x00, 0x00, 0x00, 0x00, 0x09, 0x58, 0x00, 0x00, 0x00,
  0x03, 0x00, 0x00, 0x00, 0xff, 0xff, 0xff, 0xff, 0x04, 0x00, 0x00, 0x00,
  0x01, 0x00, 0x00, 0x00, 0x74, 0xea, 0xff, 0xff, 0x08, 0x00, 0x00, 0x00,
  0x10, 0x00, 0x00, 0x00, 0x01, 0x00, 0x00, 0x00, 0x0d, 0x00, 0x00, 0x00,
  0x00, 0x00, 0x00, 0x00, 0x01, 0x00, 0x00, 0x00, 0x4b, 0xb9, 0xa1, 0x3c,
  0x1e, 0x00, 0x00, 0x00, 0x73, 0x65, 0x71, 0x75, 0x65, 0x6e, 0x74, 0x69,
  0x61, 0x6c, 0x5f, 0x31, 0x2f, 0x72, 0x65, 0x73, 0x68, 0x61, 0x70, 0x65,
  0x5f, 0x31, 0x2f, 0x52, 0x65, 0x73, 0x68, 0x61, 0x70, 0x65, 0x00, 0x00,
  0x03, 0x00, 0x00, 0x00, 0x01, 0x00, 0x00, 0x00, 0x04, 0x00, 0x00, 0x00,
  0x01, 0x00, 0x00, 0x00, 0x62, 0xeb, 0xff, 0xff, 0x00, 0x00, 0x00, 0x01,
  0x14, 0x00, 0x00, 0x00, 0x14, 0x00, 0x00, 0x00, 0x18, 0x00, 0x00, 0x00,
  0x00, 0x00, 0x00, 0x02, 0x34, 0x00, 0x00, 0x00, 0x4c, 0xeb, 0xff, 0xff,
  0x24, 0x00, 0x00, 0x00, 0x73, 0x65, 0x71, 0x75, 0x65, 0x6e, 0x74, 0x69,
  0x61, 0x6c, 0x5f, 0x31, 0x2f, 0x72, 0x65, 0x73, 0x68, 0x61, 0x70, 0x65,
  0x5f, 0x31, 0x2f, 0x52, 0x65, 0x73, 0x68, 0x61, 0x70, 0x65, 0x2f, 0x73,
  0x68, 0x61, 0x70, 0x65, 0x00, 0x00, 0x00, 0x00, 0x01, 0x00, 0x00, 0x00,
  0x03, 0x00, 0x00, 0x00, 0xb6, 0xeb, 0xff, 0xff, 0x00, 0x00, 0x00, 0x01,
  0x14, 0x00, 0x00, 0x00, 0x14, 0x00, 0x00, 0x00, 0x17, 0x00, 0x00, 0x00,
  0x00, 0x00, 0x00, 0x02, 0x34, 0x00, 0x00, 0x00, 0xa0, 0xeb, 0xff, 0xff,
  0x24, 0x00, 0x00, 0x00, 0x73, 0x65, 0x71, 0x75, 0x65, 0x6e, 0x74, 0x69,
  0x61, 0x6c, 0x5f, 0x31, 0x2f, 0x72, 0x65, 0x73, 0x68, 0x61, 0x70, 0x65,
  0x5f, 0x31, 0x2f, 0x73, 0x74, 0x72, 0x69, 0x64, 0x65, 0x64, 0x5f, 0x73,
  0x6c, 0x69, 0x63, 0x65, 0x00, 0x00, 0x00, 0x00, 0x00, 0x00, 0x00, 0x00,
  0x06, 0xec, 0xff, 0xff, 0x00, 0x00, 0x00, 0x01, 0x14, 0x00, 0x00, 0x00,
  0x14, 0x00, 0x00, 0x00, 0x16, 0x00, 0x00, 0x00, 0x00, 0x00, 0x00, 0x02,
  0x2c, 0x00, 0x00, 0x00, 0xf0, 0xeb, 0xff, 0xff, 0x1c, 0x00, 0x00, 0x00,
  0x73, 0x65, 0x71, 0x75, 0x65, 0x6e, 0x74, 0x69, 0x61, 0x6c, 0x5f, 0x31,
  0x2f, 0x72, 0x65, 0x73, 0x68, 0x61, 0x70, 0x65, 0x5f, 0x31, 0x2f, 0x53,
  0x68, 0x61, 0x70, 0x65, 0x00, 0x00, 0x00, 0x00, 0x01, 0x00, 0x00, 0x00,
  0x02, 0x00, 0x00, 0x00, 0x52, 0xec, 0xff, 0xff, 0x00, 0x00, 0x00, 0x01,
  0x14, 0x00, 0x00, 0x00, 0xa8, 0x01, 0x00, 0x00, 0x15, 0x00, 0x00, 0x00,
  0x00, 0x00, 0x00, 0x09, 0xb4, 0x01, 0x00, 0x00, 0xd4, 0xeb, 0xff, 0xff,
  0x08, 0x00, 0x00, 0x00, 0x0c, 0x01, 0x00, 0x00, 0x20, 0x00, 0x00, 0x00,
  0x00, 0x00, 0x00, 0x00, 0x00, 0x00, 0x00, 0x00, 0x00, 0x00, 0x00, 0x00,
  0x00, 0x00, 0x00, 0x00, 0x00, 0x00, 0x00, 0x00, 0x00, 0x00, 0x00, 0x00,
  0x00, 0x00, 0x00, 0x00, 0x00, 0x00, 0x00, 0x00, 0x00, 0x00, 0x00, 0x00,
  0x00, 0x00, 0x00, 0x00, 0x00, 0x00, 0x00, 0x00, 0x00, 0x00, 0x00, 0x00,
  0x00, 0x00, 0x00, 0x00, 0x00, 0x00, 0x00, 0x00, 0x00, 0x00, 0x00, 0x00,
  0x00, 0x00, 0x00, 0x00, 0x00, 0x00, 0x00, 0x00, 0x00, 0x00, 0x00, 0x00,
  0x00, 0x00, 0x00, 0x00, 0x00, 0x00, 0x00, 0x00, 0x00, 0x00, 0x00, 0x00,
  0x00, 0x00, 0x00, 0x00, 0x00, 0x00, 0x00, 0x00, 0x00, 0x00, 0x00, 0x00,
  0x00, 0x00, 0x00, 0x00, 0x00, 0x00, 0x00, 0x00, 0x00, 0x00, 0x00, 0x00,
  0x00, 0x00, 0x00, 0x00, 0x00, 0x00, 0x00, 0x00, 0x00, 0x00, 0x00, 0x00,
  0x00, 0x00, 0x00, 0x00, 0x00, 0x00, 0x00, 0x00, 0x00, 0x00, 0x00, 0x00,
  0x00, 0x00, 0x00, 0x00, 0x00, 0x00, 0x00, 0x00, 0x00, 0x00, 0x00, 0x00,
  0x00, 0x00, 0x00, 0x00, 0x00, 0x00, 0x00, 0x00, 0x00, 0x00, 0x00, 0x00,
  0x00, 0x00, 0x00, 0x00, 0x00, 0x00, 0x00, 0x00, 0x00, 0x00, 0x00, 0x00,
  0x00, 0x00, 0x00, 0x00, 0x00, 0x00, 0x00, 0x00, 0x00, 0x00, 0x00, 0x00,
  0x00, 0x00, 0x00, 0x00, 0x00, 0x00, 0x00, 0x00, 0x00, 0x00, 0x00, 0x00,
  0x00, 0x00, 0x00, 0x00, 0x00, 0x00, 0x00, 0x00, 0x00, 0x00, 0x00, 0x00,
  0x00, 0x00, 0x00, 0x00, 0x00, 0x00, 0x00, 0x00, 0x00, 0x00, 0x00, 0x00,
  0x00, 0x00, 0x00, 0x00, 0x00, 0x00, 0x00, 0x00, 0x00, 0x00, 0x00, 0x00,
  0x00, 0x00, 0x00, 0x00, 0x00, 0x00, 0x00, 0x00, 0x00, 0x00, 0x00, 0x00,
  0x00, 0x00, 0x00, 0x00, 0x00, 0x00, 0x00, 0x00, 0x00, 0x00, 0x00, 0x00,
  0x00, 0x00, 0x00, 0x00, 0x00, 0x00, 0x00, 0x00, 0x20, 0x00, 0x00, 0x00,
  0xcc, 0x40, 0xf2, 0x3a, 0x6e, 0x88, 0x83, 0x3a, 0xf0, 0x4b, 0x02, 0x3b,
  0x00, 0x42, 0xe4, 0x3a, 0xc6, 0x0f, 0xc3, 0x3a, 0x12, 0x02, 0x92, 0x3a,
  0x58, 0x27, 0x97, 0x3a, 0x23, 0xb1, 0x15, 0x3b, 0x0b, 0x2b, 0xd9, 0x3a,
  0x33, 0x06, 0x8b, 0x3a, 0xc1, 0x58, 0xee, 0x3a, 0x62, 0x4e, 0xbd, 0x3a,
  0x04, 0xd2, 0xec, 0x3a, 0x0e, 0x45, 0xb8, 0x3a, 0x1a, 0xa5, 0xda, 0x3a,
  0x34, 0xd3, 0x06, 0x3a, 0x47, 0x79, 0x74, 0x3a, 0x44, 0x63, 0xc8, 0x3a,
  0x32, 0x6e, 0x15, 0x3b, 0xed, 0x72, 0x03, 0x3b, 0xed, 0x93, 0x04, 0x3b,
  0x45, 0x37, 0xae, 0x3a, 0xe7, 0x31, 0xd6, 0x3a, 0x23, 0xd5, 0xec, 0x3a,
  0x38, 0x5d, 0xc9, 0x3a, 0xf8, 0xe7, 0xaf, 0x3a, 0xa0, 0xa3, 0x24, 0x3a,
  0xba, 0xe6, 0xf6, 0x3a, 0x01, 0xeb, 0xfb, 0x3a, 0xd0, 0xc1, 0xe4, 0x3a,
  0xf0, 0xa6, 0xdf, 0x3a, 0x35, 0x0b, 0x84, 0x3a, 0x13, 0x00, 0x00, 0x00,
  0x74, 0x66, 0x6c, 0x2e, 0x70, 0x73, 0x65, 0x75, 0x64, 0x6f, 0x5f, 0x71,
  0x63, 0x6f, 0x6e, 0x73, 0x74, 0x31, 0x31, 0x00, 0x04, 0x00, 0x00, 0x00,
  0x20, 0x00, 0x00, 0x00, 0x01, 0x00, 0x00, 0x00, 0x03, 0x00, 0x00, 0x00,
  0x01, 0x00, 0x00, 0x00, 0x32, 0xee, 0xff, 0xff, 0x00, 0x00, 0x00, 0x01,
  0x14, 0x00, 0x00, 0x00, 0xa4, 0x01, 0x00, 0x00, 0x14, 0x00, 0x00, 0x00,
  0x00, 0x00, 0x00, 0x02, 0xb0, 0x01, 0x00, 0x00, 0xb4, 0xed, 0xff, 0xff,
  0x08, 0x00, 0x00, 0x00, 0x08, 0x01, 0x00, 0x00, 0x20, 0x00, 0x00, 0x00,
  0x00, 0x00, 0x00, 0x00, 0x00, 0x00, 0x00, 0x00, 0x00, 0x00, 0x00, 0x00,
  0x00, 0x00, 0x00, 0x00, 0x00, 0x00, 0x00, 0x00, 0x00, 0x00, 0x00, 0x00,
  0x00, 0x00, 0x00, 0x00, 0x00, 0x00, 0x00, 0x00, 0x00, 0x00, 0x00, 0x00,
  0x00, 0x00, 0x00, 0x00, 0x00, 0x00, 0x00, 0x00, 0x00, 0x00, 0x00, 0x00,
  0x00, 0x00, 0x00, 0x00, 0x00, 0x00, 0x00, 0x00, 0x00, 0x00, 0x00, 0x00,
  0x00, 0x00, 0x00, 0x00, 0x00, 0x00, 0x00, 0x00, 0x00, 0x00, 0x00, 0x00,
  0x00, 0x00, 0x00, 0x00, 0x00, 0x00, 0x00, 0x00, 0x00, 0x00, 0x00, 0x00,
  0x00, 0x00, 0x00, 0x00, 0x00, 0x00, 0x00, 0x00, 0x00, 0x00, 0x00, 0x00,
  0x00, 0x00, 0x00, 0x00, 0x00, 0x00, 0x00, 0x00, 0x00, 0x00, 0x00, 0x00,
  0x00, 0x00, 0x00, 0x00, 0x00, 0x00, 0x00, 0x00, 0x00, 0x00, 0x00, 0x00,
  0x00, 0x00, 0x00, 0x00, 0x00, 0x00, 0x00, 0x00, 0x00, 0x00, 0x00, 0x00,
  0x00, 0x00, 0x00, 0x00, 0x00, 0x00, 0x00, 0x00, 0x00, 0x00, 0x00, 0x00,
  0x00, 0x00, 0x00, 0x00, 0x00, 0x00, 0x00, 0x00, 0x00, 0x00, 0x00, 0x00,
  0x00, 0x00, 0x00, 0x00, 0x00, 0x00, 0x00, 0x00, 0x00, 0x00, 0x00, 0x00,
  0x00, 0x00, 0x00, 0x00, 0x00, 0x00, 0x00, 0x00, 0x00, 0x00, 0x00, 0x00,
  0x00, 0x00, 0x00, 0x00, 0x00, 0x00, 0x00, 0x00, 0x00, 0x00, 0x00, 0x00,
  0x00, 0x00, 0x00, 0x00, 0x00, 0x00, 0x00, 0x00, 0x00, 0x00, 0x00, 0x00,
  0x00, 0x00, 0x00, 0x00, 0x00, 0x00, 0x00, 0x00, 0x00, 0x00, 0x00, 0x00,
  0x00, 0x00, 0x00, 0x00, 0x00, 0x00, 0x00, 0x00, 0x00, 0x00, 0x00, 0x00,
  0x00, 0x00, 0x00, 0x00, 0x00, 0x00, 0x00, 0x00, 0x00, 0x00, 0x00, 0x00,
  0x00, 0x00, 0x00, 0x00, 0x00, 0x00, 0x00, 0x00, 0x00, 0x00, 0x00, 0x00,
  0x00, 0x00, 0x00, 0x00, 0x20, 0x00, 0x00, 0x00, 0x18, 0x0a, 0x19, 0x38,
  0x03, 0x30, 0xa6, 0x37, 0x22, 0xa0, 0x24, 0x38, 0xb9, 0x32, 0x10, 0x38,
  0x36, 0x74, 0xf6, 0x37, 0xf7, 0x79, 0xb8, 0x37, 0x4c, 0xfa, 0xbe, 0x37,
  0x80, 0x21, 0x3d, 0x38, 0x42, 0x31, 0x09, 0x38, 0x0d, 0xa7, 0xaf, 0x37,
  0x55, 0x92, 0x16, 0x38, 0xa1, 0x2e, 0xef, 0x37, 0x7e, 0x9b, 0x15, 0x38,
  0x9b, 0xd1, 0xe8, 0x37, 0x17, 0x20, 0x0a, 0x38, 0xd4, 0x58, 0x2a, 0x37,
  0x39, 0x71, 0x9a, 0x37, 0xf0, 0x2e, 0xfd, 0x37, 0xec, 0xcc, 0x3c, 0x38,
  0xd7, 0x14, 0x26, 0x38, 0xfc, 0x81, 0x27, 0x38, 0xb7, 0x1d, 0xdc, 0x37,
  0x6b, 0x50, 0x07, 0x38, 0x76, 0x9d, 0x15, 0x38, 0xbf, 0x6a, 0xfe, 0x37,
  0x6a, 0x40, 0xde, 0x37, 0x24, 0x04, 0x50, 0x37, 0xd0, 0xf9, 0x1b, 0x38,
  0x22, 0x25, 0x1f, 0x38, 0x77, 0x83, 0x10, 0x38, 0xde, 0x49, 0x0d, 0x38,
  0x3e, 0xd5, 0xa6, 0x37, 0x13, 0x00, 0x00, 0x00, 0x74, 0x66, 0x6c, 0x2e,
  0x70, 0x73, 0x65, 0x75, 0x64, 0x6f, 0x5f, 0x71, 0x63, 0x6f, 0x6e, 0x73,
  0x74, 0x31, 0x30, 0x00, 0x01, 0x00, 0x00, 0x00, 0x20, 0x00, 0x00, 0x00,
  0x02, 0xf0, 0xff, 0xff, 0x00, 0x00, 0x00, 0x01, 0x14, 0x00, 0x00, 0x00,
  0x34, 0x00, 0x00, 0x00, 0x13, 0x00, 0x00, 0x00, 0x00, 0x00, 0x00, 0x09,
  0x40, 0x00, 0x00, 0x00, 0x84, 0xef, 0xff, 0xff, 0x08, 0x00, 0x00, 0x00,
  0x14, 0x00, 0x00, 0x00, 0x01, 0x00, 0x00, 0x00, 0x80, 0xff, 0xff, 0xff,
  0xff, 0xff, 0xff, 0xff, 0x00, 0x00, 0x00, 0x00, 0x01, 0x00, 0x00, 0x00,
  0x86, 0xc1, 0x74, 0x3d, 0x12, 0x00, 0x00, 0x00, 0x74, 0x66, 0x6c, 0x2e,
  0x70, 0x73, 0x65, 0x75, 0x64, 0x6f, 0x5f, 0x71, 0x63, 0x6f, 0x6e, 0x73,
  0x74, 0x39, 0x00, 0x00, 0x01, 0x00, 0x00, 0x00, 0x20, 0x00, 0x00, 0x00,
  0x62, 0xf0, 0xff, 0xff, 0x00, 0x00, 0x00, 0x01, 0x14, 0x00, 0x00, 0x00,
  0x34, 0x00, 0x00, 0x00, 0x12, 0x00, 0x00, 0x00, 0x00, 0x00, 0x00, 0x09,
  0x40, 0x00, 0x00, 0x00, 0xe4, 0xef, 0xff, 0xff, 0x08, 0x00, 0x00, 0x00,
  0x14, 0x00, 0x00, 0x00, 0x01, 0x00, 0x00, 0x00, 0x7f, 0x00, 0x00, 0x00,
  0x00, 0x00, 0x00, 0x00, 0x00, 0x00, 0x00, 0x00, 0x01, 0x00, 0x00, 0x00,
  0x64, 0xff, 0x56, 0x3b, 0x12, 0x00, 0x00, 0x00, 0x74, 0x66, 0x6c, 0x2e,
  0x70, 0x73, 0x65, 0x75, 0x64, 0x6f, 0x5f, 0x71, 0x63, 0x6f, 0x6e, 0x73,
  0x74, 0x38, 0x00, 0x00, 0x01, 0x00, 0x00, 0x00, 0x20, 0x00, 0x00, 0x00,
  0xc2, 0xf0, 0xff, 0xff, 0x00, 0x00, 0x00, 0x01, 0x14, 0x00, 0x00, 0x00,
  0x28, 0x03, 0x00, 0x00, 0x11, 0x00, 0x00, 0x00, 0x00, 0x00, 0x00, 0x09,
  0x34, 0x03, 0x00, 0x00, 0x44, 0xf0, 0xff, 0xff, 0x08, 0x00, 0x00, 0x00,
  0x0c, 0x02, 0x00, 0x00, 0x40, 0x00, 0x00, 0x00, 0x00, 0x00, 0x00, 0x00,
  0x00, 0x00, 0x00, 0x00, 0x00, 0x00, 0x00, 0x00, 0x00, 0x00, 0x00, 0x00,
  0x00, 0x00, 0x00, 0x00, 0x00, 0x00, 0x00, 0x00, 0x00, 0x00, 0x00, 0x00,
  0x00, 0x00, 0x00, 0x00, 0x00, 0x00, 0x00, 0x00, 0x00, 0x00, 0x00, 0x00,
  0x00, 0x00, 0x00, 0x00, 0x00, 0x00, 0x00, 0x00, 0x00, 0x00, 0x00, 0x00,
  0x00, 0x00, 0x00, 0x00, 0x00, 0x00, 0x00, 0x00, 0x00, 0x00, 0x00, 0x00,
  0x00, 0x00, 0x00, 0x00, 0x00, 0x00, 0x00, 0x00, 0x00, 0x00, 0x00, 0x00,
  0x00, 0x00, 0x00, 0x00, 0x00, 0x00, 0x00, 0x00, 0x00, 0x00, 0x00, 0x00,
  0x00, 0x00, 0x00, 0x00, 0x00, 0x00, 0x00, 0x00, 0x00, 0x00, 0x00, 0x00,
  0x00, 0x00, 0x00, 0x00, 0x00, 0x00, 0x00, 0x00, 0x00, 0x00, 0x00, 0x00,
  0x00, 0x00, 0x00, 0x00, 0x00, 0x00, 0x00, 0x00, 0x00, 0x00, 0x00, 0x00,
  0x00, 0x00, 0x00, 0x00, 0x00, 0x00, 0x00, 0x00, 0x00, 0x00, 0x00, 0x00,
  0x00, 0x00, 0x00, 0x00, 0x00, 0x00, 0x00, 0x00, 0x00, 0x00, 0x00, 0x00,
  0x00, 0x00, 0x00, 0x00, 0x00, 0x00, 0x00, 0x00, 0x00, 0x00, 0x00, 0x00,
  0x00, 0x00, 0x00, 0x00, 0x00, 0x00, 0x00, 0x00, 0x00, 0x00, 0x00, 0x00,
  0x00, 0x00, 0x00, 0x00, 0x00, 0x00, 0x00, 0x00, 0x00, 0x00, 0x00, 0x00,
  0x00, 0x00, 0x00, 0x00, 0x00, 0x00, 0x00, 0x00, 0x00, 0x00, 0x00, 0x00,
  0x00, 0x00, 0x00, 0x00, 0x00, 0x00, 0x00, 0x00, 0x00, 0x00, 0x00, 0x00,
  0x00, 0x00, 0x00, 0x00, 0x00, 0x00, 0x00, 0x00, 0x00, 0x00, 0x00, 0x00,
  0x00, 0x00, 0x00, 0x00, 0x00, 0x00, 0x00, 0x00, 0x00, 0x00, 0x00, 0x00,
  0x00, 0x00, 0x00, 0x00, 0x00, 0x00, 0x00, 0x00, 0x00, 0x00, 0x00, 0x00,
  0x00, 0x00, 0x00, 0x00, 0x00, 0x00, 0x00, 0x00, 0x00, 0x00, 0x00, 0x00,
  0x00, 0x00, 0x00, 0x00, 0x00, 0x00, 0x00, 0x00, 0x00, 0x00, 0x00, 0x00,
  0x00, 0x00, 0x00, 0x00, 0x00, 0x00, 0x00, 0x00, 0x00, 0x00, 0x00, 0x00,
  0x00, 0x00, 0x00, 0x00, 0x00, 0x00, 0x00, 0x00, 0x00, 0x00, 0x00, 0x00,
  0x00, 0x00, 0x00, 0x00, 0x00, 0x00, 0x00, 0x00, 0x00, 0x00, 0x00, 0x00,
  0x00, 0x00, 0x00, 0x00, 0x00, 0x00, 0x00, 0x00, 0x00, 0x00, 0x00, 0x00,
  0x00, 0x00, 0x00, 0x00, 0x00, 0x00, 0x00, 0x00, 0x00, 0x00, 0x00, 0x00,
  0x00, 0x00, 0x00, 0x00, 0x00, 0x00, 0x00, 0x00, 0x00, 0x00, 0x00, 0x00,
  0x00, 0x00, 0x00, 0x00, 0x00, 0x00, 0x00, 0x00, 0x00, 0x00, 0x00, 0x00,
  0x00, 0x00, 0x00, 0x00, 0x00, 0x00, 0x00, 0x00, 0x00, 0x00, 0x00, 0x00,
  0x00, 0x00, 0x00, 0x00, 0x00, 0x00, 0x00, 0x00, 0x00, 0x00, 0x00, 0x00,
  0x00, 0x00, 0x00, 0x00, 0x00, 0x00, 0x00, 0x00, 0x00, 0x00, 0x00, 0x00,
  0x00, 0x00, 0x00, 0x00, 0x00, 0x00, 0x00, 0x00, 0x00, 0x00, 0x00, 0x00,
  0x00, 0x00, 0x00, 0x00, 0x00, 0x00, 0x00, 0x00, 0x00, 0x00, 0x00, 0x00,
  0x00, 0x00, 0x00, 0x00, 0x00, 0x00, 0x00, 0x00, 0x00, 0x00, 0x00, 0x00,
  0x00, 0x00, 0x00, 0x00, 0x00, 0x00, 0x00, 0x00, 0x00, 0x00, 0x00, 0x00,
  0x00, 0x00, 0x00, 0x00, 0x00, 0x00, 0x00, 0x00, 0x00, 0x00, 0x00, 0x00,
  0x00, 0x00, 0x00, 0x00, 0x00, 0x00, 0x00, 0x00, 0x00, 0x00, 0x00, 0x00,
  0x00, 0x00, 0x00, 0x00, 0x00, 0x00, 0x00, 0x00, 0x00, 0x00, 0x00, 0x00,
  0x00, 0x00, 0x00, 0x00, 0x00, 0x00, 0x00, 0x00, 0x00, 0x00, 0x00, 0x00,
  0x00, 0x00, 0x00, 0x00, 0x00, 0x00, 0x00, 0x00, 0x00, 0x00, 0x00, 0x00,
  0x00, 0x00, 0x00, 0x00, 0x00, 0x00, 0x00, 0x00, 0x00, 0x00, 0x00, 0x00,
  0x00, 0x00, 0x00, 0x00, 0x00, 0x00, 0x00, 0x00, 0x40, 0x00, 0x00, 0x00,
  0x60, 0x3c, 0xb3, 0x3a, 0xac, 0xea, 0xb1, 0x3a, 0x4f, 0x59, 0xb6, 0x3a,
  0xee, 0xab, 0xaa, 0x3a, 0x21, 0xb4, 0xbb, 0x3a, 0xb9, 0xd5, 0xaf, 0x3a,
  0x8e, 0x3f, 0xab, 0x3a, 0x23, 0x32, 0xb4, 0x3a, 0x88, 0x65, 0xc7, 0x3a,
  0xd6, 0x0d, 0xd5, 0x3a, 0xb4, 0x17, 0x9b, 0x3a, 0x93, 0xbb, 0xb3, 0x3a,
  0xd7, 0x5c, 0xb3, 0x3a, 0xb9, 0x49, 0xa9, 0x3a, 0x58, 0x8c, 0xa7, 0x3a,
  0x9c, 0x9b, 0xa1, 0x3a, 0xad, 0x0b, 0xdb, 0x3a, 0x5e, 0xe3, 0xae, 0x3a,
  0x21, 0x9d, 0xa3, 0x3a, 0x96, 0x6c, 0xb7, 0x3a, 0xed, 0x8f, 0x99, 0x3a,
  0x7f, 0x9a, 0xa9, 0x3a, 0xde, 0xd3, 0xad, 0x3a, 0x39, 0xc7, 0xb9, 0x3a,
  0x1f, 0x8a, 0xc3, 0x3a, 0xec, 0x21, 0xa6, 0x3a, 0xe0, 0x82, 0xae, 0x3a,
  0x94, 0xf3, 0xbd, 0x3a, 0x26, 0x30, 0xab, 0x3a, 0x88, 0x7b, 0xb0, 0x3a,
  0x0c, 0x9b, 0xb2, 0x3a, 0x4c, 0x36, 0xb2, 0x3a, 0x16, 0x9d, 0xb2, 0x3a,
  0x07, 0xed, 0xa8, 0x3a, 0x18, 0x99, 0xb7, 0x3a, 0xba, 0xa6, 0xbe, 0x3a,
  0xf8, 0x94, 0xab, 0x3a, 0x4d, 0xe3, 0xea, 0x3a, 0xf7, 0x35, 0xa0, 0x3a,
  0x39, 0x3b, 0xc1, 0x3a, 0x88, 0xcb, 0xa2, 0x3a, 0xa5, 0x69, 0xd0, 0x3a,
  0x17, 0xc1, 0xa6, 0x3a, 0x35, 0xad, 0xc4, 0x3a, 0x5c, 0x21, 0x98, 0x3a,
  0x56, 0xa7, 0xc3, 0x3a, 0xe9, 0x72, 0xdd, 0x3a, 0x84, 0xf2, 0xb6, 0x3a,
  0x08, 0xa4, 0xbb, 0x3a, 0x15, 0x03, 0xa5, 0x3a, 0x82, 0x22, 0xe6, 0x3a,
  0xf3, 0x85, 0xa8, 0x3a, 0xd2, 0xf3, 0xbf, 0x3a, 0x7f, 0x59, 0xc7, 0x3a,
  0x6f, 0x79, 0xac, 0x3a, 0xad, 0x8d, 0xbf, 0x3a, 0x52, 0x7c, 0xb2, 0x3a,
  0x48, 0x42, 0xcf, 0x3a, 0xee, 0xd9, 0xae, 0x3a, 0x6e, 0x4e, 0x9d, 0x3a,
  0xa6, 0x33, 0xb6, 0x3a, 0xe2, 0xac, 0x9e, 0x3a, 0xb3, 0x9e, 0xc1, 0x3a,
  0x98, 0x66, 0xb7, 0x3a, 0x12, 0x00, 0x00, 0x00, 0x74, 0x66, 0x6c, 0x2e,
  0x70, 0x73, 0x65, 0x75, 0x64, 0x6f, 0x5f, 0x71, 0x63, 0x6f, 0x6e, 0x73,
  0x74, 0x37, 0x00, 0x00, 0x04, 0x00, 0x00, 0x00, 0x40, 0x00, 0x00, 0x00,
  0x01, 0x00, 0x00, 0x00, 0x03, 0x00, 0x00, 0x00, 0x20, 0x00, 0x00, 0x00,
  0x22, 0xf4, 0xff, 0xff, 0x00, 0x00, 0x00, 0x01, 0x14, 0x00, 0x00, 0x00,
  0x24, 0x03, 0x00, 0x00, 0x10, 0x00, 0x00, 0x00, 0x00, 0x00, 0x00, 0x02,
  0x30, 0x03, 0x00, 0x00, 0xa4, 0xf3, 0xff, 0xff, 0x08, 0x00, 0x00, 0x00,
  0x08, 0x02, 0x00, 0x00, 0x40, 0x00, 0x00, 0x00, 0x00, 0x00, 0x00, 0x00,
  0x00, 0x00, 0x00, 0x00, 0x00, 0x00, 0x00, 0x00, 0x00, 0x00, 0x00, 0x00,
  0x00, 0x00, 0x00, 0x00, 0x00, 0x00, 0x00, 0x00, 0x00, 0x00, 0x00, 0x00,
  0x00, 0x00, 0x00, 0x00, 0x00, 0x00, 0x00, 0x00, 0x00, 0x00, 0x00, 0x00,
  0x00, 0x00, 0x00, 0x00, 0x00, 0x00, 0x00, 0x00, 0x00, 0x00, 0x00, 0x00,
  0x00, 0x00, 0x00, 0x00, 0x00, 0x00, 0x00, 0x00, 0x00, 0x00, 0x00, 0x00,
  0x00, 0x00, 0x00, 0x00, 0x00, 0x00, 0x00, 0x00, 0x00, 0x00, 0x00, 0x00,
  0x00, 0x00, 0x00, 0x00, 0x00, 0x00, 0x00, 0x00, 0x00, 0x00, 0x00, 0x00,
  0x00, 0x00, 0x00, 0x00, 0x00, 0x00, 0x00, 0x00, 0x00, 0x00, 0x00, 0x00,
  0x00, 0x00, 0x00, 0x00, 0x00, 0x00, 0x00, 0x00, 0x00, 0x00, 0x00, 0x00,
  0x00, 0x00, 0x00, 0x00, 0x00, 0x00, 0x00, 0x00, 0x00, 0x00, 0x00, 0x00,
  0x00, 0x00, 0x00, 0x00, 0x00, 0x00, 0x00, 0x00, 0x00, 0x00, 0x00, 0x00,
  0x00, 0x00, 0x00, 0x00, 0x00, 0x00, 0x00, 0x00, 0x00, 0x00, 0x00, 0x00,
  0x00, 0x00, 0x00, 0x00, 0x00, 0x00, 0x00, 0x00, 0x00, 0x00, 0x00, 0x00,
  0x00, 0x00, 0x00, 0x00, 0x00, 0x00, 0x00, 0x00, 0x00, 0x00, 0x00, 0x00,
  0x00, 0x00, 0x00, 0x00, 0x00, 0x00, 0x00, 0x00, 0x00, 0x00, 0x00, 0x00,
  0x00, 0x00, 0x00, 0x00, 0x00, 0x00, 0x00, 0x00, 0x00, 0x00, 0x00, 0x00,
  0x00, 0x00, 0x00, 0x00, 0x00, 0x00, 0x00, 0x00, 0x00, 0x00, 0x00, 0x00,
  0x00, 0x00, 0x00, 0x00, 0x00, 0x00, 0x00, 0x00, 0x00, 0x00, 0x00, 0x00,
  0x00, 0x00, 0x00, 0x00, 0x00, 0x00, 0x00, 0x00, 0x00, 0x00, 0x00, 0x00,
  0x00, 0x00, 0x00, 0x00, 0x00, 0x00, 0x00, 0x00, 0x00, 0x00, 0x00, 0x00,
  0x00, 0x00, 0x00, 0x00, 0x00, 0x00, 0x00, 0x00, 0x00, 0x00, 0x00, 0x00,
  0x00, 0x00, 0x00, 0x00, 0x00, 0x00, 0x00, 0x00, 0x00, 0x00, 0x00, 0x00,
  0x00, 0x00, 0x00, 0x00, 0x00, 0x00, 0x00, 0x00, 0x00, 0x00, 0x00, 0x00,
  0x00, 0x00, 0x00, 0x00, 0x00, 0x00, 0x00, 0x00, 0x00, 0x00, 0x00, 0x00,
  0x00, 0x00, 0x00, 0x00, 0x00, 0x00, 0x00, 0x00, 0x00, 0x00, 0x00, 0x00,
  0x00, 0x00, 0x00, 0x00, 0x00, 0x00, 0x00, 0x00, 0x00, 0x00, 0x00, 0x00,
  0x00, 0x00, 0x00, 0x00, 0x00, 0x00, 0x00, 0x00, 0x00, 0x00, 0x00, 0x00,
  0x00, 0x00, 0x00, 0x00, 0x00, 0x00, 0x00, 0x00, 0x00, 0x00, 0x00, 0x00,
  0x00, 0x00, 0x00, 0x00, 0x00, 0x00, 0x00, 0x00, 0x00, 0x00, 0x00, 0x00,
  0x00, 0x00, 0x00, 0x00, 0x00, 0x00, 0x00, 0x00, 0x00, 0x00, 0x00, 0x00,
  0x00, 0x00, 0x00, 0x00, 0x00, 0x00, 0x00, 0x00, 0x00, 0x00, 0x00, 0x00,
  0x00, 0x00, 0x00, 0x00, 0x00, 0x00, 0x00, 0x00, 0x00, 0x00, 0x00, 0x00,
  0x00, 0x00, 0x00, 0x00, 0x00, 0x00, 0x00, 0x00, 0x00, 0x00, 0x00, 0x00,
  0x00, 0x00, 0x00, 0x00, 0x00, 0x00, 0x00, 0x00, 0x00, 0x00, 0x00, 0x00,
  0x00, 0x00, 0x00, 0x00, 0x00, 0x00, 0x00, 0x00, 0x00, 0x00, 0x00, 0x00,
  0x00, 0x00, 0x00, 0x00, 0x00, 0x00, 0x00, 0x00, 0x00, 0x00, 0x00, 0x00,
  0x00, 0x00, 0x00, 0x00, 0x00, 0x00, 0x00, 0x00, 0x00, 0x00, 0x00, 0x00,
  0x00, 0x00, 0x00, 0x00, 0x00, 0x00, 0x00, 0x00, 0x00, 0x00, 0x00, 0x00,
  0x00, 0x00, 0x00, 0x00, 0x00, 0x00, 0x00, 0x00, 0x00, 0x00, 0x00, 0x00,
  0x00, 0x00, 0x00, 0x00, 0x00, 0x00, 0x00, 0x00, 0x00, 0x00, 0x00, 0x00,
  0x00, 0x00, 0x00, 0x00, 0x00, 0x00, 0x00, 0x00, 0x00, 0x00, 0x00, 0x00,
  0x00, 0x00, 0x00, 0x00, 0x00, 0x00, 0x00, 0x00, 0x00, 0x00, 0x00, 0x00,
  0x00, 0x00, 0x00, 0x00, 0x40, 0x00, 0x00, 0x00, 0x7b, 0xb0, 0xec, 0x37,
  0x87, 0xf2, 0xea, 0x37, 0xde, 0xcc, 0xf0, 0x37, 0x40, 0x61, 0xe1, 0x37,
  0x1a, 0xdf, 0xf7, 0x37, 0xbe, 0x32, 0xe8, 0x37, 0x32, 0x24, 0xe2, 0x37,
  0x05, 0xf5, 0xed, 0x37, 0x04, 0xa8, 0x03, 0x38, 0x88, 0xac, 0x0c, 0x38,
  0x9c, 0xce, 0xcc, 0x37, 0x73, 0x58, 0xed, 0x37, 0x5a, 0xdb, 0xec, 0x37,
  0x81, 0x8d, 0xdf, 0x37, 0x5c, 0x41, 0xdd, 0x37, 0x29, 0x69, 0xd5, 0x37,
  0x49, 0xa1, 0x10, 0x38, 0xb3, 0xf2, 0xe6, 0x37, 0x49, 0x0f, 0xd8, 0x37,
  0x62, 0x38, 0xf2, 0x37, 0x40, 0xc9, 0xca, 0x37, 0x2b, 0xf8, 0xdf, 0x37,
  0x2c, 0x8c, 0xe5, 0x37, 0x32, 0x54, 0xf5, 0x37, 0x0e, 0x1c, 0x01, 0x38,
  0xc4, 0x62, 0xdb, 0x37, 0x47, 0x73, 0xe6, 0x37, 0x02, 0xd7, 0xfa, 0x37,
  0xda, 0x0f, 0xe2, 0x37, 0xb3, 0x0d, 0xe9, 0x37, 0x70, 0xdb, 0xeb, 0x37,
  0x64, 0x56, 0xeb, 0x37, 0x21, 0xde, 0xeb, 0x37, 0x18, 0x13, 0xdf, 0x37,
  0x29, 0x73, 0xf2, 0x37, 0x95, 0xc3, 0xfb, 0x37, 0xfe, 0x94, 0xe2, 0x37,
  0x1c, 0x17, 0x1b, 0x38, 0xdf, 0x90, 0xd3, 0x37, 0xcc, 0x2b, 0xff, 0x37,
  0x81, 0xfa, 0xd6, 0x37, 0x00, 0x9c, 0x09, 0x38, 0xf4, 0x34, 0xdc, 0x37,
  0x40, 0xdc, 0x01, 0x38, 0x2e, 0xe5, 0xc8, 0x37, 0x58, 0x2f, 0x01, 0x38,
  0x82, 0x37, 0x12, 0x38, 0x2f, 0x97, 0xf1, 0x37, 0xd8, 0xc9, 0xf7, 0x37,
  0xfb, 0xe7, 0xd9, 0x37, 0xb1, 0xf3, 0x17, 0x38, 0xfa, 0x8a, 0xde, 0x37,
  0x73, 0x7b, 0xfd, 0x37, 0x11, 0xa0, 0x03, 0x38, 0xb0, 0xc2, 0xe3, 0x37,
  0x90, 0xf4, 0xfc, 0x37, 0xdc, 0xb2, 0xeb, 0x37, 0xfb, 0xd8, 0x08, 0x38,
  0x3d, 0xe6, 0xe6, 0x37, 0x00, 0xbb, 0xcf, 0x37, 0x23, 0x9b, 0xf0, 0x37,
  0xca, 0x89, 0xd1, 0x37, 0x29, 0xaf, 0xff, 0x37, 0x78, 0x30, 0xf2, 0x37,
  0x12, 0x00, 0x00, 0x00, 0x74, 0x66, 0x6c, 0x2e, 0x70, 0x73, 0x65, 0x75,
  0x64, 0x6f, 0x5f, 0x71, 0x63, 0x6f, 0x6e, 0x73, 0x74, 0x36, 0x00, 0x00,
  0x01, 0x00, 0x00, 0x00, 0x40, 0x00, 0x00, 0x00, 0x72, 0xf7, 0xff, 0xff,
  0x00, 0x00, 0x00, 0x01, 0x14, 0x00, 0x00, 0x00, 0x34, 0x00, 0x00, 0x00,
  0x0f, 0x00, 0x00, 0x00, 0x00, 0x00, 0x00, 0x09, 0x40, 0x00, 0x00, 0x00,
  0xf4, 0xf6, 0xff, 0xff, 0x08, 0x00, 0x00, 0x00, 0x14, 0x00, 0x00, 0x00,
  0x01, 0x00, 0x00, 0x00, 0x80, 0xff, 0xff, 0xff, 0xff, 0xff, 0xff, 0xff,
  0x00, 0x00, 0x00, 0x00, 0x01, 0x00, 0x00, 0x00, 0x6d, 0x3b, 0xe9, 0x3c,
  0x12, 0x00, 0x00, 0x00, 0x74, 0x66, 0x6c, 0x2e, 0x70, 0x73, 0x65, 0x75,
  0x64, 0x6f, 0x5f, 0x71, 0x63, 0x6f, 0x6e, 0x73, 0x74, 0x35, 0x00, 0x00,
  0x01, 0x00, 0x00, 0x00, 0x40, 0x00, 0x00, 0x00, 0xd2, 0xf7, 0xff, 0xff,
  0x00, 0x00, 0x00, 0x01, 0x14, 0x00, 0x00, 0x00, 0x34, 0x00, 0x00, 0x00,
  0x0e, 0x00, 0x00, 0x00, 0x00, 0x00, 0x00, 0x09, 0x40, 0x00, 0x00, 0x00,
  0x54, 0xf7, 0xff, 0xff, 0x08, 0x00, 0x00, 0x00, 0x14, 0x00, 0x00, 0x00,
  0x01, 0x00, 0x00, 0x00, 0x7f, 0x00, 0x00, 0x00, 0x00, 0x00, 0x00, 0x00,
  0x00, 0x00, 0x00, 0x00, 0x01, 0x00, 0x00, 0x00, 0x18, 0x56, 0x95, 0x3b,
  0x12, 0x00, 0x00, 0x00, 0x74, 0x66, 0x6c, 0x2e, 0x70, 0x73, 0x65, 0x75,
  0x64, 0x6f, 0x5f, 0x71, 0x63, 0x6f, 0x6e, 0x73, 0x74, 0x34, 0x00, 0x00,
  0x01, 0x00, 0x00, 0x00, 0x40, 0x00, 0x00, 0x00, 0x32, 0xf8, 0xff, 0xff,
  0x00, 0x00, 0x00, 0x01, 0x14, 0x00, 0x00, 0x00, 0x80, 0x02, 0x00, 0x00,
  0x0d, 0x00, 0x00, 0x00, 0x00, 0x00, 0x00, 0x09, 0x8c, 0x02, 0x00, 0x00,
  0xb4, 0xf7, 0xff, 0xff, 0x08, 0x00, 0x00, 0x00, 0x9c, 0x01, 0x00, 0x00,
  0x32, 0x00, 0x00, 0x00, 0x00, 0x00, 0x00, 0x00, 0x00, 0x00, 0x00, 0x00,
  0x00, 0x00, 0x00, 0x00, 0x00, 0x00, 0x00, 0x00, 0x00, 0x00, 0x00, 0x00,
  0x00, 0x00, 0x00, 0x00, 0x00, 0x00, 0x00, 0x00, 0x00, 0x00, 0x00, 0x00,
  0x00, 0x00, 0x00, 0x00, 0x00, 0x00, 0x00, 0x00, 0x00, 0x00, 0x00, 0x00,
  0x00, 0x00, 0x00, 0x00, 0x00, 0x00, 0x00, 0x00, 0x00, 0x00, 0x00, 0x00,
  0x00, 0x00, 0x00, 0x00, 0x00, 0x00, 0x00, 0x00, 0x00, 0x00, 0x00, 0x00,
  0x00, 0x00, 0x00, 0x00, 0x00, 0x00, 0x00, 0x00, 0x00, 0x00, 0x00, 0x00,
  0x00, 0x00, 0x00, 0x00, 0x00, 0x00, 0x00, 0x00, 0x00, 0x00, 0x00, 0x00,
  0x00, 0x00, 0x00, 0x00, 0x00, 0x00, 0x00, 0x00, 0x00, 0x00, 0x00, 0x00,
  0x00, 0x00, 0x00, 0x00, 0x00, 0x00, 0x00, 0x00, 0x00, 0x00, 0x00, 0x00,
  0x00, 0x00, 0x00, 0x00, 0x00, 0x00, 0x00, 0x00, 0x00, 0x00, 0x00, 0x00,
  0x00, 0x00, 0x00, 0x00, 0x00, 0x00, 0x00, 0x00, 0x00, 0x00, 0x00, 0x00,
  0x00, 0x00, 0x00, 0x00, 0x00, 0x00, 0x00, 0x00, 0x00, 0x00, 0x00, 0x00,
  0x00, 0x00, 0x00, 0x00, 0x00, 0x00, 0x00, 0x00, 0x00, 0x00, 0x00, 0x00,
  0x00, 0x00, 0x00, 0x00, 0x00, 0x00, 0x00, 0x00, 0x00, 0x00, 0x00, 0x00,
  0x00, 0x00, 0x00, 0x00, 0x00, 0x00, 0x00, 0x00, 0x00, 0x00, 0x00, 0x00,
  0x00, 0x00, 0x00, 0x00, 0x00, 0x00, 0x00, 0x00, 0x00, 0x00, 0x00, 0x00,
  0x00, 0x00, 0x00, 0x00, 0x00, 0x00, 0x00, 0x00, 0x00, 0x00, 0x00, 0x00,
  0x00, 0x00, 0x00, 0x00, 0x00, 0x00, 0x00, 0x00, 0x00, 0x00, 0x00, 0x00,
  0x00, 0x00, 0x00, 0x00, 0x00, 0x00, 0x00, 0x00, 0x00, 0x00, 0x00, 0x00,
  0x00, 0x00, 0x00, 0x00, 0x00, 0x00, 0x00, 0x00, 0x00, 0x00, 0x00, 0x00,
  0x00, 0x00, 0x00, 0x00, 0x00, 0x00, 0x00, 0x00, 0x00, 0x00, 0x00, 0x00,
  0x00, 0x00, 0x00, 0x00, 0x00, 0x00, 0x00, 0x00, 0x00, 0x00, 0x00, 0x00,
  0x00, 0x00, 0x00, 0x00, 0x00, 0x00, 0x00, 0x00, 0x00, 0x00, 0x00, 0x00,
  0x00, 0x00, 0x00, 0x00, 0x00, 0x00, 0x00, 0x00, 0x00, 0x00, 0x00, 0x00,
  0x00, 0x00, 0x00, 0x00, 0x00, 0x00, 0x00, 0x00, 0x00, 0x00, 0x00, 0x00,
  0x00, 0x00, 0x00, 0x00, 0x00, 0x00, 0x00, 0x00, 0x00, 0x00, 0x00, 0x00,
  0x00, 0x00, 0x00, 0x00, 0x00, 0x00, 0x00, 0x00, 0x00, 0x00, 0x00, 0x00,
  0x00, 0x00, 0x00, 0x00, 0x00, 0x00, 0x00, 0x00, 0x00, 0x00, 0x00, 0x00,
  0x00, 0x00, 0x00, 0x00, 0x00, 0x00, 0x00, 0x00, 0x00, 0x00, 0x00, 0x00,
  0x00, 0x00, 0x00, 0x00, 0x00, 0x00, 0x00, 0x00, 0x00, 0x00, 0x00, 0x00,
  0x00, 0x00, 0x00, 0x00, 0x00, 0x00, 0x00, 0x00, 0x00, 0x00, 0x00, 0x00,
  0x00, 0x00, 0x00, 0x00, 0x00, 0x00, 0x00, 0x00, 0x00, 0x00, 0x00, 0x00,
  0x00, 0x00, 0x00, 0x00, 0x00, 0x00, 0x00, 0x00, 0x00, 0x00, 0x00, 0x00,
  0x32, 0x00, 0x00, 0x00, 0x80, 0xd1, 0x10, 0x3b, 0x41, 0xc7, 0x0e, 0x3b,
  0x8f, 0xdd, 0x16, 0x3b, 0x34, 0x39, 0x15, 0x3b, 0x3a, 0x3d, 0x0c, 0x3b,
  0xde, 0xff, 0x4f, 0x3b, 0x42, 0xe5, 0x19, 0x3b, 0x18, 0x6f, 0xfa, 0x3a,
  0x8a, 0x08, 0x16, 0x3b, 0x7b, 0xd3, 0x21, 0x3b, 0xc8, 0xb8, 0x0b, 0x3b,
  0x3b, 0x24, 0x1c, 0x3b, 0x25, 0x89, 0x34, 0x3b, 0x2f, 0xa3, 0x04, 0x3b,
  0xb7, 0x76, 0x37, 0x3b, 0xb1, 0x6c, 0x13, 0x3b, 0xda, 0xbc, 0x0e, 0x3b,
  0xd9, 0x2b, 0x04, 0x3b, 0xd0, 0xda, 0x02, 0x3b, 0xd0, 0x89, 0xfd, 0x3a,
  0x1e, 0xed, 0x19, 0x3b, 0x14, 0x9b, 0x12, 0x3b, 0x7b, 0xac, 0x19, 0x3b,
  0xc4, 0x5c, 0x25, 0x3b, 0x6d, 0x52, 0x0b, 0x3b, 0x70, 0x4a, 0x16, 0x3b,
  0x1b, 0x5d, 0x00, 0x3b, 0x12, 0xcd, 0xf9, 0x3a, 0xf9, 0x82, 0x0a, 0x3b,
  0x5c, 0x84, 0x58, 0x3b, 0x38, 0x4b, 0x1d, 0x3b, 0x48, 0xd5, 0x1b, 0x3b,
  0xa1, 0x61, 0x85, 0x3b, 0xa8, 0x7e, 0x09, 0x3b, 0xf9, 0x65, 0x34, 0x3b,
  0x9d, 0xf3, 0x89, 0x3b, 0x08, 0x43, 0x0a, 0x3b, 0xe8, 0xf6, 0x07, 0x3b,
  0xfd, 0x52, 0x08, 0x3b, 0xb3, 0x5a, 0x19, 0x3b, 0xd2, 0x4c, 0x03, 0x3b,
  0x58, 0x89, 0x13, 0x3b, 0x1d, 0x3c, 0x0d, 0x3b, 0xc1, 0xa5, 0x15, 0x3b,
  0x51, 0xf2, 0x26, 0x3b, 0xe6, 0xd3, 0x85, 0x3b, 0x79, 0xc8, 0x13, 0x3b,
  0x74, 0x6b, 0x1d, 0x3b, 0x5a, 0x7e, 0xed, 0x3a, 0x34, 0xfc, 0x25, 0x3b,
  0x12, 0x00, 0x00, 0x00, 0x74, 0x66, 0x6c, 0x2e, 0x70, 0x73, 0x65, 0x75,
  0x64, 0x6f, 0x5f, 0x71, 0x63, 0x6f, 0x6e, 0x73, 0x74, 0x33, 0x00, 0x00,
  0x02, 0x00, 0x00, 0x00, 0x32, 0x00, 0x00, 0x00, 0x40, 0x00, 0x00, 0x00,
  0xe2, 0xfa, 0xff, 0xff, 0x00, 0x00, 0x00, 0x01, 0x14, 0x00, 0x00, 0x00,
  0x7c, 0x02, 0x00, 0x00, 0x0c, 0x00, 0x00, 0x00, 0x00, 0x00, 0x00, 0x02,
  0x88, 0x02, 0x00, 0x00, 0x64, 0xfa, 0xff, 0xff, 0x08, 0x00, 0x00, 0x00,
  0x98, 0x01, 0x00, 0x00, 0x32, 0x00, 0x00, 0x00, 0x00, 0x00, 0x00, 0x00,
  0x00, 0x00, 0x00, 0x00, 0x00, 0x00, 0x00, 0x00, 0x00, 0x00, 0x00, 0x00,
  0x00, 0x00, 0x00, 0x00, 0x00, 0x00, 0x00, 0x00, 0x00, 0x00, 0x00, 0x00,
  0x00, 0x00, 0x00, 0x00, 0x00, 0x00, 0x00, 0x00, 0x00, 0x00, 0x00, 0x00,
  0x00, 0x00, 0x00, 0x00, 0x00, 0x00, 0x00, 0x00, 0x00, 0x00, 0x00, 0x00,
  0x00, 0x00, 0x00, 0x00, 0x00, 0x00, 0x00, 0x00, 0x00, 0x00, 0x00, 0x00,
  0x00, 0x00, 0x00, 0x00, 0x00, 0x00, 0x00, 0x00, 0x00, 0x00, 0x00, 0x00,
  0x00, 0x00, 0x00, 0x00, 0x00, 0x00, 0x00, 0x00, 0x00, 0x00, 0x00, 0x00,
  0x00, 0x00, 0x00, 0x00, 0x00, 0x00, 0x00, 0x00, 0x00, 0x00, 0x00, 0x00,
  0x00, 0x00, 0x00, 0x00, 0x00, 0x00, 0x00, 0x00, 0x00, 0x00, 0x00, 0x00,
  0x00, 0x00, 0x00, 0x00, 0x00, 0x00, 0x00, 0x00, 0x00, 0x00, 0x00, 0x00,
  0x00, 0x00, 0x00, 0x00, 0x00, 0x00, 0x00, 0x00, 0x00, 0x00, 0x00, 0x00,
  0x00, 0x00, 0x00, 0x00, 0x00, 0x00, 0x00, 0x00, 0x00, 0x00, 0x00, 0x00,
  0x00, 0x00, 0x00, 0x00, 0x00, 0x00, 0x00, 0x00, 0x00, 0x00, 0x00, 0x00,
  0x00, 0x00, 0x00, 0x00, 0x00, 0x00, 0x00, 0x00, 0x00, 0x00, 0x00, 0x00,
  0x00, 0x00, 0x00, 0x00, 0x00, 0x00, 0x00, 0x00, 0x00, 0x00, 0x00, 0x00,
  0x00, 0x00, 0x00, 0x00, 0x00, 0x00, 0x00, 0x00, 0x00, 0x00, 0x00, 0x00,
  0x00, 0x00, 0x00, 0x00, 0x00, 0x00, 0x00, 0x00, 0x00, 0x00, 0x00, 0x00,
  0x00, 0x00, 0x00, 0x00, 0x00, 0x00, 0x00, 0x00, 0x00, 0x00, 0x00, 0x00,
  0x00, 0x00, 0x00, 0x00, 0x00, 0x00, 0x00, 0x00, 0x00, 0x00, 0x00, 0x00,
  0x00, 0x00, 0x00, 0x00, 0x00, 0x00, 0x00, 0x00, 0x00, 0x00, 0x00, 0x00,
  0x00, 0x00, 0x00, 0x00, 0x00, 0x00, 0x00, 0x00, 0x00, 0x00, 0x00, 0x00,
  0x00, 0x00, 0x00, 0x00, 0x00, 0x00, 0x00, 0x00, 0x00, 0x00, 0x00, 0x00,
  0x00, 0x00, 0x00, 0x00, 0x00, 0x00, 0x00, 0x00, 0x00, 0x00, 0x00, 0x00,
  0x00, 0x00, 0x00, 0x00, 0x00, 0x00, 0x00, 0x00, 0x00, 0x00, 0x00, 0x00,
  0x00, 0x00, 0x00, 0x00, 0x00, 0x00, 0x00, 0x00, 0x00, 0x00, 0x00, 0x00,
  0x00, 0x00, 0x00, 0x00, 0x00, 0x00, 0x00, 0x00, 0x00, 0x00, 0x00, 0x00,
  0x00, 0x00, 0x00, 0x00, 0x00, 0x00, 0x00, 0x00, 0x00, 0x00, 0x00, 0x00,
  0x00, 0x00, 0x00, 0x00, 0x00, 0x00, 0x00, 0x00, 0x00, 0x00, 0x00, 0x00,
  0x00, 0x00, 0x00, 0x00, 0x00, 0x00, 0x00, 0x00, 0x00, 0x00, 0x00, 0x00,
  0x00, 0x00, 0x00, 0x00, 0x00, 0x00, 0x00, 0x00, 0x00, 0x00, 0x00, 0x00,
  0x00, 0x00, 0x00, 0x00, 0x00, 0x00, 0x00, 0x00, 0x00, 0x00, 0x00, 0x00,
  0x00, 0x00, 0x00, 0x00, 0x00, 0x00, 0x00, 0x00, 0x00, 0x00, 0x00, 0x00,
  0x00, 0x00, 0x00, 0x00, 0x00, 0x00, 0x00, 0x00, 0x00, 0x00, 0x00, 0x00,
  0x32, 0x00, 0x00, 0x00, 0x8e, 0xb8, 0x20, 0x38, 0xf6, 0x74, 0x1e, 0x38,
  0x9b, 0x6e, 0x27, 0x38, 0x17, 0x9c, 0x25, 0x38, 0x8e, 0xa3, 0x1b, 0x38,
  0x09, 0xd7, 0x66, 0x38, 0x7c, 0xcb, 0x2a, 0x38, 0x94, 0xf7, 0x0a, 0x38,
  0x32, 0x82, 0x26, 0x38, 0xa6, 0x98, 0x33, 0x38, 0x90, 0x10, 0x1b, 0x38,
  0x98, 0x49, 0x2d, 0x38, 0x44, 0x5c, 0x48, 0x38, 0xd0, 0x33, 0x13, 0x38,
  0x25, 0x9c, 0x4b, 0x38, 0x03, 0x9d, 0x23, 0x38, 0x6a, 0x69, 0x1e, 0x38,
  0x60, 0xaf, 0x12, 0x38, 0x54, 0x39, 0x11, 0x38, 0x92, 0xb0, 0x0c, 0x38,
  0x35, 0xd4, 0x2a, 0x38, 0x61, 0xb4, 0x22, 0x38, 0x79, 0x8c, 0x2a, 0x38,
  0x57, 0x85, 0x37, 0x38, 0xf8, 0x9e, 0x1a, 0x38, 0x54, 0xcb, 0x26, 0x38,
  0x98, 0x75, 0x0e, 0x38, 0xac, 0x9d, 0x0a, 0x38, 0xbc, 0xb8, 0x19, 0x38,
  0xf8, 0x4a, 0x70, 0x38, 0xfa, 0x90, 0x2e, 0x38, 0xfa, 0xf1, 0x2c, 0x38,
  0x2c, 0x07, 0x94, 0x38, 0xd5, 0x97, 0x18, 0x38, 0x3b, 0x35, 0x48, 0x38,
  0xa2, 0x19, 0x99, 0x38, 0xc6, 0x71, 0x19, 0x38, 0x11, 0xe5, 0x16, 0x38,
  0x42, 0x4b, 0x17, 0x38, 0xb6, 0x31, 0x2a, 0x38, 0xdb, 0xb7, 0x11, 0x38,
  0xcf, 0xbc, 0x23, 0x38, 0x6e, 0xbe, 0x1c, 0x38, 0x90, 0x14, 0x26, 0x38,
  0x6d, 0x47, 0x39, 0x38, 0xfd, 0x85, 0x94, 0x38, 0xdf, 0x02, 0x24, 0x38,
  0xc0, 0xb4, 0x2e, 0x38, 0x52, 0xc9, 0x03, 0x38, 0x49, 0x36, 0x38, 0x38,
  0x12, 0x00, 0x00, 0x00, 0x74, 0x66, 0x6c, 0x2e, 0x70, 0x73, 0x65, 0x75,
  0x64, 0x6f, 0x5f, 0x71, 0x63, 0x6f, 0x6e, 0x73, 0x74, 0x32, 0x00, 0x00,
  0x01, 0x00, 0x00, 0x00, 0x32, 0x00, 0x00, 0x00, 0x8a, 0xfd, 0xff, 0xff,
  0x00, 0x00, 0x00, 0x01, 0x14, 0x00, 0x00, 0x00, 0x40, 0x00, 0x00, 0x00,
  0x0b, 0x00, 0x00, 0x00, 0x00, 0x00, 0x00, 0x09, 0x4c, 0x00, 0x00, 0x00,
  0x0c, 0xfd, 0xff, 0xff, 0x08, 0x00, 0x00, 0x00, 0x1c, 0x00, 0x00, 0x00,
  0x02, 0x00, 0x00, 0x00, 0x00, 0x00, 0x00, 0x00, 0x00, 0x00, 0x00, 0x00,
  0x00, 0x00, 0x00, 0x00, 0x00, 0x00, 0x00, 0x00, 0x00, 0x00, 0x00, 0x00,
  0x02, 0x00, 0x00, 0x00, 0x49, 0xbf, 0x51, 0x3b, 0x3b, 0x30, 0x76, 0x3b,
  0x12, 0x00, 0x00, 0x00, 0x74, 0x66, 0x6c, 0x2e, 0x70, 0x73, 0x65, 0x75,
  0x64, 0x6f, 0x5f, 0x71, 0x63, 0x6f, 0x6e, 0x73, 0x74, 0x31, 0x00, 0x00,
  0x02, 0x00, 0x00, 0x00, 0x02, 0x00, 0x00, 0x00, 0x32, 0x00, 0x00, 0x00,
  0xfa, 0xfd, 0xff, 0xff, 0x00, 0x00, 0x00, 0x01, 0x14, 0x00, 0x00, 0x00,
  0x40, 0x00, 0x00, 0x00, 0x0a, 0x00, 0x00, 0x00, 0x00, 0x00, 0x00, 0x02,
  0x4c, 0x00, 0x00, 0x00, 0x7c, 0xfd, 0xff, 0xff, 0x08, 0x00, 0x00, 0x00,
  0x1c, 0x00, 0x00, 0x00, 0x02, 0x00, 0x00, 0x00, 0x00, 0x00, 0x00, 0x00,
  0x00, 0x00, 0x00, 0x00, 0x00, 0x00, 0x00, 0x00, 0x00, 0x00, 0x00, 0x00,
  0x00, 0x00, 0x00, 0x00, 0x02, 0x00, 0x00, 0x00, 0xd7, 0xdc, 0x08, 0x39,
  0x18, 0xa4, 0x20, 0x39, 0x11, 0x00, 0x00, 0x00, 0x74, 0x66, 0x6c, 0x2e,
  0x70, 0x73, 0x65, 0x75, 0x64, 0x6f, 0x5f, 0x71, 0x63, 0x6f, 0x6e, 0x73,
  0x74, 0x00, 0x00, 0x00, 0x01, 0x00, 0x00, 0x00, 0x02, 0x00, 0x00, 0x00,
  0x66, 0xfe, 0xff, 0xff, 0x00, 0x00, 0x00, 0x01, 0x14, 0x00, 0x00, 0x00,
  0x14, 0x00, 0x00, 0x00, 0x09, 0x00, 0x00, 0x00, 0x00, 0x00, 0x00, 0x02,
  0x1c, 0x00, 0x00, 0x00, 0x50, 0xfe, 0xff, 0xff, 0x0f, 0x00, 0x00, 0x00,
  0x61, 0x72, 0x69, 0x74, 0x68, 0x2e, 0x63, 0x6f, 0x6e, 0x73, 0x74, 0x61,
  0x6e, 0x74, 0x37, 0x00, 0x01, 0x00, 0x00, 0x00, 0x03, 0x00, 0x00, 0x00,
  0xa2, 0xfe, 0xff, 0xff, 0x00, 0x00, 0x00, 0x01, 0x14, 0x00, 0x00, 0x00,
  0x14, 0x00, 0x00, 0x00, 0x08, 0x00, 0x00, 0x00, 0x00, 0x00, 0x00, 0x02,
  0x1c, 0x00, 0x00, 0x00, 0x8c, 0xfe, 0xff, 0xff, 0x0f, 0x00, 0x00, 0x00,
  0x61, 0x72, 0x69, 0x74, 0x68, 0x2e, 0x63, 0x6f, 0x6e, 0x73, 0x74, 0x61,
  0x6e, 0x74, 0x36, 0x00, 0x01, 0x00, 0x00, 0x00, 0x03, 0x00, 0x00, 0x00,
  0xde, 0xfe, 0xff, 0xff, 0x00, 0x00, 0x00, 0x01, 0x14, 0x00, 0x00, 0x00,
  0x14, 0x00, 0x00, 0x00, 0x07, 0x00, 0x00, 0x00, 0x00, 0x00, 0x00, 0x02,
  0x1c, 0x00, 0x00, 0x00, 0xc8, 0xfe, 0xff, 0xff, 0x0f, 0x00, 0x00, 0x00,
  0x61, 0x72, 0x69, 0x74, 0x68, 0x2e, 0x63, 0x6f, 0x6e, 0x73, 0x74, 0x61,
  0x6e, 0x74, 0x35, 0x00, 0x01, 0x00, 0x00, 0x00, 0x03, 0x00, 0x00, 0x00,
  0x1a, 0xff, 0xff, 0xff, 0x00, 0x00, 0x00, 0x01, 0x14, 0x00, 0x00, 0x00,
  0x14, 0x00, 0x00, 0x00, 0x06, 0x00, 0x00, 0x00, 0x00, 0x00, 0x00, 0x02,
  0x1c, 0x00, 0x00, 0x00, 0x04, 0xff, 0xff, 0xff, 0x0f, 0x00, 0x00, 0x00,
  0x61, 0x72, 0x69, 0x74, 0x68, 0x2e, 0x63, 0x6f, 0x6e, 0x73, 0x74, 0x61,
  0x6e, 0x74, 0x34, 0x00, 0x00, 0x00, 0x00, 0x00, 0x52, 0xff, 0xff, 0xff,
  0x00, 0x00, 0x00, 0x01, 0x14, 0x00, 0x00, 0x00, 0x14, 0x00, 0x00, 0x00,
  0x03, 0x00, 0x00, 0x00, 0x00, 0x00, 0x00, 0x02, 0x1c, 0x00, 0x00, 0x00,
  0x3c, 0xff, 0xff, 0xff, 0x0f, 0x00, 0x00, 0x00, 0x61, 0x72, 0x69, 0x74,
  0x68, 0x2e, 0x63, 0x6f, 0x6e, 0x73, 0x74, 0x61, 0x6e, 0x74, 0x33, 0x00,
  0x00, 0x00, 0x00, 0x00, 0x8a, 0xff, 0xff, 0xff, 0x00, 0x00, 0x00, 0x01,
  0x14, 0x00, 0x00, 0x00, 0x14, 0x00, 0x00, 0x00, 0x04, 0x00, 0x00, 0x00,
  0x00, 0x00, 0x00, 0x02, 0x1c, 0x00, 0x00, 0x00, 0x74, 0xff, 0xff, 0xff,
  0x0f, 0x00, 0x00, 0x00, 0x61, 0x72, 0x69, 0x74, 0x68, 0x2e, 0x63, 0x6f,
  0x6e, 0x73, 0x74, 0x61, 0x6e, 0x74, 0x32, 0x00, 0x00, 0x00, 0x00, 0x00,
  0xc2, 0xff, 0xff, 0xff, 0x00, 0x00, 0x00, 0x01, 0x14, 0x00, 0x00, 0x00,
  0x14, 0x00, 0x00, 0x00, 0x03, 0x00, 0x00, 0x00, 0x00, 0x00, 0x00, 0x02,
  0x1c, 0x00, 0x00, 0x00, 0xac, 0xff, 0xff, 0xff, 0x0f, 0x00, 0x00, 0x00,
  0x61, 0x72, 0x69, 0x74, 0x68, 0x2e, 0x63, 0x6f, 0x6e, 0x73, 0x74, 0x61,
  0x6e, 0x74, 0x31, 0x00, 0x01, 0x00, 0x00, 0x00, 0x01, 0x00, 0x00, 0x00,
  0x00, 0x00, 0x16, 0x00, 0x1c, 0x00, 0x18, 0x00, 0x17, 0x00, 0x10, 0x00,
  0x0c, 0x00, 0x08, 0x00, 0x00, 0x00, 0x00, 0x00, 0x00, 0x00, 0x07, 0x00,
  0x16, 0x00, 0x00, 0x00, 0x00, 0x00, 0x00, 0x01, 0x18, 0x00, 0x00, 0x00,
  0x18, 0x00, 0x00, 0x00, 0x02, 0x00, 0x00, 0x00, 0x00, 0x00, 0x00, 0x02,
  0x20, 0x00, 0x00, 0x00, 0x04, 0x00, 0x04, 0x00, 0x04, 0x00, 0x00, 0x00,
  0x0e, 0x00, 0x00, 0x00, 0x61, 0x72, 0x69, 0x74, 0x68, 0x2e, 0x63, 0x6f,
  0x6e, 0x73, 0x74, 0x61, 0x6e, 0x74, 0x00, 0x00, 0x01, 0x00, 0x00, 0x00,
  0x01, 0x00, 0x00, 0x00, 0x00, 0x00, 0x16, 0x00, 0x20, 0x00, 0x1c, 0x00,
  0x1b, 0x00, 0x14, 0x00, 0x10, 0x00, 0x0c, 0x00, 0x00, 0x00, 0x00, 0x00,
  0x08, 0x00, 0x07, 0x00, 0x16, 0x00, 0x00, 0x00, 0x00, 0x00, 0x00, 0x01,
  0x18, 0x00, 0x00, 0x00, 0x2c, 0x00, 0x00, 0x00, 0x4c, 0x00, 0x00, 0x00,
  0x01, 0x00, 0x00, 0x00, 0x00, 0x00, 0x00, 0x09, 0x64, 0x00, 0x00, 0x00,
  0x02, 0x00, 0x00, 0x00, 0xff, 0xff, 0xff, 0xff, 0x04, 0x00, 0x00, 0x00,
  0x0c, 0x00, 0x0c, 0x00, 0x00, 0x00, 0x00, 0x00, 0x08, 0x00, 0x04, 0x00,
  0x0c, 0x00, 0x00, 0x00, 0x08, 0x00, 0x00, 0x00, 0x14, 0x00, 0x00, 0x00,
  0x01, 0x00, 0x00, 0x00, 0x0d, 0x00, 0x00, 0x00, 0x00, 0x00, 0x00, 0x00,
  0x00, 0x00, 0x00, 0x00, 0x01, 0x00, 0x00, 0x00, 0x4b, 0xb9, 0xa1, 0x3c,
  0x1e, 0x00, 0x00, 0x00, 0x73, 0x65, 0x72, 0x76, 0x69, 0x6e, 0x67, 0x5f,
  0x64, 0x65, 0x66, 0x61, 0x75, 0x6c, 0x74, 0x5f, 0x6b, 0x65, 0x72, 0x61,
  0x73, 0x5f, 0x74, 0x65, 0x6e, 0x73, 0x6f, 0x72, 0x3a, 0x30, 0x00, 0x00,
  0x02, 0x00, 0x00, 0x00, 0x01, 0x00, 0x00, 0x00, 0x04, 0x00, 0x00, 0x00,
  0x0c, 0x00, 0x00, 0x00, 0xf4, 0x00, 0x00, 0x00, 0xd8, 0x00, 0x00, 0x00,
  0xc8, 0x00, 0x00, 0x00, 0xb8, 0x00, 0x00, 0x00, 0xa8, 0x00, 0x00, 0x00,
  0x94, 0x00, 0x00, 0x00, 0x74, 0x00, 0x00, 0x00, 0x68, 0x00, 0x00, 0x00,
  0x4c, 0x00, 0x00, 0x00, 0x2c, 0x00, 0x00, 0x00, 0x18, 0x00, 0x00, 0x00,
  0x04, 0x00, 0x00, 0x00, 0x94, 0xff, 0xff, 0xff, 0x19, 0x00, 0x00, 0x00,
  0x02, 0x00, 0x00, 0x00, 0x00, 0x00, 0x00, 0x19, 0xa4, 0xff, 0xff, 0xff,
  0x09, 0x00, 0x00, 0x00, 0x04, 0x00, 0x00, 0x00, 0x00, 0x00, 0x00, 0x09,
  0xb4, 0xff, 0xff, 0xff, 0x28, 0x00, 0x00, 0x00, 0x02, 0x00, 0x00, 0x00,
  0x00, 0x00, 0x00, 0x28, 0x0c, 0x00, 0x0e, 0x00, 0x0d, 0x00, 0x00, 0x00,
  0x08, 0x00, 0x04, 0x00, 0x0c, 0x00, 0x00, 0x00, 0x11, 0x00, 0x00, 0x00,
  0x02, 0x00, 0x00, 0x00, 0x00, 0x11, 0x0a, 0x00, 0x08, 0x00, 0x00, 0x00,
  0x00, 0x00, 0x04, 0x00, 0x0a, 0x00, 0x00, 0x00, 0x02, 0x00, 0x00, 0x00,
  0xf0, 0xff, 0xff, 0xff, 0x12, 0x00, 0x00, 0x00, 0x02, 0x00, 0x00, 0x00,
  0x00, 0x00, 0x00, 0x12, 0x0c, 0x00, 0x10, 0x00, 0x0f, 0x00, 0x00, 0x00,
  0x08, 0x00, 0x04, 0x00, 0x0c, 0x00, 0x00, 0x00, 0x03, 0x00, 0x00, 0x00,
  0x03, 0x00, 0x00, 0x00, 0x00, 0x00, 0x00, 0x03, 0xd0, 0xff, 0xff, 0xff,
  0x46, 0x00, 0x00, 0x00, 0x00, 0x00, 0x00, 0x46, 0xdc, 0xff, 0xff, 0xff,
  0x16, 0x00, 0x00, 0x00, 0x00, 0x00, 0x00, 0x16, 0xe8, 0xff, 0xff, 0xff,
  0x53, 0x00, 0x00, 0x00, 0x00, 0x00, 0x00, 0x53, 0xf4, 0xff, 0xff, 0xff,
  0x2d, 0x00, 0x00, 0x00, 0x00, 0x00, 0x00, 0x2d, 0x0c, 0x00, 0x0c, 0x00,
  0x0b, 0x00, 0x00, 0x00, 0x00, 0x00, 0x04, 0x00, 0x0c, 0x00, 0x00, 0x00,
  0x4d, 0x00, 0x00, 0x00, 0x00, 0x00, 0x00, 0x4d
};
unsigned int motor_v2_tflite_len = 22376;

#ifdef __cplusplus
}
#endif

#endif // MODEL_DATA_V2_H